ISO-10303-21;
HEADER;
/* Generated by software containing ST-Developer
 * from STEP Tools, Inc. (www.steptools.com) 
 */

FILE_DESCRIPTION(
/* description */ (''),
/* implementation_level */ '2;1');

FILE_NAME(
/* name */ 'DGX Spark Shroud.step',
/* time_stamp */ '2026-08-22T09:00:32-07:00',
/* author */ (''),
/* organization */ (''),
/* preprocessor_version */ 'ST-DEVELOPER v20.1',
/* originating_system */ 'Autodesk Translation Framework v15.8.0.0',
/* authorisation */ '');

FILE_SCHEMA (('AUTOMOTIVE_DESIGN { 1 0 10303 214 3 1 1 }'));
ENDSEC;

DATA;
#10=MECHANICAL_DESIGN_GEOMETRIC_PRESENTATION_REPRESENTATION('',(#13),#6370);
#11=SHAPE_REPRESENTATION_RELATIONSHIP('SRR','None',#6377,#12);
#12=ADVANCED_BREP_SHAPE_REPRESENTATION('',(#14),#6369);
#13=STYLED_ITEM('',(#6386),#14);
#14=MANIFOLD_SOLID_BREP('GX10 Shroud',#3349);
#15=CONICAL_SURFACE('',#3591,2.75,0.785398163397444);
#16=CONICAL_SURFACE('',#3594,3.25,0.785398163397446);
#17=CONICAL_SURFACE('',#3597,3.25,0.785398163397446);
#18=CONICAL_SURFACE('',#3600,2.75,0.785398163397444);
#19=CONICAL_SURFACE('',#3632,1.75000000000001,0.785398163397447);
#20=CONICAL_SURFACE('',#3636,1.74999999999999,0.785398163397447);
#21=CONICAL_SURFACE('',#3640,1.74999999999999,0.785398163397447);
#22=CONICAL_SURFACE('',#3643,1.75,0.785398163397447);
#23=(
BOUNDED_SURFACE()
B_SPLINE_SURFACE(2,2,((#5971,#5972,#5973),(#5974,#5975,#5976),(#5977,#5978,
#5979)),.UNSPECIFIED.,.F.,.F.,.F.)
B_SPLINE_SURFACE_WITH_KNOTS((3,3),(3,3),(-1.5707963267949,0.),(-3.14159265358979,
-1.5707963267949),.UNSPECIFIED.)
GEOMETRIC_REPRESENTATION_ITEM()
RATIONAL_B_SPLINE_SURFACE(((1.,0.707106781186548,1.),(0.707106781186545,
0.499999999999998,0.707106781186545),(1.,0.707106781186548,1.)))
REPRESENTATION_ITEM('')
SURFACE()
);
#24=(
BOUNDED_SURFACE()
B_SPLINE_SURFACE(2,2,((#5983,#5984,#5985),(#5986,#5987,#5988),(#5989,#5990,
#5991)),.UNSPECIFIED.,.F.,.F.,.F.)
B_SPLINE_SURFACE_WITH_KNOTS((3,3),(3,3),(-1.5707963267949,0.),(-1.5707963267949,
0.),.UNSPECIFIED.)
GEOMETRIC_REPRESENTATION_ITEM()
RATIONAL_B_SPLINE_SURFACE(((1.,0.707106781186548,1.),(0.707106781186545,
0.499999999999998,0.707106781186545),(1.,0.707106781186548,1.)))
REPRESENTATION_ITEM('')
SURFACE()
);
#25=FACE_BOUND('',#1123,.T.);
#26=FACE_BOUND('',#1204,.T.);
#27=PLANE('',#3395);
#28=PLANE('',#3400);
#29=PLANE('',#3402);
#30=PLANE('',#3459);
#31=PLANE('',#3468);
#32=PLANE('',#3473);
#33=PLANE('',#3476);
#34=PLANE('',#3488);
#35=PLANE('',#3492);
#36=PLANE('',#3493);
#37=PLANE('',#3494);
#38=PLANE('',#3495);
#39=PLANE('',#3496);
#40=PLANE('',#3497);
#41=PLANE('',#3498);
#42=PLANE('',#3500);
#43=PLANE('',#3501);
#44=PLANE('',#3503);
#45=PLANE('',#3505);
#46=PLANE('',#3506);
#47=PLANE('',#3507);
#48=PLANE('',#3508);
#49=PLANE('',#3509);
#50=PLANE('',#3510);
#51=PLANE('',#3511);
#52=PLANE('',#3529);
#53=PLANE('',#3532);
#54=PLANE('',#3542);
#55=PLANE('',#3545);
#56=PLANE('',#3577);
#57=PLANE('',#3581);
#58=PLANE('',#3584);
#59=PLANE('',#3587);
#60=PLANE('',#3590);
#61=PLANE('',#3593);
#62=PLANE('',#3596);
#63=PLANE('',#3599);
#64=PLANE('',#3603);
#65=PLANE('',#3604);
#66=PLANE('',#3606);
#67=PLANE('',#3607);
#68=PLANE('',#3614);
#69=PLANE('',#3620);
#70=PLANE('',#3621);
#71=PLANE('',#3625);
#72=PLANE('',#3635);
#73=PLANE('',#3639);
#74=PLANE('',#3642);
#75=PLANE('',#3645);
#76=PLANE('',#3647);
#77=PLANE('',#3649);
#78=PLANE('',#3650);
#79=PLANE('',#3651);
#80=PLANE('',#3652);
#81=PLANE('',#3653);
#82=PLANE('',#3654);
#83=PLANE('',#3655);
#84=PLANE('',#3656);
#85=PLANE('',#3657);
#86=PLANE('',#3658);
#87=PLANE('',#3659);
#88=PLANE('',#3660);
#89=PLANE('',#3661);
#90=PLANE('',#3662);
#91=PLANE('',#3663);
#92=PLANE('',#3664);
#93=PLANE('',#3665);
#94=PLANE('',#3666);
#95=PLANE('',#3667);
#96=PLANE('',#3668);
#97=PLANE('',#3669);
#98=PLANE('',#3670);
#99=PLANE('',#3671);
#100=PLANE('',#3672);
#101=PLANE('',#3673);
#102=PLANE('',#3674);
#103=PLANE('',#3675);
#104=PLANE('',#3676);
#105=PLANE('',#3678);
#106=PLANE('',#3679);
#107=PLANE('',#3680);
#108=PLANE('',#3682);
#109=PLANE('',#3683);
#110=PLANE('',#3686);
#111=PLANE('',#3687);
#112=PLANE('',#3688);
#113=PLANE('',#3689);
#114=PLANE('',#3690);
#115=PLANE('',#3691);
#116=PLANE('',#3692);
#117=PLANE('',#3693);
#118=TOROIDAL_SURFACE('',#3385,7.,1.);
#119=TOROIDAL_SURFACE('',#3411,6.99999999999999,1.);
#120=TOROIDAL_SURFACE('',#3417,7.,1.);
#121=TOROIDAL_SURFACE('',#3423,7.,1.);
#122=TOROIDAL_SURFACE('',#3454,7.99999999999999,3.);
#123=TOROIDAL_SURFACE('',#3471,8.,3.);
#124=TOROIDAL_SURFACE('',#3482,7.99999999999999,3.);
#125=TOROIDAL_SURFACE('',#3486,8.,3.);
#126=TOROIDAL_SURFACE('',#3537,3.,1.);
#127=TOROIDAL_SURFACE('',#3564,5.,2.);
#128=TOROIDAL_SURFACE('',#3570,5.,2.);
#129=TOROIDAL_SURFACE('',#3615,3.,1.);
#130=TOROIDAL_SURFACE('',#3619,3.,1.);
#131=SPHERICAL_SURFACE('',#3375,0.999999999999996);
#132=SPHERICAL_SURFACE('',#3389,1.);
#133=SPHERICAL_SURFACE('',#3405,1.);
#134=SPHERICAL_SURFACE('',#3447,1.);
#135=LINE('',#4866,#444);
#136=LINE('',#4869,#445);
#137=LINE('',#4881,#446);
#138=LINE('',#4882,#447);
#139=LINE('',#4887,#448);
#140=LINE('',#4888,#449);
#141=LINE('',#4893,#450);
#142=LINE('',#4894,#451);
#143=LINE('',#4948,#452);
#144=LINE('',#4950,#453);
#145=LINE('',#4952,#454);
#146=LINE('',#4954,#455);
#147=LINE('',#4956,#456);
#148=LINE('',#4958,#457);
#149=LINE('',#4960,#458);
#150=LINE('',#4962,#459);
#151=LINE('',#4964,#460);
#152=LINE('',#4978,#461);
#153=LINE('',#4983,#462);
#154=LINE('',#4987,#463);
#155=LINE('',#4989,#464);
#156=LINE('',#4991,#465);
#157=LINE('',#4993,#466);
#158=LINE('',#4994,#467);
#159=LINE('',#4997,#468);
#160=LINE('',#4998,#469);
#161=LINE('',#5001,#470);
#162=LINE('',#5012,#471);
#163=LINE('',#5023,#472);
#164=LINE('',#5024,#473);
#165=LINE('',#5035,#474);
#166=LINE('',#5036,#475);
#167=LINE('',#5047,#476);
#168=LINE('',#5048,#477);
#169=LINE('',#5053,#478);
#170=LINE('',#5054,#479);
#171=LINE('',#5058,#480);
#172=LINE('',#5281,#481);
#173=LINE('',#5284,#482);
#174=LINE('',#5291,#483);
#175=LINE('',#5295,#484);
#176=LINE('',#5297,#485);
#177=LINE('',#5301,#486);
#178=LINE('',#5303,#487);
#179=LINE('',#5307,#488);
#180=LINE('',#5310,#489);
#181=LINE('',#5315,#490);
#182=LINE('',#5319,#491);
#183=LINE('',#5321,#492);
#184=LINE('',#5323,#493);
#185=LINE('',#5325,#494);
#186=LINE('',#5327,#495);
#187=LINE('',#5331,#496);
#188=LINE('',#5334,#497);
#189=LINE('',#5338,#498);
#190=LINE('',#5342,#499);
#191=LINE('',#5346,#500);
#192=LINE('',#5348,#501);
#193=LINE('',#5350,#502);
#194=LINE('',#5352,#503);
#195=LINE('',#5373,#504);
#196=LINE('',#5376,#505);
#197=LINE('',#5383,#506);
#198=LINE('',#5387,#507);
#199=LINE('',#5389,#508);
#200=LINE('',#5391,#509);
#201=LINE('',#5392,#510);
#202=LINE('',#5396,#511);
#203=LINE('',#5411,#512);
#204=LINE('',#5414,#513);
#205=LINE('',#5417,#514);
#206=LINE('',#5419,#515);
#207=LINE('',#5420,#516);
#208=LINE('',#5424,#517);
#209=LINE('',#5425,#518);
#210=LINE('',#5426,#519);
#211=LINE('',#5430,#520);
#212=LINE('',#5432,#521);
#213=LINE('',#5434,#522);
#214=LINE('',#5435,#523);
#215=LINE('',#5439,#524);
#216=LINE('',#5441,#525);
#217=LINE('',#5443,#526);
#218=LINE('',#5444,#527);
#219=LINE('',#5447,#528);
#220=LINE('',#5449,#529);
#221=LINE('',#5450,#530);
#222=LINE('',#5453,#531);
#223=LINE('',#5454,#532);
#224=LINE('',#5457,#533);
#225=LINE('',#5459,#534);
#226=LINE('',#5461,#535);
#227=LINE('',#5463,#536);
#228=LINE('',#5467,#537);
#229=LINE('',#5468,#538);
#230=LINE('',#5471,#539);
#231=LINE('',#5473,#540);
#232=LINE('',#5474,#541);
#233=LINE('',#5477,#542);
#234=LINE('',#5479,#543);
#235=LINE('',#5481,#544);
#236=LINE('',#5483,#545);
#237=LINE('',#5487,#546);
#238=LINE('',#5488,#547);
#239=LINE('',#5491,#548);
#240=LINE('',#5493,#549);
#241=LINE('',#5495,#550);
#242=LINE('',#5497,#551);
#243=LINE('',#5501,#552);
#244=LINE('',#5503,#553);
#245=LINE('',#5504,#554);
#246=LINE('',#5507,#555);
#247=LINE('',#5509,#556);
#248=LINE('',#5510,#557);
#249=LINE('',#5513,#558);
#250=LINE('',#5514,#559);
#251=LINE('',#5515,#560);
#252=LINE('',#5517,#561);
#253=LINE('',#5520,#562);
#254=LINE('',#5522,#563);
#255=LINE('',#5523,#564);
#256=LINE('',#5525,#565);
#257=LINE('',#5528,#566);
#258=LINE('',#5529,#567);
#259=LINE('',#5533,#568);
#260=LINE('',#5535,#569);
#261=LINE('',#5537,#570);
#262=LINE('',#5538,#571);
#263=LINE('',#5540,#572);
#264=LINE('',#5542,#573);
#265=LINE('',#5544,#574);
#266=LINE('',#5546,#575);
#267=LINE('',#5549,#576);
#268=LINE('',#5551,#577);
#269=LINE('',#5553,#578);
#270=LINE('',#5555,#579);
#271=LINE('',#5557,#580);
#272=LINE('',#5558,#581);
#273=LINE('',#5560,#582);
#274=LINE('',#5561,#583);
#275=LINE('',#5563,#584);
#276=LINE('',#5565,#585);
#277=LINE('',#5567,#586);
#278=LINE('',#5569,#587);
#279=LINE('',#5570,#588);
#280=LINE('',#5712,#589);
#281=LINE('',#5714,#590);
#282=LINE('',#5716,#591);
#283=LINE('',#5718,#592);
#284=LINE('',#5721,#593);
#285=LINE('',#5723,#594);
#286=LINE('',#5724,#595);
#287=LINE('',#5727,#596);
#288=LINE('',#5731,#597);
#289=LINE('',#5732,#598);
#290=LINE('',#5735,#599);
#291=LINE('',#5740,#600);
#292=LINE('',#5822,#601);
#293=LINE('',#5824,#602);
#294=LINE('',#5827,#603);
#295=LINE('',#5830,#604);
#296=LINE('',#5998,#605);
#297=LINE('',#6004,#606);
#298=LINE('',#6007,#607);
#299=LINE('',#6014,#608);
#300=LINE('',#6016,#609);
#301=LINE('',#6018,#610);
#302=LINE('',#6020,#611);
#303=LINE('',#6023,#612);
#304=LINE('',#6025,#613);
#305=LINE('',#6026,#614);
#306=LINE('',#6029,#615);
#307=LINE('',#6035,#616);
#308=LINE('',#6037,#617);
#309=LINE('',#6039,#618);
#310=LINE('',#6040,#619);
#311=LINE('',#6043,#620);
#312=LINE('',#6047,#621);
#313=LINE('',#6048,#622);
#314=LINE('',#6051,#623);
#315=LINE('',#6055,#624);
#316=LINE('',#6056,#625);
#317=LINE('',#6059,#626);
#318=LINE('',#6063,#627);
#319=LINE('',#6065,#628);
#320=LINE('',#6066,#629);
#321=LINE('',#6069,#630);
#322=LINE('',#6073,#631);
#323=LINE('',#6074,#632);
#324=LINE('',#6077,#633);
#325=LINE('',#6081,#634);
#326=LINE('',#6082,#635);
#327=LINE('',#6085,#636);
#328=LINE('',#6090,#637);
#329=LINE('',#6091,#638);
#330=LINE('',#6092,#639);
#331=LINE('',#6097,#640);
#332=LINE('',#6102,#641);
#333=LINE('',#6103,#642);
#334=LINE('',#6104,#643);
#335=LINE('',#6107,#644);
#336=LINE('',#6109,#645);
#337=LINE('',#6110,#646);
#338=LINE('',#6111,#647);
#339=LINE('',#6113,#648);
#340=LINE('',#6117,#649);
#341=LINE('',#6119,#650);
#342=LINE('',#6123,#651);
#343=LINE('',#6125,#652);
#344=LINE('',#6128,#653);
#345=LINE('',#6131,#654);
#346=LINE('',#6139,#655);
#347=LINE('',#6140,#656);
#348=LINE('',#6143,#657);
#349=LINE('',#6145,#658);
#350=LINE('',#6146,#659);
#351=LINE('',#6152,#660);
#352=LINE('',#6155,#661);
#353=LINE('',#6157,#662);
#354=LINE('',#6159,#663);
#355=LINE('',#6161,#664);
#356=LINE('',#6163,#665);
#357=LINE('',#6164,#666);
#358=LINE('',#6170,#667);
#359=LINE('',#6173,#668);
#360=LINE('',#6180,#669);
#361=LINE('',#6184,#670);
#362=LINE('',#6189,#671);
#363=LINE('',#6190,#672);
#364=LINE('',#6191,#673);
#365=LINE('',#6194,#674);
#366=LINE('',#6199,#675);
#367=LINE('',#6200,#676);
#368=LINE('',#6203,#677);
#369=LINE('',#6207,#678);
#370=LINE('',#6208,#679);
#371=LINE('',#6211,#680);
#372=LINE('',#6214,#681);
#373=LINE('',#6215,#682);
#374=LINE('',#6217,#683);
#375=LINE('',#6219,#684);
#376=LINE('',#6221,#685);
#377=LINE('',#6225,#686);
#378=LINE('',#6227,#687);
#379=LINE('',#6229,#688);
#380=LINE('',#6231,#689);
#381=LINE('',#6233,#690);
#382=LINE('',#6235,#691);
#383=LINE('',#6237,#692);
#384=LINE('',#6239,#693);
#385=LINE('',#6241,#694);
#386=LINE('',#6243,#695);
#387=LINE('',#6245,#696);
#388=LINE('',#6246,#697);
#389=LINE('',#6248,#698);
#390=LINE('',#6249,#699);
#391=LINE('',#6252,#700);
#392=LINE('',#6253,#701);
#393=LINE('',#6256,#702);
#394=LINE('',#6257,#703);
#395=LINE('',#6259,#704);
#396=LINE('',#6260,#705);
#397=LINE('',#6262,#706);
#398=LINE('',#6264,#707);
#399=LINE('',#6265,#708);
#400=LINE('',#6268,#709);
#401=LINE('',#6269,#710);
#402=LINE('',#6271,#711);
#403=LINE('',#6274,#712);
#404=LINE('',#6275,#713);
#405=LINE('',#6277,#714);
#406=LINE('',#6278,#715);
#407=LINE('',#6280,#716);
#408=LINE('',#6284,#717);
#409=LINE('',#6285,#718);
#410=LINE('',#6288,#719);
#411=LINE('',#6289,#720);
#412=LINE('',#6291,#721);
#413=LINE('',#6295,#722);
#414=LINE('',#6296,#723);
#415=LINE('',#6300,#724);
#416=LINE('',#6302,#725);
#417=LINE('',#6303,#726);
#418=LINE('',#6305,#727);
#419=LINE('',#6306,#728);
#420=LINE('',#6309,#729);
#421=LINE('',#6311,#730);
#422=LINE('',#6312,#731);
#423=LINE('',#6315,#732);
#424=LINE('',#6316,#733);
#425=LINE('',#6318,#734);
#426=LINE('',#6319,#735);
#427=LINE('',#6322,#736);
#428=LINE('',#6323,#737);
#429=LINE('',#6326,#738);
#430=LINE('',#6327,#739);
#431=LINE('',#6328,#740);
#432=LINE('',#6332,#741);
#433=LINE('',#6333,#742);
#434=LINE('',#6335,#743);
#435=LINE('',#6340,#744);
#436=LINE('',#6341,#745);
#437=LINE('',#6343,#746);
#438=LINE('',#6347,#747);
#439=LINE('',#6353,#748);
#440=LINE('',#6354,#749);
#441=LINE('',#6356,#750);
#442=LINE('',#6361,#751);
#443=LINE('',#6363,#752);
#444=VECTOR('',#3720,10.);
#445=VECTOR('',#3723,10.);
#446=VECTOR('',#3736,10.);
#447=VECTOR('',#3737,10.);
#448=VECTOR('',#3742,10.);
#449=VECTOR('',#3743,10.);
#450=VECTOR('',#3748,10.);
#451=VECTOR('',#3749,10.);
#452=VECTOR('',#3772,10.);
#453=VECTOR('',#3773,10.);
#454=VECTOR('',#3774,10.);
#455=VECTOR('',#3775,10.);
#456=VECTOR('',#3776,10.);
#457=VECTOR('',#3777,10.);
#458=VECTOR('',#3778,10.);
#459=VECTOR('',#3779,10.);
#460=VECTOR('',#3780,10.);
#461=VECTOR('',#3785,10.);
#462=VECTOR('',#3792,10.);
#463=VECTOR('',#3795,10.);
#464=VECTOR('',#3796,10.);
#465=VECTOR('',#3797,10.);
#466=VECTOR('',#3798,10.);
#467=VECTOR('',#3799,10.);
#468=VECTOR('',#3802,10.);
#469=VECTOR('',#3803,10.);
#470=VECTOR('',#3806,10.);
#471=VECTOR('',#3821,10.);
#472=VECTOR('',#3834,10.);
#473=VECTOR('',#3835,10.);
#474=VECTOR('',#3848,10.);
#475=VECTOR('',#3849,10.);
#476=VECTOR('',#3862,10.);
#477=VECTOR('',#3863,10.);
#478=VECTOR('',#3868,10.);
#479=VECTOR('',#3869,10.);
#480=VECTOR('',#3874,10.);
#481=VECTOR('',#3901,10.);
#482=VECTOR('',#3904,10.);
#483=VECTOR('',#3913,10.);
#484=VECTOR('',#3918,10.);
#485=VECTOR('',#3921,10.);
#486=VECTOR('',#3928,4.99999999999999);
#487=VECTOR('',#3929,10.);
#488=VECTOR('',#3932,10.);
#489=VECTOR('',#3935,10.);
#490=VECTOR('',#3940,10.);
#491=VECTOR('',#3943,10.);
#492=VECTOR('',#3944,10.);
#493=VECTOR('',#3945,10.);
#494=VECTOR('',#3946,10.);
#495=VECTOR('',#3947,10.);
#496=VECTOR('',#3950,10.);
#497=VECTOR('',#3953,10.);
#498=VECTOR('',#3956,10.);
#499=VECTOR('',#3961,10.);
#500=VECTOR('',#3966,10.);
#501=VECTOR('',#3967,10.);
#502=VECTOR('',#3968,10.);
#503=VECTOR('',#3969,10.);
#504=VECTOR('',#3970,10.);
#505=VECTOR('',#3973,10.);
#506=VECTOR('',#3984,10.);
#507=VECTOR('',#3989,4.99999999999999);
#508=VECTOR('',#3990,10.);
#509=VECTOR('',#3991,10.);
#510=VECTOR('',#3992,10.);
#511=VECTOR('',#3999,10.);
#512=VECTOR('',#4022,10.);
#513=VECTOR('',#4025,10.);
#514=VECTOR('',#4028,10.);
#515=VECTOR('',#4029,10.);
#516=VECTOR('',#4030,10.);
#517=VECTOR('',#4033,10.);
#518=VECTOR('',#4034,10.);
#519=VECTOR('',#4035,10.);
#520=VECTOR('',#4038,10.);
#521=VECTOR('',#4039,10.);
#522=VECTOR('',#4040,10.);
#523=VECTOR('',#4041,10.);
#524=VECTOR('',#4044,10.);
#525=VECTOR('',#4045,10.);
#526=VECTOR('',#4046,10.);
#527=VECTOR('',#4047,10.);
#528=VECTOR('',#4050,10.);
#529=VECTOR('',#4051,10.);
#530=VECTOR('',#4052,10.);
#531=VECTOR('',#4055,10.);
#532=VECTOR('',#4056,10.);
#533=VECTOR('',#4059,10.);
#534=VECTOR('',#4060,10.);
#535=VECTOR('',#4061,10.);
#536=VECTOR('',#4062,10.);
#537=VECTOR('',#4065,10.);
#538=VECTOR('',#4066,10.);
#539=VECTOR('',#4069,10.);
#540=VECTOR('',#4070,10.);
#541=VECTOR('',#4071,10.);
#542=VECTOR('',#4074,10.);
#543=VECTOR('',#4075,10.);
#544=VECTOR('',#4076,10.);
#545=VECTOR('',#4077,10.);
#546=VECTOR('',#4080,10.);
#547=VECTOR('',#4081,10.);
#548=VECTOR('',#4084,10.);
#549=VECTOR('',#4085,10.);
#550=VECTOR('',#4086,10.);
#551=VECTOR('',#4087,10.);
#552=VECTOR('',#4090,10.);
#553=VECTOR('',#4091,10.);
#554=VECTOR('',#4092,10.);
#555=VECTOR('',#4095,10.);
#556=VECTOR('',#4096,10.);
#557=VECTOR('',#4097,10.);
#558=VECTOR('',#4100,10.);
#559=VECTOR('',#4101,10.);
#560=VECTOR('',#4102,10.);
#561=VECTOR('',#4105,10.);
#562=VECTOR('',#4108,10.);
#563=VECTOR('',#4109,10.);
#564=VECTOR('',#4110,10.);
#565=VECTOR('',#4113,10.);
#566=VECTOR('',#4116,10.);
#567=VECTOR('',#4117,10.);
#568=VECTOR('',#4120,10.);
#569=VECTOR('',#4121,10.);
#570=VECTOR('',#4122,10.);
#571=VECTOR('',#4123,10.);
#572=VECTOR('',#4124,10.);
#573=VECTOR('',#4125,10.);
#574=VECTOR('',#4126,10.);
#575=VECTOR('',#4127,10.);
#576=VECTOR('',#4130,10.);
#577=VECTOR('',#4131,10.);
#578=VECTOR('',#4132,10.);
#579=VECTOR('',#4133,10.);
#580=VECTOR('',#4134,10.);
#581=VECTOR('',#4135,10.);
#582=VECTOR('',#4136,10.);
#583=VECTOR('',#4137,10.);
#584=VECTOR('',#4138,10.);
#585=VECTOR('',#4139,10.);
#586=VECTOR('',#4140,10.);
#587=VECTOR('',#4141,10.);
#588=VECTOR('',#4142,10.);
#589=VECTOR('',#4169,10.);
#590=VECTOR('',#4172,10.);
#591=VECTOR('',#4175,10.);
#592=VECTOR('',#4178,10.);
#593=VECTOR('',#4181,10.);
#594=VECTOR('',#4182,10.);
#595=VECTOR('',#4183,10.);
#596=VECTOR('',#4186,10.);
#597=VECTOR('',#4191,10.);
#598=VECTOR('',#4192,10.);
#599=VECTOR('',#4195,10.);
#600=VECTOR('',#4202,10.);
#601=VECTOR('',#4213,10.);
#602=VECTOR('',#4216,10.);
#603=VECTOR('',#4219,10.);
#604=VECTOR('',#4224,10.);
#605=VECTOR('',#4261,10.);
#606=VECTOR('',#4270,10.);
#607=VECTOR('',#4273,10.);
#608=VECTOR('',#4284,10.);
#609=VECTOR('',#4287,10.);
#610=VECTOR('',#4290,10.);
#611=VECTOR('',#4293,10.);
#612=VECTOR('',#4296,10.);
#613=VECTOR('',#4297,10.);
#614=VECTOR('',#4298,10.);
#615=VECTOR('',#4301,10.);
#616=VECTOR('',#4308,10.);
#617=VECTOR('',#4309,10.);
#618=VECTOR('',#4310,10.);
#619=VECTOR('',#4311,10.);
#620=VECTOR('',#4314,10.);
#621=VECTOR('',#4319,10.);
#622=VECTOR('',#4320,10.);
#623=VECTOR('',#4323,10.);
#624=VECTOR('',#4328,10.);
#625=VECTOR('',#4329,10.);
#626=VECTOR('',#4332,10.);
#627=VECTOR('',#4337,10.);
#628=VECTOR('',#4338,10.);
#629=VECTOR('',#4339,10.);
#630=VECTOR('',#4342,10.);
#631=VECTOR('',#4347,10.);
#632=VECTOR('',#4348,10.);
#633=VECTOR('',#4351,10.);
#634=VECTOR('',#4356,10.);
#635=VECTOR('',#4357,10.);
#636=VECTOR('',#4360,10.);
#637=VECTOR('',#4365,10.);
#638=VECTOR('',#4366,10.);
#639=VECTOR('',#4367,10.);
#640=VECTOR('',#4372,10.);
#641=VECTOR('',#4377,10.);
#642=VECTOR('',#4378,10.);
#643=VECTOR('',#4379,10.);
#644=VECTOR('',#4382,10.);
#645=VECTOR('',#4383,10.);
#646=VECTOR('',#4384,10.);
#647=VECTOR('',#4385,10.);
#648=VECTOR('',#4388,10.);
#649=VECTOR('',#4393,10.);
#650=VECTOR('',#4396,10.);
#651=VECTOR('',#4401,10.);
#652=VECTOR('',#4404,10.);
#653=VECTOR('',#4407,10.);
#654=VECTOR('',#4412,10.);
#655=VECTOR('',#4425,10.);
#656=VECTOR('',#4426,10.);
#657=VECTOR('',#4429,10.);
#658=VECTOR('',#4430,10.);
#659=VECTOR('',#4431,10.);
#660=VECTOR('',#4438,10.);
#661=VECTOR('',#4441,10.);
#662=VECTOR('',#4442,10.);
#663=VECTOR('',#4443,10.);
#664=VECTOR('',#4444,10.);
#665=VECTOR('',#4445,10.);
#666=VECTOR('',#4446,10.);
#667=VECTOR('',#4453,10.);
#668=VECTOR('',#4456,10.);
#669=VECTOR('',#4463,10.);
#670=VECTOR('',#4466,10.);
#671=VECTOR('',#4471,10.);
#672=VECTOR('',#4472,10.);
#673=VECTOR('',#4473,10.);
#674=VECTOR('',#4476,10.);
#675=VECTOR('',#4483,10.);
#676=VECTOR('',#4484,10.);
#677=VECTOR('',#4487,10.);
#678=VECTOR('',#4492,10.);
#679=VECTOR('',#4493,10.);
#680=VECTOR('',#4496,10.);
#681=VECTOR('',#4501,10.);
#682=VECTOR('',#4502,10.);
#683=VECTOR('',#4505,10.);
#684=VECTOR('',#4508,10.);
#685=VECTOR('',#4511,10.);
#686=VECTOR('',#4514,10.);
#687=VECTOR('',#4515,10.);
#688=VECTOR('',#4516,10.);
#689=VECTOR('',#4517,10.);
#690=VECTOR('',#4518,10.);
#691=VECTOR('',#4519,10.);
#692=VECTOR('',#4520,10.);
#693=VECTOR('',#4521,10.);
#694=VECTOR('',#4522,10.);
#695=VECTOR('',#4523,10.);
#696=VECTOR('',#4524,10.);
#697=VECTOR('',#4525,10.);
#698=VECTOR('',#4528,10.);
#699=VECTOR('',#4529,10.);
#700=VECTOR('',#4532,10.);
#701=VECTOR('',#4533,10.);
#702=VECTOR('',#4536,10.);
#703=VECTOR('',#4537,10.);
#704=VECTOR('',#4540,10.);
#705=VECTOR('',#4541,10.);
#706=VECTOR('',#4544,10.);
#707=VECTOR('',#4547,10.);
#708=VECTOR('',#4548,10.);
#709=VECTOR('',#4551,10.);
#710=VECTOR('',#4552,10.);
#711=VECTOR('',#4555,10.);
#712=VECTOR('',#4558,10.);
#713=VECTOR('',#4559,10.);
#714=VECTOR('',#4562,10.);
#715=VECTOR('',#4563,10.);
#716=VECTOR('',#4566,10.);
#717=VECTOR('',#4571,10.);
#718=VECTOR('',#4572,10.);
#719=VECTOR('',#4575,10.);
#720=VECTOR('',#4576,10.);
#721=VECTOR('',#4579,10.);
#722=VECTOR('',#4584,10.);
#723=VECTOR('',#4585,10.);
#724=VECTOR('',#4590,10.);
#725=VECTOR('',#4591,10.);
#726=VECTOR('',#4592,10.);
#727=VECTOR('',#4593,10.);
#728=VECTOR('',#4594,10.);
#729=VECTOR('',#4597,10.);
#730=VECTOR('',#4598,10.);
#731=VECTOR('',#4599,10.);
#732=VECTOR('',#4602,10.);
#733=VECTOR('',#4603,10.);
#734=VECTOR('',#4604,10.);
#735=VECTOR('',#4605,10.);
#736=VECTOR('',#4608,10.);
#737=VECTOR('',#4609,10.);
#738=VECTOR('',#4612,10.);
#739=VECTOR('',#4613,10.);
#740=VECTOR('',#4614,10.);
#741=VECTOR('',#4619,10.);
#742=VECTOR('',#4620,10.);
#743=VECTOR('',#4623,10.);
#744=VECTOR('',#4630,10.);
#745=VECTOR('',#4631,10.);
#746=VECTOR('',#4634,10.);
#747=VECTOR('',#4641,10.);
#748=VECTOR('',#4650,10.);
#749=VECTOR('',#4651,10.);
#750=VECTOR('',#4654,10.);
#751=VECTOR('',#4663,10.);
#752=VECTOR('',#4666,10.);
#753=CYLINDRICAL_SURFACE('',#3372,1.);
#754=CYLINDRICAL_SURFACE('',#3379,1.);
#755=CYLINDRICAL_SURFACE('',#3381,1.);
#756=CYLINDRICAL_SURFACE('',#3383,1.);
#757=CYLINDRICAL_SURFACE('',#3398,6.);
#758=CYLINDRICAL_SURFACE('',#3403,1.);
#759=CYLINDRICAL_SURFACE('',#3409,1.);
#760=CYLINDRICAL_SURFACE('',#3415,1.);
#761=CYLINDRICAL_SURFACE('',#3421,1.);
#762=CYLINDRICAL_SURFACE('',#3427,1.);
#763=CYLINDRICAL_SURFACE('',#3429,1.);
#764=CYLINDRICAL_SURFACE('',#3431,1.);
#765=CYLINDRICAL_SURFACE('',#3444,1.);
#766=CYLINDRICAL_SURFACE('',#3449,3.);
#767=CYLINDRICAL_SURFACE('',#3452,3.);
#768=CYLINDRICAL_SURFACE('',#3456,2.);
#769=CYLINDRICAL_SURFACE('',#3466,1.);
#770=CYLINDRICAL_SURFACE('',#3469,3.);
#771=CYLINDRICAL_SURFACE('',#3474,5.);
#772=CYLINDRICAL_SURFACE('',#3477,3.);
#773=CYLINDRICAL_SURFACE('',#3480,3.);
#774=CYLINDRICAL_SURFACE('',#3484,3.);
#775=CYLINDRICAL_SURFACE('',#3487,4.99999999999999);
#776=CYLINDRICAL_SURFACE('',#3489,8.);
#777=CYLINDRICAL_SURFACE('',#3525,3.);
#778=CYLINDRICAL_SURFACE('',#3526,3.);
#779=CYLINDRICAL_SURFACE('',#3527,3.);
#780=CYLINDRICAL_SURFACE('',#3528,3.);
#781=CYLINDRICAL_SURFACE('',#3530,1.99999999999999);
#782=CYLINDRICAL_SURFACE('',#3533,2.);
#783=CYLINDRICAL_SURFACE('',#3535,3.);
#784=CYLINDRICAL_SURFACE('',#3540,3.);
#785=CYLINDRICAL_SURFACE('',#3543,3.);
#786=CYLINDRICAL_SURFACE('',#3562,2.);
#787=CYLINDRICAL_SURFACE('',#3567,2.);
#788=CYLINDRICAL_SURFACE('',#3568,2.);
#789=CYLINDRICAL_SURFACE('',#3573,2.);
#790=CYLINDRICAL_SURFACE('',#3574,2.);
#791=CYLINDRICAL_SURFACE('',#3575,2.);
#792=CYLINDRICAL_SURFACE('',#3576,2.);
#793=CYLINDRICAL_SURFACE('',#3578,1.);
#794=CYLINDRICAL_SURFACE('',#3582,3.);
#795=CYLINDRICAL_SURFACE('',#3585,3.);
#796=CYLINDRICAL_SURFACE('',#3588,3.);
#797=CYLINDRICAL_SURFACE('',#3605,3.);
#798=CYLINDRICAL_SURFACE('',#3609,2.);
#799=CYLINDRICAL_SURFACE('',#3611,1.);
#800=CYLINDRICAL_SURFACE('',#3612,2.);
#801=CYLINDRICAL_SURFACE('',#3617,1.);
#802=CYLINDRICAL_SURFACE('',#3622,1.);
#803=CYLINDRICAL_SURFACE('',#3626,1.);
#804=CYLINDRICAL_SURFACE('',#3629,1.);
#805=CYLINDRICAL_SURFACE('',#3646,1.99999999999999);
#806=CYLINDRICAL_SURFACE('',#3648,2.00000000000001);
#807=CYLINDRICAL_SURFACE('',#3684,6.);
#808=CYLINDRICAL_SURFACE('',#3694,6.);
#809=CYLINDRICAL_SURFACE('',#3695,6.00000000000001);
#810=ELLIPSE('',#3365,5.65685424949238,4.);
#811=ELLIPSE('',#3366,5.,3.);
#812=ELLIPSE('',#3370,4.99999999999999,3.);
#813=ELLIPSE('',#3371,5.65685424949238,4.);
#814=ELLIPSE('',#3391,4.99999999999999,3.);
#815=ELLIPSE('',#3392,5.65685424949238,4.);
#816=ELLIPSE('',#3393,5.65685424949238,4.);
#817=ELLIPSE('',#3394,5.,3.);
#818=ELLIPSE('',#3396,5.65685424949238,4.);
#819=ELLIPSE('',#3397,5.65685424949238,4.);
#820=ELLIPSE('',#3434,5.,3.);
#821=ELLIPSE('',#3436,5.,3.);
#822=ELLIPSE('',#3438,5.65685424949238,4.);
#823=ELLIPSE('',#3440,4.99999999999999,3.);
#824=ELLIPSE('',#3442,4.99999999999999,3.);
#825=ELLIPSE('',#3443,5.65685424949238,4.);
#826=ELLIPSE('',#3514,3.16227766016838,3.);
#827=ELLIPSE('',#3515,3.16227766016838,3.);
#828=ELLIPSE('',#3517,3.16227766016838,3.);
#829=ELLIPSE('',#3518,3.16227766016839,3.);
#830=ELLIPSE('',#3520,3.16227766016837,3.);
#831=ELLIPSE('',#3521,3.16227766016837,3.);
#832=ELLIPSE('',#3523,3.16227766016838,3.);
#833=ELLIPSE('',#3524,3.16227766016838,3.);
#834=ELLIPSE('',#3546,2.23606797749979,2.);
#835=ELLIPSE('',#3547,2.23606797749979,2.);
#836=ELLIPSE('',#3549,2.23606797749979,2.);
#837=ELLIPSE('',#3550,2.23606797749979,2.);
#838=ELLIPSE('',#3552,2.23606797749979,2.);
#839=ELLIPSE('',#3553,2.23606797749979,2.);
#840=ELLIPSE('',#3555,2.23606797749979,2.);
#841=ELLIPSE('',#3556,2.23606797749979,2.);
#842=ELLIPSE('',#3579,1.4142135623731,1.);
#843=ELLIPSE('',#3580,1.4142135623731,1.);
#844=ELLIPSE('',#3623,1.4142135623731,1.);
#845=ELLIPSE('',#3624,1.4142135623731,1.);
#846=ELLIPSE('',#3627,1.4142135623731,1.);
#847=ELLIPSE('',#3628,1.4142135623731,1.);
#848=ELLIPSE('',#3630,1.4142135623731,1.);
#849=ELLIPSE('',#3631,1.4142135623731,1.);
#850=FACE_OUTER_BOUND('',#1048,.T.);
#851=FACE_OUTER_BOUND('',#1049,.T.);
#852=FACE_OUTER_BOUND('',#1050,.T.);
#853=FACE_OUTER_BOUND('',#1051,.T.);
#854=FACE_OUTER_BOUND('',#1052,.T.);
#855=FACE_OUTER_BOUND('',#1053,.T.);
#856=FACE_OUTER_BOUND('',#1054,.T.);
#857=FACE_OUTER_BOUND('',#1055,.T.);
#858=FACE_OUTER_BOUND('',#1056,.T.);
#859=FACE_OUTER_BOUND('',#1057,.T.);
#860=FACE_OUTER_BOUND('',#1058,.T.);
#861=FACE_OUTER_BOUND('',#1059,.T.);
#862=FACE_OUTER_BOUND('',#1060,.T.);
#863=FACE_OUTER_BOUND('',#1061,.T.);
#864=FACE_OUTER_BOUND('',#1062,.T.);
#865=FACE_OUTER_BOUND('',#1063,.T.);
#866=FACE_OUTER_BOUND('',#1064,.T.);
#867=FACE_OUTER_BOUND('',#1065,.T.);
#868=FACE_OUTER_BOUND('',#1066,.T.);
#869=FACE_OUTER_BOUND('',#1067,.T.);
#870=FACE_OUTER_BOUND('',#1068,.T.);
#871=FACE_OUTER_BOUND('',#1069,.T.);
#872=FACE_OUTER_BOUND('',#1070,.T.);
#873=FACE_OUTER_BOUND('',#1071,.T.);
#874=FACE_OUTER_BOUND('',#1072,.T.);
#875=FACE_OUTER_BOUND('',#1073,.T.);
#876=FACE_OUTER_BOUND('',#1074,.T.);
#877=FACE_OUTER_BOUND('',#1075,.T.);
#878=FACE_OUTER_BOUND('',#1076,.T.);
#879=FACE_OUTER_BOUND('',#1077,.T.);
#880=FACE_OUTER_BOUND('',#1078,.T.);
#881=FACE_OUTER_BOUND('',#1079,.T.);
#882=FACE_OUTER_BOUND('',#1080,.T.);
#883=FACE_OUTER_BOUND('',#1081,.T.);
#884=FACE_OUTER_BOUND('',#1082,.T.);
#885=FACE_OUTER_BOUND('',#1083,.T.);
#886=FACE_OUTER_BOUND('',#1084,.T.);
#887=FACE_OUTER_BOUND('',#1085,.T.);
#888=FACE_OUTER_BOUND('',#1086,.T.);
#889=FACE_OUTER_BOUND('',#1087,.T.);
#890=FACE_OUTER_BOUND('',#1088,.T.);
#891=FACE_OUTER_BOUND('',#1089,.T.);
#892=FACE_OUTER_BOUND('',#1090,.T.);
#893=FACE_OUTER_BOUND('',#1091,.T.);
#894=FACE_OUTER_BOUND('',#1092,.T.);
#895=FACE_OUTER_BOUND('',#1093,.T.);
#896=FACE_OUTER_BOUND('',#1094,.T.);
#897=FACE_OUTER_BOUND('',#1095,.T.);
#898=FACE_OUTER_BOUND('',#1096,.T.);
#899=FACE_OUTER_BOUND('',#1097,.T.);
#900=FACE_OUTER_BOUND('',#1098,.T.);
#901=FACE_OUTER_BOUND('',#1099,.T.);
#902=FACE_OUTER_BOUND('',#1100,.T.);
#903=FACE_OUTER_BOUND('',#1101,.T.);
#904=FACE_OUTER_BOUND('',#1102,.T.);
#905=FACE_OUTER_BOUND('',#1103,.T.);
#906=FACE_OUTER_BOUND('',#1104,.T.);
#907=FACE_OUTER_BOUND('',#1105,.T.);
#908=FACE_OUTER_BOUND('',#1106,.T.);
#909=FACE_OUTER_BOUND('',#1107,.T.);
#910=FACE_OUTER_BOUND('',#1108,.T.);
#911=FACE_OUTER_BOUND('',#1109,.T.);
#912=FACE_OUTER_BOUND('',#1110,.T.);
#913=FACE_OUTER_BOUND('',#1111,.T.);
#914=FACE_OUTER_BOUND('',#1112,.T.);
#915=FACE_OUTER_BOUND('',#1113,.T.);
#916=FACE_OUTER_BOUND('',#1114,.T.);
#917=FACE_OUTER_BOUND('',#1115,.T.);
#918=FACE_OUTER_BOUND('',#1116,.T.);
#919=FACE_OUTER_BOUND('',#1117,.T.);
#920=FACE_OUTER_BOUND('',#1118,.T.);
#921=FACE_OUTER_BOUND('',#1119,.T.);
#922=FACE_OUTER_BOUND('',#1120,.T.);
#923=FACE_OUTER_BOUND('',#1121,.T.);
#924=FACE_OUTER_BOUND('',#1122,.T.);
#925=FACE_OUTER_BOUND('',#1124,.T.);
#926=FACE_OUTER_BOUND('',#1125,.T.);
#927=FACE_OUTER_BOUND('',#1126,.T.);
#928=FACE_OUTER_BOUND('',#1127,.T.);
#929=FACE_OUTER_BOUND('',#1128,.T.);
#930=FACE_OUTER_BOUND('',#1129,.T.);
#931=FACE_OUTER_BOUND('',#1130,.T.);
#932=FACE_OUTER_BOUND('',#1131,.T.);
#933=FACE_OUTER_BOUND('',#1132,.T.);
#934=FACE_OUTER_BOUND('',#1133,.T.);
#935=FACE_OUTER_BOUND('',#1134,.T.);
#936=FACE_OUTER_BOUND('',#1135,.T.);
#937=FACE_OUTER_BOUND('',#1136,.T.);
#938=FACE_OUTER_BOUND('',#1137,.T.);
#939=FACE_OUTER_BOUND('',#1138,.T.);
#940=FACE_OUTER_BOUND('',#1139,.T.);
#941=FACE_OUTER_BOUND('',#1140,.T.);
#942=FACE_OUTER_BOUND('',#1141,.T.);
#943=FACE_OUTER_BOUND('',#1142,.T.);
#944=FACE_OUTER_BOUND('',#1143,.T.);
#945=FACE_OUTER_BOUND('',#1144,.T.);
#946=FACE_OUTER_BOUND('',#1145,.T.);
#947=FACE_OUTER_BOUND('',#1146,.T.);
#948=FACE_OUTER_BOUND('',#1147,.T.);
#949=FACE_OUTER_BOUND('',#1148,.T.);
#950=FACE_OUTER_BOUND('',#1149,.T.);
#951=FACE_OUTER_BOUND('',#1150,.T.);
#952=FACE_OUTER_BOUND('',#1151,.T.);
#953=FACE_OUTER_BOUND('',#1152,.T.);
#954=FACE_OUTER_BOUND('',#1153,.T.);
#955=FACE_OUTER_BOUND('',#1154,.T.);
#956=FACE_OUTER_BOUND('',#1155,.T.);
#957=FACE_OUTER_BOUND('',#1156,.T.);
#958=FACE_OUTER_BOUND('',#1157,.T.);
#959=FACE_OUTER_BOUND('',#1158,.T.);
#960=FACE_OUTER_BOUND('',#1159,.T.);
#961=FACE_OUTER_BOUND('',#1160,.T.);
#962=FACE_OUTER_BOUND('',#1161,.T.);
#963=FACE_OUTER_BOUND('',#1162,.T.);
#964=FACE_OUTER_BOUND('',#1163,.T.);
#965=FACE_OUTER_BOUND('',#1164,.T.);
#966=FACE_OUTER_BOUND('',#1165,.T.);
#967=FACE_OUTER_BOUND('',#1166,.T.);
#968=FACE_OUTER_BOUND('',#1167,.T.);
#969=FACE_OUTER_BOUND('',#1168,.T.);
#970=FACE_OUTER_BOUND('',#1169,.T.);
#971=FACE_OUTER_BOUND('',#1170,.T.);
#972=FACE_OUTER_BOUND('',#1171,.T.);
#973=FACE_OUTER_BOUND('',#1172,.T.);
#974=FACE_OUTER_BOUND('',#1173,.T.);
#975=FACE_OUTER_BOUND('',#1174,.T.);
#976=FACE_OUTER_BOUND('',#1175,.T.);
#977=FACE_OUTER_BOUND('',#1176,.T.);
#978=FACE_OUTER_BOUND('',#1177,.T.);
#979=FACE_OUTER_BOUND('',#1178,.T.);
#980=FACE_OUTER_BOUND('',#1179,.T.);
#981=FACE_OUTER_BOUND('',#1180,.T.);
#982=FACE_OUTER_BOUND('',#1181,.T.);
#983=FACE_OUTER_BOUND('',#1182,.T.);
#984=FACE_OUTER_BOUND('',#1183,.T.);
#985=FACE_OUTER_BOUND('',#1184,.T.);
#986=FACE_OUTER_BOUND('',#1185,.T.);
#987=FACE_OUTER_BOUND('',#1186,.T.);
#988=FACE_OUTER_BOUND('',#1187,.T.);
#989=FACE_OUTER_BOUND('',#1188,.T.);
#990=FACE_OUTER_BOUND('',#1189,.T.);
#991=FACE_OUTER_BOUND('',#1190,.T.);
#992=FACE_OUTER_BOUND('',#1191,.T.);
#993=FACE_OUTER_BOUND('',#1192,.T.);
#994=FACE_OUTER_BOUND('',#1193,.T.);
#995=FACE_OUTER_BOUND('',#1194,.T.);
#996=FACE_OUTER_BOUND('',#1195,.T.);
#997=FACE_OUTER_BOUND('',#1196,.T.);
#998=FACE_OUTER_BOUND('',#1197,.T.);
#999=FACE_OUTER_BOUND('',#1198,.T.);
#1000=FACE_OUTER_BOUND('',#1199,.T.);
#1001=FACE_OUTER_BOUND('',#1200,.T.);
#1002=FACE_OUTER_BOUND('',#1201,.T.);
#1003=FACE_OUTER_BOUND('',#1202,.T.);
#1004=FACE_OUTER_BOUND('',#1203,.T.);
#1005=FACE_OUTER_BOUND('',#1205,.T.);
#1006=FACE_OUTER_BOUND('',#1206,.T.);
#1007=FACE_OUTER_BOUND('',#1207,.T.);
#1008=FACE_OUTER_BOUND('',#1208,.T.);
#1009=FACE_OUTER_BOUND('',#1209,.T.);
#1010=FACE_OUTER_BOUND('',#1210,.T.);
#1011=FACE_OUTER_BOUND('',#1211,.T.);
#1012=FACE_OUTER_BOUND('',#1212,.T.);
#1013=FACE_OUTER_BOUND('',#1213,.T.);
#1014=FACE_OUTER_BOUND('',#1214,.T.);
#1015=FACE_OUTER_BOUND('',#1215,.T.);
#1016=FACE_OUTER_BOUND('',#1216,.T.);
#1017=FACE_OUTER_BOUND('',#1217,.T.);
#1018=FACE_OUTER_BOUND('',#1218,.T.);
#1019=FACE_OUTER_BOUND('',#1219,.T.);
#1020=FACE_OUTER_BOUND('',#1220,.T.);
#1021=FACE_OUTER_BOUND('',#1221,.T.);
#1022=FACE_OUTER_BOUND('',#1222,.T.);
#1023=FACE_OUTER_BOUND('',#1223,.T.);
#1024=FACE_OUTER_BOUND('',#1224,.T.);
#1025=FACE_OUTER_BOUND('',#1225,.T.);
#1026=FACE_OUTER_BOUND('',#1226,.T.);
#1027=FACE_OUTER_BOUND('',#1227,.T.);
#1028=FACE_OUTER_BOUND('',#1228,.T.);
#1029=FACE_OUTER_BOUND('',#1229,.T.);
#1030=FACE_OUTER_BOUND('',#1230,.T.);
#1031=FACE_OUTER_BOUND('',#1231,.T.);
#1032=FACE_OUTER_BOUND('',#1232,.T.);
#1033=FACE_OUTER_BOUND('',#1233,.T.);
#1034=FACE_OUTER_BOUND('',#1234,.T.);
#1035=FACE_OUTER_BOUND('',#1235,.T.);
#1036=FACE_OUTER_BOUND('',#1236,.T.);
#1037=FACE_OUTER_BOUND('',#1237,.T.);
#1038=FACE_OUTER_BOUND('',#1238,.T.);
#1039=FACE_OUTER_BOUND('',#1239,.T.);
#1040=FACE_OUTER_BOUND('',#1240,.T.);
#1041=FACE_OUTER_BOUND('',#1241,.T.);
#1042=FACE_OUTER_BOUND('',#1242,.T.);
#1043=FACE_OUTER_BOUND('',#1243,.T.);
#1044=FACE_OUTER_BOUND('',#1244,.T.);
#1045=FACE_OUTER_BOUND('',#1245,.T.);
#1046=FACE_OUTER_BOUND('',#1246,.T.);
#1047=FACE_OUTER_BOUND('',#1247,.T.);
#1048=EDGE_LOOP('',(#2158,#2159,#2160));
#1049=EDGE_LOOP('',(#2161,#2162,#2163,#2164));
#1050=EDGE_LOOP('',(#2165,#2166,#2167));
#1051=EDGE_LOOP('',(#2168,#2169,#2170,#2171));
#1052=EDGE_LOOP('',(#2172,#2173,#2174,#2175));
#1053=EDGE_LOOP('',(#2176,#2177,#2178,#2179));
#1054=EDGE_LOOP('',(#2180,#2181,#2182));
#1055=EDGE_LOOP('',(#2183,#2184,#2185,#2186));
#1056=EDGE_LOOP('',(#2187,#2188,#2189,#2190));
#1057=EDGE_LOOP('',(#2191,#2192,#2193,#2194));
#1058=EDGE_LOOP('',(#2195,#2196,#2197,#2198));
#1059=EDGE_LOOP('',(#2199,#2200,#2201));
#1060=EDGE_LOOP('',(#2202,#2203,#2204,#2205));
#1061=EDGE_LOOP('',(#2206,#2207,#2208,#2209));
#1062=EDGE_LOOP('',(#2210,#2211,#2212,#2213,#2214,#2215,#2216,#2217,#2218,
#2219,#2220,#2221,#2222,#2223,#2224,#2225,#2226,#2227));
#1063=EDGE_LOOP('',(#2228,#2229,#2230,#2231));
#1064=EDGE_LOOP('',(#2232,#2233,#2234,#2235,#2236,#2237,#2238,#2239,#2240,
#2241));
#1065=EDGE_LOOP('',(#2242,#2243,#2244,#2245));
#1066=EDGE_LOOP('',(#2246,#2247,#2248,#2249));
#1067=EDGE_LOOP('',(#2250,#2251,#2252));
#1068=EDGE_LOOP('',(#2253,#2254,#2255,#2256));
#1069=EDGE_LOOP('',(#2257,#2258,#2259,#2260));
#1070=EDGE_LOOP('',(#2261,#2262,#2263,#2264));
#1071=EDGE_LOOP('',(#2265,#2266,#2267,#2268));
#1072=EDGE_LOOP('',(#2269,#2270,#2271,#2272));
#1073=EDGE_LOOP('',(#2273,#2274,#2275,#2276));
#1074=EDGE_LOOP('',(#2277,#2278,#2279,#2280));
#1075=EDGE_LOOP('',(#2281,#2282,#2283,#2284));
#1076=EDGE_LOOP('',(#2285,#2286,#2287,#2288));
#1077=EDGE_LOOP('',(#2289,#2290,#2291,#2292));
#1078=EDGE_LOOP('',(#2293,#2294,#2295));
#1079=EDGE_LOOP('',(#2296,#2297,#2298,#2299));
#1080=EDGE_LOOP('',(#2300,#2301,#2302,#2303));
#1081=EDGE_LOOP('',(#2304,#2305,#2306,#2307));
#1082=EDGE_LOOP('',(#2308,#2309,#2310));
#1083=EDGE_LOOP('',(#2311,#2312,#2313,#2314));
#1084=EDGE_LOOP('',(#2315,#2316,#2317,#2318));
#1085=EDGE_LOOP('',(#2319,#2320,#2321));
#1086=EDGE_LOOP('',(#2322,#2323,#2324,#2325));
#1087=EDGE_LOOP('',(#2326,#2327,#2328,#2329,#2330,#2331));
#1088=EDGE_LOOP('',(#2332,#2333,#2334,#2335));
#1089=EDGE_LOOP('',(#2336,#2337,#2338,#2339,#2340,#2341,#2342,#2343));
#1090=EDGE_LOOP('',(#2344,#2345,#2346,#2347,#2348,#2349,#2350,#2351,#2352,
#2353,#2354,#2355,#2356,#2357,#2358,#2359,#2360,#2361,#2362,#2363,#2364,
#2365,#2366,#2367,#2368,#2369,#2370,#2371,#2372,#2373,#2374,#2375,#2376,
#2377,#2378));
#1091=EDGE_LOOP('',(#2379,#2380,#2381,#2382));
#1092=EDGE_LOOP('',(#2383,#2384,#2385,#2386,#2387,#2388,#2389,#2390,#2391));
#1093=EDGE_LOOP('',(#2392,#2393,#2394,#2395));
#1094=EDGE_LOOP('',(#2396,#2397,#2398));
#1095=EDGE_LOOP('',(#2399,#2400,#2401));
#1096=EDGE_LOOP('',(#2402,#2403,#2404,#2405));
#1097=EDGE_LOOP('',(#2406,#2407,#2408,#2409,#2410,#2411,#2412,#2413));
#1098=EDGE_LOOP('',(#2414,#2415,#2416,#2417,#2418,#2419));
#1099=EDGE_LOOP('',(#2420,#2421,#2422,#2423));
#1100=EDGE_LOOP('',(#2424,#2425,#2426,#2427));
#1101=EDGE_LOOP('',(#2428,#2429,#2430,#2431));
#1102=EDGE_LOOP('',(#2432,#2433,#2434));
#1103=EDGE_LOOP('',(#2435,#2436,#2437,#2438));
#1104=EDGE_LOOP('',(#2439,#2440,#2441));
#1105=EDGE_LOOP('',(#2442,#2443,#2444,#2445));
#1106=EDGE_LOOP('',(#2446,#2447,#2448,#2449));
#1107=EDGE_LOOP('',(#2450,#2451,#2452,#2453,#2454));
#1108=EDGE_LOOP('',(#2455,#2456,#2457,#2458));
#1109=EDGE_LOOP('',(#2459,#2460,#2461,#2462));
#1110=EDGE_LOOP('',(#2463,#2464,#2465,#2466));
#1111=EDGE_LOOP('',(#2467,#2468,#2469,#2470));
#1112=EDGE_LOOP('',(#2471,#2472,#2473,#2474,#2475,#2476,#2477,#2478,#2479));
#1113=EDGE_LOOP('',(#2480,#2481,#2482,#2483));
#1114=EDGE_LOOP('',(#2484,#2485,#2486,#2487,#2488,#2489,#2490,#2491,#2492));
#1115=EDGE_LOOP('',(#2493,#2494,#2495,#2496,#2497,#2498,#2499,#2500,#2501));
#1116=EDGE_LOOP('',(#2502,#2503,#2504,#2505));
#1117=EDGE_LOOP('',(#2506,#2507,#2508,#2509,#2510,#2511,#2512,#2513,#2514));
#1118=EDGE_LOOP('',(#2515,#2516,#2517,#2518));
#1119=EDGE_LOOP('',(#2519,#2520,#2521,#2522));
#1120=EDGE_LOOP('',(#2523,#2524,#2525,#2526));
#1121=EDGE_LOOP('',(#2527,#2528,#2529,#2530));
#1122=EDGE_LOOP('',(#2531,#2532,#2533,#2534));
#1123=EDGE_LOOP('',(#2535,#2536,#2537,#2538,#2539,#2540,#2541,#2542,#2543,
#2544,#2545,#2546,#2547,#2548,#2549,#2550,#2551,#2552,#2553,#2554,#2555,
#2556,#2557));
#1124=EDGE_LOOP('',(#2558,#2559,#2560));
#1125=EDGE_LOOP('',(#2561,#2562,#2563));
#1126=EDGE_LOOP('',(#2564,#2565,#2566));
#1127=EDGE_LOOP('',(#2567,#2568,#2569));
#1128=EDGE_LOOP('',(#2570,#2571,#2572,#2573));
#1129=EDGE_LOOP('',(#2574,#2575,#2576,#2577));
#1130=EDGE_LOOP('',(#2578,#2579,#2580,#2581));
#1131=EDGE_LOOP('',(#2582,#2583,#2584,#2585));
#1132=EDGE_LOOP('',(#2586,#2587,#2588,#2589));
#1133=EDGE_LOOP('',(#2590,#2591,#2592,#2593));
#1134=EDGE_LOOP('',(#2594,#2595,#2596,#2597));
#1135=EDGE_LOOP('',(#2598,#2599,#2600,#2601));
#1136=EDGE_LOOP('',(#2602,#2603,#2604,#2605));
#1137=EDGE_LOOP('',(#2606,#2607,#2608,#2609));
#1138=EDGE_LOOP('',(#2610,#2611,#2612,#2613,#2614));
#1139=EDGE_LOOP('',(#2615,#2616,#2617,#2618));
#1140=EDGE_LOOP('',(#2619,#2620,#2621,#2622));
#1141=EDGE_LOOP('',(#2623,#2624,#2625,#2626));
#1142=EDGE_LOOP('',(#2627,#2628,#2629,#2630));
#1143=EDGE_LOOP('',(#2631,#2632,#2633));
#1144=EDGE_LOOP('',(#2634,#2635,#2636));
#1145=EDGE_LOOP('',(#2637,#2638,#2639));
#1146=EDGE_LOOP('',(#2640,#2641,#2642));
#1147=EDGE_LOOP('',(#2643,#2644,#2645,#2646));
#1148=EDGE_LOOP('',(#2647,#2648,#2649,#2650));
#1149=EDGE_LOOP('',(#2651,#2652,#2653,#2654));
#1150=EDGE_LOOP('',(#2655,#2656,#2657,#2658));
#1151=EDGE_LOOP('',(#2659,#2660,#2661,#2662));
#1152=EDGE_LOOP('',(#2663,#2664,#2665,#2666));
#1153=EDGE_LOOP('',(#2667,#2668,#2669,#2670));
#1154=EDGE_LOOP('',(#2671,#2672,#2673,#2674));
#1155=EDGE_LOOP('',(#2675,#2676,#2677,#2678));
#1156=EDGE_LOOP('',(#2679,#2680,#2681,#2682));
#1157=EDGE_LOOP('',(#2683,#2684,#2685,#2686));
#1158=EDGE_LOOP('',(#2687,#2688,#2689,#2690));
#1159=EDGE_LOOP('',(#2691,#2692,#2693,#2694,#2695));
#1160=EDGE_LOOP('',(#2696,#2697,#2698,#2699,#2700,#2701));
#1161=EDGE_LOOP('',(#2702,#2703,#2704,#2705));
#1162=EDGE_LOOP('',(#2706,#2707,#2708,#2709));
#1163=EDGE_LOOP('',(#2710,#2711,#2712,#2713));
#1164=EDGE_LOOP('',(#2714,#2715,#2716,#2717));
#1165=EDGE_LOOP('',(#2718,#2719,#2720,#2721));
#1166=EDGE_LOOP('',(#2722,#2723,#2724,#2725));
#1167=EDGE_LOOP('',(#2726,#2727,#2728,#2729));
#1168=EDGE_LOOP('',(#2730,#2731,#2732,#2733));
#1169=EDGE_LOOP('',(#2734,#2735,#2736,#2737));
#1170=EDGE_LOOP('',(#2738,#2739,#2740,#2741));
#1171=EDGE_LOOP('',(#2742,#2743,#2744,#2745));
#1172=EDGE_LOOP('',(#2746,#2747,#2748,#2749));
#1173=EDGE_LOOP('',(#2750,#2751,#2752,#2753));
#1174=EDGE_LOOP('',(#2754,#2755,#2756,#2757));
#1175=EDGE_LOOP('',(#2758,#2759,#2760,#2761,#2762,#2763));
#1176=EDGE_LOOP('',(#2764,#2765,#2766,#2767));
#1177=EDGE_LOOP('',(#2768,#2769,#2770,#2771));
#1178=EDGE_LOOP('',(#2772,#2773,#2774,#2775,#2776));
#1179=EDGE_LOOP('',(#2777,#2778,#2779,#2780));
#1180=EDGE_LOOP('',(#2781,#2782,#2783,#2784));
#1181=EDGE_LOOP('',(#2785,#2786,#2787,#2788));
#1182=EDGE_LOOP('',(#2789,#2790,#2791,#2792,#2793,#2794));
#1183=EDGE_LOOP('',(#2795,#2796,#2797,#2798));
#1184=EDGE_LOOP('',(#2799,#2800,#2801,#2802));
#1185=EDGE_LOOP('',(#2803,#2804,#2805,#2806));
#1186=EDGE_LOOP('',(#2807,#2808,#2809,#2810,#2811,#2812));
#1187=EDGE_LOOP('',(#2813,#2814,#2815,#2816,#2817,#2818,#2819,#2820,#2821,
#2822,#2823,#2824));
#1188=EDGE_LOOP('',(#2825,#2826,#2827,#2828,#2829));
#1189=EDGE_LOOP('',(#2830,#2831,#2832,#2833,#2834,#2835,#2836,#2837));
#1190=EDGE_LOOP('',(#2838,#2839,#2840,#2841,#2842));
#1191=EDGE_LOOP('',(#2843,#2844,#2845,#2846,#2847));
#1192=EDGE_LOOP('',(#2848,#2849,#2850,#2851));
#1193=EDGE_LOOP('',(#2852,#2853,#2854,#2855));
#1194=EDGE_LOOP('',(#2856,#2857,#2858,#2859));
#1195=EDGE_LOOP('',(#2860,#2861,#2862,#2863));
#1196=EDGE_LOOP('',(#2864,#2865,#2866,#2867));
#1197=EDGE_LOOP('',(#2868,#2869,#2870,#2871));
#1198=EDGE_LOOP('',(#2872,#2873,#2874,#2875));
#1199=EDGE_LOOP('',(#2876,#2877,#2878,#2879));
#1200=EDGE_LOOP('',(#2880,#2881,#2882,#2883));
#1201=EDGE_LOOP('',(#2884,#2885,#2886,#2887));
#1202=EDGE_LOOP('',(#2888,#2889,#2890,#2891));
#1203=EDGE_LOOP('',(#2892,#2893,#2894,#2895,#2896,#2897,#2898,#2899));
#1204=EDGE_LOOP('',(#2900,#2901,#2902,#2903,#2904,#2905,#2906,#2907,#2908,
#2909,#2910,#2911));
#1205=EDGE_LOOP('',(#2912,#2913,#2914,#2915,#2916));
#1206=EDGE_LOOP('',(#2917,#2918,#2919,#2920));
#1207=EDGE_LOOP('',(#2921,#2922,#2923,#2924));
#1208=EDGE_LOOP('',(#2925,#2926,#2927,#2928));
#1209=EDGE_LOOP('',(#2929,#2930,#2931,#2932,#2933));
#1210=EDGE_LOOP('',(#2934,#2935,#2936,#2937,#2938));
#1211=EDGE_LOOP('',(#2939,#2940,#2941,#2942));
#1212=EDGE_LOOP('',(#2943,#2944,#2945,#2946,#2947,#2948));
#1213=EDGE_LOOP('',(#2949,#2950,#2951,#2952));
#1214=EDGE_LOOP('',(#2953,#2954,#2955,#2956));
#1215=EDGE_LOOP('',(#2957,#2958,#2959,#2960,#2961));
#1216=EDGE_LOOP('',(#2962,#2963,#2964,#2965,#2966,#2967));
#1217=EDGE_LOOP('',(#2968,#2969,#2970,#2971));
#1218=EDGE_LOOP('',(#2972,#2973,#2974,#2975));
#1219=EDGE_LOOP('',(#2976,#2977,#2978,#2979));
#1220=EDGE_LOOP('',(#2980,#2981,#2982,#2983));
#1221=EDGE_LOOP('',(#2984,#2985,#2986,#2987));
#1222=EDGE_LOOP('',(#2988,#2989,#2990,#2991,#2992));
#1223=EDGE_LOOP('',(#2993,#2994,#2995,#2996,#2997,#2998,#2999,#3000));
#1224=EDGE_LOOP('',(#3001,#3002,#3003,#3004,#3005,#3006,#3007,#3008,#3009));
#1225=EDGE_LOOP('',(#3010,#3011,#3012,#3013,#3014,#3015,#3016,#3017));
#1226=EDGE_LOOP('',(#3018,#3019,#3020,#3021,#3022,#3023,#3024,#3025,#3026));
#1227=EDGE_LOOP('',(#3027,#3028,#3029,#3030,#3031,#3032,#3033,#3034,#3035));
#1228=EDGE_LOOP('',(#3036,#3037,#3038,#3039));
#1229=EDGE_LOOP('',(#3040,#3041,#3042,#3043));
#1230=EDGE_LOOP('',(#3044,#3045,#3046,#3047));
#1231=EDGE_LOOP('',(#3048,#3049,#3050,#3051,#3052,#3053,#3054));
#1232=EDGE_LOOP('',(#3055,#3056,#3057,#3058));
#1233=EDGE_LOOP('',(#3059,#3060,#3061,#3062));
#1234=EDGE_LOOP('',(#3063,#3064,#3065,#3066,#3067,#3068,#3069,#3070));
#1235=EDGE_LOOP('',(#3071,#3072,#3073,#3074));
#1236=EDGE_LOOP('',(#3075,#3076,#3077,#3078));
#1237=EDGE_LOOP('',(#3079,#3080,#3081,#3082));
#1238=EDGE_LOOP('',(#3083,#3084,#3085,#3086));
#1239=EDGE_LOOP('',(#3087,#3088,#3089,#3090));
#1240=EDGE_LOOP('',(#3091,#3092,#3093,#3094,#3095,#3096,#3097));
#1241=EDGE_LOOP('',(#3098,#3099,#3100,#3101));
#1242=EDGE_LOOP('',(#3102,#3103,#3104,#3105));
#1243=EDGE_LOOP('',(#3106,#3107,#3108,#3109,#3110));
#1244=EDGE_LOOP('',(#3111,#3112,#3113,#3114));
#1245=EDGE_LOOP('',(#3115,#3116,#3117,#3118,#3119));
#1246=EDGE_LOOP('',(#3120,#3121,#3122,#3123));
#1247=EDGE_LOOP('',(#3124,#3125,#3126,#3127));
#1248=B_SPLINE_CURVE_WITH_KNOTS('',3,(#4710,#4711,#4712,#4713,#4714,#4715,
#4716,#4717),.UNSPECIFIED.,.F.,.F.,(4,1,1,2,4),(0.,0.102745332896197,0.205490665792394,
0.513726664480984,0.514881694137488),.UNSPECIFIED.);
#1249=B_SPLINE_CURVE_WITH_KNOTS('',3,(#4718,#4719,#4720,#4721,#4722,#4723,
#4724,#4725),.UNSPECIFIED.,.F.,.F.,(4,2,1,1,4),(-0.514881694137488,-0.513726664480984,
-0.205490665792394,-0.102745332896197,0.),.UNSPECIFIED.);
#1250=B_SPLINE_CURVE_WITH_KNOTS('',3,(#4779,#4780,#4781,#4782,#4783,#4784),
 .UNSPECIFIED.,.F.,.F.,(4,2,4),(-0.0577291590871721,0.,0.000971011550860296),
 .UNSPECIFIED.);
#1251=B_SPLINE_CURVE_WITH_KNOTS('',3,(#4785,#4786,#4787,#4788,#4789,#4790),
 .UNSPECIFIED.,.F.,.F.,(4,2,4),(-0.000971011550860296,0.,0.0577291590871721),
 .UNSPECIFIED.);
#1252=B_SPLINE_CURVE_WITH_KNOTS('',3,(#4824,#4825,#4826,#4827,#4828,#4829),
 .UNSPECIFIED.,.F.,.F.,(4,1,1,4),(-0.423070820130546,-0.181316065770234,
-0.120877377180156,0.),.UNSPECIFIED.);
#1253=B_SPLINE_CURVE_WITH_KNOTS('',3,(#4830,#4831,#4832,#4833,#4834,#4835),
 .UNSPECIFIED.,.F.,.F.,(4,1,1,4),(0.,0.120877377180156,0.181316065770234,
0.423070820130546),.UNSPECIFIED.);
#1254=B_SPLINE_CURVE_WITH_KNOTS('',3,(#4970,#4971,#4972,#4973,#4974,#4975,
#4976,#4977),.UNSPECIFIED.,.F.,.F.,(4,2,1,1,4),(-0.00115502965650342,0.,
0.205490665792394,0.308235998688591,0.513726664480985),.UNSPECIFIED.);
#1255=B_SPLINE_CURVE_WITH_KNOTS('',3,(#5116,#5117,#5118,#5119,#5120,#5121,
#5122,#5123),.UNSPECIFIED.,.F.,.F.,(4,1,1,2,4),(-0.513726664480985,-0.308235998688591,
-0.205490665792394,0.,0.00115502965650342),.UNSPECIFIED.);
#1256=B_SPLINE_CURVE_WITH_KNOTS('',3,(#5204,#5205,#5206,#5207,#5208,#5209),
 .UNSPECIFIED.,.F.,.F.,(4,1,1,4),(-0.423218893107953,-0.181379525617694,
-0.120919683745129,0.),.UNSPECIFIED.);
#1257=B_SPLINE_CURVE_WITH_KNOTS('',3,(#5212,#5213,#5214,#5215,#5216,#5217),
 .UNSPECIFIED.,.F.,.F.,(4,1,1,4),(0.,0.120919683745129,0.181379525617694,
0.423218893107953),.UNSPECIFIED.);
#1258=B_SPLINE_CURVE_WITH_KNOTS('',3,(#5243,#5244,#5245,#5246,#5247,#5248),
 .UNSPECIFIED.,.F.,.F.,(4,2,4),(8.66686972425789E-13,0.0577291591099662,
0.0587001706607781),.UNSPECIFIED.);
#1259=B_SPLINE_CURVE_WITH_KNOTS('',3,(#5249,#5250,#5251,#5252,#5253,#5254),
 .UNSPECIFIED.,.F.,.F.,(4,2,4),(-0.0587001706607781,-0.0577291591099662,
-8.66686972425789E-13),.UNSPECIFIED.);
#1260=B_SPLINE_CURVE_WITH_KNOTS('',3,(#5354,#5355,#5356,#5357,#5358,#5359,
#5360,#5361,#5362,#5363,#5364,#5365),.UNSPECIFIED.,.F.,.F.,(4,2,2,2,2,4),
(0.,0.117576095836839,0.234662887785805,0.351526939213411,0.419520619764486,
0.487240548106709),.UNSPECIFIED.);
#1261=B_SPLINE_CURVE_WITH_KNOTS('',3,(#5367,#5368,#5369,#5370,#5371,#5372),
 .UNSPECIFIED.,.F.,.F.,(4,2,4),(0.,0.145688728850531,0.225492467487893),
 .UNSPECIFIED.);
#1262=B_SPLINE_CURVE_WITH_KNOTS('',3,(#5796,#5797,#5798,#5799,#5800,#5801,
#5802,#5803),.UNSPECIFIED.,.F.,.F.,(4,1,1,1,1,4),(0.501059748982494,0.505994281762646,
0.513998627421849,0.519334857861318,0.522002973081052,0.524671088300787),
 .UNSPECIFIED.);
#1263=B_SPLINE_CURVE_WITH_KNOTS('',3,(#5804,#5805,#5806,#5807,#5808,#5809,
#5810,#5811,#5812,#5813,#5814),.UNSPECIFIED.,.F.,.F.,(4,1,1,1,1,1,1,1,4),
(-0.524671088300787,-0.522002973081052,-0.519334857861318,-0.513998627421849,
-0.505994281762646,-0.495321820883708,-0.48998559044424,-0.488651532834373,
-0.487443196669342),.UNSPECIFIED.);
#1264=CIRCLE('',#3363,1.);
#1265=CIRCLE('',#3364,1.);
#1266=CIRCLE('',#3367,1.);
#1267=CIRCLE('',#3368,1.);
#1268=CIRCLE('',#3369,1.);
#1269=CIRCLE('',#3373,1.);
#1270=CIRCLE('',#3374,1.00000000000001);
#1271=CIRCLE('',#3376,0.999999999999996);
#1272=CIRCLE('',#3377,0.999999999999996);
#1273=CIRCLE('',#3378,1.);
#1274=CIRCLE('',#3380,0.999999999999996);
#1275=CIRCLE('',#3382,0.999999999999996);
#1276=CIRCLE('',#3384,1.);
#1277=CIRCLE('',#3386,1.);
#1278=CIRCLE('',#3387,6.);
#1279=CIRCLE('',#3388,7.);
#1280=CIRCLE('',#3390,1.);
#1281=CIRCLE('',#3399,6.);
#1282=CIRCLE('',#3401,2.);
#1283=CIRCLE('',#3404,1.00000000000001);
#1284=CIRCLE('',#3406,0.999999999999996);
#1285=CIRCLE('',#3407,1.);
#1286=CIRCLE('',#3408,0.999999999999996);
#1287=CIRCLE('',#3410,0.999999999999996);
#1288=CIRCLE('',#3412,0.999999999999996);
#1289=CIRCLE('',#3413,7.);
#1290=CIRCLE('',#3414,6.);
#1291=CIRCLE('',#3416,0.999999999999996);
#1292=CIRCLE('',#3418,1.);
#1293=CIRCLE('',#3419,7.);
#1294=CIRCLE('',#3420,6.);
#1295=CIRCLE('',#3422,0.999999999999992);
#1296=CIRCLE('',#3424,0.999999999999996);
#1297=CIRCLE('',#3425,7.);
#1298=CIRCLE('',#3426,6.00000000000001);
#1299=CIRCLE('',#3428,0.999999999999996);
#1300=CIRCLE('',#3430,1.);
#1301=CIRCLE('',#3432,0.999999999999996);
#1302=CIRCLE('',#3433,0.999999999999996);
#1303=CIRCLE('',#3435,0.999999999999992);
#1304=CIRCLE('',#3437,1.00000000000001);
#1305=CIRCLE('',#3439,1.);
#1306=CIRCLE('',#3441,1.);
#1307=CIRCLE('',#3445,0.999999999999996);
#1308=CIRCLE('',#3446,1.);
#1309=CIRCLE('',#3448,1.);
#1310=CIRCLE('',#3450,3.);
#1311=CIRCLE('',#3451,3.);
#1312=CIRCLE('',#3453,3.);
#1313=CIRCLE('',#3455,4.99999999999999);
#1314=CIRCLE('',#3457,2.00000000000001);
#1315=CIRCLE('',#3458,1.99999999999999);
#1316=CIRCLE('',#3460,1.);
#1317=CIRCLE('',#3461,5.);
#1318=CIRCLE('',#3462,5.);
#1319=CIRCLE('',#3463,1.);
#1320=CIRCLE('',#3464,3.);
#1321=CIRCLE('',#3465,3.);
#1322=CIRCLE('',#3467,0.999999999999996);
#1323=CIRCLE('',#3470,3.00000000000001);
#1324=CIRCLE('',#3472,5.);
#1325=CIRCLE('',#3475,5.);
#1326=CIRCLE('',#3478,3.);
#1327=CIRCLE('',#3479,3.00000000000001);
#1328=CIRCLE('',#3481,2.99999999999999);
#1329=CIRCLE('',#3483,4.99999999999999);
#1330=CIRCLE('',#3485,3.);
#1331=CIRCLE('',#3490,8.);
#1332=CIRCLE('',#3491,8.);
#1333=CIRCLE('',#3499,3.);
#1334=CIRCLE('',#3502,3.);
#1335=CIRCLE('',#3504,3.);
#1336=CIRCLE('',#3512,3.);
#1337=CIRCLE('',#3513,2.);
#1338=CIRCLE('',#3516,1.99999999999999);
#1339=CIRCLE('',#3519,2.00000000000001);
#1340=CIRCLE('',#3522,2.);
#1341=CIRCLE('',#3531,1.99999999999999);
#1342=CIRCLE('',#3534,2.);
#1343=CIRCLE('',#3536,3.);
#1344=CIRCLE('',#3538,0.999999999999996);
#1345=CIRCLE('',#3539,2.);
#1346=CIRCLE('',#3541,3.);
#1347=CIRCLE('',#3544,3.);
#1348=CIRCLE('',#3548,1.00000000000001);
#1349=CIRCLE('',#3551,1.00000000000001);
#1350=CIRCLE('',#3554,1.00000000000001);
#1351=CIRCLE('',#3557,0.999999999999999);
#1352=CIRCLE('',#3558,2.);
#1353=CIRCLE('',#3559,3.);
#1354=CIRCLE('',#3560,2.00000000000001);
#1355=CIRCLE('',#3561,3.);
#1356=CIRCLE('',#3563,2.);
#1357=CIRCLE('',#3565,2.);
#1358=CIRCLE('',#3566,3.);
#1359=CIRCLE('',#3569,2.);
#1360=CIRCLE('',#3571,1.99999999999999);
#1361=CIRCLE('',#3572,3.);
#1362=CIRCLE('',#3583,3.);
#1363=CIRCLE('',#3586,3.);
#1364=CIRCLE('',#3589,3.);
#1365=CIRCLE('',#3592,2.5);
#1366=CIRCLE('',#3595,3.5);
#1367=CIRCLE('',#3598,3.5);
#1368=CIRCLE('',#3601,3.);
#1369=CIRCLE('',#3602,2.5);
#1370=CIRCLE('',#3608,1.);
#1371=CIRCLE('',#3610,2.);
#1372=CIRCLE('',#3613,2.);
#1373=CIRCLE('',#3616,1.00000000000001);
#1374=CIRCLE('',#3618,0.999999999999996);
#1375=CIRCLE('',#3633,1.50000000000001);
#1376=CIRCLE('',#3634,2.00000000000001);
#1377=CIRCLE('',#3637,1.49999999999999);
#1378=CIRCLE('',#3638,1.99999999999999);
#1379=CIRCLE('',#3641,1.49999999999999);
#1380=CIRCLE('',#3644,1.5);
#1381=CIRCLE('',#3677,6.);
#1382=CIRCLE('',#3681,6.00000000000001);
#1383=CIRCLE('',#3685,6.);
#1384=VERTEX_POINT('',#4706);
#1385=VERTEX_POINT('',#4707);
#1386=VERTEX_POINT('',#4709);
#1387=VERTEX_POINT('',#4746);
#1388=VERTEX_POINT('',#4747);
#1389=VERTEX_POINT('',#4775);
#1390=VERTEX_POINT('',#4776);
#1391=VERTEX_POINT('',#4778);
#1392=VERTEX_POINT('',#4821);
#1393=VERTEX_POINT('',#4822);
#1394=VERTEX_POINT('',#4856);
#1395=VERTEX_POINT('',#4857);
#1396=VERTEX_POINT('',#4862);
#1397=VERTEX_POINT('',#4863);
#1398=VERTEX_POINT('',#4865);
#1399=VERTEX_POINT('',#4867);
#1400=VERTEX_POINT('',#4871);
#1401=VERTEX_POINT('',#4872);
#1402=VERTEX_POINT('',#4874);
#1403=VERTEX_POINT('',#4878);
#1404=VERTEX_POINT('',#4879);
#1405=VERTEX_POINT('',#4884);
#1406=VERTEX_POINT('',#4885);
#1407=VERTEX_POINT('',#4890);
#1408=VERTEX_POINT('',#4891);
#1409=VERTEX_POINT('',#4896);
#1410=VERTEX_POINT('',#4947);
#1411=VERTEX_POINT('',#4949);
#1412=VERTEX_POINT('',#4951);
#1413=VERTEX_POINT('',#4953);
#1414=VERTEX_POINT('',#4955);
#1415=VERTEX_POINT('',#4957);
#1416=VERTEX_POINT('',#4959);
#1417=VERTEX_POINT('',#4961);
#1418=VERTEX_POINT('',#4963);
#1419=VERTEX_POINT('',#4965);
#1420=VERTEX_POINT('',#4967);
#1421=VERTEX_POINT('',#4969);
#1422=VERTEX_POINT('',#4982);
#1423=VERTEX_POINT('',#4984);
#1424=VERTEX_POINT('',#4986);
#1425=VERTEX_POINT('',#4988);
#1426=VERTEX_POINT('',#4990);
#1427=VERTEX_POINT('',#4992);
#1428=VERTEX_POINT('',#4996);
#1429=VERTEX_POINT('',#5000);
#1430=VERTEX_POINT('',#5004);
#1431=VERTEX_POINT('',#5006);
#1432=VERTEX_POINT('',#5010);
#1433=VERTEX_POINT('',#5014);
#1434=VERTEX_POINT('',#5015);
#1435=VERTEX_POINT('',#5020);
#1436=VERTEX_POINT('',#5021);
#1437=VERTEX_POINT('',#5026);
#1438=VERTEX_POINT('',#5027);
#1439=VERTEX_POINT('',#5032);
#1440=VERTEX_POINT('',#5033);
#1441=VERTEX_POINT('',#5038);
#1442=VERTEX_POINT('',#5039);
#1443=VERTEX_POINT('',#5044);
#1444=VERTEX_POINT('',#5045);
#1445=VERTEX_POINT('',#5050);
#1446=VERTEX_POINT('',#5051);
#1447=VERTEX_POINT('',#5056);
#1448=VERTEX_POINT('',#5079);
#1449=VERTEX_POINT('',#5081);
#1450=VERTEX_POINT('',#5165);
#1451=VERTEX_POINT('',#5166);
#1452=VERTEX_POINT('',#5168);
#1453=VERTEX_POINT('',#5170);
#1454=VERTEX_POINT('',#5203);
#1455=VERTEX_POINT('',#5210);
#1456=VERTEX_POINT('',#5242);
#1457=VERTEX_POINT('',#5278);
#1458=VERTEX_POINT('',#5280);
#1459=VERTEX_POINT('',#5282);
#1460=VERTEX_POINT('',#5288);
#1461=VERTEX_POINT('',#5290);
#1462=VERTEX_POINT('',#5294);
#1463=VERTEX_POINT('',#5302);
#1464=VERTEX_POINT('',#5304);
#1465=VERTEX_POINT('',#5306);
#1466=VERTEX_POINT('',#5308);
#1467=VERTEX_POINT('',#5312);
#1468=VERTEX_POINT('',#5314);
#1469=VERTEX_POINT('',#5316);
#1470=VERTEX_POINT('',#5318);
#1471=VERTEX_POINT('',#5320);
#1472=VERTEX_POINT('',#5322);
#1473=VERTEX_POINT('',#5324);
#1474=VERTEX_POINT('',#5326);
#1475=VERTEX_POINT('',#5328);
#1476=VERTEX_POINT('',#5330);
#1477=VERTEX_POINT('',#5333);
#1478=VERTEX_POINT('',#5335);
#1479=VERTEX_POINT('',#5337);
#1480=VERTEX_POINT('',#5341);
#1481=VERTEX_POINT('',#5345);
#1482=VERTEX_POINT('',#5347);
#1483=VERTEX_POINT('',#5349);
#1484=VERTEX_POINT('',#5351);
#1485=VERTEX_POINT('',#5353);
#1486=VERTEX_POINT('',#5366);
#1487=VERTEX_POINT('',#5375);
#1488=VERTEX_POINT('',#5382);
#1489=VERTEX_POINT('',#5386);
#1490=VERTEX_POINT('',#5388);
#1491=VERTEX_POINT('',#5390);
#1492=VERTEX_POINT('',#5407);
#1493=VERTEX_POINT('',#5408);
#1494=VERTEX_POINT('',#5410);
#1495=VERTEX_POINT('',#5412);
#1496=VERTEX_POINT('',#5416);
#1497=VERTEX_POINT('',#5418);
#1498=VERTEX_POINT('',#5422);
#1499=VERTEX_POINT('',#5423);
#1500=VERTEX_POINT('',#5428);
#1501=VERTEX_POINT('',#5429);
#1502=VERTEX_POINT('',#5431);
#1503=VERTEX_POINT('',#5433);
#1504=VERTEX_POINT('',#5437);
#1505=VERTEX_POINT('',#5438);
#1506=VERTEX_POINT('',#5440);
#1507=VERTEX_POINT('',#5442);
#1508=VERTEX_POINT('',#5446);
#1509=VERTEX_POINT('',#5448);
#1510=VERTEX_POINT('',#5452);
#1511=VERTEX_POINT('',#5456);
#1512=VERTEX_POINT('',#5458);
#1513=VERTEX_POINT('',#5460);
#1514=VERTEX_POINT('',#5462);
#1515=VERTEX_POINT('',#5464);
#1516=VERTEX_POINT('',#5466);
#1517=VERTEX_POINT('',#5470);
#1518=VERTEX_POINT('',#5472);
#1519=VERTEX_POINT('',#5476);
#1520=VERTEX_POINT('',#5478);
#1521=VERTEX_POINT('',#5480);
#1522=VERTEX_POINT('',#5482);
#1523=VERTEX_POINT('',#5484);
#1524=VERTEX_POINT('',#5486);
#1525=VERTEX_POINT('',#5490);
#1526=VERTEX_POINT('',#5492);
#1527=VERTEX_POINT('',#5494);
#1528=VERTEX_POINT('',#5496);
#1529=VERTEX_POINT('',#5498);
#1530=VERTEX_POINT('',#5500);
#1531=VERTEX_POINT('',#5502);
#1532=VERTEX_POINT('',#5506);
#1533=VERTEX_POINT('',#5508);
#1534=VERTEX_POINT('',#5512);
#1535=VERTEX_POINT('',#5519);
#1536=VERTEX_POINT('',#5521);
#1537=VERTEX_POINT('',#5527);
#1538=VERTEX_POINT('',#5531);
#1539=VERTEX_POINT('',#5532);
#1540=VERTEX_POINT('',#5534);
#1541=VERTEX_POINT('',#5536);
#1542=VERTEX_POINT('',#5539);
#1543=VERTEX_POINT('',#5541);
#1544=VERTEX_POINT('',#5543);
#1545=VERTEX_POINT('',#5545);
#1546=VERTEX_POINT('',#5547);
#1547=VERTEX_POINT('',#5550);
#1548=VERTEX_POINT('',#5552);
#1549=VERTEX_POINT('',#5554);
#1550=VERTEX_POINT('',#5556);
#1551=VERTEX_POINT('',#5559);
#1552=VERTEX_POINT('',#5562);
#1553=VERTEX_POINT('',#5564);
#1554=VERTEX_POINT('',#5566);
#1555=VERTEX_POINT('',#5568);
#1556=VERTEX_POINT('',#5601);
#1557=VERTEX_POINT('',#5602);
#1558=VERTEX_POINT('',#5636);
#1559=VERTEX_POINT('',#5637);
#1560=VERTEX_POINT('',#5671);
#1561=VERTEX_POINT('',#5672);
#1562=VERTEX_POINT('',#5706);
#1563=VERTEX_POINT('',#5707);
#1564=VERTEX_POINT('',#5720);
#1565=VERTEX_POINT('',#5722);
#1566=VERTEX_POINT('',#5726);
#1567=VERTEX_POINT('',#5730);
#1568=VERTEX_POINT('',#5734);
#1569=VERTEX_POINT('',#5738);
#1570=VERTEX_POINT('',#5816);
#1571=VERTEX_POINT('',#5820);
#1572=VERTEX_POINT('',#5826);
#1573=VERTEX_POINT('',#5861);
#1574=VERTEX_POINT('',#5863);
#1575=VERTEX_POINT('',#5896);
#1576=VERTEX_POINT('',#5898);
#1577=VERTEX_POINT('',#5931);
#1578=VERTEX_POINT('',#5933);
#1579=VERTEX_POINT('',#5966);
#1580=VERTEX_POINT('',#5968);
#1581=VERTEX_POINT('',#5980);
#1582=VERTEX_POINT('',#5992);
#1583=VERTEX_POINT('',#5996);
#1584=VERTEX_POINT('',#6000);
#1585=VERTEX_POINT('',#6006);
#1586=VERTEX_POINT('',#6010);
#1587=VERTEX_POINT('',#6022);
#1588=VERTEX_POINT('',#6024);
#1589=VERTEX_POINT('',#6028);
#1590=VERTEX_POINT('',#6030);
#1591=VERTEX_POINT('',#6034);
#1592=VERTEX_POINT('',#6036);
#1593=VERTEX_POINT('',#6038);
#1594=VERTEX_POINT('',#6042);
#1595=VERTEX_POINT('',#6046);
#1596=VERTEX_POINT('',#6050);
#1597=VERTEX_POINT('',#6054);
#1598=VERTEX_POINT('',#6058);
#1599=VERTEX_POINT('',#6062);
#1600=VERTEX_POINT('',#6064);
#1601=VERTEX_POINT('',#6068);
#1602=VERTEX_POINT('',#6072);
#1603=VERTEX_POINT('',#6076);
#1604=VERTEX_POINT('',#6080);
#1605=VERTEX_POINT('',#6084);
#1606=VERTEX_POINT('',#6088);
#1607=VERTEX_POINT('',#6089);
#1608=VERTEX_POINT('',#6094);
#1609=VERTEX_POINT('',#6096);
#1610=VERTEX_POINT('',#6100);
#1611=VERTEX_POINT('',#6101);
#1612=VERTEX_POINT('',#6106);
#1613=VERTEX_POINT('',#6108);
#1614=VERTEX_POINT('',#6116);
#1615=VERTEX_POINT('',#6121);
#1616=VERTEX_POINT('',#6127);
#1617=VERTEX_POINT('',#6138);
#1618=VERTEX_POINT('',#6142);
#1619=VERTEX_POINT('',#6144);
#1620=VERTEX_POINT('',#6148);
#1621=VERTEX_POINT('',#6150);
#1622=VERTEX_POINT('',#6154);
#1623=VERTEX_POINT('',#6156);
#1624=VERTEX_POINT('',#6158);
#1625=VERTEX_POINT('',#6160);
#1626=VERTEX_POINT('',#6162);
#1627=VERTEX_POINT('',#6166);
#1628=VERTEX_POINT('',#6168);
#1629=VERTEX_POINT('',#6172);
#1630=VERTEX_POINT('',#6174);
#1631=VERTEX_POINT('',#6178);
#1632=VERTEX_POINT('',#6179);
#1633=VERTEX_POINT('',#6181);
#1634=VERTEX_POINT('',#6183);
#1635=VERTEX_POINT('',#6187);
#1636=VERTEX_POINT('',#6188);
#1637=VERTEX_POINT('',#6193);
#1638=VERTEX_POINT('',#6198);
#1639=VERTEX_POINT('',#6202);
#1640=VERTEX_POINT('',#6206);
#1641=VERTEX_POINT('',#6210);
#1642=VERTEX_POINT('',#6223);
#1643=VERTEX_POINT('',#6224);
#1644=VERTEX_POINT('',#6226);
#1645=VERTEX_POINT('',#6228);
#1646=VERTEX_POINT('',#6230);
#1647=VERTEX_POINT('',#6232);
#1648=VERTEX_POINT('',#6234);
#1649=VERTEX_POINT('',#6236);
#1650=VERTEX_POINT('',#6238);
#1651=VERTEX_POINT('',#6240);
#1652=VERTEX_POINT('',#6242);
#1653=VERTEX_POINT('',#6244);
#1654=VERTEX_POINT('',#6251);
#1655=VERTEX_POINT('',#6255);
#1656=VERTEX_POINT('',#6267);
#1657=VERTEX_POINT('',#6273);
#1658=VERTEX_POINT('',#6283);
#1659=VERTEX_POINT('',#6287);
#1660=VERTEX_POINT('',#6294);
#1661=VERTEX_POINT('',#6299);
#1662=VERTEX_POINT('',#6301);
#1663=VERTEX_POINT('',#6304);
#1664=VERTEX_POINT('',#6308);
#1665=VERTEX_POINT('',#6310);
#1666=VERTEX_POINT('',#6314);
#1667=VERTEX_POINT('',#6317);
#1668=VERTEX_POINT('',#6321);
#1669=VERTEX_POINT('',#6325);
#1670=VERTEX_POINT('',#6331);
#1671=VERTEX_POINT('',#6339);
#1672=VERTEX_POINT('',#6352);
#1673=EDGE_CURVE('',#1384,#1385,#1264,.T.);
#1674=EDGE_CURVE('',#1385,#1386,#1248,.T.);
#1675=EDGE_CURVE('',#1386,#1384,#1249,.T.);
#1676=EDGE_CURVE('',#1387,#1388,#1265,.T.);
#1677=EDGE_CURVE('',#1388,#1385,#810,.T.);
#1678=EDGE_CURVE('',#1384,#1387,#811,.T.);
#1679=EDGE_CURVE('',#1389,#1390,#1266,.T.);
#1680=EDGE_CURVE('',#1390,#1391,#1250,.T.);
#1681=EDGE_CURVE('',#1391,#1389,#1251,.T.);
#1682=EDGE_CURVE('',#1392,#1393,#1267,.T.);
#1683=EDGE_CURVE('',#1393,#1390,#1252,.T.);
#1684=EDGE_CURVE('',#1389,#1392,#1253,.T.);
#1685=EDGE_CURVE('',#1394,#1395,#1268,.T.);
#1686=EDGE_CURVE('',#1395,#1393,#812,.T.);
#1687=EDGE_CURVE('',#1392,#1394,#813,.T.);
#1688=EDGE_CURVE('',#1396,#1397,#1269,.T.);
#1689=EDGE_CURVE('',#1398,#1397,#135,.T.);
#1690=EDGE_CURVE('',#1398,#1399,#1270,.T.);
#1691=EDGE_CURVE('',#1399,#1396,#136,.T.);
#1692=EDGE_CURVE('',#1400,#1401,#1271,.F.);
#1693=EDGE_CURVE('',#1402,#1400,#1272,.F.);
#1694=EDGE_CURVE('',#1401,#1402,#1273,.F.);
#1695=EDGE_CURVE('',#1403,#1404,#1274,.T.);
#1696=EDGE_CURVE('',#1404,#1402,#137,.T.);
#1697=EDGE_CURVE('',#1400,#1403,#138,.T.);
#1698=EDGE_CURVE('',#1405,#1406,#1275,.T.);
#1699=EDGE_CURVE('',#1406,#1401,#139,.T.);
#1700=EDGE_CURVE('',#1402,#1405,#140,.T.);
#1701=EDGE_CURVE('',#1407,#1408,#1276,.T.);
#1702=EDGE_CURVE('',#1408,#1400,#141,.T.);
#1703=EDGE_CURVE('',#1401,#1407,#142,.T.);
#1704=EDGE_CURVE('',#1409,#1398,#1277,.T.);
#1705=EDGE_CURVE('',#1398,#1408,#1278,.T.);
#1706=EDGE_CURVE('',#1407,#1409,#1279,.T.);
#1707=EDGE_CURVE('',#1409,#1399,#1280,.T.);
#1708=EDGE_CURVE('',#1405,#1395,#814,.T.);
#1709=EDGE_CURVE('',#1394,#1406,#815,.T.);
#1710=EDGE_CURVE('',#1403,#1388,#816,.T.);
#1711=EDGE_CURVE('',#1387,#1404,#817,.T.);
#1712=EDGE_CURVE('',#1408,#1410,#143,.T.);
#1713=EDGE_CURVE('',#1410,#1411,#144,.T.);
#1714=EDGE_CURVE('',#1412,#1411,#145,.T.);
#1715=EDGE_CURVE('',#1412,#1413,#146,.T.);
#1716=EDGE_CURVE('',#1414,#1413,#147,.T.);
#1717=EDGE_CURVE('',#1414,#1415,#148,.T.);
#1718=EDGE_CURVE('',#1416,#1415,#149,.T.);
#1719=EDGE_CURVE('',#1417,#1416,#150,.T.);
#1720=EDGE_CURVE('',#1418,#1417,#151,.T.);
#1721=EDGE_CURVE('',#1419,#1418,#818,.T.);
#1722=EDGE_CURVE('',#1420,#1419,#819,.T.);
#1723=EDGE_CURVE('',#1421,#1420,#1254,.T.);
#1724=EDGE_CURVE('',#1386,#1421,#152,.T.);
#1725=EDGE_CURVE('',#1397,#1410,#1281,.T.);
#1726=EDGE_CURVE('',#1422,#1396,#153,.T.);
#1727=EDGE_CURVE('',#1422,#1423,#1282,.T.);
#1728=EDGE_CURVE('',#1424,#1423,#154,.T.);
#1729=EDGE_CURVE('',#1425,#1424,#155,.T.);
#1730=EDGE_CURVE('',#1426,#1425,#156,.T.);
#1731=EDGE_CURVE('',#1427,#1426,#157,.T.);
#1732=EDGE_CURVE('',#1427,#1411,#158,.T.);
#1733=EDGE_CURVE('',#1428,#1399,#159,.T.);
#1734=EDGE_CURVE('',#1422,#1428,#160,.T.);
#1735=EDGE_CURVE('',#1409,#1429,#161,.T.);
#1736=EDGE_CURVE('',#1428,#1429,#1283,.T.);
#1737=EDGE_CURVE('',#1417,#1430,#1284,.F.);
#1738=EDGE_CURVE('',#1431,#1417,#1285,.F.);
#1739=EDGE_CURVE('',#1430,#1431,#1286,.F.);
#1740=EDGE_CURVE('',#1416,#1432,#1287,.T.);
#1741=EDGE_CURVE('',#1432,#1431,#162,.T.);
#1742=EDGE_CURVE('',#1433,#1434,#1288,.T.);
#1743=EDGE_CURVE('',#1434,#1432,#1289,.T.);
#1744=EDGE_CURVE('',#1416,#1433,#1290,.T.);
#1745=EDGE_CURVE('',#1435,#1436,#1291,.T.);
#1746=EDGE_CURVE('',#1436,#1434,#163,.T.);
#1747=EDGE_CURVE('',#1433,#1435,#164,.T.);
#1748=EDGE_CURVE('',#1437,#1438,#1292,.T.);
#1749=EDGE_CURVE('',#1438,#1436,#1293,.T.);
#1750=EDGE_CURVE('',#1435,#1437,#1294,.T.);
#1751=EDGE_CURVE('',#1439,#1440,#1295,.T.);
#1752=EDGE_CURVE('',#1440,#1438,#165,.T.);
#1753=EDGE_CURVE('',#1437,#1439,#166,.T.);
#1754=EDGE_CURVE('',#1441,#1442,#1296,.T.);
#1755=EDGE_CURVE('',#1442,#1440,#1297,.T.);
#1756=EDGE_CURVE('',#1439,#1441,#1298,.T.);
#1757=EDGE_CURVE('',#1443,#1444,#1299,.T.);
#1758=EDGE_CURVE('',#1444,#1442,#167,.T.);
#1759=EDGE_CURVE('',#1441,#1443,#168,.T.);
#1760=EDGE_CURVE('',#1445,#1446,#1300,.T.);
#1761=EDGE_CURVE('',#1446,#1430,#169,.T.);
#1762=EDGE_CURVE('',#1431,#1445,#170,.T.);
#1763=EDGE_CURVE('',#1447,#1418,#1301,.T.);
#1764=EDGE_CURVE('',#1430,#1447,#171,.T.);
#1765=EDGE_CURVE('',#1419,#1448,#1302,.T.);
#1766=EDGE_CURVE('',#1448,#1449,#820,.T.);
#1767=EDGE_CURVE('',#1449,#1420,#1303,.T.);
#1768=EDGE_CURVE('',#1449,#1421,#1255,.T.);
#1769=EDGE_CURVE('',#1447,#1448,#821,.T.);
#1770=EDGE_CURVE('',#1450,#1451,#1304,.T.);
#1771=EDGE_CURVE('',#1451,#1452,#822,.T.);
#1772=EDGE_CURVE('',#1452,#1453,#1305,.T.);
#1773=EDGE_CURVE('',#1453,#1450,#823,.T.);
#1774=EDGE_CURVE('',#1452,#1454,#1256,.T.);
#1775=EDGE_CURVE('',#1454,#1455,#1306,.T.);
#1776=EDGE_CURVE('',#1455,#1453,#1257,.T.);
#1777=EDGE_CURVE('',#1454,#1456,#1258,.T.);
#1778=EDGE_CURVE('',#1456,#1455,#1259,.T.);
#1779=EDGE_CURVE('',#1450,#1446,#824,.T.);
#1780=EDGE_CURVE('',#1445,#1451,#825,.T.);
#1781=EDGE_CURVE('',#1457,#1443,#1307,.T.);
#1782=EDGE_CURVE('',#1443,#1458,#172,.T.);
#1783=EDGE_CURVE('',#1458,#1459,#1308,.F.);
#1784=EDGE_CURVE('',#1459,#1457,#173,.T.);
#1785=EDGE_CURVE('',#1457,#1444,#1309,.T.);
#1786=EDGE_CURVE('',#1453,#1460,#1310,.T.);
#1787=EDGE_CURVE('',#1460,#1461,#174,.T.);
#1788=EDGE_CURVE('',#1450,#1461,#1311,.T.);
#1789=EDGE_CURVE('',#1461,#1462,#175,.T.);
#1790=EDGE_CURVE('',#1462,#1448,#1312,.T.);
#1791=EDGE_CURVE('',#1447,#1446,#176,.T.);
#1792=EDGE_CURVE('',#1456,#1460,#1313,.T.);
#1793=EDGE_CURVE('',#1456,#1391,#177,.T.);
#1794=EDGE_CURVE('',#1454,#1463,#178,.T.);
#1795=EDGE_CURVE('',#1464,#1463,#1314,.T.);
#1796=EDGE_CURVE('',#1464,#1465,#179,.T.);
#1797=EDGE_CURVE('',#1465,#1466,#1315,.T.);
#1798=EDGE_CURVE('',#1466,#1389,#180,.T.);
#1799=EDGE_CURVE('',#1467,#1466,#1316,.T.);
#1800=EDGE_CURVE('',#1468,#1467,#181,.T.);
#1801=EDGE_CURVE('',#1469,#1468,#1317,.T.);
#1802=EDGE_CURVE('',#1470,#1469,#182,.T.);
#1803=EDGE_CURVE('',#1471,#1470,#183,.T.);
#1804=EDGE_CURVE('',#1472,#1471,#184,.T.);
#1805=EDGE_CURVE('',#1473,#1472,#185,.T.);
#1806=EDGE_CURVE('',#1474,#1473,#186,.T.);
#1807=EDGE_CURVE('',#1475,#1474,#1318,.T.);
#1808=EDGE_CURVE('',#1476,#1475,#187,.T.);
#1809=EDGE_CURVE('',#1463,#1476,#1319,.T.);
#1810=EDGE_CURVE('',#1477,#1444,#188,.T.);
#1811=EDGE_CURVE('',#1478,#1477,#1320,.T.);
#1812=EDGE_CURVE('',#1479,#1478,#189,.T.);
#1813=EDGE_CURVE('',#1429,#1479,#1321,.T.);
#1814=EDGE_CURVE('',#1457,#1480,#190,.T.);
#1815=EDGE_CURVE('',#1480,#1477,#1322,.T.);
#1816=EDGE_CURVE('',#1459,#1481,#191,.T.);
#1817=EDGE_CURVE('',#1482,#1481,#192,.T.);
#1818=EDGE_CURVE('',#1483,#1482,#193,.T.);
#1819=EDGE_CURVE('',#1484,#1483,#194,.T.);
#1820=EDGE_CURVE('',#1485,#1484,#1260,.T.);
#1821=EDGE_CURVE('',#1486,#1485,#1261,.T.);
#1822=EDGE_CURVE('',#1480,#1486,#195,.T.);
#1823=EDGE_CURVE('',#1462,#1487,#196,.T.);
#1824=EDGE_CURVE('',#1487,#1449,#1323,.T.);
#1825=EDGE_CURVE('',#1487,#1421,#1324,.T.);
#1826=EDGE_CURVE('',#1487,#1488,#197,.T.);
#1827=EDGE_CURVE('',#1386,#1488,#1325,.T.);
#1828=EDGE_CURVE('',#1489,#1460,#198,.T.);
#1829=EDGE_CURVE('',#1490,#1489,#199,.T.);
#1830=EDGE_CURVE('',#1491,#1490,#200,.T.);
#1831=EDGE_CURVE('',#1488,#1491,#201,.T.);
#1832=EDGE_CURVE('',#1387,#1491,#1326,.T.);
#1833=EDGE_CURVE('',#1490,#1395,#1327,.T.);
#1834=EDGE_CURVE('',#1405,#1404,#202,.T.);
#1835=EDGE_CURVE('',#1489,#1393,#1328,.T.);
#1836=EDGE_CURVE('',#1489,#1391,#1329,.T.);
#1837=EDGE_CURVE('',#1384,#1488,#1330,.T.);
#1838=EDGE_CURVE('',#1492,#1493,#1331,.F.);
#1839=EDGE_CURVE('',#1492,#1494,#203,.T.);
#1840=EDGE_CURVE('',#1494,#1495,#1332,.T.);
#1841=EDGE_CURVE('',#1495,#1493,#204,.T.);
#1842=EDGE_CURVE('',#1495,#1496,#205,.T.);
#1843=EDGE_CURVE('',#1497,#1496,#206,.T.);
#1844=EDGE_CURVE('',#1497,#1493,#207,.T.);
#1845=EDGE_CURVE('',#1498,#1499,#208,.T.);
#1846=EDGE_CURVE('',#1481,#1498,#209,.T.);
#1847=EDGE_CURVE('',#1499,#1458,#210,.T.);
#1848=EDGE_CURVE('',#1500,#1501,#211,.T.);
#1849=EDGE_CURVE('',#1502,#1500,#212,.T.);
#1850=EDGE_CURVE('',#1503,#1502,#213,.T.);
#1851=EDGE_CURVE('',#1501,#1503,#214,.T.);
#1852=EDGE_CURVE('',#1504,#1505,#215,.T.);
#1853=EDGE_CURVE('',#1506,#1504,#216,.T.);
#1854=EDGE_CURVE('',#1507,#1506,#217,.T.);
#1855=EDGE_CURVE('',#1505,#1507,#218,.T.);
#1856=EDGE_CURVE('',#1508,#1412,#219,.T.);
#1857=EDGE_CURVE('',#1509,#1508,#220,.T.);
#1858=EDGE_CURVE('',#1413,#1509,#221,.T.);
#1859=EDGE_CURVE('',#1498,#1510,#222,.T.);
#1860=EDGE_CURVE('',#1482,#1510,#223,.T.);
#1861=EDGE_CURVE('',#1499,#1511,#224,.T.);
#1862=EDGE_CURVE('',#1512,#1511,#225,.T.);
#1863=EDGE_CURVE('',#1513,#1512,#226,.T.);
#1864=EDGE_CURVE('',#1514,#1513,#227,.T.);
#1865=EDGE_CURVE('',#1515,#1514,#1333,.T.);
#1866=EDGE_CURVE('',#1516,#1515,#228,.T.);
#1867=EDGE_CURVE('',#1510,#1516,#229,.T.);
#1868=EDGE_CURVE('',#1500,#1517,#230,.T.);
#1869=EDGE_CURVE('',#1518,#1517,#231,.T.);
#1870=EDGE_CURVE('',#1518,#1502,#232,.T.);
#1871=EDGE_CURVE('',#1501,#1519,#233,.T.);
#1872=EDGE_CURVE('',#1520,#1519,#234,.T.);
#1873=EDGE_CURVE('',#1521,#1520,#235,.T.);
#1874=EDGE_CURVE('',#1522,#1521,#236,.T.);
#1875=EDGE_CURVE('',#1523,#1522,#1334,.T.);
#1876=EDGE_CURVE('',#1524,#1523,#237,.T.);
#1877=EDGE_CURVE('',#1517,#1524,#238,.T.);
#1878=EDGE_CURVE('',#1525,#1504,#239,.T.);
#1879=EDGE_CURVE('',#1526,#1505,#240,.T.);
#1880=EDGE_CURVE('',#1527,#1526,#241,.T.);
#1881=EDGE_CURVE('',#1528,#1527,#242,.T.);
#1882=EDGE_CURVE('',#1529,#1528,#1335,.T.);
#1883=EDGE_CURVE('',#1530,#1529,#243,.T.);
#1884=EDGE_CURVE('',#1531,#1530,#244,.T.);
#1885=EDGE_CURVE('',#1525,#1531,#245,.T.);
#1886=EDGE_CURVE('',#1508,#1532,#246,.T.);
#1887=EDGE_CURVE('',#1533,#1532,#247,.T.);
#1888=EDGE_CURVE('',#1533,#1509,#248,.T.);
#1889=EDGE_CURVE('',#1534,#1427,#249,.T.);
#1890=EDGE_CURVE('',#1492,#1534,#250,.T.);
#1891=EDGE_CURVE('',#1532,#1497,#251,.T.);
#1892=EDGE_CURVE('',#1516,#1483,#252,.T.);
#1893=EDGE_CURVE('',#1526,#1535,#253,.T.);
#1894=EDGE_CURVE('',#1535,#1536,#254,.T.);
#1895=EDGE_CURVE('',#1536,#1527,#255,.T.);
#1896=EDGE_CURVE('',#1496,#1533,#256,.T.);
#1897=EDGE_CURVE('',#1524,#1537,#257,.T.);
#1898=EDGE_CURVE('',#1537,#1518,#258,.T.);
#1899=EDGE_CURVE('',#1538,#1539,#259,.T.);
#1900=EDGE_CURVE('',#1540,#1538,#260,.T.);
#1901=EDGE_CURVE('',#1541,#1540,#261,.T.);
#1902=EDGE_CURVE('',#1539,#1541,#262,.T.);
#1903=EDGE_CURVE('',#1534,#1542,#263,.T.);
#1904=EDGE_CURVE('',#1542,#1543,#264,.T.);
#1905=EDGE_CURVE('',#1543,#1544,#265,.T.);
#1906=EDGE_CURVE('',#1545,#1544,#266,.T.);
#1907=EDGE_CURVE('',#1546,#1545,#1336,.T.);
#1908=EDGE_CURVE('',#1514,#1546,#267,.T.);
#1909=EDGE_CURVE('',#1513,#1547,#268,.T.);
#1910=EDGE_CURVE('',#1547,#1548,#269,.T.);
#1911=EDGE_CURVE('',#1548,#1549,#270,.T.);
#1912=EDGE_CURVE('',#1549,#1550,#271,.T.);
#1913=EDGE_CURVE('',#1522,#1550,#272,.T.);
#1914=EDGE_CURVE('',#1521,#1551,#273,.T.);
#1915=EDGE_CURVE('',#1551,#1530,#274,.T.);
#1916=EDGE_CURVE('',#1552,#1529,#275,.T.);
#1917=EDGE_CURVE('',#1552,#1553,#276,.T.);
#1918=EDGE_CURVE('',#1553,#1554,#277,.T.);
#1919=EDGE_CURVE('',#1554,#1555,#278,.T.);
#1920=EDGE_CURVE('',#1555,#1494,#279,.T.);
#1921=EDGE_CURVE('',#1556,#1557,#1337,.T.);
#1922=EDGE_CURVE('',#1557,#1538,#826,.T.);
#1923=EDGE_CURVE('',#1538,#1556,#827,.T.);
#1924=EDGE_CURVE('',#1558,#1559,#1338,.T.);
#1925=EDGE_CURVE('',#1559,#1540,#828,.T.);
#1926=EDGE_CURVE('',#1540,#1558,#829,.T.);
#1927=EDGE_CURVE('',#1560,#1561,#1339,.T.);
#1928=EDGE_CURVE('',#1561,#1541,#830,.T.);
#1929=EDGE_CURVE('',#1541,#1560,#831,.T.);
#1930=EDGE_CURVE('',#1562,#1563,#1340,.T.);
#1931=EDGE_CURVE('',#1563,#1539,#832,.T.);
#1932=EDGE_CURVE('',#1539,#1562,#833,.T.);
#1933=EDGE_CURVE('',#1563,#1556,#280,.T.);
#1934=EDGE_CURVE('',#1561,#1562,#281,.T.);
#1935=EDGE_CURVE('',#1559,#1560,#282,.T.);
#1936=EDGE_CURVE('',#1557,#1558,#283,.T.);
#1937=EDGE_CURVE('',#1557,#1564,#284,.T.);
#1938=EDGE_CURVE('',#1565,#1564,#285,.T.);
#1939=EDGE_CURVE('',#1558,#1565,#286,.T.);
#1940=EDGE_CURVE('',#1556,#1566,#287,.T.);
#1941=EDGE_CURVE('',#1564,#1566,#1341,.T.);
#1942=EDGE_CURVE('',#1563,#1567,#288,.T.);
#1943=EDGE_CURVE('',#1566,#1567,#289,.T.);
#1944=EDGE_CURVE('',#1562,#1568,#290,.T.);
#1945=EDGE_CURVE('',#1567,#1568,#1342,.T.);
#1946=EDGE_CURVE('',#1546,#1569,#1343,.T.);
#1947=EDGE_CURVE('',#1569,#1515,#291,.T.);
#1948=EDGE_CURVE('',#1484,#1569,#1262,.T.);
#1949=EDGE_CURVE('',#1546,#1485,#1263,.T.);
#1950=EDGE_CURVE('',#1570,#1545,#1344,.T.);
#1951=EDGE_CURVE('',#1570,#1486,#1345,.T.);
#1952=EDGE_CURVE('',#1550,#1571,#1346,.T.);
#1953=EDGE_CURVE('',#1571,#1523,#292,.T.);
#1954=EDGE_CURVE('',#1571,#1537,#293,.T.);
#1955=EDGE_CURVE('',#1528,#1572,#294,.T.);
#1956=EDGE_CURVE('',#1572,#1552,#1347,.T.);
#1957=EDGE_CURVE('',#1536,#1572,#295,.T.);
#1958=EDGE_CURVE('',#1573,#1473,#834,.T.);
#1959=EDGE_CURVE('',#1473,#1574,#835,.T.);
#1960=EDGE_CURVE('',#1574,#1573,#1348,.T.);
#1961=EDGE_CURVE('',#1575,#1472,#836,.T.);
#1962=EDGE_CURVE('',#1472,#1576,#837,.T.);
#1963=EDGE_CURVE('',#1576,#1575,#1349,.T.);
#1964=EDGE_CURVE('',#1577,#1471,#838,.T.);
#1965=EDGE_CURVE('',#1471,#1578,#839,.T.);
#1966=EDGE_CURVE('',#1578,#1577,#1350,.T.);
#1967=EDGE_CURVE('',#1579,#1470,#840,.T.);
#1968=EDGE_CURVE('',#1470,#1580,#841,.T.);
#1969=EDGE_CURVE('',#1580,#1579,#1351,.T.);
#1970=EDGE_CURVE('',#1476,#1581,#1352,.T.);
#1971=EDGE_CURVE('',#1581,#1464,#1353,.T.);
#1972=EDGE_CURVE('',#1582,#1467,#1354,.T.);
#1973=EDGE_CURVE('',#1465,#1582,#1355,.T.);
#1974=EDGE_CURVE('',#1583,#1468,#1356,.T.);
#1975=EDGE_CURVE('',#1582,#1583,#296,.T.);
#1976=EDGE_CURVE('',#1584,#1469,#1357,.T.);
#1977=EDGE_CURVE('',#1583,#1584,#1358,.T.);
#1978=EDGE_CURVE('',#1584,#1580,#297,.T.);
#1979=EDGE_CURVE('',#1573,#1585,#298,.T.);
#1980=EDGE_CURVE('',#1585,#1474,#1359,.T.);
#1981=EDGE_CURVE('',#1586,#1475,#1360,.T.);
#1982=EDGE_CURVE('',#1585,#1586,#1361,.T.);
#1983=EDGE_CURVE('',#1586,#1581,#299,.T.);
#1984=EDGE_CURVE('',#1579,#1578,#300,.T.);
#1985=EDGE_CURVE('',#1577,#1576,#301,.T.);
#1986=EDGE_CURVE('',#1575,#1574,#302,.T.);
#1987=EDGE_CURVE('',#1587,#1579,#303,.T.);
#1988=EDGE_CURVE('',#1588,#1587,#304,.T.);
#1989=EDGE_CURVE('',#1578,#1588,#305,.T.);
#1990=EDGE_CURVE('',#1580,#1589,#306,.T.);
#1991=EDGE_CURVE('',#1590,#1589,#842,.F.);
#1992=EDGE_CURVE('',#1587,#1590,#843,.F.);
#1993=EDGE_CURVE('',#1591,#1584,#307,.T.);
#1994=EDGE_CURVE('',#1592,#1591,#308,.T.);
#1995=EDGE_CURVE('',#1593,#1592,#309,.T.);
#1996=EDGE_CURVE('',#1589,#1593,#310,.T.);
#1997=EDGE_CURVE('',#1583,#1594,#311,.T.);
#1998=EDGE_CURVE('',#1591,#1594,#1362,.T.);
#1999=EDGE_CURVE('',#1595,#1582,#312,.T.);
#2000=EDGE_CURVE('',#1594,#1595,#313,.T.);
#2001=EDGE_CURVE('',#1465,#1596,#314,.T.);
#2002=EDGE_CURVE('',#1595,#1596,#1363,.T.);
#2003=EDGE_CURVE('',#1597,#1464,#315,.T.);
#2004=EDGE_CURVE('',#1596,#1597,#316,.T.);
#2005=EDGE_CURVE('',#1581,#1598,#317,.T.);
#2006=EDGE_CURVE('',#1597,#1598,#1364,.T.);
#2007=EDGE_CURVE('',#1599,#1592,#318,.F.);
#2008=EDGE_CURVE('',#1591,#1600,#319,.T.);
#2009=EDGE_CURVE('',#1600,#1599,#320,.T.);
#2010=EDGE_CURVE('',#1594,#1601,#321,.T.);
#2011=EDGE_CURVE('',#1601,#1600,#1365,.T.);
#2012=EDGE_CURVE('',#1595,#1602,#322,.T.);
#2013=EDGE_CURVE('',#1602,#1601,#323,.T.);
#2014=EDGE_CURVE('',#1596,#1603,#324,.T.);
#2015=EDGE_CURVE('',#1603,#1602,#1366,.T.);
#2016=EDGE_CURVE('',#1597,#1604,#325,.T.);
#2017=EDGE_CURVE('',#1604,#1603,#326,.T.);
#2018=EDGE_CURVE('',#1598,#1605,#327,.T.);
#2019=EDGE_CURVE('',#1605,#1604,#1367,.T.);
#2020=EDGE_CURVE('',#1606,#1607,#328,.T.);
#2021=EDGE_CURVE('',#1607,#1605,#329,.T.);
#2022=EDGE_CURVE('',#1598,#1606,#330,.T.);
#2023=EDGE_CURVE('',#1606,#1608,#1368,.T.);
#2024=EDGE_CURVE('',#1608,#1609,#331,.T.);
#2025=EDGE_CURVE('',#1609,#1607,#1369,.T.);
#2026=EDGE_CURVE('',#1610,#1611,#332,.F.);
#2027=EDGE_CURVE('',#1611,#1609,#333,.T.);
#2028=EDGE_CURVE('',#1608,#1610,#334,.T.);
#2029=EDGE_CURVE('',#1612,#1573,#335,.T.);
#2030=EDGE_CURVE('',#1613,#1612,#336,.T.);
#2031=EDGE_CURVE('',#1610,#1613,#337,.T.);
#2032=EDGE_CURVE('',#1585,#1608,#338,.T.);
#2033=EDGE_CURVE('',#1606,#1586,#339,.T.);
#2034=EDGE_CURVE('',#1424,#1614,#340,.T.);
#2035=EDGE_CURVE('',#1544,#1614,#1370,.T.);
#2036=EDGE_CURVE('',#1543,#1425,#341,.T.);
#2037=EDGE_CURVE('',#1615,#1428,#1371,.T.);
#2038=EDGE_CURVE('',#1615,#1423,#342,.T.);
#2039=EDGE_CURVE('',#1614,#1570,#343,.T.);
#2040=EDGE_CURVE('',#1570,#1616,#344,.T.);
#2041=EDGE_CURVE('',#1480,#1616,#1372,.T.);
#2042=EDGE_CURVE('',#1616,#1615,#345,.T.);
#2043=EDGE_CURVE('',#1616,#1478,#1373,.T.);
#2044=EDGE_CURVE('',#1615,#1479,#1374,.T.);
#2045=EDGE_CURVE('',#1441,#1617,#346,.T.);
#2046=EDGE_CURVE('',#1617,#1511,#347,.T.);
#2047=EDGE_CURVE('',#1618,#1611,#348,.T.);
#2048=EDGE_CURVE('',#1619,#1618,#349,.T.);
#2049=EDGE_CURVE('',#1599,#1619,#350,.T.);
#2050=EDGE_CURVE('',#1588,#1620,#844,.T.);
#2051=EDGE_CURVE('',#1620,#1621,#845,.T.);
#2052=EDGE_CURVE('',#1621,#1577,#351,.T.);
#2053=EDGE_CURVE('',#1622,#1621,#352,.T.);
#2054=EDGE_CURVE('',#1623,#1622,#353,.T.);
#2055=EDGE_CURVE('',#1624,#1623,#354,.T.);
#2056=EDGE_CURVE('',#1625,#1624,#355,.T.);
#2057=EDGE_CURVE('',#1626,#1625,#356,.T.);
#2058=EDGE_CURVE('',#1576,#1626,#357,.T.);
#2059=EDGE_CURVE('',#1627,#1626,#846,.F.);
#2060=EDGE_CURVE('',#1628,#1627,#847,.F.);
#2061=EDGE_CURVE('',#1628,#1575,#358,.T.);
#2062=EDGE_CURVE('',#1574,#1629,#359,.T.);
#2063=EDGE_CURVE('',#1629,#1630,#848,.T.);
#2064=EDGE_CURVE('',#1630,#1612,#849,.T.);
#2065=EDGE_CURVE('',#1631,#1632,#360,.T.);
#2066=EDGE_CURVE('',#1632,#1633,#1375,.T.);
#2067=EDGE_CURVE('',#1633,#1634,#361,.T.);
#2068=EDGE_CURVE('',#1634,#1631,#1376,.T.);
#2069=EDGE_CURVE('',#1635,#1636,#362,.T.);
#2070=EDGE_CURVE('',#1636,#1632,#363,.T.);
#2071=EDGE_CURVE('',#1631,#1635,#364,.T.);
#2072=EDGE_CURVE('',#1565,#1637,#365,.T.);
#2073=EDGE_CURVE('',#1637,#1636,#1377,.T.);
#2074=EDGE_CURVE('',#1635,#1565,#1378,.T.);
#2075=EDGE_CURVE('',#1564,#1638,#366,.T.);
#2076=EDGE_CURVE('',#1638,#1637,#367,.T.);
#2077=EDGE_CURVE('',#1566,#1639,#368,.T.);
#2078=EDGE_CURVE('',#1639,#1638,#1379,.T.);
#2079=EDGE_CURVE('',#1567,#1640,#369,.T.);
#2080=EDGE_CURVE('',#1640,#1639,#370,.T.);
#2081=EDGE_CURVE('',#1568,#1641,#371,.T.);
#2082=EDGE_CURVE('',#1641,#1640,#1380,.T.);
#2083=EDGE_CURVE('',#1633,#1641,#372,.T.);
#2084=EDGE_CURVE('',#1568,#1634,#373,.T.);
#2085=EDGE_CURVE('',#1559,#1635,#374,.T.);
#2086=EDGE_CURVE('',#1560,#1631,#375,.T.);
#2087=EDGE_CURVE('',#1634,#1561,#376,.T.);
#2088=EDGE_CURVE('',#1642,#1643,#377,.T.);
#2089=EDGE_CURVE('',#1644,#1642,#378,.T.);
#2090=EDGE_CURVE('',#1645,#1644,#379,.T.);
#2091=EDGE_CURVE('',#1646,#1645,#380,.T.);
#2092=EDGE_CURVE('',#1647,#1646,#381,.T.);
#2093=EDGE_CURVE('',#1648,#1647,#382,.T.);
#2094=EDGE_CURVE('',#1649,#1648,#383,.T.);
#2095=EDGE_CURVE('',#1650,#1649,#384,.T.);
#2096=EDGE_CURVE('',#1651,#1650,#385,.T.);
#2097=EDGE_CURVE('',#1652,#1651,#386,.T.);
#2098=EDGE_CURVE('',#1653,#1652,#387,.T.);
#2099=EDGE_CURVE('',#1643,#1653,#388,.T.);
#2100=EDGE_CURVE('',#1648,#1622,#389,.T.);
#2101=EDGE_CURVE('',#1620,#1649,#390,.T.);
#2102=EDGE_CURVE('',#1647,#1654,#391,.T.);
#2103=EDGE_CURVE('',#1654,#1622,#392,.T.);
#2104=EDGE_CURVE('',#1646,#1655,#393,.T.);
#2105=EDGE_CURVE('',#1655,#1654,#394,.T.);
#2106=EDGE_CURVE('',#1645,#1625,#395,.T.);
#2107=EDGE_CURVE('',#1625,#1655,#396,.T.);
#2108=EDGE_CURVE('',#1627,#1644,#397,.F.);
#2109=EDGE_CURVE('',#1643,#1613,#398,.T.);
#2110=EDGE_CURVE('',#1630,#1642,#399,.T.);
#2111=EDGE_CURVE('',#1656,#1613,#400,.T.);
#2112=EDGE_CURVE('',#1653,#1656,#401,.T.);
#2113=EDGE_CURVE('',#1629,#1628,#402,.T.);
#2114=EDGE_CURVE('',#1657,#1656,#403,.T.);
#2115=EDGE_CURVE('',#1652,#1657,#404,.T.);
#2116=EDGE_CURVE('',#1593,#1657,#405,.T.);
#2117=EDGE_CURVE('',#1651,#1593,#406,.T.);
#2118=EDGE_CURVE('',#1590,#1650,#407,.F.);
#2119=EDGE_CURVE('',#1658,#1654,#408,.T.);
#2120=EDGE_CURVE('',#1658,#1623,#409,.T.);
#2121=EDGE_CURVE('',#1659,#1655,#410,.T.);
#2122=EDGE_CURVE('',#1659,#1658,#411,.T.);
#2123=EDGE_CURVE('',#1624,#1659,#412,.T.);
#2124=EDGE_CURVE('',#1547,#1660,#413,.T.);
#2125=EDGE_CURVE('',#1660,#1512,#414,.T.);
#2126=EDGE_CURVE('',#1433,#1661,#415,.T.);
#2127=EDGE_CURVE('',#1661,#1662,#416,.T.);
#2128=EDGE_CURVE('',#1506,#1662,#417,.T.);
#2129=EDGE_CURVE('',#1525,#1663,#418,.T.);
#2130=EDGE_CURVE('',#1435,#1663,#419,.T.);
#2131=EDGE_CURVE('',#1664,#1549,#420,.T.);
#2132=EDGE_CURVE('',#1665,#1664,#421,.T.);
#2133=EDGE_CURVE('',#1665,#1503,#422,.T.);
#2134=EDGE_CURVE('',#1437,#1666,#423,.T.);
#2135=EDGE_CURVE('',#1666,#1519,#424,.T.);
#2136=EDGE_CURVE('',#1665,#1667,#425,.T.);
#2137=EDGE_CURVE('',#1439,#1667,#426,.T.);
#2138=EDGE_CURVE('',#1668,#1555,#427,.T.);
#2139=EDGE_CURVE('',#1414,#1668,#428,.T.);
#2140=EDGE_CURVE('',#1669,#1662,#429,.T.);
#2141=EDGE_CURVE('',#1553,#1669,#430,.T.);
#2142=EDGE_CURVE('',#1507,#1535,#431,.T.);
#2143=EDGE_CURVE('',#1520,#1670,#432,.T.);
#2144=EDGE_CURVE('',#1551,#1670,#433,.T.);
#2145=EDGE_CURVE('',#1670,#1531,#434,.T.);
#2146=EDGE_CURVE('',#1663,#1666,#1381,.T.);
#2147=EDGE_CURVE('',#1660,#1671,#435,.T.);
#2148=EDGE_CURVE('',#1548,#1671,#436,.T.);
#2149=EDGE_CURVE('',#1671,#1664,#437,.T.);
#2150=EDGE_CURVE('',#1667,#1617,#1382,.T.);
#2151=EDGE_CURVE('',#1542,#1426,#438,.T.);
#2152=EDGE_CURVE('',#1415,#1661,#1383,.T.);
#2153=EDGE_CURVE('',#1669,#1672,#439,.T.);
#2154=EDGE_CURVE('',#1554,#1672,#440,.T.);
#2155=EDGE_CURVE('',#1672,#1668,#441,.T.);
#2156=EDGE_CURVE('',#1619,#1657,#442,.T.);
#2157=EDGE_CURVE('',#1618,#1656,#443,.T.);
#2158=ORIENTED_EDGE('',*,*,#1673,.T.);
#2159=ORIENTED_EDGE('',*,*,#1674,.T.);
#2160=ORIENTED_EDGE('',*,*,#1675,.T.);
#2161=ORIENTED_EDGE('',*,*,#1676,.T.);
#2162=ORIENTED_EDGE('',*,*,#1677,.T.);
#2163=ORIENTED_EDGE('',*,*,#1673,.F.);
#2164=ORIENTED_EDGE('',*,*,#1678,.T.);
#2165=ORIENTED_EDGE('',*,*,#1679,.T.);
#2166=ORIENTED_EDGE('',*,*,#1680,.T.);
#2167=ORIENTED_EDGE('',*,*,#1681,.T.);
#2168=ORIENTED_EDGE('',*,*,#1682,.T.);
#2169=ORIENTED_EDGE('',*,*,#1683,.T.);
#2170=ORIENTED_EDGE('',*,*,#1679,.F.);
#2171=ORIENTED_EDGE('',*,*,#1684,.T.);
#2172=ORIENTED_EDGE('',*,*,#1685,.T.);
#2173=ORIENTED_EDGE('',*,*,#1686,.T.);
#2174=ORIENTED_EDGE('',*,*,#1682,.F.);
#2175=ORIENTED_EDGE('',*,*,#1687,.T.);
#2176=ORIENTED_EDGE('',*,*,#1688,.T.);
#2177=ORIENTED_EDGE('',*,*,#1689,.F.);
#2178=ORIENTED_EDGE('',*,*,#1690,.T.);
#2179=ORIENTED_EDGE('',*,*,#1691,.T.);
#2180=ORIENTED_EDGE('',*,*,#1692,.F.);
#2181=ORIENTED_EDGE('',*,*,#1693,.F.);
#2182=ORIENTED_EDGE('',*,*,#1694,.F.);
#2183=ORIENTED_EDGE('',*,*,#1695,.T.);
#2184=ORIENTED_EDGE('',*,*,#1696,.T.);
#2185=ORIENTED_EDGE('',*,*,#1693,.T.);
#2186=ORIENTED_EDGE('',*,*,#1697,.T.);
#2187=ORIENTED_EDGE('',*,*,#1698,.T.);
#2188=ORIENTED_EDGE('',*,*,#1699,.T.);
#2189=ORIENTED_EDGE('',*,*,#1694,.T.);
#2190=ORIENTED_EDGE('',*,*,#1700,.T.);
#2191=ORIENTED_EDGE('',*,*,#1701,.T.);
#2192=ORIENTED_EDGE('',*,*,#1702,.T.);
#2193=ORIENTED_EDGE('',*,*,#1692,.T.);
#2194=ORIENTED_EDGE('',*,*,#1703,.T.);
#2195=ORIENTED_EDGE('',*,*,#1704,.T.);
#2196=ORIENTED_EDGE('',*,*,#1705,.T.);
#2197=ORIENTED_EDGE('',*,*,#1701,.F.);
#2198=ORIENTED_EDGE('',*,*,#1706,.T.);
#2199=ORIENTED_EDGE('',*,*,#1704,.F.);
#2200=ORIENTED_EDGE('',*,*,#1707,.T.);
#2201=ORIENTED_EDGE('',*,*,#1690,.F.);
#2202=ORIENTED_EDGE('',*,*,#1698,.F.);
#2203=ORIENTED_EDGE('',*,*,#1708,.T.);
#2204=ORIENTED_EDGE('',*,*,#1685,.F.);
#2205=ORIENTED_EDGE('',*,*,#1709,.T.);
#2206=ORIENTED_EDGE('',*,*,#1695,.F.);
#2207=ORIENTED_EDGE('',*,*,#1710,.T.);
#2208=ORIENTED_EDGE('',*,*,#1676,.F.);
#2209=ORIENTED_EDGE('',*,*,#1711,.T.);
#2210=ORIENTED_EDGE('',*,*,#1674,.F.);
#2211=ORIENTED_EDGE('',*,*,#1677,.F.);
#2212=ORIENTED_EDGE('',*,*,#1710,.F.);
#2213=ORIENTED_EDGE('',*,*,#1697,.F.);
#2214=ORIENTED_EDGE('',*,*,#1702,.F.);
#2215=ORIENTED_EDGE('',*,*,#1712,.T.);
#2216=ORIENTED_EDGE('',*,*,#1713,.T.);
#2217=ORIENTED_EDGE('',*,*,#1714,.F.);
#2218=ORIENTED_EDGE('',*,*,#1715,.T.);
#2219=ORIENTED_EDGE('',*,*,#1716,.F.);
#2220=ORIENTED_EDGE('',*,*,#1717,.T.);
#2221=ORIENTED_EDGE('',*,*,#1718,.F.);
#2222=ORIENTED_EDGE('',*,*,#1719,.F.);
#2223=ORIENTED_EDGE('',*,*,#1720,.F.);
#2224=ORIENTED_EDGE('',*,*,#1721,.F.);
#2225=ORIENTED_EDGE('',*,*,#1722,.F.);
#2226=ORIENTED_EDGE('',*,*,#1723,.F.);
#2227=ORIENTED_EDGE('',*,*,#1724,.F.);
#2228=ORIENTED_EDGE('',*,*,#1705,.F.);
#2229=ORIENTED_EDGE('',*,*,#1689,.T.);
#2230=ORIENTED_EDGE('',*,*,#1725,.T.);
#2231=ORIENTED_EDGE('',*,*,#1712,.F.);
#2232=ORIENTED_EDGE('',*,*,#1688,.F.);
#2233=ORIENTED_EDGE('',*,*,#1726,.F.);
#2234=ORIENTED_EDGE('',*,*,#1727,.T.);
#2235=ORIENTED_EDGE('',*,*,#1728,.F.);
#2236=ORIENTED_EDGE('',*,*,#1729,.F.);
#2237=ORIENTED_EDGE('',*,*,#1730,.F.);
#2238=ORIENTED_EDGE('',*,*,#1731,.F.);
#2239=ORIENTED_EDGE('',*,*,#1732,.T.);
#2240=ORIENTED_EDGE('',*,*,#1713,.F.);
#2241=ORIENTED_EDGE('',*,*,#1725,.F.);
#2242=ORIENTED_EDGE('',*,*,#1691,.F.);
#2243=ORIENTED_EDGE('',*,*,#1733,.F.);
#2244=ORIENTED_EDGE('',*,*,#1734,.F.);
#2245=ORIENTED_EDGE('',*,*,#1726,.T.);
#2246=ORIENTED_EDGE('',*,*,#1707,.F.);
#2247=ORIENTED_EDGE('',*,*,#1735,.T.);
#2248=ORIENTED_EDGE('',*,*,#1736,.F.);
#2249=ORIENTED_EDGE('',*,*,#1733,.T.);
#2250=ORIENTED_EDGE('',*,*,#1737,.F.);
#2251=ORIENTED_EDGE('',*,*,#1738,.F.);
#2252=ORIENTED_EDGE('',*,*,#1739,.F.);
#2253=ORIENTED_EDGE('',*,*,#1740,.T.);
#2254=ORIENTED_EDGE('',*,*,#1741,.T.);
#2255=ORIENTED_EDGE('',*,*,#1738,.T.);
#2256=ORIENTED_EDGE('',*,*,#1719,.T.);
#2257=ORIENTED_EDGE('',*,*,#1742,.T.);
#2258=ORIENTED_EDGE('',*,*,#1743,.T.);
#2259=ORIENTED_EDGE('',*,*,#1740,.F.);
#2260=ORIENTED_EDGE('',*,*,#1744,.T.);
#2261=ORIENTED_EDGE('',*,*,#1745,.T.);
#2262=ORIENTED_EDGE('',*,*,#1746,.T.);
#2263=ORIENTED_EDGE('',*,*,#1742,.F.);
#2264=ORIENTED_EDGE('',*,*,#1747,.T.);
#2265=ORIENTED_EDGE('',*,*,#1748,.T.);
#2266=ORIENTED_EDGE('',*,*,#1749,.T.);
#2267=ORIENTED_EDGE('',*,*,#1745,.F.);
#2268=ORIENTED_EDGE('',*,*,#1750,.T.);
#2269=ORIENTED_EDGE('',*,*,#1751,.T.);
#2270=ORIENTED_EDGE('',*,*,#1752,.T.);
#2271=ORIENTED_EDGE('',*,*,#1748,.F.);
#2272=ORIENTED_EDGE('',*,*,#1753,.T.);
#2273=ORIENTED_EDGE('',*,*,#1754,.T.);
#2274=ORIENTED_EDGE('',*,*,#1755,.T.);
#2275=ORIENTED_EDGE('',*,*,#1751,.F.);
#2276=ORIENTED_EDGE('',*,*,#1756,.T.);
#2277=ORIENTED_EDGE('',*,*,#1757,.T.);
#2278=ORIENTED_EDGE('',*,*,#1758,.T.);
#2279=ORIENTED_EDGE('',*,*,#1754,.F.);
#2280=ORIENTED_EDGE('',*,*,#1759,.T.);
#2281=ORIENTED_EDGE('',*,*,#1760,.T.);
#2282=ORIENTED_EDGE('',*,*,#1761,.T.);
#2283=ORIENTED_EDGE('',*,*,#1739,.T.);
#2284=ORIENTED_EDGE('',*,*,#1762,.T.);
#2285=ORIENTED_EDGE('',*,*,#1763,.T.);
#2286=ORIENTED_EDGE('',*,*,#1720,.T.);
#2287=ORIENTED_EDGE('',*,*,#1737,.T.);
#2288=ORIENTED_EDGE('',*,*,#1764,.T.);
#2289=ORIENTED_EDGE('',*,*,#1765,.T.);
#2290=ORIENTED_EDGE('',*,*,#1766,.T.);
#2291=ORIENTED_EDGE('',*,*,#1767,.T.);
#2292=ORIENTED_EDGE('',*,*,#1722,.T.);
#2293=ORIENTED_EDGE('',*,*,#1767,.F.);
#2294=ORIENTED_EDGE('',*,*,#1768,.T.);
#2295=ORIENTED_EDGE('',*,*,#1723,.T.);
#2296=ORIENTED_EDGE('',*,*,#1765,.F.);
#2297=ORIENTED_EDGE('',*,*,#1721,.T.);
#2298=ORIENTED_EDGE('',*,*,#1763,.F.);
#2299=ORIENTED_EDGE('',*,*,#1769,.T.);
#2300=ORIENTED_EDGE('',*,*,#1770,.T.);
#2301=ORIENTED_EDGE('',*,*,#1771,.T.);
#2302=ORIENTED_EDGE('',*,*,#1772,.T.);
#2303=ORIENTED_EDGE('',*,*,#1773,.T.);
#2304=ORIENTED_EDGE('',*,*,#1772,.F.);
#2305=ORIENTED_EDGE('',*,*,#1774,.T.);
#2306=ORIENTED_EDGE('',*,*,#1775,.T.);
#2307=ORIENTED_EDGE('',*,*,#1776,.T.);
#2308=ORIENTED_EDGE('',*,*,#1775,.F.);
#2309=ORIENTED_EDGE('',*,*,#1777,.T.);
#2310=ORIENTED_EDGE('',*,*,#1778,.T.);
#2311=ORIENTED_EDGE('',*,*,#1770,.F.);
#2312=ORIENTED_EDGE('',*,*,#1779,.T.);
#2313=ORIENTED_EDGE('',*,*,#1760,.F.);
#2314=ORIENTED_EDGE('',*,*,#1780,.T.);
#2315=ORIENTED_EDGE('',*,*,#1781,.T.);
#2316=ORIENTED_EDGE('',*,*,#1782,.T.);
#2317=ORIENTED_EDGE('',*,*,#1783,.T.);
#2318=ORIENTED_EDGE('',*,*,#1784,.T.);
#2319=ORIENTED_EDGE('',*,*,#1781,.F.);
#2320=ORIENTED_EDGE('',*,*,#1785,.T.);
#2321=ORIENTED_EDGE('',*,*,#1757,.F.);
#2322=ORIENTED_EDGE('',*,*,#1773,.F.);
#2323=ORIENTED_EDGE('',*,*,#1786,.T.);
#2324=ORIENTED_EDGE('',*,*,#1787,.T.);
#2325=ORIENTED_EDGE('',*,*,#1788,.F.);
#2326=ORIENTED_EDGE('',*,*,#1779,.F.);
#2327=ORIENTED_EDGE('',*,*,#1788,.T.);
#2328=ORIENTED_EDGE('',*,*,#1789,.T.);
#2329=ORIENTED_EDGE('',*,*,#1790,.T.);
#2330=ORIENTED_EDGE('',*,*,#1769,.F.);
#2331=ORIENTED_EDGE('',*,*,#1791,.T.);
#2332=ORIENTED_EDGE('',*,*,#1776,.F.);
#2333=ORIENTED_EDGE('',*,*,#1778,.F.);
#2334=ORIENTED_EDGE('',*,*,#1792,.T.);
#2335=ORIENTED_EDGE('',*,*,#1786,.F.);
#2336=ORIENTED_EDGE('',*,*,#1681,.F.);
#2337=ORIENTED_EDGE('',*,*,#1793,.F.);
#2338=ORIENTED_EDGE('',*,*,#1777,.F.);
#2339=ORIENTED_EDGE('',*,*,#1794,.T.);
#2340=ORIENTED_EDGE('',*,*,#1795,.F.);
#2341=ORIENTED_EDGE('',*,*,#1796,.T.);
#2342=ORIENTED_EDGE('',*,*,#1797,.T.);
#2343=ORIENTED_EDGE('',*,*,#1798,.T.);
#2344=ORIENTED_EDGE('',*,*,#1684,.F.);
#2345=ORIENTED_EDGE('',*,*,#1798,.F.);
#2346=ORIENTED_EDGE('',*,*,#1799,.F.);
#2347=ORIENTED_EDGE('',*,*,#1800,.F.);
#2348=ORIENTED_EDGE('',*,*,#1801,.F.);
#2349=ORIENTED_EDGE('',*,*,#1802,.F.);
#2350=ORIENTED_EDGE('',*,*,#1803,.F.);
#2351=ORIENTED_EDGE('',*,*,#1804,.F.);
#2352=ORIENTED_EDGE('',*,*,#1805,.F.);
#2353=ORIENTED_EDGE('',*,*,#1806,.F.);
#2354=ORIENTED_EDGE('',*,*,#1807,.F.);
#2355=ORIENTED_EDGE('',*,*,#1808,.F.);
#2356=ORIENTED_EDGE('',*,*,#1809,.F.);
#2357=ORIENTED_EDGE('',*,*,#1794,.F.);
#2358=ORIENTED_EDGE('',*,*,#1774,.F.);
#2359=ORIENTED_EDGE('',*,*,#1771,.F.);
#2360=ORIENTED_EDGE('',*,*,#1780,.F.);
#2361=ORIENTED_EDGE('',*,*,#1762,.F.);
#2362=ORIENTED_EDGE('',*,*,#1741,.F.);
#2363=ORIENTED_EDGE('',*,*,#1743,.F.);
#2364=ORIENTED_EDGE('',*,*,#1746,.F.);
#2365=ORIENTED_EDGE('',*,*,#1749,.F.);
#2366=ORIENTED_EDGE('',*,*,#1752,.F.);
#2367=ORIENTED_EDGE('',*,*,#1755,.F.);
#2368=ORIENTED_EDGE('',*,*,#1758,.F.);
#2369=ORIENTED_EDGE('',*,*,#1810,.F.);
#2370=ORIENTED_EDGE('',*,*,#1811,.F.);
#2371=ORIENTED_EDGE('',*,*,#1812,.F.);
#2372=ORIENTED_EDGE('',*,*,#1813,.F.);
#2373=ORIENTED_EDGE('',*,*,#1735,.F.);
#2374=ORIENTED_EDGE('',*,*,#1706,.F.);
#2375=ORIENTED_EDGE('',*,*,#1703,.F.);
#2376=ORIENTED_EDGE('',*,*,#1699,.F.);
#2377=ORIENTED_EDGE('',*,*,#1709,.F.);
#2378=ORIENTED_EDGE('',*,*,#1687,.F.);
#2379=ORIENTED_EDGE('',*,*,#1785,.F.);
#2380=ORIENTED_EDGE('',*,*,#1814,.T.);
#2381=ORIENTED_EDGE('',*,*,#1815,.T.);
#2382=ORIENTED_EDGE('',*,*,#1810,.T.);
#2383=ORIENTED_EDGE('',*,*,#1784,.F.);
#2384=ORIENTED_EDGE('',*,*,#1816,.T.);
#2385=ORIENTED_EDGE('',*,*,#1817,.F.);
#2386=ORIENTED_EDGE('',*,*,#1818,.F.);
#2387=ORIENTED_EDGE('',*,*,#1819,.F.);
#2388=ORIENTED_EDGE('',*,*,#1820,.F.);
#2389=ORIENTED_EDGE('',*,*,#1821,.F.);
#2390=ORIENTED_EDGE('',*,*,#1822,.F.);
#2391=ORIENTED_EDGE('',*,*,#1814,.F.);
#2392=ORIENTED_EDGE('',*,*,#1766,.F.);
#2393=ORIENTED_EDGE('',*,*,#1790,.F.);
#2394=ORIENTED_EDGE('',*,*,#1823,.T.);
#2395=ORIENTED_EDGE('',*,*,#1824,.T.);
#2396=ORIENTED_EDGE('',*,*,#1768,.F.);
#2397=ORIENTED_EDGE('',*,*,#1824,.F.);
#2398=ORIENTED_EDGE('',*,*,#1825,.T.);
#2399=ORIENTED_EDGE('',*,*,#1761,.F.);
#2400=ORIENTED_EDGE('',*,*,#1791,.F.);
#2401=ORIENTED_EDGE('',*,*,#1764,.F.);
#2402=ORIENTED_EDGE('',*,*,#1825,.F.);
#2403=ORIENTED_EDGE('',*,*,#1826,.T.);
#2404=ORIENTED_EDGE('',*,*,#1827,.F.);
#2405=ORIENTED_EDGE('',*,*,#1724,.T.);
#2406=ORIENTED_EDGE('',*,*,#1823,.F.);
#2407=ORIENTED_EDGE('',*,*,#1789,.F.);
#2408=ORIENTED_EDGE('',*,*,#1787,.F.);
#2409=ORIENTED_EDGE('',*,*,#1828,.F.);
#2410=ORIENTED_EDGE('',*,*,#1829,.F.);
#2411=ORIENTED_EDGE('',*,*,#1830,.F.);
#2412=ORIENTED_EDGE('',*,*,#1831,.F.);
#2413=ORIENTED_EDGE('',*,*,#1826,.F.);
#2414=ORIENTED_EDGE('',*,*,#1711,.F.);
#2415=ORIENTED_EDGE('',*,*,#1832,.T.);
#2416=ORIENTED_EDGE('',*,*,#1830,.T.);
#2417=ORIENTED_EDGE('',*,*,#1833,.T.);
#2418=ORIENTED_EDGE('',*,*,#1708,.F.);
#2419=ORIENTED_EDGE('',*,*,#1834,.T.);
#2420=ORIENTED_EDGE('',*,*,#1686,.F.);
#2421=ORIENTED_EDGE('',*,*,#1833,.F.);
#2422=ORIENTED_EDGE('',*,*,#1829,.T.);
#2423=ORIENTED_EDGE('',*,*,#1835,.T.);
#2424=ORIENTED_EDGE('',*,*,#1683,.F.);
#2425=ORIENTED_EDGE('',*,*,#1835,.F.);
#2426=ORIENTED_EDGE('',*,*,#1836,.T.);
#2427=ORIENTED_EDGE('',*,*,#1680,.F.);
#2428=ORIENTED_EDGE('',*,*,#1678,.F.);
#2429=ORIENTED_EDGE('',*,*,#1837,.T.);
#2430=ORIENTED_EDGE('',*,*,#1831,.T.);
#2431=ORIENTED_EDGE('',*,*,#1832,.F.);
#2432=ORIENTED_EDGE('',*,*,#1675,.F.);
#2433=ORIENTED_EDGE('',*,*,#1827,.T.);
#2434=ORIENTED_EDGE('',*,*,#1837,.F.);
#2435=ORIENTED_EDGE('',*,*,#1792,.F.);
#2436=ORIENTED_EDGE('',*,*,#1793,.T.);
#2437=ORIENTED_EDGE('',*,*,#1836,.F.);
#2438=ORIENTED_EDGE('',*,*,#1828,.T.);
#2439=ORIENTED_EDGE('',*,*,#1696,.F.);
#2440=ORIENTED_EDGE('',*,*,#1834,.F.);
#2441=ORIENTED_EDGE('',*,*,#1700,.F.);
#2442=ORIENTED_EDGE('',*,*,#1838,.F.);
#2443=ORIENTED_EDGE('',*,*,#1839,.T.);
#2444=ORIENTED_EDGE('',*,*,#1840,.T.);
#2445=ORIENTED_EDGE('',*,*,#1841,.T.);
#2446=ORIENTED_EDGE('',*,*,#1841,.F.);
#2447=ORIENTED_EDGE('',*,*,#1842,.T.);
#2448=ORIENTED_EDGE('',*,*,#1843,.F.);
#2449=ORIENTED_EDGE('',*,*,#1844,.T.);
#2450=ORIENTED_EDGE('',*,*,#1845,.F.);
#2451=ORIENTED_EDGE('',*,*,#1846,.F.);
#2452=ORIENTED_EDGE('',*,*,#1816,.F.);
#2453=ORIENTED_EDGE('',*,*,#1783,.F.);
#2454=ORIENTED_EDGE('',*,*,#1847,.F.);
#2455=ORIENTED_EDGE('',*,*,#1848,.F.);
#2456=ORIENTED_EDGE('',*,*,#1849,.F.);
#2457=ORIENTED_EDGE('',*,*,#1850,.F.);
#2458=ORIENTED_EDGE('',*,*,#1851,.F.);
#2459=ORIENTED_EDGE('',*,*,#1852,.F.);
#2460=ORIENTED_EDGE('',*,*,#1853,.F.);
#2461=ORIENTED_EDGE('',*,*,#1854,.F.);
#2462=ORIENTED_EDGE('',*,*,#1855,.F.);
#2463=ORIENTED_EDGE('',*,*,#1856,.F.);
#2464=ORIENTED_EDGE('',*,*,#1857,.F.);
#2465=ORIENTED_EDGE('',*,*,#1858,.F.);
#2466=ORIENTED_EDGE('',*,*,#1715,.F.);
#2467=ORIENTED_EDGE('',*,*,#1846,.T.);
#2468=ORIENTED_EDGE('',*,*,#1859,.T.);
#2469=ORIENTED_EDGE('',*,*,#1860,.F.);
#2470=ORIENTED_EDGE('',*,*,#1817,.T.);
#2471=ORIENTED_EDGE('',*,*,#1845,.T.);
#2472=ORIENTED_EDGE('',*,*,#1861,.T.);
#2473=ORIENTED_EDGE('',*,*,#1862,.F.);
#2474=ORIENTED_EDGE('',*,*,#1863,.F.);
#2475=ORIENTED_EDGE('',*,*,#1864,.F.);
#2476=ORIENTED_EDGE('',*,*,#1865,.F.);
#2477=ORIENTED_EDGE('',*,*,#1866,.F.);
#2478=ORIENTED_EDGE('',*,*,#1867,.F.);
#2479=ORIENTED_EDGE('',*,*,#1859,.F.);
#2480=ORIENTED_EDGE('',*,*,#1849,.T.);
#2481=ORIENTED_EDGE('',*,*,#1868,.T.);
#2482=ORIENTED_EDGE('',*,*,#1869,.F.);
#2483=ORIENTED_EDGE('',*,*,#1870,.T.);
#2484=ORIENTED_EDGE('',*,*,#1848,.T.);
#2485=ORIENTED_EDGE('',*,*,#1871,.T.);
#2486=ORIENTED_EDGE('',*,*,#1872,.F.);
#2487=ORIENTED_EDGE('',*,*,#1873,.F.);
#2488=ORIENTED_EDGE('',*,*,#1874,.F.);
#2489=ORIENTED_EDGE('',*,*,#1875,.F.);
#2490=ORIENTED_EDGE('',*,*,#1876,.F.);
#2491=ORIENTED_EDGE('',*,*,#1877,.F.);
#2492=ORIENTED_EDGE('',*,*,#1868,.F.);
#2493=ORIENTED_EDGE('',*,*,#1878,.T.);
#2494=ORIENTED_EDGE('',*,*,#1852,.T.);
#2495=ORIENTED_EDGE('',*,*,#1879,.F.);
#2496=ORIENTED_EDGE('',*,*,#1880,.F.);
#2497=ORIENTED_EDGE('',*,*,#1881,.F.);
#2498=ORIENTED_EDGE('',*,*,#1882,.F.);
#2499=ORIENTED_EDGE('',*,*,#1883,.F.);
#2500=ORIENTED_EDGE('',*,*,#1884,.F.);
#2501=ORIENTED_EDGE('',*,*,#1885,.F.);
#2502=ORIENTED_EDGE('',*,*,#1857,.T.);
#2503=ORIENTED_EDGE('',*,*,#1886,.T.);
#2504=ORIENTED_EDGE('',*,*,#1887,.F.);
#2505=ORIENTED_EDGE('',*,*,#1888,.T.);
#2506=ORIENTED_EDGE('',*,*,#1856,.T.);
#2507=ORIENTED_EDGE('',*,*,#1714,.T.);
#2508=ORIENTED_EDGE('',*,*,#1732,.F.);
#2509=ORIENTED_EDGE('',*,*,#1889,.F.);
#2510=ORIENTED_EDGE('',*,*,#1890,.F.);
#2511=ORIENTED_EDGE('',*,*,#1838,.T.);
#2512=ORIENTED_EDGE('',*,*,#1844,.F.);
#2513=ORIENTED_EDGE('',*,*,#1891,.F.);
#2514=ORIENTED_EDGE('',*,*,#1886,.F.);
#2515=ORIENTED_EDGE('',*,*,#1867,.T.);
#2516=ORIENTED_EDGE('',*,*,#1892,.T.);
#2517=ORIENTED_EDGE('',*,*,#1818,.T.);
#2518=ORIENTED_EDGE('',*,*,#1860,.T.);
#2519=ORIENTED_EDGE('',*,*,#1880,.T.);
#2520=ORIENTED_EDGE('',*,*,#1893,.T.);
#2521=ORIENTED_EDGE('',*,*,#1894,.T.);
#2522=ORIENTED_EDGE('',*,*,#1895,.T.);
#2523=ORIENTED_EDGE('',*,*,#1891,.T.);
#2524=ORIENTED_EDGE('',*,*,#1843,.T.);
#2525=ORIENTED_EDGE('',*,*,#1896,.T.);
#2526=ORIENTED_EDGE('',*,*,#1887,.T.);
#2527=ORIENTED_EDGE('',*,*,#1877,.T.);
#2528=ORIENTED_EDGE('',*,*,#1897,.T.);
#2529=ORIENTED_EDGE('',*,*,#1898,.T.);
#2530=ORIENTED_EDGE('',*,*,#1869,.T.);
#2531=ORIENTED_EDGE('',*,*,#1899,.F.);
#2532=ORIENTED_EDGE('',*,*,#1900,.F.);
#2533=ORIENTED_EDGE('',*,*,#1901,.F.);
#2534=ORIENTED_EDGE('',*,*,#1902,.F.);
#2535=ORIENTED_EDGE('',*,*,#1890,.T.);
#2536=ORIENTED_EDGE('',*,*,#1903,.T.);
#2537=ORIENTED_EDGE('',*,*,#1904,.T.);
#2538=ORIENTED_EDGE('',*,*,#1905,.T.);
#2539=ORIENTED_EDGE('',*,*,#1906,.F.);
#2540=ORIENTED_EDGE('',*,*,#1907,.F.);
#2541=ORIENTED_EDGE('',*,*,#1908,.F.);
#2542=ORIENTED_EDGE('',*,*,#1864,.T.);
#2543=ORIENTED_EDGE('',*,*,#1909,.T.);
#2544=ORIENTED_EDGE('',*,*,#1910,.T.);
#2545=ORIENTED_EDGE('',*,*,#1911,.T.);
#2546=ORIENTED_EDGE('',*,*,#1912,.T.);
#2547=ORIENTED_EDGE('',*,*,#1913,.F.);
#2548=ORIENTED_EDGE('',*,*,#1874,.T.);
#2549=ORIENTED_EDGE('',*,*,#1914,.T.);
#2550=ORIENTED_EDGE('',*,*,#1915,.T.);
#2551=ORIENTED_EDGE('',*,*,#1883,.T.);
#2552=ORIENTED_EDGE('',*,*,#1916,.F.);
#2553=ORIENTED_EDGE('',*,*,#1917,.T.);
#2554=ORIENTED_EDGE('',*,*,#1918,.T.);
#2555=ORIENTED_EDGE('',*,*,#1919,.T.);
#2556=ORIENTED_EDGE('',*,*,#1920,.T.);
#2557=ORIENTED_EDGE('',*,*,#1839,.F.);
#2558=ORIENTED_EDGE('',*,*,#1921,.T.);
#2559=ORIENTED_EDGE('',*,*,#1922,.T.);
#2560=ORIENTED_EDGE('',*,*,#1923,.T.);
#2561=ORIENTED_EDGE('',*,*,#1924,.T.);
#2562=ORIENTED_EDGE('',*,*,#1925,.T.);
#2563=ORIENTED_EDGE('',*,*,#1926,.T.);
#2564=ORIENTED_EDGE('',*,*,#1927,.T.);
#2565=ORIENTED_EDGE('',*,*,#1928,.T.);
#2566=ORIENTED_EDGE('',*,*,#1929,.T.);
#2567=ORIENTED_EDGE('',*,*,#1930,.T.);
#2568=ORIENTED_EDGE('',*,*,#1931,.T.);
#2569=ORIENTED_EDGE('',*,*,#1932,.T.);
#2570=ORIENTED_EDGE('',*,*,#1923,.F.);
#2571=ORIENTED_EDGE('',*,*,#1899,.T.);
#2572=ORIENTED_EDGE('',*,*,#1931,.F.);
#2573=ORIENTED_EDGE('',*,*,#1933,.T.);
#2574=ORIENTED_EDGE('',*,*,#1928,.F.);
#2575=ORIENTED_EDGE('',*,*,#1934,.T.);
#2576=ORIENTED_EDGE('',*,*,#1932,.F.);
#2577=ORIENTED_EDGE('',*,*,#1902,.T.);
#2578=ORIENTED_EDGE('',*,*,#1925,.F.);
#2579=ORIENTED_EDGE('',*,*,#1935,.T.);
#2580=ORIENTED_EDGE('',*,*,#1929,.F.);
#2581=ORIENTED_EDGE('',*,*,#1901,.T.);
#2582=ORIENTED_EDGE('',*,*,#1922,.F.);
#2583=ORIENTED_EDGE('',*,*,#1936,.T.);
#2584=ORIENTED_EDGE('',*,*,#1926,.F.);
#2585=ORIENTED_EDGE('',*,*,#1900,.T.);
#2586=ORIENTED_EDGE('',*,*,#1936,.F.);
#2587=ORIENTED_EDGE('',*,*,#1937,.T.);
#2588=ORIENTED_EDGE('',*,*,#1938,.F.);
#2589=ORIENTED_EDGE('',*,*,#1939,.F.);
#2590=ORIENTED_EDGE('',*,*,#1921,.F.);
#2591=ORIENTED_EDGE('',*,*,#1940,.T.);
#2592=ORIENTED_EDGE('',*,*,#1941,.F.);
#2593=ORIENTED_EDGE('',*,*,#1937,.F.);
#2594=ORIENTED_EDGE('',*,*,#1933,.F.);
#2595=ORIENTED_EDGE('',*,*,#1942,.T.);
#2596=ORIENTED_EDGE('',*,*,#1943,.F.);
#2597=ORIENTED_EDGE('',*,*,#1940,.F.);
#2598=ORIENTED_EDGE('',*,*,#1930,.F.);
#2599=ORIENTED_EDGE('',*,*,#1944,.T.);
#2600=ORIENTED_EDGE('',*,*,#1945,.F.);
#2601=ORIENTED_EDGE('',*,*,#1942,.F.);
#2602=ORIENTED_EDGE('',*,*,#1946,.T.);
#2603=ORIENTED_EDGE('',*,*,#1947,.T.);
#2604=ORIENTED_EDGE('',*,*,#1865,.T.);
#2605=ORIENTED_EDGE('',*,*,#1908,.T.);
#2606=ORIENTED_EDGE('',*,*,#1820,.T.);
#2607=ORIENTED_EDGE('',*,*,#1948,.T.);
#2608=ORIENTED_EDGE('',*,*,#1946,.F.);
#2609=ORIENTED_EDGE('',*,*,#1949,.T.);
#2610=ORIENTED_EDGE('',*,*,#1821,.T.);
#2611=ORIENTED_EDGE('',*,*,#1949,.F.);
#2612=ORIENTED_EDGE('',*,*,#1907,.T.);
#2613=ORIENTED_EDGE('',*,*,#1950,.F.);
#2614=ORIENTED_EDGE('',*,*,#1951,.T.);
#2615=ORIENTED_EDGE('',*,*,#1952,.T.);
#2616=ORIENTED_EDGE('',*,*,#1953,.T.);
#2617=ORIENTED_EDGE('',*,*,#1875,.T.);
#2618=ORIENTED_EDGE('',*,*,#1913,.T.);
#2619=ORIENTED_EDGE('',*,*,#1953,.F.);
#2620=ORIENTED_EDGE('',*,*,#1954,.T.);
#2621=ORIENTED_EDGE('',*,*,#1897,.F.);
#2622=ORIENTED_EDGE('',*,*,#1876,.T.);
#2623=ORIENTED_EDGE('',*,*,#1882,.T.);
#2624=ORIENTED_EDGE('',*,*,#1955,.T.);
#2625=ORIENTED_EDGE('',*,*,#1956,.T.);
#2626=ORIENTED_EDGE('',*,*,#1916,.T.);
#2627=ORIENTED_EDGE('',*,*,#1955,.F.);
#2628=ORIENTED_EDGE('',*,*,#1881,.T.);
#2629=ORIENTED_EDGE('',*,*,#1895,.F.);
#2630=ORIENTED_EDGE('',*,*,#1957,.T.);
#2631=ORIENTED_EDGE('',*,*,#1958,.T.);
#2632=ORIENTED_EDGE('',*,*,#1959,.T.);
#2633=ORIENTED_EDGE('',*,*,#1960,.T.);
#2634=ORIENTED_EDGE('',*,*,#1961,.T.);
#2635=ORIENTED_EDGE('',*,*,#1962,.T.);
#2636=ORIENTED_EDGE('',*,*,#1963,.T.);
#2637=ORIENTED_EDGE('',*,*,#1964,.T.);
#2638=ORIENTED_EDGE('',*,*,#1965,.T.);
#2639=ORIENTED_EDGE('',*,*,#1966,.T.);
#2640=ORIENTED_EDGE('',*,*,#1967,.T.);
#2641=ORIENTED_EDGE('',*,*,#1968,.T.);
#2642=ORIENTED_EDGE('',*,*,#1969,.T.);
#2643=ORIENTED_EDGE('',*,*,#1970,.T.);
#2644=ORIENTED_EDGE('',*,*,#1971,.T.);
#2645=ORIENTED_EDGE('',*,*,#1795,.T.);
#2646=ORIENTED_EDGE('',*,*,#1809,.T.);
#2647=ORIENTED_EDGE('',*,*,#1972,.T.);
#2648=ORIENTED_EDGE('',*,*,#1799,.T.);
#2649=ORIENTED_EDGE('',*,*,#1797,.F.);
#2650=ORIENTED_EDGE('',*,*,#1973,.T.);
#2651=ORIENTED_EDGE('',*,*,#1974,.T.);
#2652=ORIENTED_EDGE('',*,*,#1800,.T.);
#2653=ORIENTED_EDGE('',*,*,#1972,.F.);
#2654=ORIENTED_EDGE('',*,*,#1975,.T.);
#2655=ORIENTED_EDGE('',*,*,#1976,.T.);
#2656=ORIENTED_EDGE('',*,*,#1801,.T.);
#2657=ORIENTED_EDGE('',*,*,#1974,.F.);
#2658=ORIENTED_EDGE('',*,*,#1977,.T.);
#2659=ORIENTED_EDGE('',*,*,#1968,.F.);
#2660=ORIENTED_EDGE('',*,*,#1802,.T.);
#2661=ORIENTED_EDGE('',*,*,#1976,.F.);
#2662=ORIENTED_EDGE('',*,*,#1978,.T.);
#2663=ORIENTED_EDGE('',*,*,#1958,.F.);
#2664=ORIENTED_EDGE('',*,*,#1979,.T.);
#2665=ORIENTED_EDGE('',*,*,#1980,.T.);
#2666=ORIENTED_EDGE('',*,*,#1806,.T.);
#2667=ORIENTED_EDGE('',*,*,#1981,.T.);
#2668=ORIENTED_EDGE('',*,*,#1807,.T.);
#2669=ORIENTED_EDGE('',*,*,#1980,.F.);
#2670=ORIENTED_EDGE('',*,*,#1982,.T.);
#2671=ORIENTED_EDGE('',*,*,#1981,.F.);
#2672=ORIENTED_EDGE('',*,*,#1983,.T.);
#2673=ORIENTED_EDGE('',*,*,#1970,.F.);
#2674=ORIENTED_EDGE('',*,*,#1808,.T.);
#2675=ORIENTED_EDGE('',*,*,#1965,.F.);
#2676=ORIENTED_EDGE('',*,*,#1803,.T.);
#2677=ORIENTED_EDGE('',*,*,#1967,.F.);
#2678=ORIENTED_EDGE('',*,*,#1984,.T.);
#2679=ORIENTED_EDGE('',*,*,#1962,.F.);
#2680=ORIENTED_EDGE('',*,*,#1804,.T.);
#2681=ORIENTED_EDGE('',*,*,#1964,.F.);
#2682=ORIENTED_EDGE('',*,*,#1985,.T.);
#2683=ORIENTED_EDGE('',*,*,#1959,.F.);
#2684=ORIENTED_EDGE('',*,*,#1805,.T.);
#2685=ORIENTED_EDGE('',*,*,#1961,.F.);
#2686=ORIENTED_EDGE('',*,*,#1986,.T.);
#2687=ORIENTED_EDGE('',*,*,#1984,.F.);
#2688=ORIENTED_EDGE('',*,*,#1987,.F.);
#2689=ORIENTED_EDGE('',*,*,#1988,.F.);
#2690=ORIENTED_EDGE('',*,*,#1989,.F.);
#2691=ORIENTED_EDGE('',*,*,#1969,.F.);
#2692=ORIENTED_EDGE('',*,*,#1990,.T.);
#2693=ORIENTED_EDGE('',*,*,#1991,.F.);
#2694=ORIENTED_EDGE('',*,*,#1992,.F.);
#2695=ORIENTED_EDGE('',*,*,#1987,.T.);
#2696=ORIENTED_EDGE('',*,*,#1978,.F.);
#2697=ORIENTED_EDGE('',*,*,#1993,.F.);
#2698=ORIENTED_EDGE('',*,*,#1994,.F.);
#2699=ORIENTED_EDGE('',*,*,#1995,.F.);
#2700=ORIENTED_EDGE('',*,*,#1996,.F.);
#2701=ORIENTED_EDGE('',*,*,#1990,.F.);
#2702=ORIENTED_EDGE('',*,*,#1977,.F.);
#2703=ORIENTED_EDGE('',*,*,#1997,.T.);
#2704=ORIENTED_EDGE('',*,*,#1998,.F.);
#2705=ORIENTED_EDGE('',*,*,#1993,.T.);
#2706=ORIENTED_EDGE('',*,*,#1975,.F.);
#2707=ORIENTED_EDGE('',*,*,#1999,.F.);
#2708=ORIENTED_EDGE('',*,*,#2000,.F.);
#2709=ORIENTED_EDGE('',*,*,#1997,.F.);
#2710=ORIENTED_EDGE('',*,*,#1973,.F.);
#2711=ORIENTED_EDGE('',*,*,#2001,.T.);
#2712=ORIENTED_EDGE('',*,*,#2002,.F.);
#2713=ORIENTED_EDGE('',*,*,#1999,.T.);
#2714=ORIENTED_EDGE('',*,*,#1796,.F.);
#2715=ORIENTED_EDGE('',*,*,#2003,.F.);
#2716=ORIENTED_EDGE('',*,*,#2004,.F.);
#2717=ORIENTED_EDGE('',*,*,#2001,.F.);
#2718=ORIENTED_EDGE('',*,*,#1971,.F.);
#2719=ORIENTED_EDGE('',*,*,#2005,.T.);
#2720=ORIENTED_EDGE('',*,*,#2006,.F.);
#2721=ORIENTED_EDGE('',*,*,#2003,.T.);
#2722=ORIENTED_EDGE('',*,*,#2007,.T.);
#2723=ORIENTED_EDGE('',*,*,#1994,.T.);
#2724=ORIENTED_EDGE('',*,*,#2008,.T.);
#2725=ORIENTED_EDGE('',*,*,#2009,.T.);
#2726=ORIENTED_EDGE('',*,*,#2008,.F.);
#2727=ORIENTED_EDGE('',*,*,#1998,.T.);
#2728=ORIENTED_EDGE('',*,*,#2010,.T.);
#2729=ORIENTED_EDGE('',*,*,#2011,.T.);
#2730=ORIENTED_EDGE('',*,*,#2012,.T.);
#2731=ORIENTED_EDGE('',*,*,#2013,.T.);
#2732=ORIENTED_EDGE('',*,*,#2010,.F.);
#2733=ORIENTED_EDGE('',*,*,#2000,.T.);
#2734=ORIENTED_EDGE('',*,*,#2012,.F.);
#2735=ORIENTED_EDGE('',*,*,#2002,.T.);
#2736=ORIENTED_EDGE('',*,*,#2014,.T.);
#2737=ORIENTED_EDGE('',*,*,#2015,.T.);
#2738=ORIENTED_EDGE('',*,*,#2016,.T.);
#2739=ORIENTED_EDGE('',*,*,#2017,.T.);
#2740=ORIENTED_EDGE('',*,*,#2014,.F.);
#2741=ORIENTED_EDGE('',*,*,#2004,.T.);
#2742=ORIENTED_EDGE('',*,*,#2016,.F.);
#2743=ORIENTED_EDGE('',*,*,#2006,.T.);
#2744=ORIENTED_EDGE('',*,*,#2018,.T.);
#2745=ORIENTED_EDGE('',*,*,#2019,.T.);
#2746=ORIENTED_EDGE('',*,*,#2020,.T.);
#2747=ORIENTED_EDGE('',*,*,#2021,.T.);
#2748=ORIENTED_EDGE('',*,*,#2018,.F.);
#2749=ORIENTED_EDGE('',*,*,#2022,.T.);
#2750=ORIENTED_EDGE('',*,*,#2020,.F.);
#2751=ORIENTED_EDGE('',*,*,#2023,.T.);
#2752=ORIENTED_EDGE('',*,*,#2024,.T.);
#2753=ORIENTED_EDGE('',*,*,#2025,.T.);
#2754=ORIENTED_EDGE('',*,*,#2026,.T.);
#2755=ORIENTED_EDGE('',*,*,#2027,.T.);
#2756=ORIENTED_EDGE('',*,*,#2024,.F.);
#2757=ORIENTED_EDGE('',*,*,#2028,.T.);
#2758=ORIENTED_EDGE('',*,*,#1979,.F.);
#2759=ORIENTED_EDGE('',*,*,#2029,.F.);
#2760=ORIENTED_EDGE('',*,*,#2030,.F.);
#2761=ORIENTED_EDGE('',*,*,#2031,.F.);
#2762=ORIENTED_EDGE('',*,*,#2028,.F.);
#2763=ORIENTED_EDGE('',*,*,#2032,.F.);
#2764=ORIENTED_EDGE('',*,*,#1982,.F.);
#2765=ORIENTED_EDGE('',*,*,#2032,.T.);
#2766=ORIENTED_EDGE('',*,*,#2023,.F.);
#2767=ORIENTED_EDGE('',*,*,#2033,.T.);
#2768=ORIENTED_EDGE('',*,*,#1983,.F.);
#2769=ORIENTED_EDGE('',*,*,#2033,.F.);
#2770=ORIENTED_EDGE('',*,*,#2022,.F.);
#2771=ORIENTED_EDGE('',*,*,#2005,.F.);
#2772=ORIENTED_EDGE('',*,*,#1729,.T.);
#2773=ORIENTED_EDGE('',*,*,#2034,.T.);
#2774=ORIENTED_EDGE('',*,*,#2035,.F.);
#2775=ORIENTED_EDGE('',*,*,#1905,.F.);
#2776=ORIENTED_EDGE('',*,*,#2036,.T.);
#2777=ORIENTED_EDGE('',*,*,#1727,.F.);
#2778=ORIENTED_EDGE('',*,*,#1734,.T.);
#2779=ORIENTED_EDGE('',*,*,#2037,.F.);
#2780=ORIENTED_EDGE('',*,*,#2038,.T.);
#2781=ORIENTED_EDGE('',*,*,#2035,.T.);
#2782=ORIENTED_EDGE('',*,*,#2039,.T.);
#2783=ORIENTED_EDGE('',*,*,#1950,.T.);
#2784=ORIENTED_EDGE('',*,*,#1906,.T.);
#2785=ORIENTED_EDGE('',*,*,#1951,.F.);
#2786=ORIENTED_EDGE('',*,*,#2040,.T.);
#2787=ORIENTED_EDGE('',*,*,#2041,.F.);
#2788=ORIENTED_EDGE('',*,*,#1822,.T.);
#2789=ORIENTED_EDGE('',*,*,#2034,.F.);
#2790=ORIENTED_EDGE('',*,*,#1728,.T.);
#2791=ORIENTED_EDGE('',*,*,#2038,.F.);
#2792=ORIENTED_EDGE('',*,*,#2042,.F.);
#2793=ORIENTED_EDGE('',*,*,#2040,.F.);
#2794=ORIENTED_EDGE('',*,*,#2039,.F.);
#2795=ORIENTED_EDGE('',*,*,#2043,.T.);
#2796=ORIENTED_EDGE('',*,*,#1811,.T.);
#2797=ORIENTED_EDGE('',*,*,#1815,.F.);
#2798=ORIENTED_EDGE('',*,*,#2041,.T.);
#2799=ORIENTED_EDGE('',*,*,#2044,.T.);
#2800=ORIENTED_EDGE('',*,*,#1812,.T.);
#2801=ORIENTED_EDGE('',*,*,#2043,.F.);
#2802=ORIENTED_EDGE('',*,*,#2042,.T.);
#2803=ORIENTED_EDGE('',*,*,#1736,.T.);
#2804=ORIENTED_EDGE('',*,*,#1813,.T.);
#2805=ORIENTED_EDGE('',*,*,#2044,.F.);
#2806=ORIENTED_EDGE('',*,*,#2037,.T.);
#2807=ORIENTED_EDGE('',*,*,#1759,.F.);
#2808=ORIENTED_EDGE('',*,*,#2045,.T.);
#2809=ORIENTED_EDGE('',*,*,#2046,.T.);
#2810=ORIENTED_EDGE('',*,*,#1861,.F.);
#2811=ORIENTED_EDGE('',*,*,#1847,.T.);
#2812=ORIENTED_EDGE('',*,*,#1782,.F.);
#2813=ORIENTED_EDGE('',*,*,#2027,.F.);
#2814=ORIENTED_EDGE('',*,*,#2047,.F.);
#2815=ORIENTED_EDGE('',*,*,#2048,.F.);
#2816=ORIENTED_EDGE('',*,*,#2049,.F.);
#2817=ORIENTED_EDGE('',*,*,#2009,.F.);
#2818=ORIENTED_EDGE('',*,*,#2011,.F.);
#2819=ORIENTED_EDGE('',*,*,#2013,.F.);
#2820=ORIENTED_EDGE('',*,*,#2015,.F.);
#2821=ORIENTED_EDGE('',*,*,#2017,.F.);
#2822=ORIENTED_EDGE('',*,*,#2019,.F.);
#2823=ORIENTED_EDGE('',*,*,#2021,.F.);
#2824=ORIENTED_EDGE('',*,*,#2025,.F.);
#2825=ORIENTED_EDGE('',*,*,#1966,.F.);
#2826=ORIENTED_EDGE('',*,*,#1989,.T.);
#2827=ORIENTED_EDGE('',*,*,#2050,.T.);
#2828=ORIENTED_EDGE('',*,*,#2051,.T.);
#2829=ORIENTED_EDGE('',*,*,#2052,.T.);
#2830=ORIENTED_EDGE('',*,*,#1985,.F.);
#2831=ORIENTED_EDGE('',*,*,#2052,.F.);
#2832=ORIENTED_EDGE('',*,*,#2053,.F.);
#2833=ORIENTED_EDGE('',*,*,#2054,.F.);
#2834=ORIENTED_EDGE('',*,*,#2055,.F.);
#2835=ORIENTED_EDGE('',*,*,#2056,.F.);
#2836=ORIENTED_EDGE('',*,*,#2057,.F.);
#2837=ORIENTED_EDGE('',*,*,#2058,.F.);
#2838=ORIENTED_EDGE('',*,*,#1963,.F.);
#2839=ORIENTED_EDGE('',*,*,#2058,.T.);
#2840=ORIENTED_EDGE('',*,*,#2059,.F.);
#2841=ORIENTED_EDGE('',*,*,#2060,.F.);
#2842=ORIENTED_EDGE('',*,*,#2061,.T.);
#2843=ORIENTED_EDGE('',*,*,#1960,.F.);
#2844=ORIENTED_EDGE('',*,*,#2062,.T.);
#2845=ORIENTED_EDGE('',*,*,#2063,.T.);
#2846=ORIENTED_EDGE('',*,*,#2064,.T.);
#2847=ORIENTED_EDGE('',*,*,#2029,.T.);
#2848=ORIENTED_EDGE('',*,*,#2065,.T.);
#2849=ORIENTED_EDGE('',*,*,#2066,.T.);
#2850=ORIENTED_EDGE('',*,*,#2067,.T.);
#2851=ORIENTED_EDGE('',*,*,#2068,.T.);
#2852=ORIENTED_EDGE('',*,*,#2069,.T.);
#2853=ORIENTED_EDGE('',*,*,#2070,.T.);
#2854=ORIENTED_EDGE('',*,*,#2065,.F.);
#2855=ORIENTED_EDGE('',*,*,#2071,.T.);
#2856=ORIENTED_EDGE('',*,*,#2072,.T.);
#2857=ORIENTED_EDGE('',*,*,#2073,.T.);
#2858=ORIENTED_EDGE('',*,*,#2069,.F.);
#2859=ORIENTED_EDGE('',*,*,#2074,.T.);
#2860=ORIENTED_EDGE('',*,*,#2075,.T.);
#2861=ORIENTED_EDGE('',*,*,#2076,.T.);
#2862=ORIENTED_EDGE('',*,*,#2072,.F.);
#2863=ORIENTED_EDGE('',*,*,#1938,.T.);
#2864=ORIENTED_EDGE('',*,*,#2077,.T.);
#2865=ORIENTED_EDGE('',*,*,#2078,.T.);
#2866=ORIENTED_EDGE('',*,*,#2075,.F.);
#2867=ORIENTED_EDGE('',*,*,#1941,.T.);
#2868=ORIENTED_EDGE('',*,*,#2079,.T.);
#2869=ORIENTED_EDGE('',*,*,#2080,.T.);
#2870=ORIENTED_EDGE('',*,*,#2077,.F.);
#2871=ORIENTED_EDGE('',*,*,#1943,.T.);
#2872=ORIENTED_EDGE('',*,*,#2081,.T.);
#2873=ORIENTED_EDGE('',*,*,#2082,.T.);
#2874=ORIENTED_EDGE('',*,*,#2079,.F.);
#2875=ORIENTED_EDGE('',*,*,#1945,.T.);
#2876=ORIENTED_EDGE('',*,*,#2067,.F.);
#2877=ORIENTED_EDGE('',*,*,#2083,.T.);
#2878=ORIENTED_EDGE('',*,*,#2081,.F.);
#2879=ORIENTED_EDGE('',*,*,#2084,.T.);
#2880=ORIENTED_EDGE('',*,*,#1924,.F.);
#2881=ORIENTED_EDGE('',*,*,#1939,.T.);
#2882=ORIENTED_EDGE('',*,*,#2074,.F.);
#2883=ORIENTED_EDGE('',*,*,#2085,.F.);
#2884=ORIENTED_EDGE('',*,*,#1935,.F.);
#2885=ORIENTED_EDGE('',*,*,#2085,.T.);
#2886=ORIENTED_EDGE('',*,*,#2071,.F.);
#2887=ORIENTED_EDGE('',*,*,#2086,.F.);
#2888=ORIENTED_EDGE('',*,*,#1927,.F.);
#2889=ORIENTED_EDGE('',*,*,#2086,.T.);
#2890=ORIENTED_EDGE('',*,*,#2068,.F.);
#2891=ORIENTED_EDGE('',*,*,#2087,.T.);
#2892=ORIENTED_EDGE('',*,*,#2066,.F.);
#2893=ORIENTED_EDGE('',*,*,#2070,.F.);
#2894=ORIENTED_EDGE('',*,*,#2073,.F.);
#2895=ORIENTED_EDGE('',*,*,#2076,.F.);
#2896=ORIENTED_EDGE('',*,*,#2078,.F.);
#2897=ORIENTED_EDGE('',*,*,#2080,.F.);
#2898=ORIENTED_EDGE('',*,*,#2082,.F.);
#2899=ORIENTED_EDGE('',*,*,#2083,.F.);
#2900=ORIENTED_EDGE('',*,*,#2088,.F.);
#2901=ORIENTED_EDGE('',*,*,#2089,.F.);
#2902=ORIENTED_EDGE('',*,*,#2090,.F.);
#2903=ORIENTED_EDGE('',*,*,#2091,.F.);
#2904=ORIENTED_EDGE('',*,*,#2092,.F.);
#2905=ORIENTED_EDGE('',*,*,#2093,.F.);
#2906=ORIENTED_EDGE('',*,*,#2094,.F.);
#2907=ORIENTED_EDGE('',*,*,#2095,.F.);
#2908=ORIENTED_EDGE('',*,*,#2096,.F.);
#2909=ORIENTED_EDGE('',*,*,#2097,.F.);
#2910=ORIENTED_EDGE('',*,*,#2098,.F.);
#2911=ORIENTED_EDGE('',*,*,#2099,.F.);
#2912=ORIENTED_EDGE('',*,*,#2094,.T.);
#2913=ORIENTED_EDGE('',*,*,#2100,.T.);
#2914=ORIENTED_EDGE('',*,*,#2053,.T.);
#2915=ORIENTED_EDGE('',*,*,#2051,.F.);
#2916=ORIENTED_EDGE('',*,*,#2101,.T.);
#2917=ORIENTED_EDGE('',*,*,#2093,.T.);
#2918=ORIENTED_EDGE('',*,*,#2102,.T.);
#2919=ORIENTED_EDGE('',*,*,#2103,.T.);
#2920=ORIENTED_EDGE('',*,*,#2100,.F.);
#2921=ORIENTED_EDGE('',*,*,#2092,.T.);
#2922=ORIENTED_EDGE('',*,*,#2104,.T.);
#2923=ORIENTED_EDGE('',*,*,#2105,.T.);
#2924=ORIENTED_EDGE('',*,*,#2102,.F.);
#2925=ORIENTED_EDGE('',*,*,#2091,.T.);
#2926=ORIENTED_EDGE('',*,*,#2106,.T.);
#2927=ORIENTED_EDGE('',*,*,#2107,.T.);
#2928=ORIENTED_EDGE('',*,*,#2104,.F.);
#2929=ORIENTED_EDGE('',*,*,#2090,.T.);
#2930=ORIENTED_EDGE('',*,*,#2108,.F.);
#2931=ORIENTED_EDGE('',*,*,#2059,.T.);
#2932=ORIENTED_EDGE('',*,*,#2057,.T.);
#2933=ORIENTED_EDGE('',*,*,#2106,.F.);
#2934=ORIENTED_EDGE('',*,*,#2088,.T.);
#2935=ORIENTED_EDGE('',*,*,#2109,.T.);
#2936=ORIENTED_EDGE('',*,*,#2030,.T.);
#2937=ORIENTED_EDGE('',*,*,#2064,.F.);
#2938=ORIENTED_EDGE('',*,*,#2110,.T.);
#2939=ORIENTED_EDGE('',*,*,#2111,.T.);
#2940=ORIENTED_EDGE('',*,*,#2109,.F.);
#2941=ORIENTED_EDGE('',*,*,#2099,.T.);
#2942=ORIENTED_EDGE('',*,*,#2112,.T.);
#2943=ORIENTED_EDGE('',*,*,#2089,.T.);
#2944=ORIENTED_EDGE('',*,*,#2110,.F.);
#2945=ORIENTED_EDGE('',*,*,#2063,.F.);
#2946=ORIENTED_EDGE('',*,*,#2113,.T.);
#2947=ORIENTED_EDGE('',*,*,#2060,.T.);
#2948=ORIENTED_EDGE('',*,*,#2108,.T.);
#2949=ORIENTED_EDGE('',*,*,#2114,.T.);
#2950=ORIENTED_EDGE('',*,*,#2112,.F.);
#2951=ORIENTED_EDGE('',*,*,#2098,.T.);
#2952=ORIENTED_EDGE('',*,*,#2115,.T.);
#2953=ORIENTED_EDGE('',*,*,#2116,.T.);
#2954=ORIENTED_EDGE('',*,*,#2115,.F.);
#2955=ORIENTED_EDGE('',*,*,#2097,.T.);
#2956=ORIENTED_EDGE('',*,*,#2117,.T.);
#2957=ORIENTED_EDGE('',*,*,#1996,.T.);
#2958=ORIENTED_EDGE('',*,*,#2117,.F.);
#2959=ORIENTED_EDGE('',*,*,#2096,.T.);
#2960=ORIENTED_EDGE('',*,*,#2118,.F.);
#2961=ORIENTED_EDGE('',*,*,#1991,.T.);
#2962=ORIENTED_EDGE('',*,*,#1988,.T.);
#2963=ORIENTED_EDGE('',*,*,#1992,.T.);
#2964=ORIENTED_EDGE('',*,*,#2118,.T.);
#2965=ORIENTED_EDGE('',*,*,#2095,.T.);
#2966=ORIENTED_EDGE('',*,*,#2101,.F.);
#2967=ORIENTED_EDGE('',*,*,#2050,.F.);
#2968=ORIENTED_EDGE('',*,*,#2103,.F.);
#2969=ORIENTED_EDGE('',*,*,#2119,.F.);
#2970=ORIENTED_EDGE('',*,*,#2120,.T.);
#2971=ORIENTED_EDGE('',*,*,#2054,.T.);
#2972=ORIENTED_EDGE('',*,*,#2105,.F.);
#2973=ORIENTED_EDGE('',*,*,#2121,.F.);
#2974=ORIENTED_EDGE('',*,*,#2122,.T.);
#2975=ORIENTED_EDGE('',*,*,#2119,.T.);
#2976=ORIENTED_EDGE('',*,*,#2107,.F.);
#2977=ORIENTED_EDGE('',*,*,#2056,.T.);
#2978=ORIENTED_EDGE('',*,*,#2123,.T.);
#2979=ORIENTED_EDGE('',*,*,#2121,.T.);
#2980=ORIENTED_EDGE('',*,*,#1986,.F.);
#2981=ORIENTED_EDGE('',*,*,#2061,.F.);
#2982=ORIENTED_EDGE('',*,*,#2113,.F.);
#2983=ORIENTED_EDGE('',*,*,#2062,.F.);
#2984=ORIENTED_EDGE('',*,*,#2124,.F.);
#2985=ORIENTED_EDGE('',*,*,#1909,.F.);
#2986=ORIENTED_EDGE('',*,*,#1863,.T.);
#2987=ORIENTED_EDGE('',*,*,#2125,.F.);
#2988=ORIENTED_EDGE('',*,*,#1948,.F.);
#2989=ORIENTED_EDGE('',*,*,#1819,.T.);
#2990=ORIENTED_EDGE('',*,*,#1892,.F.);
#2991=ORIENTED_EDGE('',*,*,#1866,.T.);
#2992=ORIENTED_EDGE('',*,*,#1947,.F.);
#2993=ORIENTED_EDGE('',*,*,#1747,.F.);
#2994=ORIENTED_EDGE('',*,*,#2126,.T.);
#2995=ORIENTED_EDGE('',*,*,#2127,.T.);
#2996=ORIENTED_EDGE('',*,*,#2128,.F.);
#2997=ORIENTED_EDGE('',*,*,#1853,.T.);
#2998=ORIENTED_EDGE('',*,*,#1878,.F.);
#2999=ORIENTED_EDGE('',*,*,#2129,.T.);
#3000=ORIENTED_EDGE('',*,*,#2130,.F.);
#3001=ORIENTED_EDGE('',*,*,#1850,.T.);
#3002=ORIENTED_EDGE('',*,*,#1870,.F.);
#3003=ORIENTED_EDGE('',*,*,#1898,.F.);
#3004=ORIENTED_EDGE('',*,*,#1954,.F.);
#3005=ORIENTED_EDGE('',*,*,#1952,.F.);
#3006=ORIENTED_EDGE('',*,*,#1912,.F.);
#3007=ORIENTED_EDGE('',*,*,#2131,.F.);
#3008=ORIENTED_EDGE('',*,*,#2132,.F.);
#3009=ORIENTED_EDGE('',*,*,#2133,.T.);
#3010=ORIENTED_EDGE('',*,*,#1753,.F.);
#3011=ORIENTED_EDGE('',*,*,#2134,.T.);
#3012=ORIENTED_EDGE('',*,*,#2135,.T.);
#3013=ORIENTED_EDGE('',*,*,#1871,.F.);
#3014=ORIENTED_EDGE('',*,*,#1851,.T.);
#3015=ORIENTED_EDGE('',*,*,#2133,.F.);
#3016=ORIENTED_EDGE('',*,*,#2136,.T.);
#3017=ORIENTED_EDGE('',*,*,#2137,.F.);
#3018=ORIENTED_EDGE('',*,*,#1858,.T.);
#3019=ORIENTED_EDGE('',*,*,#1888,.F.);
#3020=ORIENTED_EDGE('',*,*,#1896,.F.);
#3021=ORIENTED_EDGE('',*,*,#1842,.F.);
#3022=ORIENTED_EDGE('',*,*,#1840,.F.);
#3023=ORIENTED_EDGE('',*,*,#1920,.F.);
#3024=ORIENTED_EDGE('',*,*,#2138,.F.);
#3025=ORIENTED_EDGE('',*,*,#2139,.F.);
#3026=ORIENTED_EDGE('',*,*,#1716,.T.);
#3027=ORIENTED_EDGE('',*,*,#2128,.T.);
#3028=ORIENTED_EDGE('',*,*,#2140,.F.);
#3029=ORIENTED_EDGE('',*,*,#2141,.F.);
#3030=ORIENTED_EDGE('',*,*,#1917,.F.);
#3031=ORIENTED_EDGE('',*,*,#1956,.F.);
#3032=ORIENTED_EDGE('',*,*,#1957,.F.);
#3033=ORIENTED_EDGE('',*,*,#1894,.F.);
#3034=ORIENTED_EDGE('',*,*,#2142,.F.);
#3035=ORIENTED_EDGE('',*,*,#1854,.T.);
#3036=ORIENTED_EDGE('',*,*,#1855,.T.);
#3037=ORIENTED_EDGE('',*,*,#2142,.T.);
#3038=ORIENTED_EDGE('',*,*,#1893,.F.);
#3039=ORIENTED_EDGE('',*,*,#1879,.T.);
#3040=ORIENTED_EDGE('',*,*,#1914,.F.);
#3041=ORIENTED_EDGE('',*,*,#1873,.T.);
#3042=ORIENTED_EDGE('',*,*,#2143,.T.);
#3043=ORIENTED_EDGE('',*,*,#2144,.F.);
#3044=ORIENTED_EDGE('',*,*,#1915,.F.);
#3045=ORIENTED_EDGE('',*,*,#2144,.T.);
#3046=ORIENTED_EDGE('',*,*,#2145,.T.);
#3047=ORIENTED_EDGE('',*,*,#1884,.T.);
#3048=ORIENTED_EDGE('',*,*,#2135,.F.);
#3049=ORIENTED_EDGE('',*,*,#2146,.F.);
#3050=ORIENTED_EDGE('',*,*,#2129,.F.);
#3051=ORIENTED_EDGE('',*,*,#1885,.T.);
#3052=ORIENTED_EDGE('',*,*,#2145,.F.);
#3053=ORIENTED_EDGE('',*,*,#2143,.F.);
#3054=ORIENTED_EDGE('',*,*,#1872,.T.);
#3055=ORIENTED_EDGE('',*,*,#1910,.F.);
#3056=ORIENTED_EDGE('',*,*,#2124,.T.);
#3057=ORIENTED_EDGE('',*,*,#2147,.T.);
#3058=ORIENTED_EDGE('',*,*,#2148,.F.);
#3059=ORIENTED_EDGE('',*,*,#1911,.F.);
#3060=ORIENTED_EDGE('',*,*,#2148,.T.);
#3061=ORIENTED_EDGE('',*,*,#2149,.T.);
#3062=ORIENTED_EDGE('',*,*,#2131,.T.);
#3063=ORIENTED_EDGE('',*,*,#2046,.F.);
#3064=ORIENTED_EDGE('',*,*,#2150,.F.);
#3065=ORIENTED_EDGE('',*,*,#2136,.F.);
#3066=ORIENTED_EDGE('',*,*,#2132,.T.);
#3067=ORIENTED_EDGE('',*,*,#2149,.F.);
#3068=ORIENTED_EDGE('',*,*,#2147,.F.);
#3069=ORIENTED_EDGE('',*,*,#2125,.T.);
#3070=ORIENTED_EDGE('',*,*,#1862,.T.);
#3071=ORIENTED_EDGE('',*,*,#1903,.F.);
#3072=ORIENTED_EDGE('',*,*,#1889,.T.);
#3073=ORIENTED_EDGE('',*,*,#1731,.T.);
#3074=ORIENTED_EDGE('',*,*,#2151,.F.);
#3075=ORIENTED_EDGE('',*,*,#1904,.F.);
#3076=ORIENTED_EDGE('',*,*,#2151,.T.);
#3077=ORIENTED_EDGE('',*,*,#1730,.T.);
#3078=ORIENTED_EDGE('',*,*,#2036,.F.);
#3079=ORIENTED_EDGE('',*,*,#1744,.F.);
#3080=ORIENTED_EDGE('',*,*,#1718,.T.);
#3081=ORIENTED_EDGE('',*,*,#2152,.T.);
#3082=ORIENTED_EDGE('',*,*,#2126,.F.);
#3083=ORIENTED_EDGE('',*,*,#1918,.F.);
#3084=ORIENTED_EDGE('',*,*,#2141,.T.);
#3085=ORIENTED_EDGE('',*,*,#2153,.T.);
#3086=ORIENTED_EDGE('',*,*,#2154,.F.);
#3087=ORIENTED_EDGE('',*,*,#1919,.F.);
#3088=ORIENTED_EDGE('',*,*,#2154,.T.);
#3089=ORIENTED_EDGE('',*,*,#2155,.T.);
#3090=ORIENTED_EDGE('',*,*,#2138,.T.);
#3091=ORIENTED_EDGE('',*,*,#2155,.F.);
#3092=ORIENTED_EDGE('',*,*,#2153,.F.);
#3093=ORIENTED_EDGE('',*,*,#2140,.T.);
#3094=ORIENTED_EDGE('',*,*,#2127,.F.);
#3095=ORIENTED_EDGE('',*,*,#2152,.F.);
#3096=ORIENTED_EDGE('',*,*,#1717,.F.);
#3097=ORIENTED_EDGE('',*,*,#2139,.T.);
#3098=ORIENTED_EDGE('',*,*,#1934,.F.);
#3099=ORIENTED_EDGE('',*,*,#2087,.F.);
#3100=ORIENTED_EDGE('',*,*,#2084,.F.);
#3101=ORIENTED_EDGE('',*,*,#1944,.F.);
#3102=ORIENTED_EDGE('',*,*,#2055,.T.);
#3103=ORIENTED_EDGE('',*,*,#2120,.F.);
#3104=ORIENTED_EDGE('',*,*,#2122,.F.);
#3105=ORIENTED_EDGE('',*,*,#2123,.F.);
#3106=ORIENTED_EDGE('',*,*,#2116,.F.);
#3107=ORIENTED_EDGE('',*,*,#1995,.T.);
#3108=ORIENTED_EDGE('',*,*,#2007,.F.);
#3109=ORIENTED_EDGE('',*,*,#2049,.T.);
#3110=ORIENTED_EDGE('',*,*,#2156,.T.);
#3111=ORIENTED_EDGE('',*,*,#2114,.F.);
#3112=ORIENTED_EDGE('',*,*,#2156,.F.);
#3113=ORIENTED_EDGE('',*,*,#2048,.T.);
#3114=ORIENTED_EDGE('',*,*,#2157,.T.);
#3115=ORIENTED_EDGE('',*,*,#2111,.F.);
#3116=ORIENTED_EDGE('',*,*,#2157,.F.);
#3117=ORIENTED_EDGE('',*,*,#2047,.T.);
#3118=ORIENTED_EDGE('',*,*,#2026,.F.);
#3119=ORIENTED_EDGE('',*,*,#2031,.T.);
#3120=ORIENTED_EDGE('',*,*,#1750,.F.);
#3121=ORIENTED_EDGE('',*,*,#2130,.T.);
#3122=ORIENTED_EDGE('',*,*,#2146,.T.);
#3123=ORIENTED_EDGE('',*,*,#2134,.F.);
#3124=ORIENTED_EDGE('',*,*,#1756,.F.);
#3125=ORIENTED_EDGE('',*,*,#2137,.T.);
#3126=ORIENTED_EDGE('',*,*,#2150,.T.);
#3127=ORIENTED_EDGE('',*,*,#2045,.F.);
#3128=B_SPLINE_SURFACE_WITH_KNOTS('',3,3,((#4674,#4675,#4676,#4677,#4678,
#4679,#4680,#4681),(#4682,#4683,#4684,#4685,#4686,#4687,#4688,#4689),(#4690,
#4691,#4692,#4693,#4694,#4695,#4696,#4697),(#4698,#4699,#4700,#4701,#4702,
#4703,#4704,#4705)),.UNSPECIFIED.,.F.,.F.,.F.,(4,4),(4,2,1,1,4),(0.,1.),
(-0.514881694137488,-0.513726664480984,-0.205490665792394,-0.102745332896197,
0.),.UNSPECIFIED.);
#3129=B_SPLINE_SURFACE_WITH_KNOTS('',3,3,((#4726,#4727,#4728,#4729),(#4730,
#4731,#4732,#4733),(#4734,#4735,#4736,#4737),(#4738,#4739,#4740,#4741),
(#4742,#4743,#4744,#4745)),.UNSPECIFIED.,.F.,.F.,.F.,(4,1,4),(4,4),(0.,
0.5,1.),(0.944946255867452,1.20942920288819),.UNSPECIFIED.);
#3130=B_SPLINE_SURFACE_WITH_KNOTS('',3,3,((#4751,#4752,#4753,#4754,#4755,
#4756),(#4757,#4758,#4759,#4760,#4761,#4762),(#4763,#4764,#4765,#4766,#4767,
#4768),(#4769,#4770,#4771,#4772,#4773,#4774)),.UNSPECIFIED.,.F.,.F.,.F.,
(4,4),(4,2,4),(0.,1.),(-0.000971011550860296,0.,0.0577291590871721),
 .UNSPECIFIED.);
#3131=B_SPLINE_SURFACE_WITH_KNOTS('',3,3,((#4791,#4792,#4793,#4794,#4795,
#4796),(#4797,#4798,#4799,#4800,#4801,#4802),(#4803,#4804,#4805,#4806,#4807,
#4808),(#4809,#4810,#4811,#4812,#4813,#4814),(#4815,#4816,#4817,#4818,#4819,
#4820)),.UNSPECIFIED.,.F.,.F.,.F.,(4,1,4),(4,1,1,4),(0.,0.5,1.),(0.,0.120877377180156,
0.181316065770234,0.423070820130546),.UNSPECIFIED.);
#3132=B_SPLINE_SURFACE_WITH_KNOTS('',3,3,((#4836,#4837,#4838,#4839),(#4840,
#4841,#4842,#4843),(#4844,#4845,#4846,#4847),(#4848,#4849,#4850,#4851),
(#4852,#4853,#4854,#4855)),.UNSPECIFIED.,.F.,.F.,.F.,(4,1,4),(4,4),(0.,
0.5,1.),(0.92720236496073,1.20942920288819),.UNSPECIFIED.);
#3133=B_SPLINE_SURFACE_WITH_KNOTS('',3,3,((#4902,#4903,#4904,#4905),(#4906,
#4907,#4908,#4909),(#4910,#4911,#4912,#4913),(#4914,#4915,#4916,#4917),
(#4918,#4919,#4920,#4921)),.UNSPECIFIED.,.F.,.F.,.F.,(4,1,4),(4,4),(0.,
0.571428571428571,1.),(1.20942920288819,1.5707963267949),.UNSPECIFIED.);
#3134=B_SPLINE_SURFACE_WITH_KNOTS('',3,3,((#4924,#4925,#4926,#4927),(#4928,
#4929,#4930,#4931),(#4932,#4933,#4934,#4935),(#4936,#4937,#4938,#4939),
(#4940,#4941,#4942,#4943)),.UNSPECIFIED.,.F.,.F.,.F.,(4,1,4),(4,4),(0.,
0.571428571428571,1.),(1.20942920288819,1.5707963267949),.UNSPECIFIED.);
#3135=B_SPLINE_SURFACE_WITH_KNOTS('',3,3,((#5059,#5060,#5061,#5062),(#5063,
#5064,#5065,#5066),(#5067,#5068,#5069,#5070),(#5071,#5072,#5073,#5074),
(#5075,#5076,#5077,#5078)),.UNSPECIFIED.,.F.,.F.,.F.,(4,1,4),(4,4),(0.,
0.5,1.),(0.944946255867452,1.20942920288819),.UNSPECIFIED.);
#3136=B_SPLINE_SURFACE_WITH_KNOTS('',3,3,((#5084,#5085,#5086,#5087,#5088,
#5089,#5090,#5091),(#5092,#5093,#5094,#5095,#5096,#5097,#5098,#5099),(#5100,
#5101,#5102,#5103,#5104,#5105,#5106,#5107),(#5108,#5109,#5110,#5111,#5112,
#5113,#5114,#5115)),.UNSPECIFIED.,.F.,.F.,.F.,(4,4),(4,2,1,1,4),(0.,1.),
(-0.00115502965650342,0.,0.205490665792394,0.308235998688591,0.513726664480985),
 .UNSPECIFIED.);
#3137=B_SPLINE_SURFACE_WITH_KNOTS('',3,3,((#5124,#5125,#5126,#5127),(#5128,
#5129,#5130,#5131),(#5132,#5133,#5134,#5135),(#5136,#5137,#5138,#5139),
(#5140,#5141,#5142,#5143)),.UNSPECIFIED.,.F.,.F.,.F.,(4,1,4),(4,4),(0.,
0.571428571428571,1.),(-1.5707963267949,-1.20942920288819),
 .UNSPECIFIED.);
#3138=B_SPLINE_SURFACE_WITH_KNOTS('',3,3,((#5145,#5146,#5147,#5148),(#5149,
#5150,#5151,#5152),(#5153,#5154,#5155,#5156),(#5157,#5158,#5159,#5160),
(#5161,#5162,#5163,#5164)),.UNSPECIFIED.,.F.,.F.,.F.,(4,1,4),(4,4),(0.,
0.5,1.),(0.927202364960727,1.20942920288819),.UNSPECIFIED.);
#3139=B_SPLINE_SURFACE_WITH_KNOTS('',3,3,((#5173,#5174,#5175,#5176,#5177,
#5178),(#5179,#5180,#5181,#5182,#5183,#5184),(#5185,#5186,#5187,#5188,#5189,
#5190),(#5191,#5192,#5193,#5194,#5195,#5196),(#5197,#5198,#5199,#5200,#5201,
#5202)),.UNSPECIFIED.,.F.,.F.,.F.,(4,1,4),(4,1,1,4),(0.,0.5,1.),(0.,0.120919683745129,
0.181379525617694,0.423218893107953),.UNSPECIFIED.);
#3140=B_SPLINE_SURFACE_WITH_KNOTS('',3,3,((#5218,#5219,#5220,#5221,#5222,
#5223),(#5224,#5225,#5226,#5227,#5228,#5229),(#5230,#5231,#5232,#5233,#5234,
#5235),(#5236,#5237,#5238,#5239,#5240,#5241)),.UNSPECIFIED.,.F.,.F.,.F.,
(4,4),(4,2,4),(0.,1.),(-0.0587001706607781,-0.0577291591099662,-8.66686972425789E-13),
 .UNSPECIFIED.);
#3141=B_SPLINE_SURFACE_WITH_KNOTS('',3,3,((#5255,#5256,#5257,#5258),(#5259,
#5260,#5261,#5262),(#5263,#5264,#5265,#5266),(#5267,#5268,#5269,#5270),
(#5271,#5272,#5273,#5274)),.UNSPECIFIED.,.F.,.F.,.F.,(4,1,4),(4,4),(0.,
0.571428571428571,1.),(-1.5707963267949,-1.20942920288819),
 .UNSPECIFIED.);
#3142=B_SPLINE_SURFACE_WITH_KNOTS('',3,3,((#5571,#5572,#5573,#5574,#5575,
#5576),(#5577,#5578,#5579,#5580,#5581,#5582),(#5583,#5584,#5585,#5586,#5587,
#5588),(#5589,#5590,#5591,#5592,#5593,#5594),(#5595,#5596,#5597,#5598,#5599,
#5600)),.UNSPECIFIED.,.F.,.F.,.F.,(4,1,4),(4,1,1,4),(0.,0.571428571428571,
1.),(-1.5707963267949,-0.897597901025655,-0.448798950512828,-6.93889390390718E-17),
 .UNSPECIFIED.);
#3143=B_SPLINE_SURFACE_WITH_KNOTS('',3,3,((#5606,#5607,#5608,#5609,#5610,
#5611),(#5612,#5613,#5614,#5615,#5616,#5617),(#5618,#5619,#5620,#5621,#5622,
#5623),(#5624,#5625,#5626,#5627,#5628,#5629),(#5630,#5631,#5632,#5633,#5634,
#5635)),.UNSPECIFIED.,.F.,.F.,.F.,(4,1,4),(4,1,1,4),(0.,0.571428571428571,
1.),(-1.5707963267949,-0.897597901025655,-0.448798950512828,-6.93889390390717E-17),
 .UNSPECIFIED.);
#3144=B_SPLINE_SURFACE_WITH_KNOTS('',3,3,((#5641,#5642,#5643,#5644,#5645,
#5646),(#5647,#5648,#5649,#5650,#5651,#5652),(#5653,#5654,#5655,#5656,#5657,
#5658),(#5659,#5660,#5661,#5662,#5663,#5664),(#5665,#5666,#5667,#5668,#5669,
#5670)),.UNSPECIFIED.,.F.,.F.,.F.,(4,1,4),(4,1,1,4),(0.,0.571428571428571,
1.),(-1.5707963267949,-0.897597901025655,-0.448798950512828,4.24043516349889E-17),
 .UNSPECIFIED.);
#3145=B_SPLINE_SURFACE_WITH_KNOTS('',3,3,((#5676,#5677,#5678,#5679,#5680,
#5681),(#5682,#5683,#5684,#5685,#5686,#5687),(#5688,#5689,#5690,#5691,#5692,
#5693),(#5694,#5695,#5696,#5697,#5698,#5699),(#5700,#5701,#5702,#5703,#5704,
#5705)),.UNSPECIFIED.,.F.,.F.,.F.,(4,1,4),(4,1,1,4),(0.,0.571428571428571,
1.),(-1.5707963267949,-0.897597901025655,-0.448798950512828,4.24043516349887E-17),
 .UNSPECIFIED.);
#3146=B_SPLINE_SURFACE_WITH_KNOTS('',3,3,((#5741,#5742,#5743,#5744,#5745,
#5746,#5747,#5748,#5749,#5750,#5751),(#5752,#5753,#5754,#5755,#5756,#5757,
#5758,#5759,#5760,#5761,#5762),(#5763,#5764,#5765,#5766,#5767,#5768,#5769,
#5770,#5771,#5772,#5773),(#5774,#5775,#5776,#5777,#5778,#5779,#5780,#5781,
#5782,#5783,#5784),(#5785,#5786,#5787,#5788,#5789,#5790,#5791,#5792,#5793,
#5794,#5795)),.UNSPECIFIED.,.F.,.F.,.F.,(4,1,4),(4,1,1,1,1,1,1,1,4),(0.,
0.571428571428571,1.),(0.487317475224505,0.488651532834373,0.48998559044424,
0.495321820883708,0.505994281762646,0.513998627421849,0.519334857861318,
0.522002973081052,0.524671088300787),.UNSPECIFIED.);
#3147=B_SPLINE_SURFACE_WITH_KNOTS('',3,3,((#5831,#5832,#5833,#5834,#5835,
#5836),(#5837,#5838,#5839,#5840,#5841,#5842),(#5843,#5844,#5845,#5846,#5847,
#5848),(#5849,#5850,#5851,#5852,#5853,#5854),(#5855,#5856,#5857,#5858,#5859,
#5860)),.UNSPECIFIED.,.F.,.F.,.F.,(4,1,4),(4,1,1,4),(0.,0.571428571428571,
1.),(1.38777878078145E-16,0.448798950512828,0.897597901025655,1.5707963267949),
 .UNSPECIFIED.);
#3148=B_SPLINE_SURFACE_WITH_KNOTS('',3,3,((#5866,#5867,#5868,#5869,#5870,
#5871),(#5872,#5873,#5874,#5875,#5876,#5877),(#5878,#5879,#5880,#5881,#5882,
#5883),(#5884,#5885,#5886,#5887,#5888,#5889),(#5890,#5891,#5892,#5893,#5894,
#5895)),.UNSPECIFIED.,.F.,.F.,.F.,(4,1,4),(4,1,1,4),(0.,0.571428571428571,
1.),(6.93889390390723E-17,0.448798950512825,0.673198425769238,1.57079632679489),
 .UNSPECIFIED.);
#3149=B_SPLINE_SURFACE_WITH_KNOTS('',3,3,((#5901,#5902,#5903,#5904,#5905,
#5906),(#5907,#5908,#5909,#5910,#5911,#5912),(#5913,#5914,#5915,#5916,#5917,
#5918),(#5919,#5920,#5921,#5922,#5923,#5924),(#5925,#5926,#5927,#5928,#5929,
#5930)),.UNSPECIFIED.,.F.,.F.,.F.,(4,1,4),(4,1,1,4),(0.,0.571428571428571,
1.),(6.93889390390723E-17,0.448798950512825,0.673198425769238,1.57079632679489),
 .UNSPECIFIED.);
#3150=B_SPLINE_SURFACE_WITH_KNOTS('',3,3,((#5936,#5937,#5938,#5939,#5940,
#5941),(#5942,#5943,#5944,#5945,#5946,#5947),(#5948,#5949,#5950,#5951,#5952,
#5953),(#5954,#5955,#5956,#5957,#5958,#5959),(#5960,#5961,#5962,#5963,#5964,
#5965)),.UNSPECIFIED.,.F.,.F.,.F.,(4,1,4),(4,1,1,4),(0.,0.571428571428571,
1.),(1.38777878078145E-16,0.448798950512826,0.897597901025651,1.57079632679489),
 .UNSPECIFIED.);
#3151=ADVANCED_FACE('',(#850),#3128,.F.);
#3152=ADVANCED_FACE('',(#851),#3129,.F.);
#3153=ADVANCED_FACE('',(#852),#3130,.F.);
#3154=ADVANCED_FACE('',(#853),#3131,.F.);
#3155=ADVANCED_FACE('',(#854),#3132,.F.);
#3156=ADVANCED_FACE('',(#855),#753,.T.);
#3157=ADVANCED_FACE('',(#856),#131,.T.);
#3158=ADVANCED_FACE('',(#857),#754,.T.);
#3159=ADVANCED_FACE('',(#858),#755,.T.);
#3160=ADVANCED_FACE('',(#859),#756,.T.);
#3161=ADVANCED_FACE('',(#860),#118,.T.);
#3162=ADVANCED_FACE('',(#861),#132,.T.);
#3163=ADVANCED_FACE('',(#862),#3133,.F.);
#3164=ADVANCED_FACE('',(#863),#3134,.F.);
#3165=ADVANCED_FACE('',(#864),#27,.F.);
#3166=ADVANCED_FACE('',(#865),#757,.F.);
#3167=ADVANCED_FACE('',(#866),#28,.F.);
#3168=ADVANCED_FACE('',(#867),#29,.F.);
#3169=ADVANCED_FACE('',(#868),#758,.T.);
#3170=ADVANCED_FACE('',(#869),#133,.T.);
#3171=ADVANCED_FACE('',(#870),#759,.T.);
#3172=ADVANCED_FACE('',(#871),#119,.T.);
#3173=ADVANCED_FACE('',(#872),#760,.T.);
#3174=ADVANCED_FACE('',(#873),#120,.T.);
#3175=ADVANCED_FACE('',(#874),#761,.T.);
#3176=ADVANCED_FACE('',(#875),#121,.T.);
#3177=ADVANCED_FACE('',(#876),#762,.T.);
#3178=ADVANCED_FACE('',(#877),#763,.T.);
#3179=ADVANCED_FACE('',(#878),#764,.T.);
#3180=ADVANCED_FACE('',(#879),#3135,.F.);
#3181=ADVANCED_FACE('',(#880),#3136,.F.);
#3182=ADVANCED_FACE('',(#881),#3137,.F.);
#3183=ADVANCED_FACE('',(#882),#3138,.F.);
#3184=ADVANCED_FACE('',(#883),#3139,.F.);
#3185=ADVANCED_FACE('',(#884),#3140,.F.);
#3186=ADVANCED_FACE('',(#885),#3141,.F.);
#3187=ADVANCED_FACE('',(#886),#765,.T.);
#3188=ADVANCED_FACE('',(#887),#134,.T.);
#3189=ADVANCED_FACE('',(#888),#766,.F.);
#3190=ADVANCED_FACE('',(#889),#767,.F.);
#3191=ADVANCED_FACE('',(#890),#122,.F.);
#3192=ADVANCED_FACE('',(#891),#768,.F.);
#3193=ADVANCED_FACE('',(#892),#30,.T.);
#3194=ADVANCED_FACE('',(#893),#769,.T.);
#3195=ADVANCED_FACE('',(#894),#31,.F.);
#3196=ADVANCED_FACE('',(#895),#770,.F.);
#3197=ADVANCED_FACE('',(#896),#123,.F.);
#3198=ADVANCED_FACE('',(#897),#32,.T.);
#3199=ADVANCED_FACE('',(#898),#771,.T.);
#3200=ADVANCED_FACE('',(#899),#33,.T.);
#3201=ADVANCED_FACE('',(#900),#772,.F.);
#3202=ADVANCED_FACE('',(#901),#773,.F.);
#3203=ADVANCED_FACE('',(#902),#124,.F.);
#3204=ADVANCED_FACE('',(#903),#774,.F.);
#3205=ADVANCED_FACE('',(#904),#125,.F.);
#3206=ADVANCED_FACE('',(#905),#775,.T.);
#3207=ADVANCED_FACE('',(#906),#34,.T.);
#3208=ADVANCED_FACE('',(#907),#776,.F.);
#3209=ADVANCED_FACE('',(#908),#35,.T.);
#3210=ADVANCED_FACE('',(#909),#36,.F.);
#3211=ADVANCED_FACE('',(#910),#37,.F.);
#3212=ADVANCED_FACE('',(#911),#38,.F.);
#3213=ADVANCED_FACE('',(#912),#39,.F.);
#3214=ADVANCED_FACE('',(#913),#40,.T.);
#3215=ADVANCED_FACE('',(#914),#41,.F.);
#3216=ADVANCED_FACE('',(#915),#42,.T.);
#3217=ADVANCED_FACE('',(#916),#43,.F.);
#3218=ADVANCED_FACE('',(#917),#44,.F.);
#3219=ADVANCED_FACE('',(#918),#45,.T.);
#3220=ADVANCED_FACE('',(#919),#46,.F.);
#3221=ADVANCED_FACE('',(#920),#47,.T.);
#3222=ADVANCED_FACE('',(#921),#48,.T.);
#3223=ADVANCED_FACE('',(#922),#49,.T.);
#3224=ADVANCED_FACE('',(#923),#50,.T.);
#3225=ADVANCED_FACE('',(#924,#25),#51,.F.);
#3226=ADVANCED_FACE('',(#925),#3142,.F.);
#3227=ADVANCED_FACE('',(#926),#3143,.F.);
#3228=ADVANCED_FACE('',(#927),#3144,.F.);
#3229=ADVANCED_FACE('',(#928),#3145,.F.);
#3230=ADVANCED_FACE('',(#929),#777,.T.);
#3231=ADVANCED_FACE('',(#930),#778,.T.);
#3232=ADVANCED_FACE('',(#931),#779,.T.);
#3233=ADVANCED_FACE('',(#932),#780,.T.);
#3234=ADVANCED_FACE('',(#933),#52,.T.);
#3235=ADVANCED_FACE('',(#934),#781,.T.);
#3236=ADVANCED_FACE('',(#935),#53,.T.);
#3237=ADVANCED_FACE('',(#936),#782,.T.);
#3238=ADVANCED_FACE('',(#937),#783,.F.);
#3239=ADVANCED_FACE('',(#938),#3146,.T.);
#3240=ADVANCED_FACE('',(#939),#126,.T.);
#3241=ADVANCED_FACE('',(#940),#784,.F.);
#3242=ADVANCED_FACE('',(#941),#54,.T.);
#3243=ADVANCED_FACE('',(#942),#785,.F.);
#3244=ADVANCED_FACE('',(#943),#55,.T.);
#3245=ADVANCED_FACE('',(#944),#3147,.T.);
#3246=ADVANCED_FACE('',(#945),#3148,.T.);
#3247=ADVANCED_FACE('',(#946),#3149,.T.);
#3248=ADVANCED_FACE('',(#947),#3150,.T.);
#3249=ADVANCED_FACE('',(#948),#23,.T.);
#3250=ADVANCED_FACE('',(#949),#24,.T.);
#3251=ADVANCED_FACE('',(#950),#786,.F.);
#3252=ADVANCED_FACE('',(#951),#127,.F.);
#3253=ADVANCED_FACE('',(#952),#787,.F.);
#3254=ADVANCED_FACE('',(#953),#788,.F.);
#3255=ADVANCED_FACE('',(#954),#128,.F.);
#3256=ADVANCED_FACE('',(#955),#789,.F.);
#3257=ADVANCED_FACE('',(#956),#790,.F.);
#3258=ADVANCED_FACE('',(#957),#791,.F.);
#3259=ADVANCED_FACE('',(#958),#792,.F.);
#3260=ADVANCED_FACE('',(#959),#56,.F.);
#3261=ADVANCED_FACE('',(#960),#793,.F.);
#3262=ADVANCED_FACE('',(#961),#57,.F.);
#3263=ADVANCED_FACE('',(#962),#794,.T.);
#3264=ADVANCED_FACE('',(#963),#58,.T.);
#3265=ADVANCED_FACE('',(#964),#795,.F.);
#3266=ADVANCED_FACE('',(#965),#59,.T.);
#3267=ADVANCED_FACE('',(#966),#796,.F.);
#3268=ADVANCED_FACE('',(#967),#60,.T.);
#3269=ADVANCED_FACE('',(#968),#15,.T.);
#3270=ADVANCED_FACE('',(#969),#61,.T.);
#3271=ADVANCED_FACE('',(#970),#16,.F.);
#3272=ADVANCED_FACE('',(#971),#62,.T.);
#3273=ADVANCED_FACE('',(#972),#17,.F.);
#3274=ADVANCED_FACE('',(#973),#63,.T.);
#3275=ADVANCED_FACE('',(#974),#18,.T.);
#3276=ADVANCED_FACE('',(#975),#64,.T.);
#3277=ADVANCED_FACE('',(#976),#65,.F.);
#3278=ADVANCED_FACE('',(#977),#797,.T.);
#3279=ADVANCED_FACE('',(#978),#66,.T.);
#3280=ADVANCED_FACE('',(#979),#67,.F.);
#3281=ADVANCED_FACE('',(#980),#798,.F.);
#3282=ADVANCED_FACE('',(#981),#799,.T.);
#3283=ADVANCED_FACE('',(#982),#800,.F.);
#3284=ADVANCED_FACE('',(#983),#68,.F.);
#3285=ADVANCED_FACE('',(#984),#129,.T.);
#3286=ADVANCED_FACE('',(#985),#801,.T.);
#3287=ADVANCED_FACE('',(#986),#130,.T.);
#3288=ADVANCED_FACE('',(#987),#69,.F.);
#3289=ADVANCED_FACE('',(#988),#70,.T.);
#3290=ADVANCED_FACE('',(#989),#802,.F.);
#3291=ADVANCED_FACE('',(#990),#71,.T.);
#3292=ADVANCED_FACE('',(#991),#803,.F.);
#3293=ADVANCED_FACE('',(#992),#804,.F.);
#3294=ADVANCED_FACE('',(#993),#19,.T.);
#3295=ADVANCED_FACE('',(#994),#72,.T.);
#3296=ADVANCED_FACE('',(#995),#20,.T.);
#3297=ADVANCED_FACE('',(#996),#73,.T.);
#3298=ADVANCED_FACE('',(#997),#21,.T.);
#3299=ADVANCED_FACE('',(#998),#74,.T.);
#3300=ADVANCED_FACE('',(#999),#22,.T.);
#3301=ADVANCED_FACE('',(#1000),#75,.T.);
#3302=ADVANCED_FACE('',(#1001),#805,.T.);
#3303=ADVANCED_FACE('',(#1002),#76,.T.);
#3304=ADVANCED_FACE('',(#1003),#806,.T.);
#3305=ADVANCED_FACE('',(#1004,#26),#77,.T.);
#3306=ADVANCED_FACE('',(#1005),#78,.T.);
#3307=ADVANCED_FACE('',(#1006),#79,.T.);
#3308=ADVANCED_FACE('',(#1007),#80,.T.);
#3309=ADVANCED_FACE('',(#1008),#81,.T.);
#3310=ADVANCED_FACE('',(#1009),#82,.T.);
#3311=ADVANCED_FACE('',(#1010),#83,.T.);
#3312=ADVANCED_FACE('',(#1011),#84,.T.);
#3313=ADVANCED_FACE('',(#1012),#85,.T.);
#3314=ADVANCED_FACE('',(#1013),#86,.T.);
#3315=ADVANCED_FACE('',(#1014),#87,.T.);
#3316=ADVANCED_FACE('',(#1015),#88,.T.);
#3317=ADVANCED_FACE('',(#1016),#89,.T.);
#3318=ADVANCED_FACE('',(#1017),#90,.T.);
#3319=ADVANCED_FACE('',(#1018),#91,.T.);
#3320=ADVANCED_FACE('',(#1019),#92,.T.);
#3321=ADVANCED_FACE('',(#1020),#93,.F.);
#3322=ADVANCED_FACE('',(#1021),#94,.F.);
#3323=ADVANCED_FACE('',(#1022),#95,.T.);
#3324=ADVANCED_FACE('',(#1023),#96,.F.);
#3325=ADVANCED_FACE('',(#1024),#97,.F.);
#3326=ADVANCED_FACE('',(#1025),#98,.F.);
#3327=ADVANCED_FACE('',(#1026),#99,.F.);
#3328=ADVANCED_FACE('',(#1027),#100,.F.);
#3329=ADVANCED_FACE('',(#1028),#101,.T.);
#3330=ADVANCED_FACE('',(#1029),#102,.F.);
#3331=ADVANCED_FACE('',(#1030),#103,.F.);
#3332=ADVANCED_FACE('',(#1031),#104,.F.);
#3333=ADVANCED_FACE('',(#1032),#105,.F.);
#3334=ADVANCED_FACE('',(#1033),#106,.F.);
#3335=ADVANCED_FACE('',(#1034),#107,.F.);
#3336=ADVANCED_FACE('',(#1035),#108,.F.);
#3337=ADVANCED_FACE('',(#1036),#109,.F.);
#3338=ADVANCED_FACE('',(#1037),#807,.F.);
#3339=ADVANCED_FACE('',(#1038),#110,.F.);
#3340=ADVANCED_FACE('',(#1039),#111,.F.);
#3341=ADVANCED_FACE('',(#1040),#112,.T.);
#3342=ADVANCED_FACE('',(#1041),#113,.T.);
#3343=ADVANCED_FACE('',(#1042),#114,.T.);
#3344=ADVANCED_FACE('',(#1043),#115,.T.);
#3345=ADVANCED_FACE('',(#1044),#116,.T.);
#3346=ADVANCED_FACE('',(#1045),#117,.T.);
#3347=ADVANCED_FACE('',(#1046),#808,.F.);
#3348=ADVANCED_FACE('',(#1047),#809,.F.);
#3349=CLOSED_SHELL('',(#3151,#3152,#3153,#3154,#3155,#3156,#3157,#3158,
#3159,#3160,#3161,#3162,#3163,#3164,#3165,#3166,#3167,#3168,#3169,#3170,
#3171,#3172,#3173,#3174,#3175,#3176,#3177,#3178,#3179,#3180,#3181,#3182,
#3183,#3184,#3185,#3186,#3187,#3188,#3189,#3190,#3191,#3192,#3193,#3194,
#3195,#3196,#3197,#3198,#3199,#3200,#3201,#3202,#3203,#3204,#3205,#3206,
#3207,#3208,#3209,#3210,#3211,#3212,#3213,#3214,#3215,#3216,#3217,#3218,
#3219,#3220,#3221,#3222,#3223,#3224,#3225,#3226,#3227,#3228,#3229,#3230,
#3231,#3232,#3233,#3234,#3235,#3236,#3237,#3238,#3239,#3240,#3241,#3242,
#3243,#3244,#3245,#3246,#3247,#3248,#3249,#3250,#3251,#3252,#3253,#3254,
#3255,#3256,#3257,#3258,#3259,#3260,#3261,#3262,#3263,#3264,#3265,#3266,
#3267,#3268,#3269,#3270,#3271,#3272,#3273,#3274,#3275,#3276,#3277,#3278,
#3279,#3280,#3281,#3282,#3283,#3284,#3285,#3286,#3287,#3288,#3289,#3290,
#3291,#3292,#3293,#3294,#3295,#3296,#3297,#3298,#3299,#3300,#3301,#3302,
#3303,#3304,#3305,#3306,#3307,#3308,#3309,#3310,#3311,#3312,#3313,#3314,
#3315,#3316,#3317,#3318,#3319,#3320,#3321,#3322,#3323,#3324,#3325,#3326,
#3327,#3328,#3329,#3330,#3331,#3332,#3333,#3334,#3335,#3336,#3337,#3338,
#3339,#3340,#3341,#3342,#3343,#3344,#3345,#3346,#3347,#3348));
#3350=DERIVED_UNIT_ELEMENT(#3352,1.);
#3351=DERIVED_UNIT_ELEMENT(#6372,-3.);
#3352=(
MASS_UNIT()
NAMED_UNIT(*)
SI_UNIT(.KILO.,.GRAM.)
);
#3353=DERIVED_UNIT((#3350,#3351));
#3354=MEASURE_REPRESENTATION_ITEM('density measure',
POSITIVE_RATIO_MEASURE(7850.),#3353);
#3355=PROPERTY_DEFINITION_REPRESENTATION(#3360,#3357);
#3356=PROPERTY_DEFINITION_REPRESENTATION(#3361,#3358);
#3357=REPRESENTATION('material name',(#3359),#6369);
#3358=REPRESENTATION('density',(#3354),#6369);
#3359=DESCRIPTIVE_REPRESENTATION_ITEM('Steel','Steel');
#3360=PROPERTY_DEFINITION('material property','material name',#6379);
#3361=PROPERTY_DEFINITION('material property','density of part',#6379);
#3362=AXIS2_PLACEMENT_3D('',#4673,#3696,#3697);
#3363=AXIS2_PLACEMENT_3D('',#4708,#3698,#3699);
#3364=AXIS2_PLACEMENT_3D('',#4748,#3700,#3701);
#3365=AXIS2_PLACEMENT_3D('',#4749,#3702,#3703);
#3366=AXIS2_PLACEMENT_3D('',#4750,#3704,#3705);
#3367=AXIS2_PLACEMENT_3D('',#4777,#3706,#3707);
#3368=AXIS2_PLACEMENT_3D('',#4823,#3708,#3709);
#3369=AXIS2_PLACEMENT_3D('',#4858,#3710,#3711);
#3370=AXIS2_PLACEMENT_3D('',#4859,#3712,#3713);
#3371=AXIS2_PLACEMENT_3D('',#4860,#3714,#3715);
#3372=AXIS2_PLACEMENT_3D('',#4861,#3716,#3717);
#3373=AXIS2_PLACEMENT_3D('',#4864,#3718,#3719);
#3374=AXIS2_PLACEMENT_3D('',#4868,#3721,#3722);
#3375=AXIS2_PLACEMENT_3D('',#4870,#3724,#3725);
#3376=AXIS2_PLACEMENT_3D('',#4873,#3726,#3727);
#3377=AXIS2_PLACEMENT_3D('',#4875,#3728,#3729);
#3378=AXIS2_PLACEMENT_3D('',#4876,#3730,#3731);
#3379=AXIS2_PLACEMENT_3D('',#4877,#3732,#3733);
#3380=AXIS2_PLACEMENT_3D('',#4880,#3734,#3735);
#3381=AXIS2_PLACEMENT_3D('',#4883,#3738,#3739);
#3382=AXIS2_PLACEMENT_3D('',#4886,#3740,#3741);
#3383=AXIS2_PLACEMENT_3D('',#4889,#3744,#3745);
#3384=AXIS2_PLACEMENT_3D('',#4892,#3746,#3747);
#3385=AXIS2_PLACEMENT_3D('',#4895,#3750,#3751);
#3386=AXIS2_PLACEMENT_3D('',#4897,#3752,#3753);
#3387=AXIS2_PLACEMENT_3D('',#4898,#3754,#3755);
#3388=AXIS2_PLACEMENT_3D('',#4899,#3756,#3757);
#3389=AXIS2_PLACEMENT_3D('',#4900,#3758,#3759);
#3390=AXIS2_PLACEMENT_3D('',#4901,#3760,#3761);
#3391=AXIS2_PLACEMENT_3D('',#4922,#3762,#3763);
#3392=AXIS2_PLACEMENT_3D('',#4923,#3764,#3765);
#3393=AXIS2_PLACEMENT_3D('',#4944,#3766,#3767);
#3394=AXIS2_PLACEMENT_3D('',#4945,#3768,#3769);
#3395=AXIS2_PLACEMENT_3D('',#4946,#3770,#3771);
#3396=AXIS2_PLACEMENT_3D('',#4966,#3781,#3782);
#3397=AXIS2_PLACEMENT_3D('',#4968,#3783,#3784);
#3398=AXIS2_PLACEMENT_3D('',#4979,#3786,#3787);
#3399=AXIS2_PLACEMENT_3D('',#4980,#3788,#3789);
#3400=AXIS2_PLACEMENT_3D('',#4981,#3790,#3791);
#3401=AXIS2_PLACEMENT_3D('',#4985,#3793,#3794);
#3402=AXIS2_PLACEMENT_3D('',#4995,#3800,#3801);
#3403=AXIS2_PLACEMENT_3D('',#4999,#3804,#3805);
#3404=AXIS2_PLACEMENT_3D('',#5002,#3807,#3808);
#3405=AXIS2_PLACEMENT_3D('',#5003,#3809,#3810);
#3406=AXIS2_PLACEMENT_3D('',#5005,#3811,#3812);
#3407=AXIS2_PLACEMENT_3D('',#5007,#3813,#3814);
#3408=AXIS2_PLACEMENT_3D('',#5008,#3815,#3816);
#3409=AXIS2_PLACEMENT_3D('',#5009,#3817,#3818);
#3410=AXIS2_PLACEMENT_3D('',#5011,#3819,#3820);
#3411=AXIS2_PLACEMENT_3D('',#5013,#3822,#3823);
#3412=AXIS2_PLACEMENT_3D('',#5016,#3824,#3825);
#3413=AXIS2_PLACEMENT_3D('',#5017,#3826,#3827);
#3414=AXIS2_PLACEMENT_3D('',#5018,#3828,#3829);
#3415=AXIS2_PLACEMENT_3D('',#5019,#3830,#3831);
#3416=AXIS2_PLACEMENT_3D('',#5022,#3832,#3833);
#3417=AXIS2_PLACEMENT_3D('',#5025,#3836,#3837);
#3418=AXIS2_PLACEMENT_3D('',#5028,#3838,#3839);
#3419=AXIS2_PLACEMENT_3D('',#5029,#3840,#3841);
#3420=AXIS2_PLACEMENT_3D('',#5030,#3842,#3843);
#3421=AXIS2_PLACEMENT_3D('',#5031,#3844,#3845);
#3422=AXIS2_PLACEMENT_3D('',#5034,#3846,#3847);
#3423=AXIS2_PLACEMENT_3D('',#5037,#3850,#3851);
#3424=AXIS2_PLACEMENT_3D('',#5040,#3852,#3853);
#3425=AXIS2_PLACEMENT_3D('',#5041,#3854,#3855);
#3426=AXIS2_PLACEMENT_3D('',#5042,#3856,#3857);
#3427=AXIS2_PLACEMENT_3D('',#5043,#3858,#3859);
#3428=AXIS2_PLACEMENT_3D('',#5046,#3860,#3861);
#3429=AXIS2_PLACEMENT_3D('',#5049,#3864,#3865);
#3430=AXIS2_PLACEMENT_3D('',#5052,#3866,#3867);
#3431=AXIS2_PLACEMENT_3D('',#5055,#3870,#3871);
#3432=AXIS2_PLACEMENT_3D('',#5057,#3872,#3873);
#3433=AXIS2_PLACEMENT_3D('',#5080,#3875,#3876);
#3434=AXIS2_PLACEMENT_3D('',#5082,#3877,#3878);
#3435=AXIS2_PLACEMENT_3D('',#5083,#3879,#3880);
#3436=AXIS2_PLACEMENT_3D('',#5144,#3881,#3882);
#3437=AXIS2_PLACEMENT_3D('',#5167,#3883,#3884);
#3438=AXIS2_PLACEMENT_3D('',#5169,#3885,#3886);
#3439=AXIS2_PLACEMENT_3D('',#5171,#3887,#3888);
#3440=AXIS2_PLACEMENT_3D('',#5172,#3889,#3890);
#3441=AXIS2_PLACEMENT_3D('',#5211,#3891,#3892);
#3442=AXIS2_PLACEMENT_3D('',#5275,#3893,#3894);
#3443=AXIS2_PLACEMENT_3D('',#5276,#3895,#3896);
#3444=AXIS2_PLACEMENT_3D('',#5277,#3897,#3898);
#3445=AXIS2_PLACEMENT_3D('',#5279,#3899,#3900);
#3446=AXIS2_PLACEMENT_3D('',#5283,#3902,#3903);
#3447=AXIS2_PLACEMENT_3D('',#5285,#3905,#3906);
#3448=AXIS2_PLACEMENT_3D('',#5286,#3907,#3908);
#3449=AXIS2_PLACEMENT_3D('',#5287,#3909,#3910);
#3450=AXIS2_PLACEMENT_3D('',#5289,#3911,#3912);
#3451=AXIS2_PLACEMENT_3D('',#5292,#3914,#3915);
#3452=AXIS2_PLACEMENT_3D('',#5293,#3916,#3917);
#3453=AXIS2_PLACEMENT_3D('',#5296,#3919,#3920);
#3454=AXIS2_PLACEMENT_3D('',#5298,#3922,#3923);
#3455=AXIS2_PLACEMENT_3D('',#5299,#3924,#3925);
#3456=AXIS2_PLACEMENT_3D('',#5300,#3926,#3927);
#3457=AXIS2_PLACEMENT_3D('',#5305,#3930,#3931);
#3458=AXIS2_PLACEMENT_3D('',#5309,#3933,#3934);
#3459=AXIS2_PLACEMENT_3D('',#5311,#3936,#3937);
#3460=AXIS2_PLACEMENT_3D('',#5313,#3938,#3939);
#3461=AXIS2_PLACEMENT_3D('',#5317,#3941,#3942);
#3462=AXIS2_PLACEMENT_3D('',#5329,#3948,#3949);
#3463=AXIS2_PLACEMENT_3D('',#5332,#3951,#3952);
#3464=AXIS2_PLACEMENT_3D('',#5336,#3954,#3955);
#3465=AXIS2_PLACEMENT_3D('',#5339,#3957,#3958);
#3466=AXIS2_PLACEMENT_3D('',#5340,#3959,#3960);
#3467=AXIS2_PLACEMENT_3D('',#5343,#3962,#3963);
#3468=AXIS2_PLACEMENT_3D('',#5344,#3964,#3965);
#3469=AXIS2_PLACEMENT_3D('',#5374,#3971,#3972);
#3470=AXIS2_PLACEMENT_3D('',#5377,#3974,#3975);
#3471=AXIS2_PLACEMENT_3D('',#5378,#3976,#3977);
#3472=AXIS2_PLACEMENT_3D('',#5379,#3978,#3979);
#3473=AXIS2_PLACEMENT_3D('',#5380,#3980,#3981);
#3474=AXIS2_PLACEMENT_3D('',#5381,#3982,#3983);
#3475=AXIS2_PLACEMENT_3D('',#5384,#3985,#3986);
#3476=AXIS2_PLACEMENT_3D('',#5385,#3987,#3988);
#3477=AXIS2_PLACEMENT_3D('',#5393,#3993,#3994);
#3478=AXIS2_PLACEMENT_3D('',#5394,#3995,#3996);
#3479=AXIS2_PLACEMENT_3D('',#5395,#3997,#3998);
#3480=AXIS2_PLACEMENT_3D('',#5397,#4000,#4001);
#3481=AXIS2_PLACEMENT_3D('',#5398,#4002,#4003);
#3482=AXIS2_PLACEMENT_3D('',#5399,#4004,#4005);
#3483=AXIS2_PLACEMENT_3D('',#5400,#4006,#4007);
#3484=AXIS2_PLACEMENT_3D('',#5401,#4008,#4009);
#3485=AXIS2_PLACEMENT_3D('',#5402,#4010,#4011);
#3486=AXIS2_PLACEMENT_3D('',#5403,#4012,#4013);
#3487=AXIS2_PLACEMENT_3D('',#5404,#4014,#4015);
#3488=AXIS2_PLACEMENT_3D('',#5405,#4016,#4017);
#3489=AXIS2_PLACEMENT_3D('',#5406,#4018,#4019);
#3490=AXIS2_PLACEMENT_3D('',#5409,#4020,#4021);
#3491=AXIS2_PLACEMENT_3D('',#5413,#4023,#4024);
#3492=AXIS2_PLACEMENT_3D('',#5415,#4026,#4027);
#3493=AXIS2_PLACEMENT_3D('',#5421,#4031,#4032);
#3494=AXIS2_PLACEMENT_3D('',#5427,#4036,#4037);
#3495=AXIS2_PLACEMENT_3D('',#5436,#4042,#4043);
#3496=AXIS2_PLACEMENT_3D('',#5445,#4048,#4049);
#3497=AXIS2_PLACEMENT_3D('',#5451,#4053,#4054);
#3498=AXIS2_PLACEMENT_3D('',#5455,#4057,#4058);
#3499=AXIS2_PLACEMENT_3D('',#5465,#4063,#4064);
#3500=AXIS2_PLACEMENT_3D('',#5469,#4067,#4068);
#3501=AXIS2_PLACEMENT_3D('',#5475,#4072,#4073);
#3502=AXIS2_PLACEMENT_3D('',#5485,#4078,#4079);
#3503=AXIS2_PLACEMENT_3D('',#5489,#4082,#4083);
#3504=AXIS2_PLACEMENT_3D('',#5499,#4088,#4089);
#3505=AXIS2_PLACEMENT_3D('',#5505,#4093,#4094);
#3506=AXIS2_PLACEMENT_3D('',#5511,#4098,#4099);
#3507=AXIS2_PLACEMENT_3D('',#5516,#4103,#4104);
#3508=AXIS2_PLACEMENT_3D('',#5518,#4106,#4107);
#3509=AXIS2_PLACEMENT_3D('',#5524,#4111,#4112);
#3510=AXIS2_PLACEMENT_3D('',#5526,#4114,#4115);
#3511=AXIS2_PLACEMENT_3D('',#5530,#4118,#4119);
#3512=AXIS2_PLACEMENT_3D('',#5548,#4128,#4129);
#3513=AXIS2_PLACEMENT_3D('',#5603,#4143,#4144);
#3514=AXIS2_PLACEMENT_3D('',#5604,#4145,#4146);
#3515=AXIS2_PLACEMENT_3D('',#5605,#4147,#4148);
#3516=AXIS2_PLACEMENT_3D('',#5638,#4149,#4150);
#3517=AXIS2_PLACEMENT_3D('',#5639,#4151,#4152);
#3518=AXIS2_PLACEMENT_3D('',#5640,#4153,#4154);
#3519=AXIS2_PLACEMENT_3D('',#5673,#4155,#4156);
#3520=AXIS2_PLACEMENT_3D('',#5674,#4157,#4158);
#3521=AXIS2_PLACEMENT_3D('',#5675,#4159,#4160);
#3522=AXIS2_PLACEMENT_3D('',#5708,#4161,#4162);
#3523=AXIS2_PLACEMENT_3D('',#5709,#4163,#4164);
#3524=AXIS2_PLACEMENT_3D('',#5710,#4165,#4166);
#3525=AXIS2_PLACEMENT_3D('',#5711,#4167,#4168);
#3526=AXIS2_PLACEMENT_3D('',#5713,#4170,#4171);
#3527=AXIS2_PLACEMENT_3D('',#5715,#4173,#4174);
#3528=AXIS2_PLACEMENT_3D('',#5717,#4176,#4177);
#3529=AXIS2_PLACEMENT_3D('',#5719,#4179,#4180);
#3530=AXIS2_PLACEMENT_3D('',#5725,#4184,#4185);
#3531=AXIS2_PLACEMENT_3D('',#5728,#4187,#4188);
#3532=AXIS2_PLACEMENT_3D('',#5729,#4189,#4190);
#3533=AXIS2_PLACEMENT_3D('',#5733,#4193,#4194);
#3534=AXIS2_PLACEMENT_3D('',#5736,#4196,#4197);
#3535=AXIS2_PLACEMENT_3D('',#5737,#4198,#4199);
#3536=AXIS2_PLACEMENT_3D('',#5739,#4200,#4201);
#3537=AXIS2_PLACEMENT_3D('',#5815,#4203,#4204);
#3538=AXIS2_PLACEMENT_3D('',#5817,#4205,#4206);
#3539=AXIS2_PLACEMENT_3D('',#5818,#4207,#4208);
#3540=AXIS2_PLACEMENT_3D('',#5819,#4209,#4210);
#3541=AXIS2_PLACEMENT_3D('',#5821,#4211,#4212);
#3542=AXIS2_PLACEMENT_3D('',#5823,#4214,#4215);
#3543=AXIS2_PLACEMENT_3D('',#5825,#4217,#4218);
#3544=AXIS2_PLACEMENT_3D('',#5828,#4220,#4221);
#3545=AXIS2_PLACEMENT_3D('',#5829,#4222,#4223);
#3546=AXIS2_PLACEMENT_3D('',#5862,#4225,#4226);
#3547=AXIS2_PLACEMENT_3D('',#5864,#4227,#4228);
#3548=AXIS2_PLACEMENT_3D('',#5865,#4229,#4230);
#3549=AXIS2_PLACEMENT_3D('',#5897,#4231,#4232);
#3550=AXIS2_PLACEMENT_3D('',#5899,#4233,#4234);
#3551=AXIS2_PLACEMENT_3D('',#5900,#4235,#4236);
#3552=AXIS2_PLACEMENT_3D('',#5932,#4237,#4238);
#3553=AXIS2_PLACEMENT_3D('',#5934,#4239,#4240);
#3554=AXIS2_PLACEMENT_3D('',#5935,#4241,#4242);
#3555=AXIS2_PLACEMENT_3D('',#5967,#4243,#4244);
#3556=AXIS2_PLACEMENT_3D('',#5969,#4245,#4246);
#3557=AXIS2_PLACEMENT_3D('',#5970,#4247,#4248);
#3558=AXIS2_PLACEMENT_3D('',#5981,#4249,#4250);
#3559=AXIS2_PLACEMENT_3D('',#5982,#4251,#4252);
#3560=AXIS2_PLACEMENT_3D('',#5993,#4253,#4254);
#3561=AXIS2_PLACEMENT_3D('',#5994,#4255,#4256);
#3562=AXIS2_PLACEMENT_3D('',#5995,#4257,#4258);
#3563=AXIS2_PLACEMENT_3D('',#5997,#4259,#4260);
#3564=AXIS2_PLACEMENT_3D('',#5999,#4262,#4263);
#3565=AXIS2_PLACEMENT_3D('',#6001,#4264,#4265);
#3566=AXIS2_PLACEMENT_3D('',#6002,#4266,#4267);
#3567=AXIS2_PLACEMENT_3D('',#6003,#4268,#4269);
#3568=AXIS2_PLACEMENT_3D('',#6005,#4271,#4272);
#3569=AXIS2_PLACEMENT_3D('',#6008,#4274,#4275);
#3570=AXIS2_PLACEMENT_3D('',#6009,#4276,#4277);
#3571=AXIS2_PLACEMENT_3D('',#6011,#4278,#4279);
#3572=AXIS2_PLACEMENT_3D('',#6012,#4280,#4281);
#3573=AXIS2_PLACEMENT_3D('',#6013,#4282,#4283);
#3574=AXIS2_PLACEMENT_3D('',#6015,#4285,#4286);
#3575=AXIS2_PLACEMENT_3D('',#6017,#4288,#4289);
#3576=AXIS2_PLACEMENT_3D('',#6019,#4291,#4292);
#3577=AXIS2_PLACEMENT_3D('',#6021,#4294,#4295);
#3578=AXIS2_PLACEMENT_3D('',#6027,#4299,#4300);
#3579=AXIS2_PLACEMENT_3D('',#6031,#4302,#4303);
#3580=AXIS2_PLACEMENT_3D('',#6032,#4304,#4305);
#3581=AXIS2_PLACEMENT_3D('',#6033,#4306,#4307);
#3582=AXIS2_PLACEMENT_3D('',#6041,#4312,#4313);
#3583=AXIS2_PLACEMENT_3D('',#6044,#4315,#4316);
#3584=AXIS2_PLACEMENT_3D('',#6045,#4317,#4318);
#3585=AXIS2_PLACEMENT_3D('',#6049,#4321,#4322);
#3586=AXIS2_PLACEMENT_3D('',#6052,#4324,#4325);
#3587=AXIS2_PLACEMENT_3D('',#6053,#4326,#4327);
#3588=AXIS2_PLACEMENT_3D('',#6057,#4330,#4331);
#3589=AXIS2_PLACEMENT_3D('',#6060,#4333,#4334);
#3590=AXIS2_PLACEMENT_3D('',#6061,#4335,#4336);
#3591=AXIS2_PLACEMENT_3D('',#6067,#4340,#4341);
#3592=AXIS2_PLACEMENT_3D('',#6070,#4343,#4344);
#3593=AXIS2_PLACEMENT_3D('',#6071,#4345,#4346);
#3594=AXIS2_PLACEMENT_3D('',#6075,#4349,#4350);
#3595=AXIS2_PLACEMENT_3D('',#6078,#4352,#4353);
#3596=AXIS2_PLACEMENT_3D('',#6079,#4354,#4355);
#3597=AXIS2_PLACEMENT_3D('',#6083,#4358,#4359);
#3598=AXIS2_PLACEMENT_3D('',#6086,#4361,#4362);
#3599=AXIS2_PLACEMENT_3D('',#6087,#4363,#4364);
#3600=AXIS2_PLACEMENT_3D('',#6093,#4368,#4369);
#3601=AXIS2_PLACEMENT_3D('',#6095,#4370,#4371);
#3602=AXIS2_PLACEMENT_3D('',#6098,#4373,#4374);
#3603=AXIS2_PLACEMENT_3D('',#6099,#4375,#4376);
#3604=AXIS2_PLACEMENT_3D('',#6105,#4380,#4381);
#3605=AXIS2_PLACEMENT_3D('',#6112,#4386,#4387);
#3606=AXIS2_PLACEMENT_3D('',#6114,#4389,#4390);
#3607=AXIS2_PLACEMENT_3D('',#6115,#4391,#4392);
#3608=AXIS2_PLACEMENT_3D('',#6118,#4394,#4395);
#3609=AXIS2_PLACEMENT_3D('',#6120,#4397,#4398);
#3610=AXIS2_PLACEMENT_3D('',#6122,#4399,#4400);
#3611=AXIS2_PLACEMENT_3D('',#6124,#4402,#4403);
#3612=AXIS2_PLACEMENT_3D('',#6126,#4405,#4406);
#3613=AXIS2_PLACEMENT_3D('',#6129,#4408,#4409);
#3614=AXIS2_PLACEMENT_3D('',#6130,#4410,#4411);
#3615=AXIS2_PLACEMENT_3D('',#6132,#4413,#4414);
#3616=AXIS2_PLACEMENT_3D('',#6133,#4415,#4416);
#3617=AXIS2_PLACEMENT_3D('',#6134,#4417,#4418);
#3618=AXIS2_PLACEMENT_3D('',#6135,#4419,#4420);
#3619=AXIS2_PLACEMENT_3D('',#6136,#4421,#4422);
#3620=AXIS2_PLACEMENT_3D('',#6137,#4423,#4424);
#3621=AXIS2_PLACEMENT_3D('',#6141,#4427,#4428);
#3622=AXIS2_PLACEMENT_3D('',#6147,#4432,#4433);
#3623=AXIS2_PLACEMENT_3D('',#6149,#4434,#4435);
#3624=AXIS2_PLACEMENT_3D('',#6151,#4436,#4437);
#3625=AXIS2_PLACEMENT_3D('',#6153,#4439,#4440);
#3626=AXIS2_PLACEMENT_3D('',#6165,#4447,#4448);
#3627=AXIS2_PLACEMENT_3D('',#6167,#4449,#4450);
#3628=AXIS2_PLACEMENT_3D('',#6169,#4451,#4452);
#3629=AXIS2_PLACEMENT_3D('',#6171,#4454,#4455);
#3630=AXIS2_PLACEMENT_3D('',#6175,#4457,#4458);
#3631=AXIS2_PLACEMENT_3D('',#6176,#4459,#4460);
#3632=AXIS2_PLACEMENT_3D('',#6177,#4461,#4462);
#3633=AXIS2_PLACEMENT_3D('',#6182,#4464,#4465);
#3634=AXIS2_PLACEMENT_3D('',#6185,#4467,#4468);
#3635=AXIS2_PLACEMENT_3D('',#6186,#4469,#4470);
#3636=AXIS2_PLACEMENT_3D('',#6192,#4474,#4475);
#3637=AXIS2_PLACEMENT_3D('',#6195,#4477,#4478);
#3638=AXIS2_PLACEMENT_3D('',#6196,#4479,#4480);
#3639=AXIS2_PLACEMENT_3D('',#6197,#4481,#4482);
#3640=AXIS2_PLACEMENT_3D('',#6201,#4485,#4486);
#3641=AXIS2_PLACEMENT_3D('',#6204,#4488,#4489);
#3642=AXIS2_PLACEMENT_3D('',#6205,#4490,#4491);
#3643=AXIS2_PLACEMENT_3D('',#6209,#4494,#4495);
#3644=AXIS2_PLACEMENT_3D('',#6212,#4497,#4498);
#3645=AXIS2_PLACEMENT_3D('',#6213,#4499,#4500);
#3646=AXIS2_PLACEMENT_3D('',#6216,#4503,#4504);
#3647=AXIS2_PLACEMENT_3D('',#6218,#4506,#4507);
#3648=AXIS2_PLACEMENT_3D('',#6220,#4509,#4510);
#3649=AXIS2_PLACEMENT_3D('',#6222,#4512,#4513);
#3650=AXIS2_PLACEMENT_3D('',#6247,#4526,#4527);
#3651=AXIS2_PLACEMENT_3D('',#6250,#4530,#4531);
#3652=AXIS2_PLACEMENT_3D('',#6254,#4534,#4535);
#3653=AXIS2_PLACEMENT_3D('',#6258,#4538,#4539);
#3654=AXIS2_PLACEMENT_3D('',#6261,#4542,#4543);
#3655=AXIS2_PLACEMENT_3D('',#6263,#4545,#4546);
#3656=AXIS2_PLACEMENT_3D('',#6266,#4549,#4550);
#3657=AXIS2_PLACEMENT_3D('',#6270,#4553,#4554);
#3658=AXIS2_PLACEMENT_3D('',#6272,#4556,#4557);
#3659=AXIS2_PLACEMENT_3D('',#6276,#4560,#4561);
#3660=AXIS2_PLACEMENT_3D('',#6279,#4564,#4565);
#3661=AXIS2_PLACEMENT_3D('',#6281,#4567,#4568);
#3662=AXIS2_PLACEMENT_3D('',#6282,#4569,#4570);
#3663=AXIS2_PLACEMENT_3D('',#6286,#4573,#4574);
#3664=AXIS2_PLACEMENT_3D('',#6290,#4577,#4578);
#3665=AXIS2_PLACEMENT_3D('',#6292,#4580,#4581);
#3666=AXIS2_PLACEMENT_3D('',#6293,#4582,#4583);
#3667=AXIS2_PLACEMENT_3D('',#6297,#4586,#4587);
#3668=AXIS2_PLACEMENT_3D('',#6298,#4588,#4589);
#3669=AXIS2_PLACEMENT_3D('',#6307,#4595,#4596);
#3670=AXIS2_PLACEMENT_3D('',#6313,#4600,#4601);
#3671=AXIS2_PLACEMENT_3D('',#6320,#4606,#4607);
#3672=AXIS2_PLACEMENT_3D('',#6324,#4610,#4611);
#3673=AXIS2_PLACEMENT_3D('',#6329,#4615,#4616);
#3674=AXIS2_PLACEMENT_3D('',#6330,#4617,#4618);
#3675=AXIS2_PLACEMENT_3D('',#6334,#4621,#4622);
#3676=AXIS2_PLACEMENT_3D('',#6336,#4624,#4625);
#3677=AXIS2_PLACEMENT_3D('',#6337,#4626,#4627);
#3678=AXIS2_PLACEMENT_3D('',#6338,#4628,#4629);
#3679=AXIS2_PLACEMENT_3D('',#6342,#4632,#4633);
#3680=AXIS2_PLACEMENT_3D('',#6344,#4635,#4636);
#3681=AXIS2_PLACEMENT_3D('',#6345,#4637,#4638);
#3682=AXIS2_PLACEMENT_3D('',#6346,#4639,#4640);
#3683=AXIS2_PLACEMENT_3D('',#6348,#4642,#4643);
#3684=AXIS2_PLACEMENT_3D('',#6349,#4644,#4645);
#3685=AXIS2_PLACEMENT_3D('',#6350,#4646,#4647);
#3686=AXIS2_PLACEMENT_3D('',#6351,#4648,#4649);
#3687=AXIS2_PLACEMENT_3D('',#6355,#4652,#4653);
#3688=AXIS2_PLACEMENT_3D('',#6357,#4655,#4656);
#3689=AXIS2_PLACEMENT_3D('',#6358,#4657,#4658);
#3690=AXIS2_PLACEMENT_3D('',#6359,#4659,#4660);
#3691=AXIS2_PLACEMENT_3D('',#6360,#4661,#4662);
#3692=AXIS2_PLACEMENT_3D('',#6362,#4664,#4665);
#3693=AXIS2_PLACEMENT_3D('',#6364,#4667,#4668);
#3694=AXIS2_PLACEMENT_3D('',#6365,#4669,#4670);
#3695=AXIS2_PLACEMENT_3D('',#6366,#4671,#4672);
#3696=DIRECTION('axis',(0.,0.,1.));
#3697=DIRECTION('refdir',(1.,0.,0.));
#3698=DIRECTION('center_axis',(-0.455089860562228,0.,-0.890445517038214));
#3699=DIRECTION('ref_axis',(-0.810465452374362,0.414213562373096,0.414213562373096));
#3700=DIRECTION('center_axis',(-0.25819888974716,0.,-0.966091783079296));
#3701=DIRECTION('ref_axis',(-0.935414346693485,0.250000000000003,0.249999999999998));
#3702=DIRECTION('center_axis',(0.,1.,0.));
#3703=DIRECTION('ref_axis',(-4.9065389333868E-17,0.,-1.));
#3704=DIRECTION('center_axis',(5.23364152894591E-17,-0.989949493661167,
-0.141421356237309));
#3705=DIRECTION('ref_axis',(0.,0.141421356237309,-0.989949493661167));
#3706=DIRECTION('center_axis',(-0.833432576532384,-0.552621154476186,-1.58733187800662E-11));
#3707=DIRECTION('ref_axis',(0.,-2.87236900931021E-11,1.));
#3708=DIRECTION('center_axis',(-0.46859202368969,-0.883414690467846,0.));
#3709=DIRECTION('ref_axis',(0.,0.,1.));
#3710=DIRECTION('center_axis',(-0.258198889747147,-0.9660917830793,0.));
#3711=DIRECTION('ref_axis',(0.,0.,1.));
#3712=DIRECTION('center_axis',(1.47850373192723E-15,-0.141421356237311,
-0.989949493661166));
#3713=DIRECTION('ref_axis',(0.,-0.989949493661166,0.141421356237311));
#3714=DIRECTION('center_axis',(0.,0.,1.));
#3715=DIRECTION('ref_axis',(-9.81307786677359E-17,-1.,0.));
#3716=DIRECTION('center_axis',(0.,0.,-1.));
#3717=DIRECTION('ref_axis',(-0.707106781186554,0.707106781186541,0.));
#3718=DIRECTION('center_axis',(0.,0.,1.));
#3719=DIRECTION('ref_axis',(-0.707106781186554,0.707106781186541,0.));
#3720=DIRECTION('',(0.,0.,-1.));
#3721=DIRECTION('center_axis',(0.,0.,-1.));
#3722=DIRECTION('ref_axis',(-1.,0.,0.));
#3723=DIRECTION('',(0.,0.,-1.));
#3724=DIRECTION('center_axis',(-0.408248290463863,-0.816496580927725,0.408248290463865));
#3725=DIRECTION('ref_axis',(-0.577350269189625,0.577350269189625,0.577350269189628));
#3726=DIRECTION('center_axis',(-1.,0.,0.));
#3727=DIRECTION('ref_axis',(0.,1.,0.));
#3728=DIRECTION('center_axis',(0.,0.,1.));
#3729=DIRECTION('ref_axis',(-1.,0.,0.));
#3730=DIRECTION('center_axis',(0.,1.,0.));
#3731=DIRECTION('ref_axis',(0.,0.,1.));
#3732=DIRECTION('center_axis',(0.,0.,1.));
#3733=DIRECTION('ref_axis',(-0.707106781186554,0.707106781186541,0.));
#3734=DIRECTION('center_axis',(0.,0.,1.));
#3735=DIRECTION('ref_axis',(0.,1.,0.));
#3736=DIRECTION('',(0.,0.,1.));
#3737=DIRECTION('',(0.,0.,-1.));
#3738=DIRECTION('center_axis',(0.,1.,0.));
#3739=DIRECTION('ref_axis',(-0.707106781186546,0.,0.707106781186549));
#3740=DIRECTION('center_axis',(0.,1.,0.));
#3741=DIRECTION('ref_axis',(-1.,0.,-1.11022302462516E-15));
#3742=DIRECTION('',(0.,1.,0.));
#3743=DIRECTION('',(0.,-1.,0.));
#3744=DIRECTION('center_axis',(-1.,0.,0.));
#3745=DIRECTION('ref_axis',(0.,0.70710678118654,0.707106781186555));
#3746=DIRECTION('center_axis',(-1.,0.,0.));
#3747=DIRECTION('ref_axis',(0.,0.,1.));
#3748=DIRECTION('',(-1.,0.,0.));
#3749=DIRECTION('',(1.,0.,0.));
#3750=DIRECTION('center_axis',(0.,0.,-1.));
#3751=DIRECTION('ref_axis',(-1.,0.,0.));
#3752=DIRECTION('center_axis',(-1.16229055713223E-6,-0.999999999999325,
-8.88178419699525E-15));
#3753=DIRECTION('ref_axis',(0.,-8.88178419700125E-15,1.));
#3754=DIRECTION('center_axis',(0.,0.,-1.));
#3755=DIRECTION('ref_axis',(0.707106781186548,-0.707106781186547,0.));
#3756=DIRECTION('center_axis',(0.,0.,1.));
#3757=DIRECTION('ref_axis',(0.707106781186548,-0.707106781186547,0.));
#3758=DIRECTION('center_axis',(-0.408248290463874,0.408248290463831,-0.816496580927737));
#3759=DIRECTION('ref_axis',(-0.577350269189658,0.577350269189609,0.577350269189611));
#3760=DIRECTION('center_axis',(-1.,0.,0.));
#3761=DIRECTION('ref_axis',(0.,0.707106781186546,0.707106781186549));
#3762=DIRECTION('center_axis',(1.47850373192723E-15,-0.141421356237311,
-0.989949493661166));
#3763=DIRECTION('ref_axis',(0.,-0.989949493661166,0.141421356237311));
#3764=DIRECTION('center_axis',(0.,0.,1.));
#3765=DIRECTION('ref_axis',(9.81307786677359E-17,-1.,0.));
#3766=DIRECTION('center_axis',(0.,1.,0.));
#3767=DIRECTION('ref_axis',(-9.81307786677359E-17,0.,-1.));
#3768=DIRECTION('center_axis',(5.23364152894591E-17,-0.989949493661167,
-0.141421356237309));
#3769=DIRECTION('ref_axis',(0.,0.141421356237309,-0.989949493661167));
#3770=DIRECTION('center_axis',(0.,-1.,0.));
#3771=DIRECTION('ref_axis',(-1.,0.,0.));
#3772=DIRECTION('',(0.,0.,-1.));
#3773=DIRECTION('',(-1.,0.,0.));
#3774=DIRECTION('',(0.,0.,1.));
#3775=DIRECTION('',(-1.,0.,0.));
#3776=DIRECTION('',(0.,0.,-1.));
#3777=DIRECTION('',(-1.,0.,0.));
#3778=DIRECTION('',(0.,0.,-1.));
#3779=DIRECTION('',(-1.,0.,0.));
#3780=DIRECTION('',(0.,0.,1.));
#3781=DIRECTION('center_axis',(0.,1.,0.));
#3782=DIRECTION('ref_axis',(9.81307786677359E-17,0.,-1.));
#3783=DIRECTION('center_axis',(0.,1.,0.));
#3784=DIRECTION('ref_axis',(9.81307786677359E-17,0.,-1.));
#3785=DIRECTION('',(-1.,0.,0.));
#3786=DIRECTION('center_axis',(0.,0.,-1.));
#3787=DIRECTION('ref_axis',(0.,-1.,0.));
#3788=DIRECTION('center_axis',(0.,0.,-1.));
#3789=DIRECTION('ref_axis',(0.,-1.,0.));
#3790=DIRECTION('center_axis',(0.,0.,1.));
#3791=DIRECTION('ref_axis',(1.,0.,0.));
#3792=DIRECTION('',(-1.,0.,0.));
#3793=DIRECTION('center_axis',(0.,0.,1.));
#3794=DIRECTION('ref_axis',(0.707106781186551,-0.707106781186544,0.));
#3795=DIRECTION('',(0.,1.,0.));
#3796=DIRECTION('',(-1.,0.,0.));
#3797=DIRECTION('',(6.75519308638663E-8,0.999999999999998,0.));
#3798=DIRECTION('',(1.,0.,0.));
#3799=DIRECTION('',(0.,1.,0.));
#3800=DIRECTION('center_axis',(0.,-1.,0.));
#3801=DIRECTION('ref_axis',(1.,0.,0.));
#3802=DIRECTION('',(-1.,0.,0.));
#3803=DIRECTION('',(0.,0.,1.));
#3804=DIRECTION('center_axis',(-1.,0.,0.));
#3805=DIRECTION('ref_axis',(0.,0.707106781186546,0.707106781186549));
#3806=DIRECTION('',(1.,0.,0.));
#3807=DIRECTION('center_axis',(1.,0.,0.));
#3808=DIRECTION('ref_axis',(0.,1.,0.));
#3809=DIRECTION('center_axis',(0.408248290463858,-0.81649658092773,0.408248290463861));
#3810=DIRECTION('ref_axis',(0.577350269189624,0.577350269189624,0.577350269189629));
#3811=DIRECTION('center_axis',(0.,0.,1.));
#3812=DIRECTION('ref_axis',(0.,1.,0.));
#3813=DIRECTION('center_axis',(1.,0.,0.));
#3814=DIRECTION('ref_axis',(0.,0.,1.));
#3815=DIRECTION('center_axis',(0.,1.,0.));
#3816=DIRECTION('ref_axis',(1.,0.,0.));
#3817=DIRECTION('center_axis',(-1.,0.,0.));
#3818=DIRECTION('ref_axis',(0.,0.70710678118654,0.707106781186555));
#3819=DIRECTION('center_axis',(1.,8.88178419700128E-15,0.));
#3820=DIRECTION('ref_axis',(-8.88178419700128E-15,1.,0.));
#3821=DIRECTION('',(1.,0.,0.));
#3822=DIRECTION('center_axis',(0.,0.,-1.));
#3823=DIRECTION('ref_axis',(-1.,0.,0.));
#3824=DIRECTION('center_axis',(8.88178419700128E-15,-1.,0.));
#3825=DIRECTION('ref_axis',(1.,8.88178419700128E-15,0.));
#3826=DIRECTION('center_axis',(0.,0.,1.));
#3827=DIRECTION('ref_axis',(-0.707106781186547,-0.707106781186547,0.));
#3828=DIRECTION('center_axis',(0.,0.,-1.));
#3829=DIRECTION('ref_axis',(-0.707106781186547,-0.707106781186547,0.));
#3830=DIRECTION('center_axis',(-1.64477485129653E-16,1.,0.));
#3831=DIRECTION('ref_axis',(0.707106781186546,0.,0.707106781186549));
#3832=DIRECTION('center_axis',(8.88178419700128E-15,-1.,0.));
#3833=DIRECTION('ref_axis',(1.,8.88178419700128E-15,0.));
#3834=DIRECTION('',(1.64477485129653E-16,-1.,0.));
#3835=DIRECTION('',(-1.64477485129653E-16,1.,0.));
#3836=DIRECTION('center_axis',(0.,0.,-1.));
#3837=DIRECTION('ref_axis',(-1.,0.,0.));
#3838=DIRECTION('center_axis',(-1.,0.,0.));
#3839=DIRECTION('ref_axis',(0.,-1.,0.));
#3840=DIRECTION('center_axis',(0.,0.,1.));
#3841=DIRECTION('ref_axis',(-0.707106781186548,0.707106781186548,0.));
#3842=DIRECTION('center_axis',(0.,0.,-1.));
#3843=DIRECTION('ref_axis',(-0.707106781186547,0.707106781186547,0.));
#3844=DIRECTION('center_axis',(1.,0.,0.));
#3845=DIRECTION('ref_axis',(0.,-0.707106781186546,0.707106781186549));
#3846=DIRECTION('center_axis',(-1.,8.88178419700132E-15,0.));
#3847=DIRECTION('ref_axis',(-8.88178419700132E-15,-1.,0.));
#3848=DIRECTION('',(-1.,0.,0.));
#3849=DIRECTION('',(1.,0.,0.));
#3850=DIRECTION('center_axis',(0.,0.,-1.));
#3851=DIRECTION('ref_axis',(-1.,0.,0.));
#3852=DIRECTION('center_axis',(0.,1.,0.));
#3853=DIRECTION('ref_axis',(-1.,0.,0.));
#3854=DIRECTION('center_axis',(0.,0.,1.));
#3855=DIRECTION('ref_axis',(0.707106781186548,0.707106781186548,0.));
#3856=DIRECTION('center_axis',(0.,0.,-1.));
#3857=DIRECTION('ref_axis',(0.707106781186547,0.707106781186547,0.));
#3858=DIRECTION('center_axis',(0.,-1.,0.));
#3859=DIRECTION('ref_axis',(-0.707106781186546,0.,0.707106781186549));
#3860=DIRECTION('center_axis',(0.,1.,-8.88178419700125E-15));
#3861=DIRECTION('ref_axis',(-1.,0.,0.));
#3862=DIRECTION('',(0.,1.,0.));
#3863=DIRECTION('',(0.,-1.,0.));
#3864=DIRECTION('center_axis',(0.,-1.,0.));
#3865=DIRECTION('ref_axis',(0.707106781186546,0.,0.707106781186549));
#3866=DIRECTION('center_axis',(0.,1.,0.));
#3867=DIRECTION('ref_axis',(0.,0.,1.));
#3868=DIRECTION('',(0.,1.,0.));
#3869=DIRECTION('',(0.,-1.,0.));
#3870=DIRECTION('center_axis',(0.,0.,-1.));
#3871=DIRECTION('ref_axis',(0.707106781186554,0.707106781186541,0.));
#3872=DIRECTION('center_axis',(0.,0.,1.));
#3873=DIRECTION('ref_axis',(1.,0.,0.));
#3874=DIRECTION('',(0.,0.,-1.));
#3875=DIRECTION('center_axis',(0.258198889747159,0.,-0.966091783079297));
#3876=DIRECTION('ref_axis',(0.,1.,0.));
#3877=DIRECTION('center_axis',(-5.23364152894591E-17,-0.989949493661167,
-0.141421356237309));
#3878=DIRECTION('ref_axis',(0.,0.141421356237309,-0.989949493661167));
#3879=DIRECTION('center_axis',(-0.455089860562229,-9.8859311519008E-16,
0.890445517038213));
#3880=DIRECTION('ref_axis',(0.81046545237436,0.414213562373099,0.414213562373096));
#3881=DIRECTION('center_axis',(5.23364152894591E-17,-0.989949493661167,
-0.141421356237309));
#3882=DIRECTION('ref_axis',(0.,0.141421356237309,-0.989949493661167));
#3883=DIRECTION('center_axis',(0.258198889747145,-0.9660917830793,0.));
#3884=DIRECTION('ref_axis',(0.93541434669349,0.249999999999984,0.249999999999999));
#3885=DIRECTION('center_axis',(0.,0.,1.));
#3886=DIRECTION('ref_axis',(-9.81307786677359E-17,-1.,0.));
#3887=DIRECTION('center_axis',(-0.468592023689675,0.883414690467854,0.));
#3888=DIRECTION('ref_axis',(0.,0.,1.));
#3889=DIRECTION('center_axis',(-1.47850373192723E-15,-0.141421356237311,
-0.989949493661166));
#3890=DIRECTION('ref_axis',(0.,-0.989949493661166,0.141421356237311));
#3891=DIRECTION('center_axis',(-0.833432576548403,0.552621154452027,4.6657937018155E-11));
#3892=DIRECTION('ref_axis',(0.,-8.44302405766939E-11,1.));
#3893=DIRECTION('center_axis',(1.47850373192723E-15,-0.141421356237311,
-0.989949493661166));
#3894=DIRECTION('ref_axis',(0.,-0.989949493661166,0.141421356237311));
#3895=DIRECTION('center_axis',(0.,0.,1.));
#3896=DIRECTION('ref_axis',(-9.81307786677359E-17,-1.,0.));
#3897=DIRECTION('center_axis',(0.,0.,1.));
#3898=DIRECTION('ref_axis',(-0.707106781186548,-0.707106781186548,0.));
#3899=DIRECTION('center_axis',(0.,0.,-1.));
#3900=DIRECTION('ref_axis',(0.,-1.,0.));
#3901=DIRECTION('',(0.,0.,-1.));
#3902=DIRECTION('center_axis',(0.,0.,-1.));
#3903=DIRECTION('ref_axis',(-0.707106781186548,-0.707106781186548,0.));
#3904=DIRECTION('',(0.,0.,1.));
#3905=DIRECTION('center_axis',(-0.816496580927728,0.408248290463861,-0.408248290463861));
#3906=DIRECTION('ref_axis',(-0.577350269189625,-0.577350269189625,0.577350269189628));
#3907=DIRECTION('center_axis',(-1.,0.,0.));
#3908=DIRECTION('ref_axis',(0.,-0.707106781186546,0.707106781186549));
#3909=DIRECTION('center_axis',(0.,0.707106781186547,-0.707106781186548));
#3910=DIRECTION('ref_axis',(-0.707106781186547,-0.5,-0.500000000000001));
#3911=DIRECTION('center_axis',(0.,-0.707106781186548,0.707106781186547));
#3912=DIRECTION('ref_axis',(-1.,0.,0.));
#3913=DIRECTION('',(0.,0.707106781186547,-0.707106781186548));
#3914=DIRECTION('center_axis',(1.04672830578919E-15,-0.707106781186545,
0.70710678118655));
#3915=DIRECTION('ref_axis',(-1.,0.,1.48029736616688E-15));
#3916=DIRECTION('center_axis',(0.,0.707106781186547,-0.707106781186548));
#3917=DIRECTION('ref_axis',(-0.707106781186547,-0.5,-0.500000000000001));
#3918=DIRECTION('',(0.,0.707106781186547,-0.707106781186548));
#3919=DIRECTION('center_axis',(1.30841038223648E-16,0.707106781186548,-0.707106781186547));
#3920=DIRECTION('ref_axis',(0.,-0.707106781186547,-0.707106781186548));
#3921=DIRECTION('',(0.,-0.707106781186547,0.707106781186548));
#3922=DIRECTION('center_axis',(-1.,0.,0.));
#3923=DIRECTION('ref_axis',(0.,0.,1.));
#3924=DIRECTION('center_axis',(-1.,0.,0.));
#3925=DIRECTION('ref_axis',(0.,0.431767895444545,0.901984747356289));
#3926=DIRECTION('center_axis',(-1.,0.,0.));
#3927=DIRECTION('ref_axis',(0.,-0.707106781186546,-0.707106781186549));
#3928=DIRECTION('',(1.,0.,0.));
#3929=DIRECTION('',(-1.,0.,0.));
#3930=DIRECTION('center_axis',(1.,0.,0.));
#3931=DIRECTION('ref_axis',(0.,-1.,0.));
#3932=DIRECTION('',(1.,0.,0.));
#3933=DIRECTION('center_axis',(1.,0.,0.));
#3934=DIRECTION('ref_axis',(0.,-1.,0.));
#3935=DIRECTION('',(-1.,0.,0.));
#3936=DIRECTION('center_axis',(0.,0.,1.));
#3937=DIRECTION('ref_axis',(1.,0.,0.));
#3938=DIRECTION('center_axis',(0.,0.,-1.));
#3939=DIRECTION('ref_axis',(0.707106781186549,-0.707106781186546,0.));
#3940=DIRECTION('',(0.,-1.,0.));
#3941=DIRECTION('center_axis',(0.,0.,1.));
#3942=DIRECTION('ref_axis',(-0.707106781186548,0.707106781186547,0.));
#3943=DIRECTION('',(-1.,0.,0.));
#3944=DIRECTION('',(0.,-1.,0.));
#3945=DIRECTION('',(1.,0.,0.));
#3946=DIRECTION('',(0.,1.,0.));
#3947=DIRECTION('',(-1.,0.,0.));
#3948=DIRECTION('center_axis',(0.,0.,1.));
#3949=DIRECTION('ref_axis',(0.707106781186548,0.707106781186547,0.));
#3950=DIRECTION('',(0.,1.,0.));
#3951=DIRECTION('center_axis',(0.,0.,-1.));
#3952=DIRECTION('ref_axis',(-0.707106781186549,-0.707106781186546,0.));
#3953=DIRECTION('',(-1.,0.,0.));
#3954=DIRECTION('center_axis',(0.,0.,1.));
#3955=DIRECTION('ref_axis',(0.707106781186545,0.70710678118655,0.));
#3956=DIRECTION('',(0.,1.,0.));
#3957=DIRECTION('center_axis',(0.,0.,1.));
#3958=DIRECTION('ref_axis',(0.707106781186545,-0.70710678118655,0.));
#3959=DIRECTION('center_axis',(1.,0.,0.));
#3960=DIRECTION('ref_axis',(0.,-0.707106781186546,0.707106781186549));
#3961=DIRECTION('',(1.,0.,0.));
#3962=DIRECTION('center_axis',(-1.,0.,0.));
#3963=DIRECTION('ref_axis',(0.,-1.,0.));
#3964=DIRECTION('center_axis',(0.,1.,0.));
#3965=DIRECTION('ref_axis',(0.,0.,1.));
#3966=DIRECTION('',(-1.,0.,0.));
#3967=DIRECTION('',(0.,0.,1.));
#3968=DIRECTION('',(-1.,0.,0.));
#3969=DIRECTION('',(0.,0.,-1.));
#3970=DIRECTION('',(0.,0.,-1.));
#3971=DIRECTION('center_axis',(0.,0.707106781186547,-0.707106781186548));
#3972=DIRECTION('ref_axis',(-0.707106781186547,-0.5,-0.500000000000001));
#3973=DIRECTION('',(0.,0.707106781186547,-0.707106781186548));
#3974=DIRECTION('center_axis',(0.,0.707106781186546,-0.707106781186549));
#3975=DIRECTION('ref_axis',(0.,-0.707106781186549,-0.707106781186546));
#3976=DIRECTION('center_axis',(1.,0.,0.));
#3977=DIRECTION('ref_axis',(0.,0.,-1.));
#3978=DIRECTION('center_axis',(-1.,0.,0.));
#3979=DIRECTION('ref_axis',(0.,0.923879532511286,0.382683432365091));
#3980=DIRECTION('center_axis',(1.,0.,0.));
#3981=DIRECTION('ref_axis',(0.,-0.707106781186548,-0.707106781186547));
#3982=DIRECTION('center_axis',(1.,0.,0.));
#3983=DIRECTION('ref_axis',(0.,0.923879532511287,0.38268343236509));
#3984=DIRECTION('',(1.,0.,0.));
#3985=DIRECTION('center_axis',(1.,0.,0.));
#3986=DIRECTION('ref_axis',(0.,0.923879532511286,0.382683432365091));
#3987=DIRECTION('center_axis',(0.,0.707106781186548,0.707106781186547));
#3988=DIRECTION('ref_axis',(0.,0.707106781186547,-0.707106781186548));
#3989=DIRECTION('',(-1.,0.,0.));
#3990=DIRECTION('',(0.,-0.707106781186547,0.707106781186548));
#3991=DIRECTION('',(0.,-0.707106781186547,0.707106781186548));
#3992=DIRECTION('',(0.,-0.707106781186547,0.707106781186548));
#3993=DIRECTION('center_axis',(0.,-0.707106781186547,0.707106781186548));
#3994=DIRECTION('ref_axis',(0.707106781186547,-0.5,-0.500000000000001));
#3995=DIRECTION('center_axis',(-1.30841038223648E-16,0.707106781186548,
-0.707106781186547));
#3996=DIRECTION('ref_axis',(1.,0.,-1.8503717077086E-16));
#3997=DIRECTION('center_axis',(-1.04672830578919E-15,-0.707106781186545,
0.70710678118655));
#3998=DIRECTION('ref_axis',(0.,-0.70710678118655,-0.707106781186545));
#3999=DIRECTION('',(0.,0.707106781186547,-0.707106781186548));
#4000=DIRECTION('center_axis',(0.,0.707106781186547,-0.707106781186548));
#4001=DIRECTION('ref_axis',(0.707106781186546,-0.5,-0.500000000000002));
#4002=DIRECTION('center_axis',(0.,-0.707106781186548,0.707106781186547));
#4003=DIRECTION('ref_axis',(0.,-0.707106781186547,-0.707106781186548));
#4004=DIRECTION('center_axis',(-1.,0.,0.));
#4005=DIRECTION('ref_axis',(0.,0.,1.));
#4006=DIRECTION('center_axis',(1.,0.,0.));
#4007=DIRECTION('ref_axis',(0.,0.431767895444546,0.901984747356289));
#4008=DIRECTION('center_axis',(0.,0.707106781186547,-0.707106781186548));
#4009=DIRECTION('ref_axis',(0.707106781186546,-0.5,-0.500000000000002));
#4010=DIRECTION('center_axis',(0.,0.707106781186549,-0.707106781186546));
#4011=DIRECTION('ref_axis',(1.,0.,0.));
#4012=DIRECTION('center_axis',(-1.,0.,0.));
#4013=DIRECTION('ref_axis',(0.,0.,1.));
#4014=DIRECTION('center_axis',(1.,0.,0.));
#4015=DIRECTION('ref_axis',(0.,-0.707106781186548,-0.707106781186547));
#4016=DIRECTION('center_axis',(-1.,0.,0.));
#4017=DIRECTION('ref_axis',(0.,0.707106781186548,0.707106781186547));
#4018=DIRECTION('center_axis',(1.,0.,0.));
#4019=DIRECTION('ref_axis',(0.,0.707106781186548,0.707106781186547));
#4020=DIRECTION('center_axis',(1.,0.,0.));
#4021=DIRECTION('ref_axis',(0.,0.707106781186548,0.707106781186547));
#4022=DIRECTION('',(-1.,0.,0.));
#4023=DIRECTION('center_axis',(-1.,0.,0.));
#4024=DIRECTION('ref_axis',(0.,0.707106781186548,0.707106781186547));
#4025=DIRECTION('',(1.,0.,0.));
#4026=DIRECTION('center_axis',(0.,-1.,0.));
#4027=DIRECTION('ref_axis',(-1.,0.,0.));
#4028=DIRECTION('',(0.,0.,-1.));
#4029=DIRECTION('',(-1.,0.,0.));
#4030=DIRECTION('',(0.,0.,1.));
#4031=DIRECTION('center_axis',(0.,0.,-1.));
#4032=DIRECTION('ref_axis',(-1.,0.,0.));
#4033=DIRECTION('',(1.,0.,0.));
#4034=DIRECTION('',(8.22387425648264E-17,1.,0.));
#4035=DIRECTION('',(0.,-1.,0.));
#4036=DIRECTION('center_axis',(0.,0.,-1.));
#4037=DIRECTION('ref_axis',(-1.,0.,0.));
#4038=DIRECTION('',(0.,1.,0.));
#4039=DIRECTION('',(-1.,-4.11193712824132E-17,0.));
#4040=DIRECTION('',(0.,-1.,0.));
#4041=DIRECTION('',(1.,0.,0.));
#4042=DIRECTION('center_axis',(0.,0.,-1.));
#4043=DIRECTION('ref_axis',(-1.,0.,0.));
#4044=DIRECTION('',(1.,0.,0.));
#4045=DIRECTION('',(-1.64477485129653E-16,1.,0.));
#4046=DIRECTION('',(-1.,0.,0.));
#4047=DIRECTION('',(2.46716227694479E-16,-1.,0.));
#4048=DIRECTION('center_axis',(0.,0.,-1.));
#4049=DIRECTION('ref_axis',(-1.,0.,0.));
#4050=DIRECTION('',(0.,-1.,0.));
#4051=DIRECTION('',(1.,0.,0.));
#4052=DIRECTION('',(0.,1.,0.));
#4053=DIRECTION('center_axis',(-1.,8.22387425648264E-17,0.));
#4054=DIRECTION('ref_axis',(8.22387425648264E-17,1.,0.));
#4055=DIRECTION('',(0.,0.,-1.));
#4056=DIRECTION('',(8.22387425648264E-17,1.,0.));
#4057=DIRECTION('center_axis',(0.,-1.,0.));
#4058=DIRECTION('ref_axis',(0.,0.,-1.));
#4059=DIRECTION('',(0.,0.,1.));
#4060=DIRECTION('',(-1.,0.,0.));
#4061=DIRECTION('',(0.,0.,1.));
#4062=DIRECTION('',(1.,0.,0.));
#4063=DIRECTION('center_axis',(0.,1.,0.));
#4064=DIRECTION('ref_axis',(-0.707106781186546,0.,0.707106781186549));
#4065=DIRECTION('',(0.,0.,1.));
#4066=DIRECTION('',(1.,0.,0.));
#4067=DIRECTION('center_axis',(4.11193712824132E-17,-1.,0.));
#4068=DIRECTION('ref_axis',(-1.,-4.11193712824132E-17,0.));
#4069=DIRECTION('',(0.,0.,-1.));
#4070=DIRECTION('',(-1.,-4.11193712824132E-17,0.));
#4071=DIRECTION('',(0.,0.,1.));
#4072=DIRECTION('center_axis',(1.,0.,0.));
#4073=DIRECTION('ref_axis',(0.,0.,-1.));
#4074=DIRECTION('',(0.,0.,1.));
#4075=DIRECTION('',(0.,-1.,0.));
#4076=DIRECTION('',(0.,0.,1.));
#4077=DIRECTION('',(0.,1.,0.));
#4078=DIRECTION('center_axis',(-1.,0.,0.));
#4079=DIRECTION('ref_axis',(0.,-0.707106781186547,0.707106781186548));
#4080=DIRECTION('',(0.,0.,1.));
#4081=DIRECTION('',(0.,1.,0.));
#4082=DIRECTION('center_axis',(0.,-1.,0.));
#4083=DIRECTION('ref_axis',(0.,0.,-1.));
#4084=DIRECTION('',(0.,0.,-1.));
#4085=DIRECTION('',(0.,0.,1.));
#4086=DIRECTION('',(1.,0.,0.));
#4087=DIRECTION('',(0.,0.,-1.));
#4088=DIRECTION('center_axis',(0.,1.,0.));
#4089=DIRECTION('ref_axis',(0.707106781186546,0.,0.707106781186549));
#4090=DIRECTION('',(1.,0.,0.));
#4091=DIRECTION('',(0.,0.,-1.));
#4092=DIRECTION('',(-1.,0.,0.));
#4093=DIRECTION('center_axis',(0.,1.,0.));
#4094=DIRECTION('ref_axis',(1.,0.,0.));
#4095=DIRECTION('',(0.,0.,-1.));
#4096=DIRECTION('',(1.,0.,0.));
#4097=DIRECTION('',(0.,0.,1.));
#4098=DIRECTION('center_axis',(-1.,0.,0.));
#4099=DIRECTION('ref_axis',(0.,0.,1.));
#4100=DIRECTION('',(0.,0.,1.));
#4101=DIRECTION('',(0.,1.,0.));
#4102=DIRECTION('',(0.,-1.,0.));
#4103=DIRECTION('center_axis',(0.,0.,-1.));
#4104=DIRECTION('ref_axis',(-1.,0.,0.));
#4105=DIRECTION('',(-8.22387425648264E-17,-1.,0.));
#4106=DIRECTION('center_axis',(0.,0.,-1.));
#4107=DIRECTION('ref_axis',(-1.,0.,0.));
#4108=DIRECTION('',(2.46716227694479E-16,-1.,0.));
#4109=DIRECTION('',(-1.,0.,0.));
#4110=DIRECTION('',(-1.64477485129653E-16,1.,0.));
#4111=DIRECTION('center_axis',(0.,0.,-1.));
#4112=DIRECTION('ref_axis',(-1.,0.,0.));
#4113=DIRECTION('',(0.,1.,0.));
#4114=DIRECTION('center_axis',(0.,0.,-1.));
#4115=DIRECTION('ref_axis',(-1.,0.,0.));
#4116=DIRECTION('',(1.,0.,0.));
#4117=DIRECTION('',(0.,-1.,0.));
#4118=DIRECTION('center_axis',(0.,0.,1.));
#4119=DIRECTION('ref_axis',(1.,0.,0.));
#4120=DIRECTION('',(0.,1.,0.));
#4121=DIRECTION('',(1.,0.,0.));
#4122=DIRECTION('',(0.,-1.,0.));
#4123=DIRECTION('',(-1.,5.84327907697451E-17,0.));
#4124=DIRECTION('',(1.,0.,0.));
#4125=DIRECTION('',(6.75519308638663E-8,0.999999999999998,0.));
#4126=DIRECTION('',(-1.,0.,0.));
#4127=DIRECTION('',(0.,-1.,0.));
#4128=DIRECTION('center_axis',(0.,0.,-1.));
#4129=DIRECTION('ref_axis',(0.707106781186545,0.70710678118655,0.));
#4130=DIRECTION('',(-8.22387425648264E-17,-1.,0.));
#4131=DIRECTION('',(0.,1.,0.));
#4132=DIRECTION('',(1.49011611938477E-8,1.,0.));
#4133=DIRECTION('',(-1.,0.,0.));
#4134=DIRECTION('',(0.,-1.,0.));
#4135=DIRECTION('',(1.,0.,0.));
#4136=DIRECTION('',(-1.,0.,0.));
#4137=DIRECTION('',(0.,-1.,0.));
#4138=DIRECTION('',(-1.64477485129653E-16,1.,0.));
#4139=DIRECTION('',(-1.,0.,0.));
#4140=DIRECTION('',(0.,-1.,0.));
#4141=DIRECTION('',(1.,0.,0.));
#4142=DIRECTION('',(0.,-1.,0.));
#4143=DIRECTION('center_axis',(0.,0.,-1.));
#4144=DIRECTION('ref_axis',(1.,0.,0.));
#4145=DIRECTION('center_axis',(0.948683298050514,0.316227766016836,0.));
#4146=DIRECTION('ref_axis',(0.316227766016836,-0.948683298050514,0.));
#4147=DIRECTION('center_axis',(-0.316227766016842,-0.948683298050512,0.));
#4148=DIRECTION('ref_axis',(0.948683298050512,-0.316227766016842,0.));
#4149=DIRECTION('center_axis',(0.,0.,-1.));
#4150=DIRECTION('ref_axis',(0.,-1.,0.));
#4151=DIRECTION('center_axis',(0.316227766016842,-0.948683298050512,0.));
#4152=DIRECTION('ref_axis',(-0.948683298050512,-0.316227766016842,0.));
#4153=DIRECTION('center_axis',(-0.948683298050514,0.316227766016839,0.));
#4154=DIRECTION('ref_axis',(-0.316227766016839,-0.948683298050513,0.));
#4155=DIRECTION('center_axis',(0.,0.,-1.));
#4156=DIRECTION('ref_axis',(-1.,0.,0.));
#4157=DIRECTION('center_axis',(-0.948683298050515,-0.316227766016835,2.80866677486136E-15));
#4158=DIRECTION('ref_axis',(-0.316227766016835,0.948683298050515,0.));
#4159=DIRECTION('center_axis',(0.316227766016835,0.948683298050515,0.));
#4160=DIRECTION('ref_axis',(-0.948683298050515,0.316227766016835,0.));
#4161=DIRECTION('center_axis',(0.,0.,-1.));
#4162=DIRECTION('ref_axis',(0.,1.,0.));
#4163=DIRECTION('center_axis',(-0.316227766016837,0.948683298050514,0.));
#4164=DIRECTION('ref_axis',(0.948683298050514,0.316227766016837,0.));
#4165=DIRECTION('center_axis',(0.948683298050514,-0.316227766016837,0.));
#4166=DIRECTION('ref_axis',(0.316227766016837,0.948683298050514,0.));
#4167=DIRECTION('center_axis',(0.,-1.,0.));
#4168=DIRECTION('ref_axis',(0.707106781186548,0.,-0.707106781186547));
#4169=DIRECTION('',(0.,-1.,0.));
#4170=DIRECTION('center_axis',(1.,-5.84327907697451E-17,0.));
#4171=DIRECTION('ref_axis',(0.,0.707106781186546,-0.707106781186549));
#4172=DIRECTION('',(1.,-5.84327907697451E-17,0.));
#4173=DIRECTION('center_axis',(0.,1.,0.));
#4174=DIRECTION('ref_axis',(-0.707106781186548,0.,-0.707106781186547));
#4175=DIRECTION('',(0.,1.,0.));
#4176=DIRECTION('center_axis',(-1.,0.,0.));
#4177=DIRECTION('ref_axis',(0.,-0.707106781186548,-0.707106781186547));
#4178=DIRECTION('',(-1.,0.,0.));
#4179=DIRECTION('center_axis',(0.,-1.,0.));
#4180=DIRECTION('ref_axis',(1.,0.,0.));
#4181=DIRECTION('',(0.,0.,1.));
#4182=DIRECTION('',(1.,0.,0.));
#4183=DIRECTION('',(0.,0.,1.));
#4184=DIRECTION('center_axis',(0.,0.,1.));
#4185=DIRECTION('ref_axis',(-4.44089209850064E-15,-1.,0.));
#4186=DIRECTION('',(0.,0.,1.));
#4187=DIRECTION('center_axis',(0.,0.,1.));
#4188=DIRECTION('ref_axis',(-4.44089209850064E-15,-1.,0.));
#4189=DIRECTION('center_axis',(1.,0.,0.));
#4190=DIRECTION('ref_axis',(0.,1.,0.));
#4191=DIRECTION('',(0.,0.,1.));
#4192=DIRECTION('',(0.,1.,0.));
#4193=DIRECTION('center_axis',(0.,0.,1.));
#4194=DIRECTION('ref_axis',(1.,0.,0.));
#4195=DIRECTION('',(0.,0.,1.));
#4196=DIRECTION('center_axis',(0.,0.,1.));
#4197=DIRECTION('ref_axis',(1.,0.,0.));
#4198=DIRECTION('center_axis',(8.22387425648264E-17,1.,0.));
#4199=DIRECTION('ref_axis',(-0.707106781186546,0.,0.707106781186549));
#4200=DIRECTION('center_axis',(0.,-1.,0.));
#4201=DIRECTION('ref_axis',(2.96059473233375E-15,0.,1.));
#4202=DIRECTION('',(8.22387425648264E-17,1.,0.));
#4203=DIRECTION('center_axis',(0.,0.,-1.));
#4204=DIRECTION('ref_axis',(-1.,0.,0.));
#4205=DIRECTION('center_axis',(0.,-1.,0.));
#4206=DIRECTION('ref_axis',(-1.,0.,0.));
#4207=DIRECTION('center_axis',(0.,0.,1.));
#4208=DIRECTION('ref_axis',(0.707106781186545,0.70710678118655,0.));
#4209=DIRECTION('center_axis',(-1.,0.,0.));
#4210=DIRECTION('ref_axis',(0.,-0.707106781186547,0.707106781186548));
#4211=DIRECTION('center_axis',(1.,0.,0.));
#4212=DIRECTION('ref_axis',(0.,-0.707106781186547,0.707106781186548));
#4213=DIRECTION('',(-1.,0.,0.));
#4214=DIRECTION('center_axis',(0.,1.,0.));
#4215=DIRECTION('ref_axis',(1.,0.,0.));
#4216=DIRECTION('',(0.,0.,-1.));
#4217=DIRECTION('center_axis',(1.64477485129653E-16,-1.,0.));
#4218=DIRECTION('ref_axis',(0.707106781186546,0.,0.707106781186549));
#4219=DIRECTION('',(1.64477485129653E-16,-1.,0.));
#4220=DIRECTION('center_axis',(0.,-1.,0.));
#4221=DIRECTION('ref_axis',(0.707106781186546,0.,0.707106781186549));
#4222=DIRECTION('center_axis',(-1.,-1.64477485129653E-16,0.));
#4223=DIRECTION('ref_axis',(-1.64477485129653E-16,1.,0.));
#4224=DIRECTION('',(0.,0.,1.));
#4225=DIRECTION('center_axis',(0.894427190999917,-0.447213595499956,9.93013661298906E-16));
#4226=DIRECTION('ref_axis',(-0.447213595499956,-0.894427190999917,0.));
#4227=DIRECTION('center_axis',(-0.44721359549996,0.894427190999915,0.));
#4228=DIRECTION('ref_axis',(-0.894427190999915,-0.447213595499959,0.));
#4229=DIRECTION('center_axis',(-2.77555756156287E-16,-2.7755575615629E-16,
1.));
#4230=DIRECTION('ref_axis',(-1.,-2.2204460492503E-15,-2.77555756156288E-16));
#4231=DIRECTION('center_axis',(-0.447213595499956,-0.894427190999917,-3.97205464519562E-15));
#4232=DIRECTION('ref_axis',(-0.894427190999917,0.447213595499956,0.));
#4233=DIRECTION('center_axis',(0.894427190999915,0.447213595499959,0.));
#4234=DIRECTION('ref_axis',(-0.447213595499959,0.894427190999915,0.));
#4235=DIRECTION('center_axis',(0.,2.77555756156288E-16,1.));
#4236=DIRECTION('ref_axis',(0.,1.,-2.77555756156288E-16));
#4237=DIRECTION('center_axis',(-0.894427190999917,0.447213595499956,-3.97205464519562E-15));
#4238=DIRECTION('ref_axis',(0.447213595499956,0.894427190999917,0.));
#4239=DIRECTION('center_axis',(0.447213595499956,-0.894427190999917,0.));
#4240=DIRECTION('ref_axis',(0.894427190999917,0.447213595499956,0.));
#4241=DIRECTION('center_axis',(2.77555756156288E-16,2.77555756156285E-16,
1.));
#4242=DIRECTION('ref_axis',(1.,0.,-2.77555756156288E-16));
#4243=DIRECTION('center_axis',(0.447213595499958,0.894427190999916,-3.97205464519564E-15));
#4244=DIRECTION('ref_axis',(0.894427190999916,-0.447213595499958,0.));
#4245=DIRECTION('center_axis',(-0.894427190999917,-0.447213595499957,0.));
#4246=DIRECTION('ref_axis',(0.447213595499957,-0.894427190999917,0.));
#4247=DIRECTION('center_axis',(2.77555756156285E-16,-2.7755575615629E-16,
1.));
#4248=DIRECTION('ref_axis',(0.,-1.,-2.7755575615629E-16));
#4249=DIRECTION('center_axis',(0.,1.,0.));
#4250=DIRECTION('ref_axis',(0.,0.,-1.));
#4251=DIRECTION('center_axis',(0.,0.,1.));
#4252=DIRECTION('ref_axis',(-0.707106781186549,-0.707106781186546,0.));
#4253=DIRECTION('center_axis',(0.,1.,0.));
#4254=DIRECTION('ref_axis',(1.,0.,0.));
#4255=DIRECTION('center_axis',(0.,0.,1.));
#4256=DIRECTION('ref_axis',(0.707106781186549,-0.707106781186546,0.));
#4257=DIRECTION('center_axis',(0.,-1.,0.));
#4258=DIRECTION('ref_axis',(0.707106781186549,0.,-0.707106781186546));
#4259=DIRECTION('center_axis',(0.,1.,0.));
#4260=DIRECTION('ref_axis',(1.,0.,0.));
#4261=DIRECTION('',(0.,1.,0.));
#4262=DIRECTION('center_axis',(0.,0.,1.));
#4263=DIRECTION('ref_axis',(1.,0.,0.));
#4264=DIRECTION('center_axis',(1.,0.,0.));
#4265=DIRECTION('ref_axis',(0.,-1.,0.));
#4266=DIRECTION('center_axis',(0.,0.,-1.));
#4267=DIRECTION('ref_axis',(-0.707106781186548,0.707106781186547,0.));
#4268=DIRECTION('center_axis',(-1.,0.,0.));
#4269=DIRECTION('ref_axis',(0.,-0.707106781186548,-0.707106781186547));
#4270=DIRECTION('',(1.,0.,0.));
#4271=DIRECTION('center_axis',(-1.,0.,0.));
#4272=DIRECTION('ref_axis',(0.,-0.707106781186547,-0.707106781186548));
#4273=DIRECTION('',(1.,0.,0.));
#4274=DIRECTION('center_axis',(1.,0.,0.));
#4275=DIRECTION('ref_axis',(0.,-1.,0.));
#4276=DIRECTION('center_axis',(0.,0.,1.));
#4277=DIRECTION('ref_axis',(1.,0.,0.));
#4278=DIRECTION('center_axis',(0.,-1.,0.));
#4279=DIRECTION('ref_axis',(-1.,0.,0.));
#4280=DIRECTION('center_axis',(0.,0.,-1.));
#4281=DIRECTION('ref_axis',(0.707106781186548,0.707106781186547,0.));
#4282=DIRECTION('center_axis',(0.,1.,0.));
#4283=DIRECTION('ref_axis',(-0.707106781186549,0.,-0.707106781186546));
#4284=DIRECTION('',(0.,-1.,0.));
#4285=DIRECTION('center_axis',(0.,1.,0.));
#4286=DIRECTION('ref_axis',(0.707106781186549,0.,-0.707106781186546));
#4287=DIRECTION('',(0.,1.,0.));
#4288=DIRECTION('center_axis',(-1.,0.,0.));
#4289=DIRECTION('ref_axis',(0.,0.707106781186549,-0.707106781186546));
#4290=DIRECTION('',(-1.,0.,0.));
#4291=DIRECTION('center_axis',(0.,-1.,0.));
#4292=DIRECTION('ref_axis',(-0.707106781186549,0.,-0.707106781186546));
#4293=DIRECTION('',(0.,-1.,0.));
#4294=DIRECTION('center_axis',(1.,0.,0.));
#4295=DIRECTION('ref_axis',(0.,0.,-1.));
#4296=DIRECTION('',(0.,0.,-1.));
#4297=DIRECTION('',(0.,-1.,0.));
#4298=DIRECTION('',(0.,0.,1.));
#4299=DIRECTION('center_axis',(0.,0.,-1.));
#4300=DIRECTION('ref_axis',(0.707106781186546,-0.707106781186549,0.));
#4301=DIRECTION('',(0.,0.,1.));
#4302=DIRECTION('center_axis',(0.,0.707106781186549,0.707106781186546));
#4303=DIRECTION('ref_axis',(4.90653893338679E-17,-0.707106781186546,0.707106781186549));
#4304=DIRECTION('center_axis',(-0.707106781186549,0.,0.707106781186546));
#4305=DIRECTION('ref_axis',(0.707106781186546,0.,0.707106781186549));
#4306=DIRECTION('center_axis',(0.,-1.,0.));
#4307=DIRECTION('ref_axis',(1.,0.,0.));
#4308=DIRECTION('',(0.,0.,-1.));
#4309=DIRECTION('',(-1.,0.,0.));
#4310=DIRECTION('',(0.,0.,-1.));
#4311=DIRECTION('',(-1.,0.,0.));
#4312=DIRECTION('center_axis',(0.,0.,-1.));
#4313=DIRECTION('ref_axis',(-0.707106781186549,0.707106781186546,0.));
#4314=DIRECTION('',(0.,0.,1.));
#4315=DIRECTION('center_axis',(0.,0.,1.));
#4316=DIRECTION('ref_axis',(-0.707106781186549,0.707106781186546,0.));
#4317=DIRECTION('center_axis',(-1.,0.,0.));
#4318=DIRECTION('ref_axis',(0.,-1.,0.));
#4319=DIRECTION('',(0.,0.,-1.));
#4320=DIRECTION('',(0.,-1.,0.));
#4321=DIRECTION('center_axis',(0.,0.,1.));
#4322=DIRECTION('ref_axis',(0.707106781186548,-0.707106781186548,0.));
#4323=DIRECTION('',(0.,0.,1.));
#4324=DIRECTION('center_axis',(0.,0.,-1.));
#4325=DIRECTION('ref_axis',(0.707106781186548,-0.707106781186548,0.));
#4326=DIRECTION('center_axis',(0.,1.,0.));
#4327=DIRECTION('ref_axis',(-1.,0.,0.));
#4328=DIRECTION('',(0.,0.,-1.));
#4329=DIRECTION('',(-1.,0.,0.));
#4330=DIRECTION('center_axis',(0.,0.,1.));
#4331=DIRECTION('ref_axis',(-0.707106781186548,-0.707106781186548,0.));
#4332=DIRECTION('',(0.,0.,1.));
#4333=DIRECTION('center_axis',(0.,0.,-1.));
#4334=DIRECTION('ref_axis',(-0.707106781186548,-0.707106781186548,0.));
#4335=DIRECTION('center_axis',(0.,0.707106781186549,0.707106781186546));
#4336=DIRECTION('ref_axis',(1.,0.,0.));
#4337=DIRECTION('',(0.,-0.707106781186546,0.707106781186549));
#4338=DIRECTION('',(0.,-0.707106781186546,0.707106781186549));
#4339=DIRECTION('',(1.,0.,0.));
#4340=DIRECTION('center_axis',(0.,0.,-1.));
#4341=DIRECTION('ref_axis',(-0.707106781186549,0.707106781186547,0.));
#4342=DIRECTION('',(0.707106781186546,0.,0.707106781186549));
#4343=DIRECTION('center_axis',(0.,0.,-1.));
#4344=DIRECTION('ref_axis',(-0.707106781186548,0.707106781186546,0.));
#4345=DIRECTION('center_axis',(-0.707106781186549,0.,0.707106781186546));
#4346=DIRECTION('ref_axis',(0.707106781186546,0.,0.707106781186549));
#4347=DIRECTION('',(0.707106781186546,2.51214793389404E-14,0.707106781186549));
#4348=DIRECTION('',(0.,1.,0.));
#4349=DIRECTION('center_axis',(0.,0.,1.));
#4350=DIRECTION('ref_axis',(0.707106781186548,-0.707106781186548,0.));
#4351=DIRECTION('',(0.,-0.707106781186552,0.707106781186543));
#4352=DIRECTION('center_axis',(0.,0.,1.));
#4353=DIRECTION('ref_axis',(0.707106781186547,-0.707106781186547,0.));
#4354=DIRECTION('center_axis',(0.,0.707106781186543,0.707106781186552));
#4355=DIRECTION('ref_axis',(1.,0.,0.));
#4356=DIRECTION('',(1.25607396694701E-14,-0.707106781186552,0.707106781186543));
#4357=DIRECTION('',(1.,0.,0.));
#4358=DIRECTION('center_axis',(0.,0.,1.));
#4359=DIRECTION('ref_axis',(-0.707106781186548,-0.707106781186548,0.));
#4360=DIRECTION('',(-0.70710678118654,0.,0.707106781186555));
#4361=DIRECTION('center_axis',(0.,0.,1.));
#4362=DIRECTION('ref_axis',(-0.707106781186547,-0.707106781186547,0.));
#4363=DIRECTION('center_axis',(0.707106781186549,0.,0.707106781186546));
#4364=DIRECTION('ref_axis',(0.707106781186546,0.,-0.707106781186549));
#4365=DIRECTION('',(-0.707106781186546,0.,0.707106781186549));
#4366=DIRECTION('',(0.,-1.,0.));
#4367=DIRECTION('',(0.,1.,0.));
#4368=DIRECTION('center_axis',(0.,0.,-1.));
#4369=DIRECTION('ref_axis',(0.707106781186548,0.707106781186548,0.));
#4370=DIRECTION('center_axis',(0.,0.,1.));
#4371=DIRECTION('ref_axis',(0.707106781186548,0.707106781186548,0.));
#4372=DIRECTION('',(0.,-0.707106781186543,0.707106781186552));
#4373=DIRECTION('center_axis',(0.,0.,-1.));
#4374=DIRECTION('ref_axis',(0.707106781186547,0.707106781186547,0.));
#4375=DIRECTION('center_axis',(0.,0.707106781186552,0.707106781186543));
#4376=DIRECTION('ref_axis',(1.,0.,0.));
#4377=DIRECTION('',(0.,0.707106781186543,-0.707106781186552));
#4378=DIRECTION('',(1.,0.,0.));
#4379=DIRECTION('',(-1.,0.,0.));
#4380=DIRECTION('center_axis',(0.,-1.,0.));
#4381=DIRECTION('ref_axis',(1.,0.,0.));
#4382=DIRECTION('',(0.,0.,-1.));
#4383=DIRECTION('',(-1.,0.,0.));
#4384=DIRECTION('',(0.,0.,1.));
#4385=DIRECTION('',(0.,0.,1.));
#4386=DIRECTION('center_axis',(0.,0.,1.));
#4387=DIRECTION('ref_axis',(0.707106781186548,0.707106781186548,0.));
#4388=DIRECTION('',(0.,0.,-1.));
#4389=DIRECTION('center_axis',(1.,0.,0.));
#4390=DIRECTION('ref_axis',(0.,1.,0.));
#4391=DIRECTION('center_axis',(0.,1.,0.));
#4392=DIRECTION('ref_axis',(-1.,0.,0.));
#4393=DIRECTION('',(0.,0.,-1.));
#4394=DIRECTION('center_axis',(0.,1.,0.));
#4395=DIRECTION('ref_axis',(-0.707106781186546,0.,-0.707106781186549));
#4396=DIRECTION('',(0.,0.,1.));
#4397=DIRECTION('center_axis',(0.,0.,-1.));
#4398=DIRECTION('ref_axis',(0.707106781186551,-0.707106781186544,0.));
#4399=DIRECTION('center_axis',(0.,0.,-1.));
#4400=DIRECTION('ref_axis',(0.707106781186545,-0.70710678118655,0.));
#4401=DIRECTION('',(0.,0.,-1.));
#4402=DIRECTION('center_axis',(0.,1.,0.));
#4403=DIRECTION('ref_axis',(-0.707106781186546,0.,-0.707106781186549));
#4404=DIRECTION('',(0.,1.,0.));
#4405=DIRECTION('center_axis',(0.,0.,-1.));
#4406=DIRECTION('ref_axis',(0.707106781186551,0.707106781186544,0.));
#4407=DIRECTION('',(0.,0.,1.));
#4408=DIRECTION('center_axis',(0.,0.,-1.));
#4409=DIRECTION('ref_axis',(0.707106781186545,0.70710678118655,0.));
#4410=DIRECTION('center_axis',(1.,0.,0.));
#4411=DIRECTION('ref_axis',(0.,0.,-1.));
#4412=DIRECTION('',(0.,-1.,0.));
#4413=DIRECTION('center_axis',(0.,0.,1.));
#4414=DIRECTION('ref_axis',(1.,0.,0.));
#4415=DIRECTION('center_axis',(0.,1.,0.));
#4416=DIRECTION('ref_axis',(-1.,0.,0.));
#4417=DIRECTION('center_axis',(0.,-1.,0.));
#4418=DIRECTION('ref_axis',(-0.707106781186546,0.,0.707106781186549));
#4419=DIRECTION('center_axis',(0.,1.,0.));
#4420=DIRECTION('ref_axis',(-1.,0.,0.));
#4421=DIRECTION('center_axis',(0.,0.,1.));
#4422=DIRECTION('ref_axis',(1.,0.,0.));
#4423=DIRECTION('center_axis',(1.,0.,0.));
#4424=DIRECTION('ref_axis',(0.,-1.,0.));
#4425=DIRECTION('',(0.,0.,-1.));
#4426=DIRECTION('',(0.,-1.,0.));
#4427=DIRECTION('center_axis',(0.,0.,1.));
#4428=DIRECTION('ref_axis',(1.,0.,0.));
#4429=DIRECTION('',(0.,1.,0.));
#4430=DIRECTION('',(-1.,0.,0.));
#4431=DIRECTION('',(0.,-1.,0.));
#4432=DIRECTION('center_axis',(0.,0.,1.));
#4433=DIRECTION('ref_axis',(0.707106781186548,0.707106781186548,0.));
#4434=DIRECTION('center_axis',(-0.707106781186549,0.,0.707106781186546));
#4435=DIRECTION('ref_axis',(0.707106781186546,0.,0.707106781186549));
#4436=DIRECTION('center_axis',(0.,-0.707106781186549,0.707106781186546));
#4437=DIRECTION('ref_axis',(0.,0.707106781186546,0.707106781186549));
#4438=DIRECTION('',(0.,0.,-1.));
#4439=DIRECTION('center_axis',(0.,-1.,0.));
#4440=DIRECTION('ref_axis',(1.,0.,0.));
#4441=DIRECTION('',(1.,0.,0.));
#4442=DIRECTION('',(0.,0.,1.));
#4443=DIRECTION('',(1.,0.,0.));
#4444=DIRECTION('',(0.,0.,-1.));
#4445=DIRECTION('',(1.,0.,0.));
#4446=DIRECTION('',(0.,0.,1.));
#4447=DIRECTION('center_axis',(0.,0.,-1.));
#4448=DIRECTION('ref_axis',(-0.707106781186548,0.707106781186548,0.));
#4449=DIRECTION('center_axis',(0.,-0.707106781186549,0.707106781186546));
#4450=DIRECTION('ref_axis',(0.,0.707106781186546,0.707106781186549));
#4451=DIRECTION('center_axis',(0.707106781186549,0.,0.707106781186546));
#4452=DIRECTION('ref_axis',(-0.707106781186546,0.,0.707106781186549));
#4453=DIRECTION('',(0.,0.,-1.));
#4454=DIRECTION('center_axis',(0.,0.,1.));
#4455=DIRECTION('ref_axis',(-0.707106781186546,-0.707106781186549,0.));
#4456=DIRECTION('',(0.,0.,1.));
#4457=DIRECTION('center_axis',(0.707106781186549,0.,0.707106781186546));
#4458=DIRECTION('ref_axis',(-0.707106781186546,0.,0.707106781186549));
#4459=DIRECTION('center_axis',(0.,0.707106781186552,0.707106781186543));
#4460=DIRECTION('ref_axis',(0.,-0.707106781186543,0.707106781186552));
#4461=DIRECTION('center_axis',(0.,0.,-1.));
#4462=DIRECTION('ref_axis',(-4.4408920985006E-15,1.,0.));
#4463=DIRECTION('',(0.707106781186546,0.,0.707106781186549));
#4464=DIRECTION('center_axis',(0.,0.,-1.));
#4465=DIRECTION('ref_axis',(-4.4408920985006E-15,1.,0.));
#4466=DIRECTION('',(0.,0.707106781186546,-0.707106781186549));
#4467=DIRECTION('center_axis',(0.,0.,1.));
#4468=DIRECTION('ref_axis',(-4.4408920985006E-15,1.,0.));
#4469=DIRECTION('center_axis',(-0.707106781186549,0.,0.707106781186546));
#4470=DIRECTION('ref_axis',(0.707106781186546,0.,0.707106781186549));
#4471=DIRECTION('',(0.707106781186546,0.,0.707106781186549));
#4472=DIRECTION('',(0.,1.,0.));
#4473=DIRECTION('',(0.,-1.,0.));
#4474=DIRECTION('center_axis',(0.,0.,-1.));
#4475=DIRECTION('ref_axis',(-1.,0.,0.));
#4476=DIRECTION('',(0.,0.707106781186552,0.707106781186543));
#4477=DIRECTION('center_axis',(0.,0.,-1.));
#4478=DIRECTION('ref_axis',(-1.,0.,0.));
#4479=DIRECTION('center_axis',(0.,0.,1.));
#4480=DIRECTION('ref_axis',(-1.,0.,0.));
#4481=DIRECTION('center_axis',(0.,-0.707106781186543,0.707106781186552));
#4482=DIRECTION('ref_axis',(1.,0.,0.));
#4483=DIRECTION('',(-1.25607396694701E-14,0.707106781186552,0.707106781186543));
#4484=DIRECTION('',(-1.,0.,0.));
#4485=DIRECTION('center_axis',(0.,0.,-1.));
#4486=DIRECTION('ref_axis',(-4.44089209850064E-15,-1.,0.));
#4487=DIRECTION('',(-0.707106781186546,0.,0.707106781186549));
#4488=DIRECTION('center_axis',(0.,0.,-1.));
#4489=DIRECTION('ref_axis',(-4.44089209850064E-15,-1.,0.));
#4490=DIRECTION('center_axis',(0.707106781186549,0.,0.707106781186546));
#4491=DIRECTION('ref_axis',(0.707106781186546,0.,-0.707106781186549));
#4492=DIRECTION('',(-0.707106781186546,1.25607396694702E-14,0.707106781186549));
#4493=DIRECTION('',(0.,-1.,0.));
#4494=DIRECTION('center_axis',(0.,0.,-1.));
#4495=DIRECTION('ref_axis',(1.,0.,0.));
#4496=DIRECTION('',(0.,-0.707106781186546,0.707106781186549));
#4497=DIRECTION('center_axis',(0.,0.,-1.));
#4498=DIRECTION('ref_axis',(1.,0.,0.));
#4499=DIRECTION('center_axis',(4.13182225969419E-17,0.707106781186555,0.70710678118654));
#4500=DIRECTION('ref_axis',(1.,0.,-5.84327907697464E-17));
#4501=DIRECTION('',(1.,-5.84327907697451E-17,0.));
#4502=DIRECTION('',(-1.,5.84327907697451E-17,0.));
#4503=DIRECTION('center_axis',(0.,0.,1.));
#4504=DIRECTION('ref_axis',(-1.,0.,0.));
#4505=DIRECTION('',(0.,0.,1.));
#4506=DIRECTION('center_axis',(-1.,0.,0.));
#4507=DIRECTION('ref_axis',(0.,-1.,0.));
#4508=DIRECTION('',(0.,0.,1.));
#4509=DIRECTION('center_axis',(0.,0.,1.));
#4510=DIRECTION('ref_axis',(-4.4408920985006E-15,1.,0.));
#4511=DIRECTION('',(0.,0.,-1.));
#4512=DIRECTION('center_axis',(0.,0.,1.));
#4513=DIRECTION('ref_axis',(1.,0.,0.));
#4514=DIRECTION('',(1.,0.,0.));
#4515=DIRECTION('',(0.,-1.,0.));
#4516=DIRECTION('',(-1.,0.,0.));
#4517=DIRECTION('',(0.,-1.,0.));
#4518=DIRECTION('',(-1.,0.,0.));
#4519=DIRECTION('',(0.,1.,0.));
#4520=DIRECTION('',(-1.,0.,0.));
#4521=DIRECTION('',(0.,1.,0.));
#4522=DIRECTION('',(1.,0.,0.));
#4523=DIRECTION('',(0.,1.,0.));
#4524=DIRECTION('',(1.,0.,0.));
#4525=DIRECTION('',(0.,-1.,0.));
#4526=DIRECTION('center_axis',(0.,-0.707106781186549,0.707106781186546));
#4527=DIRECTION('ref_axis',(1.,0.,0.));
#4528=DIRECTION('',(-0.577350269189625,-0.577350269189625,-0.577350269189628));
#4529=DIRECTION('',(0.577350269189625,0.577350269189625,0.577350269189627));
#4530=DIRECTION('center_axis',(-0.707106781186549,0.,0.707106781186546));
#4531=DIRECTION('ref_axis',(0.707106781186546,0.,0.707106781186549));
#4532=DIRECTION('',(-0.577350269189632,-0.577350269189622,-0.577350269189624));
#4533=DIRECTION('',(0.,-1.,0.));
#4534=DIRECTION('center_axis',(0.,-0.707106781186549,0.707106781186546));
#4535=DIRECTION('ref_axis',(1.,0.,0.));
#4536=DIRECTION('',(0.577350269189622,-0.577350269189632,-0.577350269189624));
#4537=DIRECTION('',(1.,0.,0.));
#4538=DIRECTION('center_axis',(0.707106781186549,0.,0.707106781186546));
#4539=DIRECTION('ref_axis',(0.707106781186546,0.,-0.707106781186549));
#4540=DIRECTION('',(0.577350269189625,-0.577350269189625,-0.577350269189628));
#4541=DIRECTION('',(0.,1.,0.));
#4542=DIRECTION('center_axis',(0.,-0.707106781186549,0.707106781186546));
#4543=DIRECTION('ref_axis',(1.,0.,0.));
#4544=DIRECTION('',(0.577350269189625,-0.577350269189625,-0.577350269189627));
#4545=DIRECTION('center_axis',(0.,0.707106781186552,0.707106781186543));
#4546=DIRECTION('ref_axis',(1.,0.,0.));
#4547=DIRECTION('',(0.577350269189625,0.577350269189625,-0.577350269189628));
#4548=DIRECTION('',(-0.577350269189627,-0.577350269189621,0.577350269189629));
#4549=DIRECTION('center_axis',(0.707106781186549,0.,0.707106781186546));
#4550=DIRECTION('ref_axis',(0.707106781186546,0.,-0.707106781186549));
#4551=DIRECTION('',(0.,1.,0.));
#4552=DIRECTION('',(0.577350269189628,0.577350269189628,-0.577350269189621));
#4553=DIRECTION('center_axis',(0.707106781186549,0.,0.707106781186546));
#4554=DIRECTION('ref_axis',(0.707106781186546,0.,-0.707106781186549));
#4555=DIRECTION('',(0.,1.,0.));
#4556=DIRECTION('center_axis',(0.,0.707106781186543,0.707106781186552));
#4557=DIRECTION('ref_axis',(1.,0.,0.));
#4558=DIRECTION('',(-1.,0.,0.));
#4559=DIRECTION('',(-0.577350269189622,0.577350269189632,-0.577350269189624));
#4560=DIRECTION('center_axis',(-0.707106781186549,0.,0.707106781186546));
#4561=DIRECTION('ref_axis',(0.707106781186546,0.,0.707106781186549));
#4562=DIRECTION('',(0.,-1.,0.));
#4563=DIRECTION('',(-0.577350269189625,0.577350269189625,-0.577350269189628));
#4564=DIRECTION('center_axis',(0.,0.707106781186549,0.707106781186546));
#4565=DIRECTION('ref_axis',(1.,0.,0.));
#4566=DIRECTION('',(-0.577350269189625,0.577350269189625,-0.577350269189627));
#4567=DIRECTION('center_axis',(-0.707106781186549,0.,0.707106781186546));
#4568=DIRECTION('ref_axis',(0.707106781186546,0.,0.707106781186549));
#4569=DIRECTION('center_axis',(-1.,0.,0.));
#4570=DIRECTION('ref_axis',(0.,-1.,0.));
#4571=DIRECTION('',(0.,0.,1.));
#4572=DIRECTION('',(0.,-1.,0.));
#4573=DIRECTION('center_axis',(0.,-1.,0.));
#4574=DIRECTION('ref_axis',(1.,0.,0.));
#4575=DIRECTION('',(0.,0.,1.));
#4576=DIRECTION('',(1.,0.,0.));
#4577=DIRECTION('center_axis',(1.,0.,0.));
#4578=DIRECTION('ref_axis',(0.,1.,0.));
#4579=DIRECTION('',(0.,1.,0.));
#4580=DIRECTION('center_axis',(-1.,0.,0.));
#4581=DIRECTION('ref_axis',(0.,0.,1.));
#4582=DIRECTION('center_axis',(1.,0.,0.));
#4583=DIRECTION('ref_axis',(0.,0.,1.));
#4584=DIRECTION('',(0.,0.,1.));
#4585=DIRECTION('',(0.,-1.,0.));
#4586=DIRECTION('center_axis',(1.,-8.22387425648264E-17,0.));
#4587=DIRECTION('ref_axis',(-8.22387425648264E-17,-1.,0.));
#4588=DIRECTION('center_axis',(-1.,-1.64477485129653E-16,0.));
#4589=DIRECTION('ref_axis',(-1.64477485129653E-16,1.,0.));
#4590=DIRECTION('',(0.,0.,-1.));
#4591=DIRECTION('',(-1.64477485129653E-16,1.,0.));
#4592=DIRECTION('',(0.,0.,1.));
#4593=DIRECTION('',(-1.64477485129653E-16,1.,0.));
#4594=DIRECTION('',(0.,0.,-1.));
#4595=DIRECTION('center_axis',(-1.,0.,0.));
#4596=DIRECTION('ref_axis',(0.,0.,1.));
#4597=DIRECTION('',(0.,0.,-1.));
#4598=DIRECTION('',(0.,1.,0.));
#4599=DIRECTION('',(0.,0.,-1.));
#4600=DIRECTION('center_axis',(0.,1.,0.));
#4601=DIRECTION('ref_axis',(1.,0.,0.));
#4602=DIRECTION('',(0.,0.,-1.));
#4603=DIRECTION('',(1.,0.,0.));
#4604=DIRECTION('',(1.,0.,0.));
#4605=DIRECTION('',(0.,0.,-1.));
#4606=DIRECTION('center_axis',(1.,0.,0.));
#4607=DIRECTION('ref_axis',(0.,0.,-1.));
#4608=DIRECTION('',(0.,0.,-1.));
#4609=DIRECTION('',(0.,-1.,0.));
#4610=DIRECTION('center_axis',(0.,1.,0.));
#4611=DIRECTION('ref_axis',(0.,0.,1.));
#4612=DIRECTION('',(1.,0.,0.));
#4613=DIRECTION('',(0.,0.,1.));
#4614=DIRECTION('',(0.,0.,-1.));
#4615=DIRECTION('center_axis',(1.,2.46716227694479E-16,0.));
#4616=DIRECTION('ref_axis',(2.46716227694479E-16,-1.,0.));
#4617=DIRECTION('center_axis',(0.,1.,0.));
#4618=DIRECTION('ref_axis',(-1.,0.,0.));
#4619=DIRECTION('',(-1.,0.,0.));
#4620=DIRECTION('',(0.,0.,1.));
#4621=DIRECTION('center_axis',(-1.,0.,0.));
#4622=DIRECTION('ref_axis',(0.,-1.,0.));
#4623=DIRECTION('',(0.,-1.,0.));
#4624=DIRECTION('center_axis',(0.,0.,1.));
#4625=DIRECTION('ref_axis',(1.,0.,0.));
#4626=DIRECTION('center_axis',(0.,0.,-1.));
#4627=DIRECTION('ref_axis',(0.,1.,0.));
#4628=DIRECTION('center_axis',(1.,-1.49011611938477E-8,0.));
#4629=DIRECTION('ref_axis',(1.49011611938477E-8,1.,0.));
#4630=DIRECTION('',(1.49011611938477E-8,1.,0.));
#4631=DIRECTION('',(0.,0.,1.));
#4632=DIRECTION('center_axis',(0.,1.,0.));
#4633=DIRECTION('ref_axis',(-1.,0.,0.));
#4634=DIRECTION('',(-1.,0.,0.));
#4635=DIRECTION('center_axis',(0.,0.,1.));
#4636=DIRECTION('ref_axis',(1.,0.,0.));
#4637=DIRECTION('center_axis',(0.,0.,-1.));
#4638=DIRECTION('ref_axis',(1.,-7.40148683083437E-16,0.));
#4639=DIRECTION('center_axis',(0.,-1.,0.));
#4640=DIRECTION('ref_axis',(1.,0.,0.));
#4641=DIRECTION('',(0.,0.,1.));
#4642=DIRECTION('center_axis',(0.999999999999998,-6.75519308638663E-8,0.));
#4643=DIRECTION('ref_axis',(6.75519308638663E-8,0.999999999999998,0.));
#4644=DIRECTION('center_axis',(0.,0.,-1.));
#4645=DIRECTION('ref_axis',(-1.,-2.96059473233375E-15,0.));
#4646=DIRECTION('center_axis',(0.,0.,-1.));
#4647=DIRECTION('ref_axis',(-1.,-2.96059473233375E-15,0.));
#4648=DIRECTION('center_axis',(-1.,0.,0.));
#4649=DIRECTION('ref_axis',(0.,-1.,0.));
#4650=DIRECTION('',(0.,-1.,0.));
#4651=DIRECTION('',(0.,0.,1.));
#4652=DIRECTION('center_axis',(0.,-1.,0.));
#4653=DIRECTION('ref_axis',(1.,0.,0.));
#4654=DIRECTION('',(1.,0.,0.));
#4655=DIRECTION('center_axis',(0.,0.,-1.));
#4656=DIRECTION('ref_axis',(1.,0.,0.));
#4657=DIRECTION('center_axis',(5.84327907697451E-17,1.,0.));
#4658=DIRECTION('ref_axis',(-1.,5.84327907697451E-17,0.));
#4659=DIRECTION('center_axis',(0.,0.,1.));
#4660=DIRECTION('ref_axis',(1.,0.,0.));
#4661=DIRECTION('center_axis',(-1.,0.,0.));
#4662=DIRECTION('ref_axis',(0.,-1.,0.));
#4663=DIRECTION('',(0.,0.,1.));
#4664=DIRECTION('center_axis',(0.,1.,0.));
#4665=DIRECTION('ref_axis',(-1.,0.,0.));
#4666=DIRECTION('',(0.,0.,1.));
#4667=DIRECTION('center_axis',(1.,0.,0.));
#4668=DIRECTION('ref_axis',(0.,1.,0.));
#4669=DIRECTION('center_axis',(0.,0.,-1.));
#4670=DIRECTION('ref_axis',(0.,1.,0.));
#4671=DIRECTION('center_axis',(0.,0.,-1.));
#4672=DIRECTION('ref_axis',(1.,-7.40148683083437E-16,0.));
#4673=CARTESIAN_POINT('',(0.,0.,0.));
#4674=CARTESIAN_POINT('Ctrl Pts',(47.,-85.,-9.71067811865474));
#4675=CARTESIAN_POINT('Ctrl Pts',(47.0020418232587,-85.,-9.7072750798977));
#4676=CARTESIAN_POINT('Ctrl Pts',(47.0040835283712,-85.0000034810623,-9.70387489274134));
#4677=CARTESIAN_POINT('Ctrl Pts',(47.5510592147228,-84.9999454598486,-8.79122999558501));
#4678=CARTESIAN_POINT('Ctrl Pts',(48.2909907427688,-85.1500935904783,-7.57244734671956));
#4679=CARTESIAN_POINT('Ctrl Pts',(49.0531341248123,-85.4223868839568,-6.14455997908778));
#4680=CARTESIAN_POINT('Ctrl Pts',(49.3145004590702,-85.53187595603,-5.57909784056355));
#4681=CARTESIAN_POINT('Ctrl Pts',(49.4313963571231,-85.5857864376269,-5.29646455628164));
#4682=CARTESIAN_POINT('Ctrl Pts',(47.,-85.,-9.71067811865474));
#4683=CARTESIAN_POINT('Ctrl Pts',(47.0022825142501,-85.0000205947952,-9.70755191166476));
#4684=CARTESIAN_POINT('Ctrl Pts',(47.0045233884542,-84.9999804697083,-9.70427816246841));
#4685=CARTESIAN_POINT('Ctrl Pts',(47.6133188940533,-85.0022224114732,-8.85646277897355));
#4686=CARTESIAN_POINT('Ctrl Pts',(48.4310563750013,-85.0478669732851,-7.70232230839436));
#4687=CARTESIAN_POINT('Ctrl Pts',(49.2102211710645,-85.1613059622904,-6.24789801793315));
#4688=CARTESIAN_POINT('Ctrl Pts',(49.4633490635719,-85.2124032151389,-5.66303534884811));
#4689=CARTESIAN_POINT('Ctrl Pts',(49.5720105859236,-85.238790206292,-5.36832982883727));
#4690=CARTESIAN_POINT('Ctrl Pts',(47.,-85.,-9.71067811865474));
#4691=CARTESIAN_POINT('Ctrl Pts',(47.0025007263963,-85.,-9.70772481764603));
#4692=CARTESIAN_POINT('Ctrl Pts',(47.0049857830572,-84.9999999999999,-9.70478328268198));
#4693=CARTESIAN_POINT('Ctrl Pts',(47.6739063302119,-85.000000000002,-8.91457217852316));
#4694=CARTESIAN_POINT('Ctrl Pts',(48.5765599054614,-84.9999999999999,-7.84498084060685));
#4695=CARTESIAN_POINT('Ctrl Pts',(49.4723910681668,-85.0000000000004,-6.42486502476045));
#4696=CARTESIAN_POINT('Ctrl Pts',(49.7713533409711,-85.,-5.83704802110398));
#4697=CARTESIAN_POINT('Ctrl Pts',(49.9023890312646,-85.,-5.53718000298731));
#4698=CARTESIAN_POINT('Ctrl Pts',(47.,-85.,-9.71067811865474));
#4699=CARTESIAN_POINT('Ctrl Pts',(47.0027224310101,-85.,-9.7079556876506));
#4700=CARTESIAN_POINT('Ctrl Pts',(47.0054447044949,-84.9999999999999,-9.70523302138717));
#4701=CARTESIAN_POINT('Ctrl Pts',(47.7347456196294,-85.000000000002,-8.97608044145907));
#4702=CARTESIAN_POINT('Ctrl Pts',(48.7213209903584,-84.9999999999999,-7.98751776564603));
#4703=CARTESIAN_POINT('Ctrl Pts',(49.7375121664162,-85.0000000000004,-6.60420423736963));
#4704=CARTESIAN_POINT('Ctrl Pts',(50.0860006120936,-85.,-6.01564185556813));
#4705=CARTESIAN_POINT('Ctrl Pts',(50.2418618094975,-85.,-5.71067811865474));
#4706=CARTESIAN_POINT('',(49.4313963571231,-85.5857864376269,-5.29646455628164));
#4707=CARTESIAN_POINT('',(50.2418618094975,-85.,-5.71067811865474));
#4708=CARTESIAN_POINT('Origin',(50.2418618094975,-86.,-5.71067811865474));
#4709=CARTESIAN_POINT('',(47.,-85.,-9.71067811865474));
#4710=CARTESIAN_POINT('Ctrl Pts',(50.2418618094975,-85.,-5.71067811865474));
#4711=CARTESIAN_POINT('Ctrl Pts',(50.0860006120936,-85.,-6.01564185556813));
#4712=CARTESIAN_POINT('Ctrl Pts',(49.7375121664162,-85.0000000000004,-6.60420423736963));
#4713=CARTESIAN_POINT('Ctrl Pts',(48.7213209903584,-84.9999999999999,-7.98751776564603));
#4714=CARTESIAN_POINT('Ctrl Pts',(47.7347456196294,-85.000000000002,-8.97608044145907));
#4715=CARTESIAN_POINT('Ctrl Pts',(47.0054447044949,-84.9999999999999,-9.70523302138717));
#4716=CARTESIAN_POINT('Ctrl Pts',(47.0027224310101,-85.,-9.7079556876506));
#4717=CARTESIAN_POINT('Ctrl Pts',(47.,-85.,-9.71067811865474));
#4718=CARTESIAN_POINT('Ctrl Pts',(47.,-85.,-9.71067811865474));
#4719=CARTESIAN_POINT('Ctrl Pts',(47.0020418232587,-85.,-9.7072750798977));
#4720=CARTESIAN_POINT('Ctrl Pts',(47.0040835283712,-85.0000034810623,-9.70387489274134));
#4721=CARTESIAN_POINT('Ctrl Pts',(47.5510592147228,-84.9999454598486,-8.79122999558501));
#4722=CARTESIAN_POINT('Ctrl Pts',(48.2909907427688,-85.1500935904783,-7.57244734671956));
#4723=CARTESIAN_POINT('Ctrl Pts',(49.0531341248123,-85.4223868839568,-6.14455997908778));
#4724=CARTESIAN_POINT('Ctrl Pts',(49.3145004590702,-85.53187595603,-5.57909784056355));
#4725=CARTESIAN_POINT('Ctrl Pts',(49.4313963571231,-85.5857864376269,-5.29646455628164));
#4726=CARTESIAN_POINT('Ctrl Pts',(49.4313963571231,-85.5857864376269,-5.29646455628165));
#4727=CARTESIAN_POINT('Ctrl Pts',(49.5863268804714,-85.6363102286124,-4.94279801938335));
#4728=CARTESIAN_POINT('Ctrl Pts',(49.7127341974072,-85.6916869913471,-4.55516068024));
#4729=CARTESIAN_POINT('Ctrl Pts',(49.8062430400805,-85.75,-4.14696961966996));
#4730=CARTESIAN_POINT('Ctrl Pts',(49.5017034715233,-85.4122883219595,-5.33239719255946));
#4731=CARTESIAN_POINT('Ctrl Pts',(49.6540576547733,-85.4499676979417,-4.97078292734187));
#4732=CARTESIAN_POINT('Ctrl Pts',(49.7750122707199,-85.4920382649111,-4.57551984502896));
#4733=CARTESIAN_POINT('Ctrl Pts',(49.8593022528292,-85.5372899335883,-4.16115029076407));
#4734=CARTESIAN_POINT('Ctrl Pts',(49.7330607578151,-85.1121727080027,-5.45063952535124));
#4735=CARTESIAN_POINT('Ctrl Pts',(49.8954960891739,-85.1234182759282,-5.07216444669306));
#4736=CARTESIAN_POINT('Ctrl Pts',(50.0212870777607,-85.1360630958221,-4.65899488922576));
#4737=CARTESIAN_POINT('Ctrl Pts',(50.1058700407335,-85.1503934215252,-4.227048303975));
#4738=CARTESIAN_POINT('Ctrl Pts',(50.072125420381,-85.,-5.62392906082103));
#4739=CARTESIAN_POINT('Ctrl Pts',(50.2639099594486,-84.9998858593118,-5.2282967406122));
#4740=CARTESIAN_POINT('Ctrl Pts',(50.4182586348239,-85.0001912331479,-4.79522953638518));
#4741=CARTESIAN_POINT('Ctrl Pts',(50.5294205357792,-85.,-4.34024693529352));
#4742=CARTESIAN_POINT('Ctrl Pts',(50.2418618094975,-85.,-5.71067811865474));
#4743=CARTESIAN_POINT('Ctrl Pts',(50.4484358406286,-85.,-5.30648779077097));
#4744=CARTESIAN_POINT('Ctrl Pts',(50.6169789298762,-85.,-4.86347368889286));
#4745=CARTESIAN_POINT('Ctrl Pts',(50.7416573867739,-85.,-4.39696961966996));
#4746=CARTESIAN_POINT('',(49.8062430400805,-85.75,-4.14696961966996));
#4747=CARTESIAN_POINT('',(50.7416573867739,-85.,-4.39696961966996));
#4748=CARTESIAN_POINT('Origin',(50.7416573867739,-86.,-4.39696961966996));
#4749=CARTESIAN_POINT('Origin',(47.,-85.,-2.39696961966998));
#4750=CARTESIAN_POINT('Origin',(47.,-86.,-2.39696961966998));
#4751=CARTESIAN_POINT('Ctrl Pts',(47.,-94.2145972111833,0.0115463201391008));
#4752=CARTESIAN_POINT('Ctrl Pts',(47.0027080195571,-94.2134221577231,0.0114195064254541));
#4753=CARTESIAN_POINT('Ctrl Pts',(47.0054160428072,-94.2122469910723,0.0112937175907378));
#4754=CARTESIAN_POINT('Ctrl Pts',(47.1691228458157,-94.1411981644406,0.00375483028040844));
#4755=CARTESIAN_POINT('Ctrl Pts',(47.3301822481989,-94.0708941211788,-1.01817038349333E-12));
#4756=CARTESIAN_POINT('Ctrl Pts',(47.4905601208587,-93.9999999999713,0.));
#4757=CARTESIAN_POINT('Ctrl Pts',(47.,-94.2145972111833,0.0115463201391008));
#4758=CARTESIAN_POINT('Ctrl Pts',(47.0024823500999,-94.2130794476719,0.0113824411915805));
#4759=CARTESIAN_POINT('Ctrl Pts',(47.0049647071632,-94.2115614622628,0.011220434537064));
#4760=CARTESIAN_POINT('Ctrl Pts',(47.1550291431337,-94.1197867590033,0.00151655184225285));
#4761=CARTESIAN_POINT('Ctrl Pts',(47.3026615119743,-94.0288680091347,-0.00220614289144931));
#4762=CARTESIAN_POINT('Ctrl Pts',(47.4493368890375,-93.9378294080044,8.93436594061662E-13));
#4763=CARTESIAN_POINT('Ctrl Pts',(47.,-94.2145972111833,0.0115463201391007));
#4764=CARTESIAN_POINT('Ctrl Pts',(47.0022566900614,-94.2127367831378,0.0113453103761717));
#4765=CARTESIAN_POINT('Ctrl Pts',(47.0045133614925,-94.2108759741073,0.0111464371675179));
#4766=CARTESIAN_POINT('Ctrl Pts',(47.1409357106041,-94.0983857885665,-0.000814232757336533));
#4767=CARTESIAN_POINT('Ctrl Pts',(47.2751400013476,-93.9871389768224,-0.00729866878810272));
#4768=CARTESIAN_POINT('Ctrl Pts',(47.408115376304,-93.8756614086704,-0.00838146640984511));
#4769=CARTESIAN_POINT('Ctrl Pts',(47.,-94.2145972111833,0.0115463201391007));
#4770=CARTESIAN_POINT('Ctrl Pts',(47.0020310146725,-94.2123939859424,0.011308544425688));
#4771=CARTESIAN_POINT('Ctrl Pts',(47.0040620321054,-94.2101907024681,0.0110713118472604));
#4772=CARTESIAN_POINT('Ctrl Pts',(47.1268421343618,-94.0769917700413,-0.00322837292790663));
#4773=CARTESIAN_POINT('Ctrl Pts',(47.2476366861491,-93.9457363247968,-0.0152734583056247));
#4774=CARTESIAN_POINT('Ctrl Pts',(47.367920090644,-93.8150411080932,-0.0249360886026538));
#4775=CARTESIAN_POINT('',(47.4905601208587,-93.9999999999856,0.));
#4776=CARTESIAN_POINT('',(47.367920090644,-93.8150411080932,-0.0249360886026517));
#4777=CARTESIAN_POINT('Origin',(47.4905601208587,-93.9999999999569,-1.));
#4778=CARTESIAN_POINT('',(47.,-94.2145972111833,0.0115463201390908));
#4779=CARTESIAN_POINT('Ctrl Pts',(47.367920090644,-93.8150411080932,-0.0249360886026538));
#4780=CARTESIAN_POINT('Ctrl Pts',(47.2476366861491,-93.9457363247968,-0.0152734583056247));
#4781=CARTESIAN_POINT('Ctrl Pts',(47.1268421343618,-94.0769917700413,-0.00322837292790663));
#4782=CARTESIAN_POINT('Ctrl Pts',(47.0040620321054,-94.2101907024681,0.0110713118472604));
#4783=CARTESIAN_POINT('Ctrl Pts',(47.0020310146725,-94.2123939859424,0.011308544425688));
#4784=CARTESIAN_POINT('Ctrl Pts',(47.,-94.2145972111833,0.0115463201391007));
#4785=CARTESIAN_POINT('Ctrl Pts',(47.,-94.2145972111833,0.0115463201391008));
#4786=CARTESIAN_POINT('Ctrl Pts',(47.0027080195571,-94.2134221577231,0.0114195064254541));
#4787=CARTESIAN_POINT('Ctrl Pts',(47.0054160428072,-94.2122469910723,0.0112937175907378));
#4788=CARTESIAN_POINT('Ctrl Pts',(47.1691228458157,-94.1411981644406,0.00375483028040844));
#4789=CARTESIAN_POINT('Ctrl Pts',(47.3301822481989,-94.0708941211788,-1.01817038349333E-12));
#4790=CARTESIAN_POINT('Ctrl Pts',(47.4905601208587,-93.9999999999713,0.));
#4791=CARTESIAN_POINT('Ctrl Pts',(47.4905601208587,-93.9999999999569,0.));
#4792=CARTESIAN_POINT('Ctrl Pts',(47.8263706005357,-93.777335347509,0.));
#4793=CARTESIAN_POINT('Ctrl Pts',(48.2642838780865,-93.3554625593778,0.));
#4794=CARTESIAN_POINT('Ctrl Pts',(49.2264777040835,-92.3272189093342,0.));
#4795=CARTESIAN_POINT('Ctrl Pts',(49.8221626402998,-91.5034013646029,0.));
#4796=CARTESIAN_POINT('Ctrl Pts',(50.1997771389075,-90.7915023596284,0.));
#4797=CARTESIAN_POINT('Ctrl Pts',(47.4699485049481,-93.9689147039759,0.));
#4798=CARTESIAN_POINT('Ctrl Pts',(47.791508737226,-93.7374675207327,1.31778784723904E-6));
#4799=CARTESIAN_POINT('Ctrl Pts',(48.2101463885673,-93.2999902833039,-0.000147113661284517));
#4800=CARTESIAN_POINT('Ctrl Pts',(49.1255658027863,-92.2428923476762,-5.54428741692254E-5));
#4801=CARTESIAN_POINT('Ctrl Pts',(49.684831416614,-91.4095106243105,-0.000277175435732855));
#4802=CARTESIAN_POINT('Ctrl Pts',(50.0330194690148,-90.7030486415231,0.));
#4803=CARTESIAN_POINT('Ctrl Pts',(47.428725358109,-93.9067442401791,-0.00417825922725874));
#4804=CARTESIAN_POINT('Ctrl Pts',(47.7217853902594,-93.6577323615438,-0.00758679823118059));
#4805=CARTESIAN_POINT('Ctrl Pts',(48.1018021207108,-93.1890148571463,-0.0167136104812824));
#4806=CARTESIAN_POINT('Ctrl Pts',(48.9237334464453,-92.074249410517,-0.0486060371917993));
#4807=CARTESIAN_POINT('Ctrl Pts',(49.4101490319814,-91.2218091029487,-0.0819685203511821));
#4808=CARTESIAN_POINT('Ctrl Pts',(49.6999774045334,-90.5263922460012,-0.110096705251758));
#4809=CARTESIAN_POINT('Ctrl Pts',(47.3880177334741,-93.8453512583794,-0.0166587775066939));
#4810=CARTESIAN_POINT('Ctrl Pts',(47.6533532452341,-93.5796267299234,-0.0302021760870353));
#4811=CARTESIAN_POINT('Ctrl Pts',(47.9980555639244,-93.0831100158295,-0.0664387268754984));
#4812=CARTESIAN_POINT('Ctrl Pts',(48.7467341352941,-91.9273216931281,-0.188767164886156));
#4813=CARTESIAN_POINT('Ctrl Pts',(49.1963760182086,-91.079420308419,-0.310152481018241));
#4814=CARTESIAN_POINT('Ctrl Pts',(49.4705909004419,-90.4047181473936,-0.404754182280201));
#4815=CARTESIAN_POINT('Ctrl Pts',(47.367920090644,-93.8150411080932,-0.024936088602656));
#4816=CARTESIAN_POINT('Ctrl Pts',(47.6197779504023,-93.5413822629654,-0.0451683841295285));
#4817=CARTESIAN_POINT('Ctrl Pts',(47.9482129085651,-93.0324951923207,-0.0989747590736191));
#4818=CARTESIAN_POINT('Ctrl Pts',(48.669858278063,-91.8641269741014,-0.27781771968967));
#4819=CARTESIAN_POINT('Ctrl Pts',(49.116621980225,-91.0282415884049,-0.44855183996456));
#4820=CARTESIAN_POINT('Ctrl Pts',(49.3998328541806,-90.3671857671336,-0.575683407505193));
#4821=CARTESIAN_POINT('',(50.1997771389075,-90.7915023596284,0.));
#4822=CARTESIAN_POINT('',(49.3998328541806,-90.3671857671336,-0.575683407505192));
#4823=CARTESIAN_POINT('Origin',(50.1997771389075,-90.7915023596284,-1.));
#4824=CARTESIAN_POINT('Ctrl Pts',(49.3998328541806,-90.3671857671336,-0.575683407505193));
#4825=CARTESIAN_POINT('Ctrl Pts',(49.116621980225,-91.0282415884049,-0.44855183996456));
#4826=CARTESIAN_POINT('Ctrl Pts',(48.669858278063,-91.8641269741014,-0.27781771968967));
#4827=CARTESIAN_POINT('Ctrl Pts',(47.9482129085651,-93.0324951923207,-0.0989747590736191));
#4828=CARTESIAN_POINT('Ctrl Pts',(47.6197779504023,-93.5413822629654,-0.0451683841295285));
#4829=CARTESIAN_POINT('Ctrl Pts',(47.367920090644,-93.8150411080932,-0.024936088602656));
#4830=CARTESIAN_POINT('Ctrl Pts',(47.4905601208587,-93.9999999999569,0.));
#4831=CARTESIAN_POINT('Ctrl Pts',(47.8263706005357,-93.777335347509,0.));
#4832=CARTESIAN_POINT('Ctrl Pts',(48.2642838780865,-93.3554625593778,0.));
#4833=CARTESIAN_POINT('Ctrl Pts',(49.2264777040835,-92.3272189093342,0.));
#4834=CARTESIAN_POINT('Ctrl Pts',(49.8221626402998,-91.5034013646029,0.));
#4835=CARTESIAN_POINT('Ctrl Pts',(50.1997771389075,-90.7915023596284,0.));
#4836=CARTESIAN_POINT('Ctrl Pts',(50.1997771389075,-90.7915023596284,0.));
#4837=CARTESIAN_POINT('Ctrl Pts',(50.4255865609376,-90.3657943864182,0.));
#4838=CARTESIAN_POINT('Ctrl Pts',(50.6086143794864,-89.8947709706461,0.));
#4839=CARTESIAN_POINT('Ctrl Pts',(50.7416573867739,-89.39696961967,0.));
#4840=CARTESIAN_POINT('Ctrl Pts',(50.0330194690148,-90.7030486415231,0.));
#4841=CARTESIAN_POINT('Ctrl Pts',(50.2429764513227,-90.2862751321132,0.000117276467782008));
#4842=CARTESIAN_POINT('Ctrl Pts',(50.4108008963733,-89.8257538546037,-0.000204062784618259));
#4843=CARTESIAN_POINT('Ctrl Pts',(50.5294205357792,-89.3402469352935,0.));
#4844=CARTESIAN_POINT('Ctrl Pts',(49.6998891197441,-90.5263454168636,-0.109939512441251));
#4845=CARTESIAN_POINT('Ctrl Pts',(49.8783744551146,-90.127485764596,-0.121715576844032));
#4846=CARTESIAN_POINT('Ctrl Pts',(50.0156125055803,-89.6879737479877,-0.135101705544435));
#4847=CARTESIAN_POINT('Ctrl Pts',(50.1058700531888,-89.2270483073038,-0.150393438169195));
#4848=CARTESIAN_POINT('Ctrl Pts',(49.4705909004419,-90.4047181473936,-0.404754182280201));
#4849=CARTESIAN_POINT('Ctrl Pts',(49.6376712365028,-90.0237035199904,-0.444348542003586));
#4850=CARTESIAN_POINT('Ctrl Pts',(49.7693573418713,-89.6033194753974,-0.489002376656717));
#4851=CARTESIAN_POINT('Ctrl Pts',(49.8593022528291,-89.1611502907641,-0.537289933588346));
#4852=CARTESIAN_POINT('Ctrl Pts',(49.3998328541806,-90.3671857671336,-0.575683407505193));
#4853=CARTESIAN_POINT('Ctrl Pts',(49.5691899207032,-89.9946912905747,-0.628896904156475));
#4854=CARTESIAN_POINT('Ctrl Pts',(49.7064607846148,-89.5825458017741,-0.687774831127984));
#4855=CARTESIAN_POINT('Ctrl Pts',(49.8062430400805,-89.14696961967,-0.75));
#4856=CARTESIAN_POINT('',(50.7416573867739,-89.39696961967,0.));
#4857=CARTESIAN_POINT('',(49.8062430400805,-89.14696961967,-0.750000000000003));
#4858=CARTESIAN_POINT('Origin',(50.7416573867739,-89.39696961967,-1.));
#4859=CARTESIAN_POINT('Origin',(47.,-87.39696961967,-1.00000000000001));
#4860=CARTESIAN_POINT('Origin',(47.,-87.39696961967,0.));
#4861=CARTESIAN_POINT('Origin',(61.,-79.0000011622906,-13.5));
#4862=CARTESIAN_POINT('',(61.,-78.0000011622906,-3.));
#4863=CARTESIAN_POINT('',(60.,-79.,-3.));
#4864=CARTESIAN_POINT('Origin',(61.,-79.0000011622906,-3.));
#4865=CARTESIAN_POINT('',(60.,-79.0000011622906,-1.));
#4866=CARTESIAN_POINT('',(60.,-79.,0.));
#4867=CARTESIAN_POINT('',(61.,-78.0000011622906,-1.));
#4868=CARTESIAN_POINT('Origin',(61.,-79.0000011622906,-1.));
#4869=CARTESIAN_POINT('',(61.,-78.0000011622906,-13.5));
#4870=CARTESIAN_POINT('Origin',(51.,-86.,-1.));
#4871=CARTESIAN_POINT('',(51.,-85.,-1.));
#4872=CARTESIAN_POINT('',(51.,-86.,0.));
#4873=CARTESIAN_POINT('Origin',(51.,-86.,-1.));
#4874=CARTESIAN_POINT('',(50.,-86.,-1.));
#4875=CARTESIAN_POINT('Origin',(51.,-86.,-1.));
#4876=CARTESIAN_POINT('Origin',(51.,-86.,-1.));
#4877=CARTESIAN_POINT('Origin',(51.,-86.,-7.49823581340326));
#4878=CARTESIAN_POINT('',(51.,-85.,-2.39696961966998));
#4879=CARTESIAN_POINT('',(50.,-86.,-2.39696961966998));
#4880=CARTESIAN_POINT('Origin',(51.,-86.,-2.39696961966998));
#4881=CARTESIAN_POINT('',(50.,-86.,-7.49823581340326));
#4882=CARTESIAN_POINT('',(51.,-85.,-7.49823581340326));
#4883=CARTESIAN_POINT('Origin',(51.,-47.7860354340586,-1.));
#4884=CARTESIAN_POINT('',(50.,-87.39696961967,-1.));
#4885=CARTESIAN_POINT('',(51.,-87.39696961967,0.));
#4886=CARTESIAN_POINT('Origin',(51.,-87.39696961967,-1.));
#4887=CARTESIAN_POINT('',(51.,-47.7860354340586,0.));
#4888=CARTESIAN_POINT('',(50.,-47.7860354340586,-1.));
#4889=CARTESIAN_POINT('Origin',(27.,-86.,-1.));
#4890=CARTESIAN_POINT('',(54.,-86.,0.));
#4891=CARTESIAN_POINT('',(54.,-85.,-1.));
#4892=CARTESIAN_POINT('Origin',(54.,-86.,-1.));
#4893=CARTESIAN_POINT('',(27.,-85.,-1.));
#4894=CARTESIAN_POINT('',(27.,-86.,0.));
#4895=CARTESIAN_POINT('Origin',(54.,-79.,-1.));
#4896=CARTESIAN_POINT('',(60.9999999999999,-79.0000011622906,0.));
#4897=CARTESIAN_POINT('Origin',(60.9999999999999,-79.0000011622906,-1.));
#4898=CARTESIAN_POINT('Origin',(54.,-79.,-1.));
#4899=CARTESIAN_POINT('Origin',(54.,-79.,0.));
#4900=CARTESIAN_POINT('Origin',(61.,-79.0000011622906,-1.));
#4901=CARTESIAN_POINT('Origin',(61.,-79.0000011622906,-1.));
#4902=CARTESIAN_POINT('Ctrl Pts',(50.7416573867739,-89.39696961967,0.));
#4903=CARTESIAN_POINT('Ctrl Pts',(50.9120074826488,-88.7595779251021,0.));
#4904=CARTESIAN_POINT('Ctrl Pts',(51.,-88.0783700031695,0.));
#4905=CARTESIAN_POINT('Ctrl Pts',(51.,-87.39696961967,0.));
#4906=CARTESIAN_POINT('Ctrl Pts',(50.4991009856371,-89.3321436946683,0.));
#4907=CARTESIAN_POINT('Ctrl Pts',(50.6482438562938,-88.7127459691477,0.000394298761614798));
#4908=CARTESIAN_POINT('Ctrl Pts',(50.7173761531197,-88.0527752704114,-0.000668545541052759));
#4909=CARTESIAN_POINT('Ctrl Pts',(50.7008006996581,-87.39696961967,0.));
#4910=CARTESIAN_POINT('Ctrl Pts',(50.0769597870668,-89.219321713676,-0.173701637467274));
#4911=CARTESIAN_POINT('Ctrl Pts',(50.1903029173239,-88.63138368869,-0.196466825913187));
#4912=CARTESIAN_POINT('Ctrl Pts',(50.2259473576253,-88.0088110540916,-0.222222876580236));
#4913=CARTESIAN_POINT('Ctrl Pts',(50.1829865920653,-87.39696961967,-0.251284632968469));
#4914=CARTESIAN_POINT('Ctrl Pts',(49.8517223652936,-89.1591244806078,-0.567677085932869));
#4915=CARTESIAN_POINT('Ctrl Pts',(49.9688230308745,-88.5941663098363,-0.632158872918902));
#4916=CARTESIAN_POINT('Ctrl Pts',(50.0192937676326,-87.9931257296776,-0.702418688100171));
#4917=CARTESIAN_POINT('Ctrl Pts',(50.,-87.39696961967,-0.775600524743581));
#4918=CARTESIAN_POINT('Ctrl Pts',(49.8062430400805,-89.14696961967,-0.750000000000002));
#4919=CARTESIAN_POINT('Ctrl Pts',(49.9340056119866,-88.5892518869231,-0.829673961820986));
#4920=CARTESIAN_POINT('Ctrl Pts',(50.,-87.993194955232,-0.914824952062556));
#4921=CARTESIAN_POINT('Ctrl Pts',(50.,-87.39696961967,-0.999999999999994));
#4922=CARTESIAN_POINT('Origin',(47.,-87.39696961967,-1.));
#4923=CARTESIAN_POINT('Origin',(47.,-87.39696961967,0.));
#4924=CARTESIAN_POINT('Ctrl Pts',(49.8062430400805,-85.75,-4.14696961966997));
#4925=CARTESIAN_POINT('Ctrl Pts',(49.9340056119866,-85.829673961821,-3.58925188692308));
#4926=CARTESIAN_POINT('Ctrl Pts',(50.,-85.9148249520625,-2.99319495523203));
#4927=CARTESIAN_POINT('Ctrl Pts',(50.,-86.,-2.39696961966997));
#4928=CARTESIAN_POINT('Ctrl Pts',(49.8668821403647,-85.5069027812438,-4.16317610092038));
#4929=CARTESIAN_POINT('Ctrl Pts',(49.9801418856176,-85.5660919534861,-3.59581413679374));
#4930=CARTESIAN_POINT('Ctrl Pts',(50.0262632782991,-85.6319288991067,-2.99292274915639));
#4931=CARTESIAN_POINT('Ctrl Pts',(50.,-85.7008006996581,-2.39696961966997));
#4932=CARTESIAN_POINT('Ctrl Pts',(50.1349004437383,-85.1272457618896,-4.23480700553527));
#4933=CARTESIAN_POINT('Ctrl Pts',(50.2526766114996,-85.1436273141473,-3.64239516193456));
#4934=CARTESIAN_POINT('Ctrl Pts',(50.2917818256582,-85.1622413241406,-3.01466396968479));
#4935=CARTESIAN_POINT('Ctrl Pts',(50.2512846329685,-85.1829865920653,-2.39696961966997));
#4936=CARTESIAN_POINT('Ctrl Pts',(50.5597400859213,-85.,-4.34835017591873));
#4937=CARTESIAN_POINT('Ctrl Pts',(50.7143790547277,-84.9998958345525,-3.72444783505543));
#4938=CARTESIAN_POINT('Ctrl Pts',(50.7876629615921,-85.000219629018,-3.05929586455492));
#4939=CARTESIAN_POINT('Ctrl Pts',(50.7756005247436,-85.,-2.39696961966998));
#4940=CARTESIAN_POINT('Ctrl Pts',(50.7416573867739,-85.,-4.39696961966996));
#4941=CARTESIAN_POINT('Ctrl Pts',(50.9120074826488,-85.,-3.75957792510209));
#4942=CARTESIAN_POINT('Ctrl Pts',(51.,-85.,-3.07837000316947));
#4943=CARTESIAN_POINT('Ctrl Pts',(51.,-85.,-2.39696961966998));
#4944=CARTESIAN_POINT('Origin',(47.,-85.,-2.39696961966998));
#4945=CARTESIAN_POINT('Origin',(47.,-86.,-2.39696961966998));
#4946=CARTESIAN_POINT('Origin',(54.,-85.,0.));
#4947=CARTESIAN_POINT('',(54.,-85.,-3.));
#4948=CARTESIAN_POINT('',(54.,-85.,0.));
#4949=CARTESIAN_POINT('',(52.95,-85.,-3.));
#4950=CARTESIAN_POINT('',(53.5,-85.,-3.));
#4951=CARTESIAN_POINT('',(52.95,-85.,-33.));
#4952=CARTESIAN_POINT('',(52.95,-85.,-26.));
#4953=CARTESIAN_POINT('',(-52.950000923872,-85.,-33.));
#4954=CARTESIAN_POINT('',(27.,-85.,-33.));
#4955=CARTESIAN_POINT('',(-52.950000923872,-85.,-3.));
#4956=CARTESIAN_POINT('',(-52.950000923872,-85.,-26.));
#4957=CARTESIAN_POINT('',(-54.,-85.,-3.));
#4958=CARTESIAN_POINT('',(0.499999538064007,-85.,-3.));
#4959=CARTESIAN_POINT('',(-54.,-85.,-1.));
#4960=CARTESIAN_POINT('',(-54.,-85.,0.));
#4961=CARTESIAN_POINT('',(-51.,-85.,-1.));
#4962=CARTESIAN_POINT('',(27.,-85.,-1.));
#4963=CARTESIAN_POINT('',(-51.,-85.,-2.39696961966998));
#4964=CARTESIAN_POINT('',(-51.,-85.,-7.49823581340326));
#4965=CARTESIAN_POINT('',(-50.7416573867739,-85.,-4.39696961966997));
#4966=CARTESIAN_POINT('Origin',(-47.,-85.,-2.39696961966998));
#4967=CARTESIAN_POINT('',(-50.2418618094975,-85.,-5.71067811865473));
#4968=CARTESIAN_POINT('Origin',(-47.,-85.,-2.39696961966998));
#4969=CARTESIAN_POINT('',(-47.,-85.,-9.71067811865474));
#4970=CARTESIAN_POINT('Ctrl Pts',(-47.,-85.,-9.71067811865474));
#4971=CARTESIAN_POINT('Ctrl Pts',(-47.0027224310116,-85.,-9.70795568764911));
#4972=CARTESIAN_POINT('Ctrl Pts',(-47.0054448525175,-85.,-9.70523323392493));
#4973=CARTESIAN_POINT('Ctrl Pts',(-47.4925151384861,-84.9999999999987,-9.21816981470196));
#4974=CARTESIAN_POINT('Ctrl Pts',(-48.2282782320075,-84.9999999999997,-8.4821869230268));
#4975=CARTESIAN_POINT('Ctrl Pts',(-49.3526037702201,-84.9999999999995,-7.17207949386142));
#4976=CARTESIAN_POINT('Ctrl Pts',(-49.9301394146898,-85.,-6.32060559248153));
#4977=CARTESIAN_POINT('Ctrl Pts',(-50.2418618094975,-85.,-5.71067811865475));
#4978=CARTESIAN_POINT('',(27.,-85.,-9.71067811865474));
#4979=CARTESIAN_POINT('Origin',(54.,-79.,0.));
#4980=CARTESIAN_POINT('Origin',(54.,-79.,-3.));
#4981=CARTESIAN_POINT('Origin',(60.5000005066395,-85.5000011622906,-3.));
#4982=CARTESIAN_POINT('',(63.,-78.0000011622906,-3.));
#4983=CARTESIAN_POINT('',(68.000001013279,-78.0000011622906,-3.));
#4984=CARTESIAN_POINT('',(65.,-76.0000011622906,-3.));
#4985=CARTESIAN_POINT('Origin',(63.,-76.0000011622906,-3.));
#4986=CARTESIAN_POINT('',(65.,-78.0000011622906,-3.));
#4987=CARTESIAN_POINT('',(65.,-81.7500011622906,-3.));
#4988=CARTESIAN_POINT('',(68.000001013279,-78.0000011622906,-3.));
#4989=CARTESIAN_POINT('',(62.,-78.0000011622906,-3.));
#4990=CARTESIAN_POINT('',(68.,-93.0000011622906,-3.));
#4991=CARTESIAN_POINT('',(68.000001013279,-78.0000011622906,-3.));
#4992=CARTESIAN_POINT('',(52.95,-93.0000011622906,-3.));
#4993=CARTESIAN_POINT('',(53.,-93.0000011622906,-3.));
#4994=CARTESIAN_POINT('',(52.95,-78.0000011622906,-3.));
#4995=CARTESIAN_POINT('Origin',(58.0000008642673,-78.0000011622906,-27.));
#4996=CARTESIAN_POINT('',(63.,-78.0000011622906,-1.));
#4997=CARTESIAN_POINT('',(29.0000004321337,-78.0000011622906,-1.));
#4998=CARTESIAN_POINT('',(63.,-78.0000011622906,-19.5));
#4999=CARTESIAN_POINT('Origin',(29.0000004321337,-79.0000011622906,-1.));
#5000=CARTESIAN_POINT('',(63.,-79.0000011622906,0.));
#5001=CARTESIAN_POINT('',(29.0000004321337,-79.0000011622906,0.));
#5002=CARTESIAN_POINT('Origin',(63.,-79.0000011622906,-1.));
#5003=CARTESIAN_POINT('Origin',(-51.,-86.,-1.));
#5004=CARTESIAN_POINT('',(-50.,-86.,-1.));
#5005=CARTESIAN_POINT('Origin',(-51.,-86.,-1.));
#5006=CARTESIAN_POINT('',(-51.,-86.,0.));
#5007=CARTESIAN_POINT('Origin',(-51.,-86.,-1.));
#5008=CARTESIAN_POINT('Origin',(-51.,-86.,-1.));
#5009=CARTESIAN_POINT('Origin',(27.,-86.,-1.));
#5010=CARTESIAN_POINT('',(-54.,-86.,0.));
#5011=CARTESIAN_POINT('Origin',(-54.,-86.,-1.));
#5012=CARTESIAN_POINT('',(27.,-86.,0.));
#5013=CARTESIAN_POINT('Origin',(-54.,-79.,-1.));
#5014=CARTESIAN_POINT('',(-60.,-79.,-1.));
#5015=CARTESIAN_POINT('',(-61.,-79.,0.));
#5016=CARTESIAN_POINT('Origin',(-61.,-79.,-1.));
#5017=CARTESIAN_POINT('Origin',(-54.,-79.,0.));
#5018=CARTESIAN_POINT('Origin',(-54.,-79.,-1.));
#5019=CARTESIAN_POINT('Origin',(-61.,-52.,-1.));
#5020=CARTESIAN_POINT('',(-60.,29.,-1.));
#5021=CARTESIAN_POINT('',(-61.,29.,0.));
#5022=CARTESIAN_POINT('Origin',(-61.,29.,-1.));
#5023=CARTESIAN_POINT('',(-61.,-52.,0.));
#5024=CARTESIAN_POINT('',(-60.,-52.,-1.));
#5025=CARTESIAN_POINT('Origin',(-54.,29.,-1.));
#5026=CARTESIAN_POINT('',(-54.,35.,-1.));
#5027=CARTESIAN_POINT('',(-54.,36.,0.));
#5028=CARTESIAN_POINT('Origin',(-54.,36.,-1.));
#5029=CARTESIAN_POINT('Origin',(-54.,29.,0.));
#5030=CARTESIAN_POINT('Origin',(-54.,29.,-1.));
#5031=CARTESIAN_POINT('Origin',(-27.,36.,-1.));
#5032=CARTESIAN_POINT('',(54.,35.,-1.));
#5033=CARTESIAN_POINT('',(54.,36.,0.));
#5034=CARTESIAN_POINT('Origin',(54.,36.,-1.));
#5035=CARTESIAN_POINT('',(-27.,36.,0.));
#5036=CARTESIAN_POINT('',(-27.,35.,-1.));
#5037=CARTESIAN_POINT('Origin',(54.,29.,-1.));
#5038=CARTESIAN_POINT('',(60.,29.,-1.));
#5039=CARTESIAN_POINT('',(61.,29.,0.));
#5040=CARTESIAN_POINT('Origin',(61.,29.,-1.));
#5041=CARTESIAN_POINT('Origin',(54.,29.,0.));
#5042=CARTESIAN_POINT('Origin',(54.,29.,-1.));
#5043=CARTESIAN_POINT('Origin',(61.,2.,-1.));
#5044=CARTESIAN_POINT('',(60.,-67.9500010281801,-1.));
#5045=CARTESIAN_POINT('',(61.,-67.9500010281801,0.));
#5046=CARTESIAN_POINT('Origin',(61.,-67.9500010281801,-1.));
#5047=CARTESIAN_POINT('',(61.,2.,0.));
#5048=CARTESIAN_POINT('',(60.,2.,-1.));
#5049=CARTESIAN_POINT('Origin',(-51.,-47.7860354340586,-1.));
#5050=CARTESIAN_POINT('',(-51.,-87.39696961967,0.));
#5051=CARTESIAN_POINT('',(-50.,-87.39696961967,-1.));
#5052=CARTESIAN_POINT('Origin',(-51.,-87.39696961967,-1.));
#5053=CARTESIAN_POINT('',(-50.,-47.7860354340586,-1.));
#5054=CARTESIAN_POINT('',(-51.,-47.7860354340586,0.));
#5055=CARTESIAN_POINT('Origin',(-51.,-86.,-7.49823581340326));
#5056=CARTESIAN_POINT('',(-50.,-86.,-2.39696961966998));
#5057=CARTESIAN_POINT('Origin',(-51.,-86.,-2.39696961966998));
#5058=CARTESIAN_POINT('',(-50.,-86.,-7.49823581340326));
#5059=CARTESIAN_POINT('Ctrl Pts',(-50.2418618094975,-85.,-5.71067811865474));
#5060=CARTESIAN_POINT('Ctrl Pts',(-50.4484358406286,-85.,-5.30648779077097));
#5061=CARTESIAN_POINT('Ctrl Pts',(-50.6169789298762,-85.,-4.86347368889287));
#5062=CARTESIAN_POINT('Ctrl Pts',(-50.741657386774,-85.,-4.39696961966997));
#5063=CARTESIAN_POINT('Ctrl Pts',(-50.0721254203811,-85.,-5.62392906082102));
#5064=CARTESIAN_POINT('Ctrl Pts',(-50.2639099594486,-84.9998858593118,-5.2282967406122));
#5065=CARTESIAN_POINT('Ctrl Pts',(-50.4182586348239,-85.0001912331479,-4.79522953638519));
#5066=CARTESIAN_POINT('Ctrl Pts',(-50.5294205357792,-85.,-4.34024693529353));
#5067=CARTESIAN_POINT('Ctrl Pts',(-49.7330607578151,-85.1121727080028,-5.45063952535124));
#5068=CARTESIAN_POINT('Ctrl Pts',(-49.8954960891739,-85.1234182759282,-5.07216444669306));
#5069=CARTESIAN_POINT('Ctrl Pts',(-50.0212870777607,-85.1360630958221,-4.65899488922577));
#5070=CARTESIAN_POINT('Ctrl Pts',(-50.1058700407335,-85.1503934215252,-4.22704830397501));
#5071=CARTESIAN_POINT('Ctrl Pts',(-49.5017034715233,-85.4122883219595,-5.33239719255945));
#5072=CARTESIAN_POINT('Ctrl Pts',(-49.6540576547733,-85.4499676979417,-4.97078292734187));
#5073=CARTESIAN_POINT('Ctrl Pts',(-49.7750122707199,-85.4920382649111,-4.57551984502896));
#5074=CARTESIAN_POINT('Ctrl Pts',(-49.8593022528292,-85.5372899335883,-4.16115029076408));
#5075=CARTESIAN_POINT('Ctrl Pts',(-49.4313963571231,-85.5857864376269,-5.29646455628164));
#5076=CARTESIAN_POINT('Ctrl Pts',(-49.5863268804714,-85.6363102286124,-4.94279801938335));
#5077=CARTESIAN_POINT('Ctrl Pts',(-49.7127341974072,-85.6916869913471,-4.55516068024001));
#5078=CARTESIAN_POINT('Ctrl Pts',(-49.8062430400805,-85.75,-4.14696961966997));
#5079=CARTESIAN_POINT('',(-49.8062430400805,-85.75,-4.14696961966998));
#5080=CARTESIAN_POINT('Origin',(-50.7416573867739,-86.,-4.39696961966997));
#5081=CARTESIAN_POINT('',(-49.4313963571231,-85.5857864376269,-5.29646455628164));
#5082=CARTESIAN_POINT('Origin',(-47.,-86.,-2.39696961966998));
#5083=CARTESIAN_POINT('Origin',(-50.2418618094975,-86.,-5.71067811865474));
#5084=CARTESIAN_POINT('Ctrl Pts',(-47.,-85.,-9.71067811865474));
#5085=CARTESIAN_POINT('Ctrl Pts',(-47.0027224310116,-85.,-9.70795568764911));
#5086=CARTESIAN_POINT('Ctrl Pts',(-47.0054448525175,-85.,-9.70523323392493));
#5087=CARTESIAN_POINT('Ctrl Pts',(-47.4925151384861,-84.9999999999987,-9.21816981470196));
#5088=CARTESIAN_POINT('Ctrl Pts',(-48.2282782320075,-84.9999999999997,-8.4821869230268));
#5089=CARTESIAN_POINT('Ctrl Pts',(-49.3526037702201,-84.9999999999995,-7.17207949386142));
#5090=CARTESIAN_POINT('Ctrl Pts',(-49.9301394146898,-85.,-6.32060559248153));
#5091=CARTESIAN_POINT('Ctrl Pts',(-50.2418618094975,-85.,-5.71067811865475));
#5092=CARTESIAN_POINT('Ctrl Pts',(-47.,-85.,-9.71067811865474));
#5093=CARTESIAN_POINT('Ctrl Pts',(-47.0024960563244,-85.,-9.70772852951687));
#5094=CARTESIAN_POINT('Ctrl Pts',(-47.0049905097868,-85.,-9.7047798520355));
#5095=CARTESIAN_POINT('Ctrl Pts',(-47.4515597196455,-84.9999999999987,-9.17707406336358));
#5096=CARTESIAN_POINT('Ctrl Pts',(-48.1256740153792,-84.9999999999997,-8.38000563359252));
#5097=CARTESIAN_POINT('Ctrl Pts',(-49.1369857700988,-84.9999999999995,-7.00116780178177));
#5098=CARTESIAN_POINT('Ctrl Pts',(-49.6403811532269,-85.,-6.13694056064264));
#5099=CARTESIAN_POINT('Ctrl Pts',(-49.9023890312647,-85.,-5.53718000298732));
#5100=CARTESIAN_POINT('Ctrl Pts',(-47.,-85.,-9.71067811865474));
#5101=CARTESIAN_POINT('Ctrl Pts',(-47.0022699263619,-85.0000050352451,-9.70750669277606));
#5102=CARTESIAN_POINT('Ctrl Pts',(-47.0045358511449,-84.9999943509629,-9.70431999424));
#5103=CARTESIAN_POINT('Ctrl Pts',(-47.4106582399626,-85.0012227846405,-9.13699276552923));
#5104=CARTESIAN_POINT('Ctrl Pts',(-48.0229088047746,-85.0231408921703,-8.27797255554332));
#5105=CARTESIAN_POINT('Ctrl Pts',(-48.9222350746468,-85.1113152899837,-6.83135692799277));
#5106=CARTESIAN_POINT('Ctrl Pts',(-49.3546989363012,-85.1849354582165,-5.95692299964187));
#5107=CARTESIAN_POINT('Ctrl Pts',(-49.5720105859236,-85.238790206292,-5.36832982883727));
#5108=CARTESIAN_POINT('Ctrl Pts',(-47.,-85.,-9.71067811865473));
#5109=CARTESIAN_POINT('Ctrl Pts',(-47.0020418232602,-85.,-9.70727507989621));
#5110=CARTESIAN_POINT('Ctrl Pts',(-47.0040836393881,-85.0000019689712,-9.70387228638796));
#5111=CARTESIAN_POINT('Ctrl Pts',(-47.369386353864,-85.0003493535933,-9.09497440673847));
#5112=CARTESIAN_POINT('Ctrl Pts',(-47.9212086740055,-85.0722859247489,-8.17841422221938));
#5113=CARTESIAN_POINT('Ctrl Pts',(-48.7644528276649,-85.3068775266401,-6.70864836804437));
#5114=CARTESIAN_POINT('Ctrl Pts',(-49.1976045610173,-85.4779654744332,-5.86173112484546));
#5115=CARTESIAN_POINT('Ctrl Pts',(-49.4313963571231,-85.5857864376269,-5.29646455628165));
#5116=CARTESIAN_POINT('Ctrl Pts',(-49.4313963571231,-85.5857864376269,-5.29646455628165));
#5117=CARTESIAN_POINT('Ctrl Pts',(-49.1976045610173,-85.4779654744332,-5.86173112484546));
#5118=CARTESIAN_POINT('Ctrl Pts',(-48.7644528276649,-85.3068775266401,-6.70864836804437));
#5119=CARTESIAN_POINT('Ctrl Pts',(-47.9212086740055,-85.0722859247489,-8.17841422221938));
#5120=CARTESIAN_POINT('Ctrl Pts',(-47.369386353864,-85.0003493535933,-9.09497440673847));
#5121=CARTESIAN_POINT('Ctrl Pts',(-47.0040836393881,-85.0000019689712,-9.70387228638796));
#5122=CARTESIAN_POINT('Ctrl Pts',(-47.0020418232602,-85.,-9.70727507989621));
#5123=CARTESIAN_POINT('Ctrl Pts',(-47.,-85.,-9.71067811865473));
#5124=CARTESIAN_POINT('Ctrl Pts',(-50.,-86.,-2.39696961966997));
#5125=CARTESIAN_POINT('Ctrl Pts',(-50.,-85.9148249520625,-2.99319495523203));
#5126=CARTESIAN_POINT('Ctrl Pts',(-49.9340056119866,-85.829673961821,-3.58925188692308));
#5127=CARTESIAN_POINT('Ctrl Pts',(-49.8062430400805,-85.75,-4.14696961966997));
#5128=CARTESIAN_POINT('Ctrl Pts',(-50.,-85.7008006996581,-2.39696961966997));
#5129=CARTESIAN_POINT('Ctrl Pts',(-50.0262632782991,-85.6319288991066,-2.9929227491564));
#5130=CARTESIAN_POINT('Ctrl Pts',(-49.9801418856176,-85.5660919534861,-3.59581413679374));
#5131=CARTESIAN_POINT('Ctrl Pts',(-49.8668821403647,-85.5069027812438,-4.16317610092038));
#5132=CARTESIAN_POINT('Ctrl Pts',(-50.2512846329685,-85.1829865920653,-2.39696961966998));
#5133=CARTESIAN_POINT('Ctrl Pts',(-50.2917818256582,-85.1622413241406,-3.0146639696848));
#5134=CARTESIAN_POINT('Ctrl Pts',(-50.2526766114996,-85.1436273141473,-3.64239516193456));
#5135=CARTESIAN_POINT('Ctrl Pts',(-50.1349004437383,-85.1272457618896,-4.23480700553527));
#5136=CARTESIAN_POINT('Ctrl Pts',(-50.7756005247436,-85.,-2.39696961966998));
#5137=CARTESIAN_POINT('Ctrl Pts',(-50.7876629615921,-85.000219629018,-3.05929586455492));
#5138=CARTESIAN_POINT('Ctrl Pts',(-50.7143790547277,-84.9998958345525,-3.72444783505543));
#5139=CARTESIAN_POINT('Ctrl Pts',(-50.5597400859213,-85.,-4.34835017591874));
#5140=CARTESIAN_POINT('Ctrl Pts',(-51.,-85.,-2.39696961966998));
#5141=CARTESIAN_POINT('Ctrl Pts',(-51.,-85.,-3.07837000316948));
#5142=CARTESIAN_POINT('Ctrl Pts',(-50.9120074826488,-85.,-3.7595779251021));
#5143=CARTESIAN_POINT('Ctrl Pts',(-50.741657386774,-85.,-4.39696961966997));
#5144=CARTESIAN_POINT('Origin',(-47.,-86.,-2.39696961966998));
#5145=CARTESIAN_POINT('Ctrl Pts',(-49.3998328541806,-90.3671857671336,-0.575683407505194));
#5146=CARTESIAN_POINT('Ctrl Pts',(-49.5691899207032,-89.9946912905747,-0.628896904156476));
#5147=CARTESIAN_POINT('Ctrl Pts',(-49.7064607846148,-89.5825458017741,-0.687774831127981));
#5148=CARTESIAN_POINT('Ctrl Pts',(-49.8062430400805,-89.1469696196699,-0.75));
#5149=CARTESIAN_POINT('Ctrl Pts',(-49.4705909004419,-90.4047181473936,-0.404754182280202));
#5150=CARTESIAN_POINT('Ctrl Pts',(-49.6376712365028,-90.0237035199904,-0.444348542003587));
#5151=CARTESIAN_POINT('Ctrl Pts',(-49.7693573418713,-89.6033194753974,-0.489002376656712));
#5152=CARTESIAN_POINT('Ctrl Pts',(-49.8593022528291,-89.1611502907641,-0.537289933588343));
#5153=CARTESIAN_POINT('Ctrl Pts',(-49.6998891197441,-90.5263454168636,-0.109939512441252));
#5154=CARTESIAN_POINT('Ctrl Pts',(-49.8783744551147,-90.1274857645961,-0.121715576844033));
#5155=CARTESIAN_POINT('Ctrl Pts',(-50.0156125055803,-89.6879737479876,-0.135101705544427));
#5156=CARTESIAN_POINT('Ctrl Pts',(-50.1058700531888,-89.2270483073038,-0.150393438169188));
#5157=CARTESIAN_POINT('Ctrl Pts',(-50.0330194690148,-90.7030486415231,-7.06987585287565E-16));
#5158=CARTESIAN_POINT('Ctrl Pts',(-50.2429764513227,-90.2862751321132,0.000117276467781507));
#5159=CARTESIAN_POINT('Ctrl Pts',(-50.4108008963733,-89.8257538546037,-0.000204062784608865));
#5160=CARTESIAN_POINT('Ctrl Pts',(-50.5294205357792,-89.3402469352935,9.32860538981647E-15));
#5161=CARTESIAN_POINT('Ctrl Pts',(-50.1997771389075,-90.7915023596284,-6.93889390390723E-16));
#5162=CARTESIAN_POINT('Ctrl Pts',(-50.4255865609376,-90.3657943864182,-4.80921852472714E-16));
#5163=CARTESIAN_POINT('Ctrl Pts',(-50.6086143794864,-89.8947709706461,9.65627418528999E-15));
#5164=CARTESIAN_POINT('Ctrl Pts',(-50.741657386774,-89.3969696196699,9.29811783123569E-15));
#5165=CARTESIAN_POINT('',(-49.8062430400805,-89.14696961967,-0.750000000000001));
#5166=CARTESIAN_POINT('',(-50.741657386774,-89.3969696196699,0.));
#5167=CARTESIAN_POINT('Origin',(-50.741657386774,-89.3969696196699,-1.));
#5168=CARTESIAN_POINT('',(-50.1997771389075,-90.7915023596284,0.));
#5169=CARTESIAN_POINT('Origin',(-47.,-87.39696961967,0.));
#5170=CARTESIAN_POINT('',(-49.3998328541806,-90.3671857671336,-0.575683407505193));
#5171=CARTESIAN_POINT('Origin',(-50.1997771389075,-90.7915023596284,-1.));
#5172=CARTESIAN_POINT('Origin',(-47.,-87.39696961967,-1.));
#5173=CARTESIAN_POINT('Ctrl Pts',(-47.3679200907863,-93.8150411079386,-0.0249360886140837));
#5174=CARTESIAN_POINT('Ctrl Pts',(-47.6198660996998,-93.541286483344,-0.0451754653641302));
#5175=CARTESIAN_POINT('Ctrl Pts',(-47.9480032256179,-93.0328069897448,-0.0989477084356506));
#5176=CARTESIAN_POINT('Ctrl Pts',(-48.6687427703517,-91.866045302702,-0.277485337340845));
#5177=CARTESIAN_POINT('Ctrl Pts',(-49.1165228576304,-91.0284729551149,-0.44850734445971));
#5178=CARTESIAN_POINT('Ctrl Pts',(-49.3998328541806,-90.3671857671336,-0.575683407505195));
#5179=CARTESIAN_POINT('Ctrl Pts',(-47.3880177336239,-93.8453512582293,-0.016658777514345));
#5180=CARTESIAN_POINT('Ctrl Pts',(-47.6534461116586,-93.579533727284,-0.0302069162304893));
#5181=CARTESIAN_POINT('Ctrl Pts',(-47.9978328296308,-93.0834100803624,-0.0664216693256484));
#5182=CARTESIAN_POINT('Ctrl Pts',(-48.7455867443943,-91.9292345957904,-0.18853733035453));
#5183=CARTESIAN_POINT('Ctrl Pts',(-49.1962800441726,-91.0796564512895,-0.310119370827445));
#5184=CARTESIAN_POINT('Ctrl Pts',(-49.4705909004419,-90.4047181473936,-0.4047541822802));
#5185=CARTESIAN_POINT('Ctrl Pts',(-47.4287253582745,-93.9067442400384,-0.00417825922919198));
#5186=CARTESIAN_POINT('Ctrl Pts',(-47.7218879601612,-93.6576452082716,-0.00758799120826103));
#5187=CARTESIAN_POINT('Ctrl Pts',(-48.1015551151988,-93.1892909060009,-0.016709773635275));
#5188=CARTESIAN_POINT('Ctrl Pts',(-48.9224783999525,-92.0761180743338,-0.0485450991911156));
#5189=CARTESIAN_POINT('Ctrl Pts',(-49.4100475932925,-91.2220524958751,-0.0819586756100894));
#5190=CARTESIAN_POINT('Ctrl Pts',(-49.6999774045353,-90.5263922460021,-0.110096705255066));
#5191=CARTESIAN_POINT('Ctrl Pts',(-47.4699485051297,-93.9689147038451,-2.35922392732846E-15));
#5192=CARTESIAN_POINT('Ctrl Pts',(-47.7916212820905,-93.737386515041,1.31824906554918E-6));
#5193=CARTESIAN_POINT('Ctrl Pts',(-48.2098776577832,-93.3002423245739,-0.000147089817095497));
#5194=CARTESIAN_POINT('Ctrl Pts',(-49.1241559435474,-92.2446804741174,-5.56506597531045E-5));
#5195=CARTESIAN_POINT('Ctrl Pts',(-49.684709552285,-91.4097578829827,-0.000277272445942751));
#5196=CARTESIAN_POINT('Ctrl Pts',(-50.0330194690148,-90.7030486415231,6.95199209880407E-15));
#5197=CARTESIAN_POINT('Ctrl Pts',(-47.4905601210484,-93.9999999998311,-2.35922392732846E-15));
#5198=CARTESIAN_POINT('Ctrl Pts',(-47.8264881329331,-93.7772574156716,-2.80671665074257E-15));
#5199=CARTESIAN_POINT('Ctrl Pts',(-48.2640043008238,-93.3557026104458,1.27204603067819E-15));
#5200=CARTESIAN_POINT('Ctrl Pts',(-49.2249903604689,-92.3289666972132,1.49201186149902E-16));
#5201=CARTESIAN_POINT('Ctrl Pts',(-49.8220304768405,-91.5036505262095,7.138823730012E-15));
#5202=CARTESIAN_POINT('Ctrl Pts',(-50.1997771389075,-90.7915023596284,6.93889390390723E-15));
#5203=CARTESIAN_POINT('',(-47.4905601210484,-93.9999999999156,0.));
#5204=CARTESIAN_POINT('Ctrl Pts',(-50.1997771389075,-90.7915023596284,6.93889390390723E-15));
#5205=CARTESIAN_POINT('Ctrl Pts',(-49.8220304768405,-91.5036505262095,7.138823730012E-15));
#5206=CARTESIAN_POINT('Ctrl Pts',(-49.2249903604689,-92.3289666972132,1.49201186149902E-16));
#5207=CARTESIAN_POINT('Ctrl Pts',(-48.2640043008238,-93.3557026104458,1.27204603067819E-15));
#5208=CARTESIAN_POINT('Ctrl Pts',(-47.8264881329331,-93.7772574156716,-2.80671665074257E-15));
#5209=CARTESIAN_POINT('Ctrl Pts',(-47.4905601210484,-93.9999999998311,-2.35922392732846E-15));
#5210=CARTESIAN_POINT('',(-47.3679200907863,-93.8150411079386,-0.0249360886140837));
#5211=CARTESIAN_POINT('Origin',(-47.4905601210484,-93.9999999998311,-1.));
#5212=CARTESIAN_POINT('Ctrl Pts',(-47.3679200907863,-93.8150411079386,-0.0249360886140837));
#5213=CARTESIAN_POINT('Ctrl Pts',(-47.6198660996998,-93.541286483344,-0.0451754653641302));
#5214=CARTESIAN_POINT('Ctrl Pts',(-47.9480032256179,-93.0328069897448,-0.0989477084356506));
#5215=CARTESIAN_POINT('Ctrl Pts',(-48.6687427703517,-91.866045302702,-0.277485337340845));
#5216=CARTESIAN_POINT('Ctrl Pts',(-49.1165228576304,-91.0284729551149,-0.44850734445971));
#5217=CARTESIAN_POINT('Ctrl Pts',(-49.3998328541806,-90.3671857671336,-0.575683407505195));
#5218=CARTESIAN_POINT('Ctrl Pts',(-47.,-94.2145972111833,0.0115463201390881));
#5219=CARTESIAN_POINT('Ctrl Pts',(-47.0020310146668,-94.2123939859438,0.0113085444258327));
#5220=CARTESIAN_POINT('Ctrl Pts',(-47.0040620321047,-94.2101907024672,0.0110713118471536));
#5221=CARTESIAN_POINT('Ctrl Pts',(-47.1268421344126,-94.0769917700052,-0.00322837293176506));
#5222=CARTESIAN_POINT('Ctrl Pts',(-47.2476366862406,-93.9457363246974,-0.0152734583147807));
#5223=CARTESIAN_POINT('Ctrl Pts',(-47.3679200907809,-93.8150411079445,-0.0249360886136479));
#5224=CARTESIAN_POINT('Ctrl Pts',(-47.,-94.2145972111833,0.0115463201390881));
#5225=CARTESIAN_POINT('Ctrl Pts',(-47.002256690056,-94.2127367831392,0.0113453103763181));
#5226=CARTESIAN_POINT('Ctrl Pts',(-47.0045133614917,-94.2108759741065,0.0111464371674251));
#5227=CARTESIAN_POINT('Ctrl Pts',(-47.14093571066,-94.098385788538,-0.000814232760354018));
#5228=CARTESIAN_POINT('Ctrl Pts',(-47.2751400014492,-93.9871389767382,-0.00729866879303037));
#5229=CARTESIAN_POINT('Ctrl Pts',(-47.4081153764553,-93.8756614085435,-0.0083814664110844));
#5230=CARTESIAN_POINT('Ctrl Pts',(-47.,-94.2145972111833,0.0115463201390882));
#5231=CARTESIAN_POINT('Ctrl Pts',(-47.0024823500948,-94.2130794476733,0.0113824411917203));
#5232=CARTESIAN_POINT('Ctrl Pts',(-47.0049647071624,-94.2115614622622,0.0112204345369925));
#5233=CARTESIAN_POINT('Ctrl Pts',(-47.155029143197,-94.1197867589763,0.00151655183937686));
#5234=CARTESIAN_POINT('Ctrl Pts',(-47.3026615120861,-94.0288680090658,-0.00220614289428736));
#5235=CARTESIAN_POINT('Ctrl Pts',(-47.4493368892043,-93.9378294079009,3.40146737078755E-12));
#5236=CARTESIAN_POINT('Ctrl Pts',(-47.,-94.2145972111833,0.0115463201390882));
#5237=CARTESIAN_POINT('Ctrl Pts',(-47.0027080195522,-94.2134221577245,0.0114195064255958));
#5238=CARTESIAN_POINT('Ctrl Pts',(-47.0054160428063,-94.2122469910718,0.0112937175906792));
#5239=CARTESIAN_POINT('Ctrl Pts',(-47.169122845884,-94.1411981644212,0.0037548302783257));
#5240=CARTESIAN_POINT('Ctrl Pts',(-47.3301822483209,-94.0708941211255,-3.87565992708079E-12));
#5241=CARTESIAN_POINT('Ctrl Pts',(-47.4905601210412,-93.9999999998906,1.11022302462516E-15));
#5242=CARTESIAN_POINT('',(-47.,-94.2145972111833,0.0115463201390908));
#5243=CARTESIAN_POINT('Ctrl Pts',(-47.4905601210412,-93.9999999998906,1.11022302462516E-15));
#5244=CARTESIAN_POINT('Ctrl Pts',(-47.3301822483209,-94.0708941211255,-3.87565992708079E-12));
#5245=CARTESIAN_POINT('Ctrl Pts',(-47.169122845884,-94.1411981644212,0.0037548302783257));
#5246=CARTESIAN_POINT('Ctrl Pts',(-47.0054160428063,-94.2122469910718,0.0112937175906792));
#5247=CARTESIAN_POINT('Ctrl Pts',(-47.0027080195522,-94.2134221577245,0.0114195064255958));
#5248=CARTESIAN_POINT('Ctrl Pts',(-47.,-94.2145972111833,0.0115463201390882));
#5249=CARTESIAN_POINT('Ctrl Pts',(-47.,-94.2145972111833,0.0115463201390881));
#5250=CARTESIAN_POINT('Ctrl Pts',(-47.0020310146668,-94.2123939859438,0.0113085444258327));
#5251=CARTESIAN_POINT('Ctrl Pts',(-47.0040620321047,-94.2101907024672,0.0110713118471536));
#5252=CARTESIAN_POINT('Ctrl Pts',(-47.1268421344126,-94.0769917700052,-0.00322837293176506));
#5253=CARTESIAN_POINT('Ctrl Pts',(-47.2476366862406,-93.9457363246974,-0.0152734583147807));
#5254=CARTESIAN_POINT('Ctrl Pts',(-47.3679200907809,-93.8150411079445,-0.0249360886136479));
#5255=CARTESIAN_POINT('Ctrl Pts',(-51.,-87.39696961967,0.));
#5256=CARTESIAN_POINT('Ctrl Pts',(-51.,-88.0783700031695,0.));
#5257=CARTESIAN_POINT('Ctrl Pts',(-50.9120074826488,-88.7595779251021,0.));
#5258=CARTESIAN_POINT('Ctrl Pts',(-50.741657386774,-89.3969696196699,0.));
#5259=CARTESIAN_POINT('Ctrl Pts',(-50.7008006996581,-87.39696961967,0.));
#5260=CARTESIAN_POINT('Ctrl Pts',(-50.7173761531197,-88.0527752704114,-0.000668545541052752));
#5261=CARTESIAN_POINT('Ctrl Pts',(-50.6482438562938,-88.7127459691477,0.000394298761614869));
#5262=CARTESIAN_POINT('Ctrl Pts',(-50.4991009856371,-89.3321436946683,0.));
#5263=CARTESIAN_POINT('Ctrl Pts',(-50.1829865920653,-87.39696961967,-0.251284632968469));
#5264=CARTESIAN_POINT('Ctrl Pts',(-50.2259473576253,-88.0088110540916,-0.222222876580236));
#5265=CARTESIAN_POINT('Ctrl Pts',(-50.1903029173239,-88.63138368869,-0.196466825913188));
#5266=CARTESIAN_POINT('Ctrl Pts',(-50.0769597870669,-89.219321713676,-0.173701637467274));
#5267=CARTESIAN_POINT('Ctrl Pts',(-50.,-87.39696961967,-0.775600524743581));
#5268=CARTESIAN_POINT('Ctrl Pts',(-50.0192937676326,-87.9931257296775,-0.702418688100171));
#5269=CARTESIAN_POINT('Ctrl Pts',(-49.9688230308745,-88.5941663098362,-0.632158872918902));
#5270=CARTESIAN_POINT('Ctrl Pts',(-49.8517223652936,-89.1591244806077,-0.567677085932869));
#5271=CARTESIAN_POINT('Ctrl Pts',(-50.,-87.39696961967,-0.999999999999994));
#5272=CARTESIAN_POINT('Ctrl Pts',(-50.,-87.993194955232,-0.914824952062557));
#5273=CARTESIAN_POINT('Ctrl Pts',(-49.9340056119866,-88.5892518869231,-0.829673961820987));
#5274=CARTESIAN_POINT('Ctrl Pts',(-49.8062430400805,-89.1469696196699,-0.750000000000002));
#5275=CARTESIAN_POINT('Origin',(-47.,-87.39696961967,-1.));
#5276=CARTESIAN_POINT('Origin',(-47.,-87.39696961967,0.));
#5277=CARTESIAN_POINT('Origin',(61.,-67.9500010281801,-13.5));
#5278=CARTESIAN_POINT('',(61.,-68.9500010281801,-1.));
#5279=CARTESIAN_POINT('Origin',(61.,-67.9500010281801,-1.));
#5280=CARTESIAN_POINT('',(60.,-67.9500010281801,-33.));
#5281=CARTESIAN_POINT('',(60.,-67.9500010281801,-13.5));
#5282=CARTESIAN_POINT('',(61.,-68.9500010281801,-33.));
#5283=CARTESIAN_POINT('Origin',(61.,-67.9500010281801,-33.));
#5284=CARTESIAN_POINT('',(61.,-68.9500010281801,-13.5));
#5285=CARTESIAN_POINT('Origin',(61.,-67.9500010281801,-1.));
#5286=CARTESIAN_POINT('Origin',(61.,-67.9500010281801,-1.));
#5287=CARTESIAN_POINT('Origin',(-47.,-71.9862844304904,-16.4106851891796));
#5288=CARTESIAN_POINT('',(-47.,-91.2155563332088,-1.42405397358042));
#5289=CARTESIAN_POINT('Origin',(-47.,-89.0942359896492,0.697266369979226));
#5290=CARTESIAN_POINT('',(-47.,-90.5182899632296,-2.12132034355965));
#5291=CARTESIAN_POINT('',(-47.,-74.10760477405,-18.5320055327393));
#5292=CARTESIAN_POINT('Origin',(-47.,-88.39696961967,-4.44089209850063E-15));
#5293=CARTESIAN_POINT('Origin',(-47.,-71.9862844304904,-16.4106851891796));
#5294=CARTESIAN_POINT('',(-47.,-87.1213203435596,-5.51828996322962));
#5295=CARTESIAN_POINT('',(-47.,-74.10760477405,-18.5320055327393));
#5296=CARTESIAN_POINT('Origin',(-47.,-85.,-3.39696961966998));
#5297=CARTESIAN_POINT('',(-50.,-71.9862844304904,-16.4106851891796));
#5298=CARTESIAN_POINT('Origin',(-47.,-94.7510902391416,-4.95958787951314));
#5299=CARTESIAN_POINT('Origin',(-47.,-94.7510902391416,-4.95958787951314));
#5300=CARTESIAN_POINT('Origin',(35.5,-94.,2.));
#5301=CARTESIAN_POINT('',(35.5,-94.2145972111833,0.0115463201390908));
#5302=CARTESIAN_POINT('',(-68.,-94.,0.));
#5303=CARTESIAN_POINT('',(35.5,-94.,0.));
#5304=CARTESIAN_POINT('',(-68.,-96.,2.));
#5305=CARTESIAN_POINT('Origin',(-68.,-94.,2.));
#5306=CARTESIAN_POINT('',(68.,-96.,2.));
#5307=CARTESIAN_POINT('',(35.5,-96.,2.));
#5308=CARTESIAN_POINT('',(68.,-94.,0.));
#5309=CARTESIAN_POINT('Origin',(68.,-94.,2.));
#5310=CARTESIAN_POINT('',(35.5,-94.,0.));
#5311=CARTESIAN_POINT('Origin',(0.,-25.,0.));
#5312=CARTESIAN_POINT('',(69.,-93.,0.));
#5313=CARTESIAN_POINT('Origin',(68.,-93.,0.));
#5314=CARTESIAN_POINT('',(69.,-23.,0.));
#5315=CARTESIAN_POINT('',(69.,10.5,0.));
#5316=CARTESIAN_POINT('',(74.,-18.,0.));
#5317=CARTESIAN_POINT('Origin',(74.,-23.,0.));
#5318=CARTESIAN_POINT('',(74.25,-18.,0.));
#5319=CARTESIAN_POINT('',(35.5,-18.,0.));
#5320=CARTESIAN_POINT('',(74.25,44.,5.55111512312578E-16));
#5321=CARTESIAN_POINT('',(74.25,-22.5,0.));
#5322=CARTESIAN_POINT('',(-74.25,44.,5.55111512312578E-16));
#5323=CARTESIAN_POINT('',(-35.5,44.,0.));
#5324=CARTESIAN_POINT('',(-74.25,-18.,2.77555756156289E-16));
#5325=CARTESIAN_POINT('',(-74.25,7.5,0.));
#5326=CARTESIAN_POINT('',(-74.,-18.,0.));
#5327=CARTESIAN_POINT('',(-38.,-18.,0.));
#5328=CARTESIAN_POINT('',(-69.,-23.,0.));
#5329=CARTESIAN_POINT('Origin',(-74.,-23.,0.));
#5330=CARTESIAN_POINT('',(-69.,-93.,0.));
#5331=CARTESIAN_POINT('',(-69.,-60.5,0.));
#5332=CARTESIAN_POINT('Origin',(-68.,-93.,0.));
#5333=CARTESIAN_POINT('',(63.,-67.9500010281801,0.));
#5334=CARTESIAN_POINT('',(31.,-67.9500010281801,0.));
#5335=CARTESIAN_POINT('',(66.,-70.9500010281801,0.));
#5336=CARTESIAN_POINT('Origin',(63.,-70.9500010281801,0.));
#5337=CARTESIAN_POINT('',(66.,-76.0000011622906,0.));
#5338=CARTESIAN_POINT('',(66.,-51.5000005811453,0.));
#5339=CARTESIAN_POINT('Origin',(63.,-76.0000011622906,0.));
#5340=CARTESIAN_POINT('Origin',(31.,-67.9500010281801,-1.));
#5341=CARTESIAN_POINT('',(63.,-68.9500010281801,-1.));
#5342=CARTESIAN_POINT('',(31.,-68.9500010281801,-1.));
#5343=CARTESIAN_POINT('Origin',(63.,-67.9500010281801,-1.));
#5344=CARTESIAN_POINT('Origin',(62.,-68.9500010281801,-27.));
#5345=CARTESIAN_POINT('',(58.,-68.9500010281801,-33.));
#5346=CARTESIAN_POINT('',(31.,-68.9500010281801,-33.));
#5347=CARTESIAN_POINT('',(58.0000008642673,-68.9500010281801,-35.));
#5348=CARTESIAN_POINT('',(58.,-68.9500010281801,-13.5));
#5349=CARTESIAN_POINT('',(62.,-68.9500010281801,-35.));
#5350=CARTESIAN_POINT('',(31.,-68.9500010281801,-35.));
#5351=CARTESIAN_POINT('',(62.,-68.9500010281801,-8.99631864951697));
#5352=CARTESIAN_POINT('',(62.,-68.9500010281801,-13.5));
#5353=CARTESIAN_POINT('',(65.145994106793,-68.9500010879991,-5.99778492776543));
#5354=CARTESIAN_POINT('Ctrl Pts',(65.1459940712297,-68.9500010281801,-5.99778492874996));
#5355=CARTESIAN_POINT('Ctrl Pts',(64.7545390676391,-68.9500010281801,-5.97869260132524));
#5356=CARTESIAN_POINT('Ctrl Pts',(64.363144545501,-68.9500010281804,-6.03657383194992));
#5357=CARTESIAN_POINT('Ctrl Pts',(63.6263095490395,-68.9500010281804,-6.29911421640235));
#5358=CARTESIAN_POINT('Ctrl Pts',(63.2877526846922,-68.9500010281801,-6.50064237270153));
#5359=CARTESIAN_POINT('Ctrl Pts',(62.7073411281447,-68.9500010281801,-7.02148492569082));
#5360=CARTESIAN_POINT('Ctrl Pts',(62.4708008494626,-68.9500010281801,-7.33564014457285));
#5361=CARTESIAN_POINT('Ctrl Pts',(62.2019798134016,-68.9500010281801,-7.89011544588667));
#5362=CARTESIAN_POINT('Ctrl Pts',(62.1265054867166,-68.9500010281803,-8.10460248446681));
#5363=CARTESIAN_POINT('Ctrl Pts',(62.0254552716615,-68.9500010281803,-8.54556005618504));
#5364=CARTESIAN_POINT('Ctrl Pts',(62.,-68.9500010281801,-8.77058103523168));
#5365=CARTESIAN_POINT('Ctrl Pts',(62.,-68.9500010281801,-8.99631864951697));
#5366=CARTESIAN_POINT('',(63.,-68.9500010281801,-5.));
#5367=CARTESIAN_POINT('Ctrl Pts',(63.,-68.9500010281801,-5.));
#5368=CARTESIAN_POINT('Ctrl Pts',(63.3965144966206,-68.9500010281801,-5.28037808939916));
#5369=CARTESIAN_POINT('Ctrl Pts',(63.8754045209404,-68.9500010281801,-5.61244379981249));
#5370=CARTESIAN_POINT('Ctrl Pts',(64.5694790965516,-68.9500010281801,-5.90093212824738));
#5371=CARTESIAN_POINT('Ctrl Pts',(64.8722910547392,-68.9500010281801,-5.98443569178788));
#5372=CARTESIAN_POINT('Ctrl Pts',(65.1459941066608,-68.9500010281801,-5.99778493047802));
#5373=CARTESIAN_POINT('',(63.,-68.9500010281801,-19.5));
#5374=CARTESIAN_POINT('Origin',(-47.,-71.9862844304904,-16.4106851891796));
#5375=CARTESIAN_POINT('',(-47.,-86.4644660940673,-6.175144212722));
#5376=CARTESIAN_POINT('',(-47.,-74.10760477405,-18.5320055327393));
#5377=CARTESIAN_POINT('Origin',(-47.,-84.3431457505076,-4.05382386916236));
#5378=CARTESIAN_POINT('Origin',(-47.,-90.,-9.71067811865474));
#5379=CARTESIAN_POINT('Origin',(-47.,-90.,-9.71067811865474));
#5380=CARTESIAN_POINT('Origin',(-50.,-70.5720708681173,-14.9964716268065));
#5381=CARTESIAN_POINT('Origin',(27.,-90.,-9.71067811865474));
#5382=CARTESIAN_POINT('',(47.,-86.4644660940673,-6.175144212722));
#5383=CARTESIAN_POINT('',(27.,-86.4644660940673,-6.175144212722));
#5384=CARTESIAN_POINT('Origin',(47.,-90.,-9.71067811865474));
#5385=CARTESIAN_POINT('Origin',(0.,-74.10760477405,-18.5320055327393));
#5386=CARTESIAN_POINT('',(47.,-91.2155563332088,-1.42405397358042));
#5387=CARTESIAN_POINT('',(35.5,-91.2155563332088,-1.42405397358042));
#5388=CARTESIAN_POINT('',(47.,-90.5182899632296,-2.12132034355965));
#5389=CARTESIAN_POINT('',(47.,-74.10760477405,-18.5320055327393));
#5390=CARTESIAN_POINT('',(47.,-87.1213203435596,-5.51828996322962));
#5391=CARTESIAN_POINT('',(47.,-74.10760477405,-18.5320055327393));
#5392=CARTESIAN_POINT('',(47.,-74.10760477405,-18.5320055327393));
#5393=CARTESIAN_POINT('Origin',(47.,-71.9862844304904,-16.4106851891796));
#5394=CARTESIAN_POINT('Origin',(47.,-85.,-3.39696961966998));
#5395=CARTESIAN_POINT('Origin',(47.,-88.39696961967,-4.44089209850063E-15));
#5396=CARTESIAN_POINT('',(50.,-71.9862844304904,-16.4106851891796));
#5397=CARTESIAN_POINT('Origin',(47.,-71.9862844304904,-16.4106851891796));
#5398=CARTESIAN_POINT('Origin',(47.,-89.0942359896492,0.697266369979224));
#5399=CARTESIAN_POINT('Origin',(47.,-94.7510902391416,-4.95958787951314));
#5400=CARTESIAN_POINT('Origin',(47.,-94.7510902391416,-4.95958787951314));
#5401=CARTESIAN_POINT('Origin',(47.,-71.9862844304904,-16.4106851891796));
#5402=CARTESIAN_POINT('Origin',(47.,-84.3431457505076,-4.05382386916236));
#5403=CARTESIAN_POINT('Origin',(47.,-90.,-9.71067811865474));
#5404=CARTESIAN_POINT('Origin',(35.5,-94.7510902391416,-4.95958787951314));
#5405=CARTESIAN_POINT('Origin',(50.,-70.5720708681173,-14.9964716268065));
#5406=CARTESIAN_POINT('Origin',(27.,-95.,-14.));
#5407=CARTESIAN_POINT('',(52.95,-95.,-6.));
#5408=CARTESIAN_POINT('',(52.95,-87.,-14.));
#5409=CARTESIAN_POINT('Origin',(52.95,-95.,-14.));
#5410=CARTESIAN_POINT('',(-52.950000923872,-95.,-6.));
#5411=CARTESIAN_POINT('',(27.,-95.,-6.));
#5412=CARTESIAN_POINT('',(-52.950000923872,-87.,-14.));
#5413=CARTESIAN_POINT('Origin',(-52.950000923872,-95.,-14.));
#5414=CARTESIAN_POINT('',(27.,-87.,-14.));
#5415=CARTESIAN_POINT('Origin',(54.,-87.,0.));
#5416=CARTESIAN_POINT('',(-52.950000923872,-87.,-35.));
#5417=CARTESIAN_POINT('',(-52.950000923872,-87.,-13.5));
#5418=CARTESIAN_POINT('',(52.95,-87.,-35.));
#5419=CARTESIAN_POINT('',(54.,-87.,-35.));
#5420=CARTESIAN_POINT('',(52.95,-87.,-13.5));
#5421=CARTESIAN_POINT('Origin',(0.,-25.,-33.));
#5422=CARTESIAN_POINT('',(58.,27.950000551343,-33.));
#5423=CARTESIAN_POINT('',(60.,27.950000551343,-33.));
#5424=CARTESIAN_POINT('',(26.5000003948808,27.950000551343,-33.));
#5425=CARTESIAN_POINT('',(58.,-52.,-33.));
#5426=CARTESIAN_POINT('',(60.,2.,-33.));
#5427=CARTESIAN_POINT('Origin',(0.,-25.,-33.));
#5428=CARTESIAN_POINT('',(-52.9500007897615,33.,-33.));
#5429=CARTESIAN_POINT('',(-52.9500007897615,35.,-33.));
#5430=CARTESIAN_POINT('',(-52.9500007897615,1.50000027567148,-33.));
#5431=CARTESIAN_POINT('',(52.9500007897615,33.,-33.));
#5432=CARTESIAN_POINT('',(27.,33.,-33.));
#5433=CARTESIAN_POINT('',(52.9500007897615,35.,-33.));
#5434=CARTESIAN_POINT('',(52.9500007897615,9.00000027567148,-33.));
#5435=CARTESIAN_POINT('',(-27.,35.,-33.));
#5436=CARTESIAN_POINT('Origin',(0.,-25.,-33.));
#5437=CARTESIAN_POINT('',(-60.,27.950000551343,-33.));
#5438=CARTESIAN_POINT('',(-58.,27.950000551343,-33.));
#5439=CARTESIAN_POINT('',(-34.0000003948808,27.950000551343,-33.));
#5440=CARTESIAN_POINT('',(-60.,-77.9500011622906,-33.));
#5441=CARTESIAN_POINT('',(-60.,-52.,-33.));
#5442=CARTESIAN_POINT('',(-58.,-77.9500011622906,-33.));
#5443=CARTESIAN_POINT('',(-31.,-77.9500011622906,-33.));
#5444=CARTESIAN_POINT('',(-58.,1.99999999999999,-33.));
#5445=CARTESIAN_POINT('Origin',(0.,-25.,-33.));
#5446=CARTESIAN_POINT('',(52.95,-83.,-33.));
#5447=CARTESIAN_POINT('',(52.95,-51.5000005811453,-33.));
#5448=CARTESIAN_POINT('',(-52.950000923872,-83.,-33.));
#5449=CARTESIAN_POINT('',(-27.,-83.,-33.));
#5450=CARTESIAN_POINT('',(-52.950000923872,-59.0000005811453,-33.));
#5451=CARTESIAN_POINT('Origin',(58.,-79.,0.));
#5452=CARTESIAN_POINT('',(58.,27.950000551343,-35.));
#5453=CARTESIAN_POINT('',(58.,27.950000551343,-13.5));
#5454=CARTESIAN_POINT('',(58.,29.,-35.));
#5455=CARTESIAN_POINT('Origin',(53.0000007897615,27.950000551343,-27.));
#5456=CARTESIAN_POINT('',(60.,27.950000551343,-3.));
#5457=CARTESIAN_POINT('',(60.,27.950000551343,-26.));
#5458=CARTESIAN_POINT('',(68.0000007897615,27.950000551343,-3.));
#5459=CARTESIAN_POINT('',(53.0000007897615,27.950000551343,-3.));
#5460=CARTESIAN_POINT('',(68.0000007897615,27.950000551343,-6.));
#5461=CARTESIAN_POINT('',(68.0000007897615,27.950000551343,-27.));
#5462=CARTESIAN_POINT('',(65.,27.950000551343,-6.));
#5463=CARTESIAN_POINT('',(26.5000003948808,27.950000551343,-6.));
#5464=CARTESIAN_POINT('',(62.,27.950000551343,-9.));
#5465=CARTESIAN_POINT('Origin',(65.,27.950000551343,-9.));
#5466=CARTESIAN_POINT('',(62.,27.950000551343,-35.));
#5467=CARTESIAN_POINT('',(62.,27.950000551343,-13.5));
#5468=CARTESIAN_POINT('',(26.5000003948808,27.950000551343,-35.));
#5469=CARTESIAN_POINT('Origin',(54.,33.,0.));
#5470=CARTESIAN_POINT('',(-52.9500007897615,33.,-35.));
#5471=CARTESIAN_POINT('',(-52.9500007897615,33.,-13.5));
#5472=CARTESIAN_POINT('',(52.9500007897615,33.,-35.));
#5473=CARTESIAN_POINT('',(-54.,33.,-35.));
#5474=CARTESIAN_POINT('',(52.9500007897615,33.,-13.5));
#5475=CARTESIAN_POINT('Origin',(-52.9500007897615,28.000000551343,-27.));
#5476=CARTESIAN_POINT('',(-52.9500007897615,35.,-3.));
#5477=CARTESIAN_POINT('',(-52.9500007897615,35.,-26.));
#5478=CARTESIAN_POINT('',(-52.9500007897615,43.000000551343,-3.));
#5479=CARTESIAN_POINT('',(-52.9500007897615,28.000000551343,-3.));
#5480=CARTESIAN_POINT('',(-52.9500007897615,43.000000551343,-6.));
#5481=CARTESIAN_POINT('',(-52.9500007897615,43.000000551343,-27.));
#5482=CARTESIAN_POINT('',(-52.9500007897615,40.,-6.));
#5483=CARTESIAN_POINT('',(-52.9500007897615,1.50000027567148,-6.));
#5484=CARTESIAN_POINT('',(-52.9500007897615,37.,-9.));
#5485=CARTESIAN_POINT('Origin',(-52.9500007897615,40.,-9.));
#5486=CARTESIAN_POINT('',(-52.9500007897615,37.,-35.));
#5487=CARTESIAN_POINT('',(-52.9500007897615,37.,-13.5));
#5488=CARTESIAN_POINT('',(-52.9500007897615,1.50000027567148,-35.));
#5489=CARTESIAN_POINT('Origin',(-68.0000007897615,27.950000551343,-27.));
#5490=CARTESIAN_POINT('',(-60.,27.950000551343,-3.));
#5491=CARTESIAN_POINT('',(-60.,27.950000551343,-26.));
#5492=CARTESIAN_POINT('',(-58.,27.950000551343,-35.));
#5493=CARTESIAN_POINT('',(-58.,27.950000551343,-13.5));
#5494=CARTESIAN_POINT('',(-62.,27.950000551343,-35.));
#5495=CARTESIAN_POINT('',(-34.0000003948808,27.950000551343,-35.));
#5496=CARTESIAN_POINT('',(-62.,27.950000551343,-9.));
#5497=CARTESIAN_POINT('',(-62.,27.950000551343,-13.5));
#5498=CARTESIAN_POINT('',(-65.,27.950000551343,-6.));
#5499=CARTESIAN_POINT('Origin',(-65.,27.950000551343,-9.));
#5500=CARTESIAN_POINT('',(-68.0000007897615,27.950000551343,-6.));
#5501=CARTESIAN_POINT('',(-34.0000003948808,27.950000551343,-6.));
#5502=CARTESIAN_POINT('',(-68.0000007897615,27.950000551343,-3.));
#5503=CARTESIAN_POINT('',(-68.0000007897615,27.950000551343,-27.));
#5504=CARTESIAN_POINT('',(-53.0000007897615,27.950000551343,-3.));
#5505=CARTESIAN_POINT('Origin',(-54.,-83.,0.));
#5506=CARTESIAN_POINT('',(52.95,-83.,-35.));
#5507=CARTESIAN_POINT('',(52.95,-83.,-13.5));
#5508=CARTESIAN_POINT('',(-52.950000923872,-83.,-35.));
#5509=CARTESIAN_POINT('',(54.,-83.,-35.));
#5510=CARTESIAN_POINT('',(-52.950000923872,-83.,-13.5));
#5511=CARTESIAN_POINT('Origin',(52.95,-78.0000011622906,-27.));
#5512=CARTESIAN_POINT('',(52.95,-93.0000011622906,-6.));
#5513=CARTESIAN_POINT('',(52.95,-93.0000011622906,-27.));
#5514=CARTESIAN_POINT('',(52.95,-51.5000005811453,-6.));
#5515=CARTESIAN_POINT('',(52.95,-51.5000005811453,-35.));
#5516=CARTESIAN_POINT('Origin',(0.,-25.,-35.));
#5517=CARTESIAN_POINT('',(62.,29.,-35.));
#5518=CARTESIAN_POINT('Origin',(0.,-25.,-35.));
#5519=CARTESIAN_POINT('',(-58.,-77.9500011622906,-35.));
#5520=CARTESIAN_POINT('',(-58.,-79.,-35.));
#5521=CARTESIAN_POINT('',(-62.,-77.9500011622906,-35.));
#5522=CARTESIAN_POINT('',(-31.,-77.9500011622906,-35.));
#5523=CARTESIAN_POINT('',(-62.,-79.,-35.));
#5524=CARTESIAN_POINT('Origin',(0.,-25.,-35.));
#5525=CARTESIAN_POINT('',(-52.950000923872,-59.0000005811453,-35.));
#5526=CARTESIAN_POINT('Origin',(0.,-25.,-35.));
#5527=CARTESIAN_POINT('',(52.9500007897615,37.,-35.));
#5528=CARTESIAN_POINT('',(-54.,37.,-35.));
#5529=CARTESIAN_POINT('',(52.9500007897615,9.00000027567148,-35.));
#5530=CARTESIAN_POINT('Origin',(0.,-25.,-6.));
#5531=CARTESIAN_POINT('',(75.,-100.,-6.));
#5532=CARTESIAN_POINT('',(75.,50.,-6.));
#5533=CARTESIAN_POINT('',(75.,-63.,-6.));
#5534=CARTESIAN_POINT('',(-75.,-100.,-6.));
#5535=CARTESIAN_POINT('',(-38.,-100.,-6.));
#5536=CARTESIAN_POINT('',(-75.,50.,-6.));
#5537=CARTESIAN_POINT('',(-75.,13.,-6.));
#5538=CARTESIAN_POINT('',(38.,50.,-6.));
#5539=CARTESIAN_POINT('',(68.,-93.0000011622906,-6.));
#5540=CARTESIAN_POINT('',(26.5,-93.0000011622906,-6.));
#5541=CARTESIAN_POINT('',(68.000001013279,-78.0000011622906,-6.));
#5542=CARTESIAN_POINT('',(68.0000022967655,-59.0000028779111,-6.));
#5543=CARTESIAN_POINT('',(66.,-78.0000011622906,-6.));
#5544=CARTESIAN_POINT('',(34.0000005066395,-78.0000011622906,-6.));
#5545=CARTESIAN_POINT('',(66.,-70.9500010281801,-6.));
#5546=CARTESIAN_POINT('',(66.,-51.5000005811453,-6.));
#5547=CARTESIAN_POINT('',(65.,-68.7139330506803,-6.));
#5548=CARTESIAN_POINT('Origin',(63.,-70.9500010281801,-6.));
#5549=CARTESIAN_POINT('',(65.,1.99999999999999,-6.));
#5550=CARTESIAN_POINT('',(68.0000007897615,28.000000551343,-6.));
#5551=CARTESIAN_POINT('',(68.0000007897615,1.50000027567148,-6.));
#5552=CARTESIAN_POINT('',(68.000001013279,43.000000551343,-6.));
#5553=CARTESIAN_POINT('',(68.0000003948808,1.499999769032,-6.));
#5554=CARTESIAN_POINT('',(52.9500007897615,43.000000551343,-6.));
#5555=CARTESIAN_POINT('',(34.0000005066395,43.000000551343,-6.));
#5556=CARTESIAN_POINT('',(52.9500007897615,40.,-6.));
#5557=CARTESIAN_POINT('',(52.9500007897615,9.00000027567148,-6.));
#5558=CARTESIAN_POINT('',(-27.,40.,-6.));
#5559=CARTESIAN_POINT('',(-68.0000007897615,43.000000551343,-6.));
#5560=CARTESIAN_POINT('',(-26.5000003948808,43.000000551343,-6.));
#5561=CARTESIAN_POINT('',(-68.0000007897615,9.00000027567148,-6.));
#5562=CARTESIAN_POINT('',(-65.,-77.9500011622906,-6.));
#5563=CARTESIAN_POINT('',(-65.,-52.,-6.));
#5564=CARTESIAN_POINT('',(-68.000000923872,-77.9500011622906,-6.));
#5565=CARTESIAN_POINT('',(-31.,-77.9500011622906,-6.));
#5566=CARTESIAN_POINT('',(-68.000000923872,-93.0000011622906,-6.));
#5567=CARTESIAN_POINT('',(-68.000000923872,-51.5000005811453,-6.));
#5568=CARTESIAN_POINT('',(-52.950000923872,-93.0000011622906,-6.));
#5569=CARTESIAN_POINT('',(-34.000000461936,-93.0000011622906,-6.));
#5570=CARTESIAN_POINT('',(-52.950000923872,-59.0000005811453,-6.));
#5571=CARTESIAN_POINT('Ctrl Pts',(75.,-100.,-6.));
#5572=CARTESIAN_POINT('Ctrl Pts',(75.6731984257692,-100.224399475256,-6.));
#5573=CARTESIAN_POINT('Ctrl Pts',(76.7910310760715,-100.59701035869,-5.60644632199263));
#5574=CARTESIAN_POINT('Ctrl Pts',(77.794666129117,-100.931555376372,-4.34472055005552));
#5575=CARTESIAN_POINT('Ctrl Pts',(78.,-101.,-3.44879895051283));
#5576=CARTESIAN_POINT('Ctrl Pts',(78.,-101.,-3.));
#5577=CARTESIAN_POINT('Ctrl Pts',(75.,-100.,-6.));
#5578=CARTESIAN_POINT('Ctrl Pts',(75.5877129113858,-100.30988498964,-6.));
#5579=CARTESIAN_POINT('Ctrl Pts',(76.5647801720395,-100.822625238613,-5.72625817530778));
#5580=CARTESIAN_POINT('Ctrl Pts',(77.6931310121633,-101.423827561023,-4.59236543187407));
#5581=CARTESIAN_POINT('Ctrl Pts',(78.,-101.598398600684,-3.53969173700039));
#5582=CARTESIAN_POINT('Ctrl Pts',(78.,-101.598398600684,-3.));
#5583=CARTESIAN_POINT('Ctrl Pts',(75.,-100.,-6.));
#5584=CARTESIAN_POINT('Ctrl Pts',(75.4381132612149,-100.459484639811,-6.));
#5585=CARTESIAN_POINT('Ctrl Pts',(76.1659355298417,-101.223632981246,-5.81396266241116));
#5586=CARTESIAN_POINT('Ctrl Pts',(77.1648618805765,-102.282784076859,-4.79986395368973));
#5587=CARTESIAN_POINT('Ctrl Pts',(77.4978499309432,-102.63437317774,-3.61778903822871));
#5588=CARTESIAN_POINT('Ctrl Pts',(77.4978499309432,-102.63437317774,-3.));
#5589=CARTESIAN_POINT('Ctrl Pts',(75.,-100.,-6.));
#5590=CARTESIAN_POINT('Ctrl Pts',(75.288513611044,-100.609084289982,-6.));
#5591=CARTESIAN_POINT('Ctrl Pts',(75.768137175793,-101.623396934902,-5.69667275881161));
#5592=CARTESIAN_POINT('Ctrl Pts',(76.3013467947877,-102.719132616009,-4.52857270082888));
#5593=CARTESIAN_POINT('Ctrl Pts',(76.4487989505128,-103.,-3.51600188287887));
#5594=CARTESIAN_POINT('Ctrl Pts',(76.4487989505128,-103.,-3.));
#5595=CARTESIAN_POINT('Ctrl Pts',(75.,-100.,-6.));
#5596=CARTESIAN_POINT('Ctrl Pts',(75.2243994752564,-100.673198425769,-6.));
#5597=CARTESIAN_POINT('Ctrl Pts',(75.5970103586905,-101.791031076072,-5.60644632199263));
#5598=CARTESIAN_POINT('Ctrl Pts',(75.9315553763724,-102.794666129117,-4.34472055005551));
#5599=CARTESIAN_POINT('Ctrl Pts',(76.,-103.,-3.44879895051283));
#5600=CARTESIAN_POINT('Ctrl Pts',(76.,-103.,-3.));
#5601=CARTESIAN_POINT('',(78.,-101.,-3.));
#5602=CARTESIAN_POINT('',(76.,-103.,-3.));
#5603=CARTESIAN_POINT('Origin',(76.,-101.,-3.));
#5604=CARTESIAN_POINT('Origin',(75.,-100.,-3.));
#5605=CARTESIAN_POINT('Origin',(75.,-100.,-3.));
#5606=CARTESIAN_POINT('Ctrl Pts',(-75.,-100.,-6.));
#5607=CARTESIAN_POINT('Ctrl Pts',(-75.2243994752564,-100.673198425769,-6.));
#5608=CARTESIAN_POINT('Ctrl Pts',(-75.5970103586905,-101.791031076072,-5.60644632199262));
#5609=CARTESIAN_POINT('Ctrl Pts',(-75.9315553763724,-102.794666129117,-4.3447205500555));
#5610=CARTESIAN_POINT('Ctrl Pts',(-76.,-103.,-3.44879895051283));
#5611=CARTESIAN_POINT('Ctrl Pts',(-76.,-103.,-3.));
#5612=CARTESIAN_POINT('Ctrl Pts',(-75.,-100.,-6.));
#5613=CARTESIAN_POINT('Ctrl Pts',(-75.3098849896398,-100.587712911386,-6.));
#5614=CARTESIAN_POINT('Ctrl Pts',(-75.8226252386127,-101.56478017204,-5.72625817530777));
#5615=CARTESIAN_POINT('Ctrl Pts',(-76.423827561023,-102.693131012163,-4.59236543187406));
#5616=CARTESIAN_POINT('Ctrl Pts',(-76.5983986006838,-103.,-3.53969173700039));
#5617=CARTESIAN_POINT('Ctrl Pts',(-76.5983986006838,-103.,-3.));
#5618=CARTESIAN_POINT('Ctrl Pts',(-75.,-100.,-6.));
#5619=CARTESIAN_POINT('Ctrl Pts',(-75.4594846398108,-100.438113261215,-6.));
#5620=CARTESIAN_POINT('Ctrl Pts',(-76.2236329812458,-101.165935529842,-5.81396266241116));
#5621=CARTESIAN_POINT('Ctrl Pts',(-77.282784076859,-102.164861880577,-4.79986395368971));
#5622=CARTESIAN_POINT('Ctrl Pts',(-77.6343731777401,-102.497849930943,-3.61778903822871));
#5623=CARTESIAN_POINT('Ctrl Pts',(-77.6343731777401,-102.497849930943,-3.));
#5624=CARTESIAN_POINT('Ctrl Pts',(-75.,-100.,-6.));
#5625=CARTESIAN_POINT('Ctrl Pts',(-75.6090842899817,-100.288513611044,-6.));
#5626=CARTESIAN_POINT('Ctrl Pts',(-76.6233969349021,-100.768137175793,-5.6966727588116));
#5627=CARTESIAN_POINT('Ctrl Pts',(-77.7191326160088,-101.301346794788,-4.52857270082888));
#5628=CARTESIAN_POINT('Ctrl Pts',(-78.,-101.448798950513,-3.51600188287887));
#5629=CARTESIAN_POINT('Ctrl Pts',(-78.,-101.448798950513,-3.));
#5630=CARTESIAN_POINT('Ctrl Pts',(-75.,-100.,-6.));
#5631=CARTESIAN_POINT('Ctrl Pts',(-75.6731984257692,-100.224399475256,-6.));
#5632=CARTESIAN_POINT('Ctrl Pts',(-76.7910310760715,-100.59701035869,-5.60644632199262));
#5633=CARTESIAN_POINT('Ctrl Pts',(-77.7946661291171,-100.931555376372,-4.34472055005551));
#5634=CARTESIAN_POINT('Ctrl Pts',(-78.,-101.,-3.44879895051283));
#5635=CARTESIAN_POINT('Ctrl Pts',(-78.,-101.,-3.));
#5636=CARTESIAN_POINT('',(-76.,-103.,-3.));
#5637=CARTESIAN_POINT('',(-78.,-101.,-3.));
#5638=CARTESIAN_POINT('Origin',(-76.,-101.,-3.));
#5639=CARTESIAN_POINT('Origin',(-75.,-100.,-3.));
#5640=CARTESIAN_POINT('Origin',(-75.,-100.,-3.));
#5641=CARTESIAN_POINT('Ctrl Pts',(-75.,50.,-6.));
#5642=CARTESIAN_POINT('Ctrl Pts',(-75.6731984257692,50.2243994752564,-6.));
#5643=CARTESIAN_POINT('Ctrl Pts',(-76.7910604843124,50.5970201614375,-5.60651651364477));
#5644=CARTESIAN_POINT('Ctrl Pts',(-77.7946872275452,50.9315624091818,-4.34475426828387));
#5645=CARTESIAN_POINT('Ctrl Pts',(-78.,51.,-3.44879895051283));
#5646=CARTESIAN_POINT('Ctrl Pts',(-78.,51.,-3.));
#5647=CARTESIAN_POINT('Ctrl Pts',(-75.,50.,-6.));
#5648=CARTESIAN_POINT('Ctrl Pts',(-75.5877129113859,50.3098849896398,-6.));
#5649=CARTESIAN_POINT('Ctrl Pts',(-76.5650264988454,50.8227646215983,-5.72626218279082));
#5650=CARTESIAN_POINT('Ctrl Pts',(-77.6933118167279,51.4239327926892,-4.59237242252977));
#5651=CARTESIAN_POINT('Ctrl Pts',(-78.,51.5983986006838,-3.53969173700039));
#5652=CARTESIAN_POINT('Ctrl Pts',(-78.,51.5983986006838,-3.));
#5653=CARTESIAN_POINT('Ctrl Pts',(-75.,50.,-6.));
#5654=CARTESIAN_POINT('Ctrl Pts',(-75.4381132612149,50.4594846398108,-6.));
#5655=CARTESIAN_POINT('Ctrl Pts',(-76.1660861846072,51.2237989625708,-5.81406679644392));
#5656=CARTESIAN_POINT('Ctrl Pts',(-77.1650263359145,52.2829581207587,-4.80007320823005));
#5657=CARTESIAN_POINT('Ctrl Pts',(-77.4979049286493,52.6344189907918,-3.61778903822871));
#5658=CARTESIAN_POINT('Ctrl Pts',(-77.4979049286493,52.6344189907918,-3.));
#5659=CARTESIAN_POINT('Ctrl Pts',(-75.,50.,-6.));
#5660=CARTESIAN_POINT('Ctrl Pts',(-75.288513611044,50.6090842899817,-6.));
#5661=CARTESIAN_POINT('Ctrl Pts',(-75.7681655879662,51.6235050408605,-5.69672351342015));
#5662=CARTESIAN_POINT('Ctrl Pts',(-76.3013831751067,52.7192263126315,-4.52864224786782));
#5663=CARTESIAN_POINT('Ctrl Pts',(-76.4487989505128,53.,-3.51600188287887));
#5664=CARTESIAN_POINT('Ctrl Pts',(-76.4487989505128,53.,-3.));
#5665=CARTESIAN_POINT('Ctrl Pts',(-75.,50.,-6.));
#5666=CARTESIAN_POINT('Ctrl Pts',(-75.2243994752564,50.6731984257693,-6.));
#5667=CARTESIAN_POINT('Ctrl Pts',(-75.5970201614375,51.7910604843124,-5.60651651364477));
#5668=CARTESIAN_POINT('Ctrl Pts',(-75.9315624091817,52.7946872275452,-4.34475426828387));
#5669=CARTESIAN_POINT('Ctrl Pts',(-76.,53.,-3.44879895051283));
#5670=CARTESIAN_POINT('Ctrl Pts',(-76.,53.,-3.));
#5671=CARTESIAN_POINT('',(-78.,51.,-3.));
#5672=CARTESIAN_POINT('',(-76.,53.,-3.));
#5673=CARTESIAN_POINT('Origin',(-76.,51.,-3.));
#5674=CARTESIAN_POINT('Origin',(-75.,50.,-3.));
#5675=CARTESIAN_POINT('Origin',(-75.,50.,-3.));
#5676=CARTESIAN_POINT('Ctrl Pts',(75.,50.,-6.));
#5677=CARTESIAN_POINT('Ctrl Pts',(75.2243994752564,50.6731984257693,-6.));
#5678=CARTESIAN_POINT('Ctrl Pts',(75.5970201614375,51.7910604843124,-5.60651651364477));
#5679=CARTESIAN_POINT('Ctrl Pts',(75.9315624091817,52.7946872275452,-4.34475426828387));
#5680=CARTESIAN_POINT('Ctrl Pts',(76.,53.,-3.44879895051283));
#5681=CARTESIAN_POINT('Ctrl Pts',(76.,53.,-3.));
#5682=CARTESIAN_POINT('Ctrl Pts',(75.,50.,-6.));
#5683=CARTESIAN_POINT('Ctrl Pts',(75.3098849896398,50.5877129113859,-6.));
#5684=CARTESIAN_POINT('Ctrl Pts',(75.8227646215983,51.5650264988454,-5.72626218279082));
#5685=CARTESIAN_POINT('Ctrl Pts',(76.4239327926892,52.693311816728,-4.59237242252977));
#5686=CARTESIAN_POINT('Ctrl Pts',(76.5983986006838,53.,-3.53969173700038));
#5687=CARTESIAN_POINT('Ctrl Pts',(76.5983986006838,53.,-3.));
#5688=CARTESIAN_POINT('Ctrl Pts',(75.,50.,-6.));
#5689=CARTESIAN_POINT('Ctrl Pts',(75.4594846398107,50.4381132612149,-6.));
#5690=CARTESIAN_POINT('Ctrl Pts',(76.2237989625707,51.1660861846073,-5.81406679644392));
#5691=CARTESIAN_POINT('Ctrl Pts',(77.2829581207587,52.1650263359145,-4.80007320823005));
#5692=CARTESIAN_POINT('Ctrl Pts',(77.6344189907918,52.4979049286493,-3.61778903822871));
#5693=CARTESIAN_POINT('Ctrl Pts',(77.6344189907918,52.4979049286493,-3.));
#5694=CARTESIAN_POINT('Ctrl Pts',(75.,50.,-6.));
#5695=CARTESIAN_POINT('Ctrl Pts',(75.6090842899817,50.288513611044,-6.));
#5696=CARTESIAN_POINT('Ctrl Pts',(76.6235050408604,50.7681655879662,-5.69672351342015));
#5697=CARTESIAN_POINT('Ctrl Pts',(77.7192263126315,51.3013831751067,-4.52864224786782));
#5698=CARTESIAN_POINT('Ctrl Pts',(78.,51.4487989505128,-3.51600188287887));
#5699=CARTESIAN_POINT('Ctrl Pts',(78.,51.4487989505128,-3.));
#5700=CARTESIAN_POINT('Ctrl Pts',(75.,50.,-6.));
#5701=CARTESIAN_POINT('Ctrl Pts',(75.6731984257692,50.2243994752564,-6.));
#5702=CARTESIAN_POINT('Ctrl Pts',(76.7910604843124,50.5970201614375,-5.60651651364477));
#5703=CARTESIAN_POINT('Ctrl Pts',(77.7946872275452,50.9315624091818,-4.34475426828387));
#5704=CARTESIAN_POINT('Ctrl Pts',(78.,51.,-3.44879895051283));
#5705=CARTESIAN_POINT('Ctrl Pts',(78.,51.,-3.));
#5706=CARTESIAN_POINT('',(76.,53.,-3.));
#5707=CARTESIAN_POINT('',(78.,51.,-3.));
#5708=CARTESIAN_POINT('Origin',(76.,51.,-3.));
#5709=CARTESIAN_POINT('Origin',(75.,50.,-3.));
#5710=CARTESIAN_POINT('Origin',(75.,50.,-3.));
#5711=CARTESIAN_POINT('Origin',(75.,-63.,-3.));
#5712=CARTESIAN_POINT('',(78.,-63.,-3.));
#5713=CARTESIAN_POINT('Origin',(38.,50.,-3.));
#5714=CARTESIAN_POINT('',(38.,53.,-3.));
#5715=CARTESIAN_POINT('Origin',(-75.,13.,-3.));
#5716=CARTESIAN_POINT('',(-78.,13.,-3.));
#5717=CARTESIAN_POINT('Origin',(-38.,-100.,-3.));
#5718=CARTESIAN_POINT('',(-38.,-103.,-3.));
#5719=CARTESIAN_POINT('Origin',(-76.,-103.,0.));
#5720=CARTESIAN_POINT('',(76.,-103.,12.5));
#5721=CARTESIAN_POINT('',(76.,-103.,0.));
#5722=CARTESIAN_POINT('',(-76.,-103.,12.5));
#5723=CARTESIAN_POINT('',(-38.,-103.,12.5));
#5724=CARTESIAN_POINT('',(-76.,-103.,0.));
#5725=CARTESIAN_POINT('Origin',(76.,-101.,0.));
#5726=CARTESIAN_POINT('',(78.,-101.,12.5));
#5727=CARTESIAN_POINT('',(78.,-101.,0.));
#5728=CARTESIAN_POINT('Origin',(76.,-101.,12.5));
#5729=CARTESIAN_POINT('Origin',(78.,-101.,0.));
#5730=CARTESIAN_POINT('',(78.,51.,12.5));
#5731=CARTESIAN_POINT('',(78.,51.,0.));
#5732=CARTESIAN_POINT('',(78.,-63.,12.5));
#5733=CARTESIAN_POINT('Origin',(76.,51.,0.));
#5734=CARTESIAN_POINT('',(76.,53.,12.5));
#5735=CARTESIAN_POINT('',(76.,53.,0.));
#5736=CARTESIAN_POINT('Origin',(76.,51.,12.5));
#5737=CARTESIAN_POINT('Origin',(65.,1.99999999999999,-9.));
#5738=CARTESIAN_POINT('',(62.,-68.7139330506803,-9.));
#5739=CARTESIAN_POINT('Origin',(65.,-68.7139330506803,-9.));
#5740=CARTESIAN_POINT('',(62.,1.99999999999999,-9.));
#5741=CARTESIAN_POINT('Ctrl Pts',(65.1465096944024,-68.9508684723675,-5.99777063570049));
#5742=CARTESIAN_POINT('Ctrl Pts',(65.1446857867432,-68.9477995599561,-5.99782126004355));
#5743=CARTESIAN_POINT('Ctrl Pts',(65.1410429907832,-68.9416810761168,-5.99792097597648));
#5744=CARTESIAN_POINT('Ctrl Pts',(65.1301453280018,-68.9234405748496,-5.99821079431802));
#5745=CARTESIAN_POINT('Ctrl Pts',(65.1067025723906,-68.8845365539452,-5.99878754409979));
#5746=CARTESIAN_POINT('Ctrl Pts',(65.0748407550453,-68.8326436168859,-5.99940696899577));
#5747=CARTESIAN_POINT('Ctrl Pts',(65.0437398701389,-68.7828828191727,-5.99979774518116));
#5748=CARTESIAN_POINT('Ctrl Pts',(65.0233847673236,-68.7506660048433,-5.99994285415479));
#5749=CARTESIAN_POINT('Ctrl Pts',(65.0099698006034,-68.7295559284309,-5.99999176001487));
#5750=CARTESIAN_POINT('Ctrl Pts',(65.0033144927795,-68.7191210524965,-6.));
#5751=CARTESIAN_POINT('Ctrl Pts',(65.,-68.7139330506804,-6.));
#5752=CARTESIAN_POINT('Ctrl Pts',(64.2220984209583,-68.9488102076949,-5.9526185212047));
#5753=CARTESIAN_POINT('Ctrl Pts',(64.2205954435075,-68.9457938699099,-5.95326392011251));
#5754=CARTESIAN_POINT('Ctrl Pts',(64.2175932338085,-68.9397727945568,-5.95453268910882));
#5755=CARTESIAN_POINT('Ctrl Pts',(64.2086184795555,-68.9218162821486,-5.95831363719369));
#5756=CARTESIAN_POINT('Ctrl Pts',(64.1893415387195,-68.8834570467802,-5.96629683460856));
#5757=CARTESIAN_POINT('Ctrl Pts',(64.1632362033356,-68.8320808826952,-5.97666017358338));
#5758=CARTESIAN_POINT('Ctrl Pts',(64.1378867356415,-68.7826805910062,-5.98657456438067));
#5759=CARTESIAN_POINT('Ctrl Pts',(64.1213469632373,-68.7505866425342,-5.99285384879712));
#5760=CARTESIAN_POINT('Ctrl Pts',(64.1104740372726,-68.7295443885184,-5.99700020501908));
#5761=CARTESIAN_POINT('Ctrl Pts',(64.1050823189391,-68.7191101970897,-5.9989805404141));
#5762=CARTESIAN_POINT('Ctrl Pts',(64.1024020989744,-68.7139330506804,-6.));
#5763=CARTESIAN_POINT('Ctrl Pts',(62.5846814523921,-68.9818186237857,-6.67672354157594));
#5764=CARTESIAN_POINT('Ctrl Pts',(62.5842203692682,-68.9784803620142,-6.6777475361479));
#5765=CARTESIAN_POINT('Ctrl Pts',(62.5833012155272,-68.9718167932147,-6.67979032426433));
#5766=CARTESIAN_POINT('Ctrl Pts',(62.5805553920435,-68.9518972776782,-6.68587193355515));
#5767=CARTESIAN_POINT('Ctrl Pts',(62.5746738070692,-68.9091224436973,-6.69880378673604));
#5768=CARTESIAN_POINT('Ctrl Pts',(62.56675960381,-68.8510996766847,-6.71586809696624));
#5769=CARTESIAN_POINT('Ctrl Pts',(62.5590976149794,-68.7943110382607,-6.73185180763167));
#5770=CARTESIAN_POINT('Ctrl Pts',(62.5541175992514,-68.7569967530989,-6.74199624684998));
#5771=CARTESIAN_POINT('Ctrl Pts',(62.5508431643457,-68.7323215794098,-6.74853855463762));
#5772=CARTESIAN_POINT('Ctrl Pts',(62.5492259800589,-68.7200531389917,-6.7517469769179));
#5773=CARTESIAN_POINT('Ctrl Pts',(62.5484191813781,-68.7139330506803,-6.75332797111875));
#5774=CARTESIAN_POINT('Ctrl Pts',(62.,-69.0557094807125,-8.2976659192131));
#5775=CARTESIAN_POINT('Ctrl Pts',(62.000005232052,-69.0515968774856,-8.29811037983317));
#5776=CARTESIAN_POINT('Ctrl Pts',(62.0000102603549,-69.0433767009017,-8.2989970711024));
#5777=CARTESIAN_POINT('Ctrl Pts',(62.0000255131631,-69.01873628255,-8.30161685677531));
#5778=CARTESIAN_POINT('Ctrl Pts',(62.0000379270832,-68.9654626912472,-8.30708986021092));
#5779=CARTESIAN_POINT('Ctrl Pts',(61.9999927216836,-68.8920565198696,-8.31395504074654));
#5780=CARTESIAN_POINT('Ctrl Pts',(61.9999932204977,-68.8189922808566,-8.31982493393326));
#5781=CARTESIAN_POINT('Ctrl Pts',(61.9999822841019,-68.7704434015206,-8.32326900311329));
#5782=CARTESIAN_POINT('Ctrl Pts',(61.9999993570755,-68.7381302137002,-8.32534860948672));
#5783=CARTESIAN_POINT('Ctrl Pts',(61.999991746433,-68.7219979805758,-8.3263349531154));
#5784=CARTESIAN_POINT('Ctrl Pts',(62.,-68.7139330506804,-8.32680157423076));
#5785=CARTESIAN_POINT('Ctrl Pts',(62.,-69.0873189624751,-8.99108254280198));
#5786=CARTESIAN_POINT('Ctrl Pts',(62.,-69.0828767813221,-8.99128504017421));
#5787=CARTESIAN_POINT('Ctrl Pts',(62.,-69.0739921511403,-8.9916839039059));
#5788=CARTESIAN_POINT('Ctrl Pts',(62.,-69.047336674663,-8.99284317727209));
#5789=CARTESIAN_POINT('Ctrl Pts',(62.,-68.9895747605125,-8.99515017639916));
#5790=CARTESIAN_POINT('Ctrl Pts',(62.,-68.909571196401,-8.99762787598307));
#5791=CARTESIAN_POINT('Ctrl Pts',(62.,-68.8295454395933,-8.99919098072465));
#5792=CARTESIAN_POINT('Ctrl Pts',(62.,-68.7761877482799,-8.99977141661918));
#5793=CARTESIAN_POINT('Ctrl Pts',(62.,-68.7406140640655,-8.99996704005946));
#5794=CARTESIAN_POINT('Ctrl Pts',(62.,-68.7228267680795,-9.));
#5795=CARTESIAN_POINT('Ctrl Pts',(62.,-68.7139330506804,-9.));
#5796=CARTESIAN_POINT('Ctrl Pts',(62.,-68.9500010227386,-8.99631863465526));
#5797=CARTESIAN_POINT('Ctrl Pts',(62.,-68.9335607721918,-8.99681773038054));
#5798=CARTESIAN_POINT('Ctrl Pts',(62.,-68.890448998778,-8.99800138070163));
#5799=CARTESIAN_POINT('Ctrl Pts',(62.,-68.8295454395933,-8.99919098072465));
#5800=CARTESIAN_POINT('Ctrl Pts',(62.,-68.7761877482799,-8.99977141661918));
#5801=CARTESIAN_POINT('Ctrl Pts',(62.,-68.7406140640655,-8.99996704005946));
#5802=CARTESIAN_POINT('Ctrl Pts',(62.,-68.7228267680795,-9.));
#5803=CARTESIAN_POINT('Ctrl Pts',(62.,-68.7139330506804,-9.));
#5804=CARTESIAN_POINT('Ctrl Pts',(65.,-68.7139330506804,-6.));
#5805=CARTESIAN_POINT('Ctrl Pts',(65.0033144927795,-68.7191210524965,-6.));
#5806=CARTESIAN_POINT('Ctrl Pts',(65.0099698006034,-68.7295559284309,-5.99999176001487));
#5807=CARTESIAN_POINT('Ctrl Pts',(65.0233847673236,-68.7506660048433,-5.99994285415479));
#5808=CARTESIAN_POINT('Ctrl Pts',(65.0437398701389,-68.7828828191727,-5.99979774518116));
#5809=CARTESIAN_POINT('Ctrl Pts',(65.0748407550453,-68.8326436168859,-5.99940696899577));
#5810=CARTESIAN_POINT('Ctrl Pts',(65.1067025723906,-68.8845365539452,-5.99878754409979));
#5811=CARTESIAN_POINT('Ctrl Pts',(65.1301453280018,-68.9234405748496,-5.99821079431802));
#5812=CARTESIAN_POINT('Ctrl Pts',(65.140871825023,-68.9413945789724,-5.99792552805134));
#5813=CARTESIAN_POINT('Ctrl Pts',(65.1443425127855,-68.9472230397752,-5.99783065035759));
#5814=CARTESIAN_POINT('Ctrl Pts',(65.1459941067299,-68.9500010880256,-5.99778492777013));
#5815=CARTESIAN_POINT('Origin',(63.,-70.9500010281801,-5.));
#5816=CARTESIAN_POINT('',(65.,-70.9500010281801,-5.));
#5817=CARTESIAN_POINT('Origin',(66.,-70.9500010281801,-5.));
#5818=CARTESIAN_POINT('Origin',(63.,-70.9500010281801,-5.));
#5819=CARTESIAN_POINT('Origin',(-27.,40.,-9.));
#5820=CARTESIAN_POINT('',(52.9500007897615,37.,-9.));
#5821=CARTESIAN_POINT('Origin',(52.9500007897615,40.,-9.));
#5822=CARTESIAN_POINT('',(-27.,37.,-9.));
#5823=CARTESIAN_POINT('Origin',(-54.,37.,0.));
#5824=CARTESIAN_POINT('',(52.9500007897615,37.,-13.5));
#5825=CARTESIAN_POINT('Origin',(-65.,-52.,-9.));
#5826=CARTESIAN_POINT('',(-62.,-77.9500011622906,-9.));
#5827=CARTESIAN_POINT('',(-62.,-52.,-9.));
#5828=CARTESIAN_POINT('Origin',(-65.,-77.9500011622906,-9.));
#5829=CARTESIAN_POINT('Origin',(-62.,-79.,0.));
#5830=CARTESIAN_POINT('',(-62.,-77.9500011622906,-13.5));
#5831=CARTESIAN_POINT('Ctrl Pts',(-76.25,-19.,2.));
#5832=CARTESIAN_POINT('Ctrl Pts',(-76.25,-19.,1.70080069965811));
#5833=CARTESIAN_POINT('Ctrl Pts',(-76.1131418765564,-18.9315709382782,1.10347056970015));
#5834=CARTESIAN_POINT('Ctrl Pts',(-75.444063964013,-18.5970319820065,0.262265180813224));
#5835=CARTESIAN_POINT('Ctrl Pts',(-74.6987989505128,-18.2243994752564,6.22833660358684E-17));
#5836=CARTESIAN_POINT('Ctrl Pts',(-74.25,-18.,0.));
#5837=CARTESIAN_POINT('Ctrl Pts',(-76.25,-19.2991993003419,2.));
#5838=CARTESIAN_POINT('Ctrl Pts',(-76.25,-19.2991993003419,1.65536855615813));
#5839=CARTESIAN_POINT('Ctrl Pts',(-76.0625587349814,-19.1778216468573,0.979703676959195));
#5840=CARTESIAN_POINT('Ctrl Pts',(-75.331209212706,-18.7100041123796,0.202426887786294));
#5841=CARTESIAN_POINT('Ctrl Pts',(-74.6560561933211,-18.2671422324481,1.48293728656828E-17));
#5842=CARTESIAN_POINT('Ctrl Pts',(-74.25,-18.,0.));
#5843=CARTESIAN_POINT('Ctrl Pts',(-75.9987424845071,-19.8170459450811,2.));
#5844=CARTESIAN_POINT('Ctrl Pts',(-75.9987424845071,-19.8170459450811,1.61633655703794));
#5845=CARTESIAN_POINT('Ctrl Pts',(-75.7982838058424,-19.6072757178244,0.875775996799047));
#5846=CARTESIAN_POINT('Ctrl Pts',(-75.1316170011861,-18.9104592622496,0.158472801231396));
#5847=CARTESIAN_POINT('Ctrl Pts',(-74.5812563682357,-18.3419420575336,2.66928711582292E-17));
#5848=CARTESIAN_POINT('Ctrl Pts',(-74.25,-18.,-4.82181032191186E-31));
#5849=CARTESIAN_POINT('Ctrl Pts',(-75.4743994752564,-20.,2.));
#5850=CARTESIAN_POINT('Ctrl Pts',(-75.4743994752564,-20.,1.66717770029231));
#5851=CARTESIAN_POINT('Ctrl Pts',(-75.3664852962953,-19.8254476707335,1.01146432938229));
#5852=CARTESIAN_POINT('Ctrl Pts',(-74.9325596725936,-19.1103085374995,0.217184678619577));
#5853=CARTESIAN_POINT('Ctrl Pts',(-74.5064565431502,-18.4167418826191,2.04645345546425E-16));
#5854=CARTESIAN_POINT('Ctrl Pts',(-74.25,-18.,-3.52170046973665E-31));
#5855=CARTESIAN_POINT('Ctrl Pts',(-75.25,-20.,2.));
#5856=CARTESIAN_POINT('Ctrl Pts',(-75.25,-20.,1.70080069965811));
#5857=CARTESIAN_POINT('Ctrl Pts',(-75.1815709382782,-19.8631418765565,1.10347056970014));
#5858=CARTESIAN_POINT('Ctrl Pts',(-74.8470319820065,-19.194063964013,0.262265180813225));
#5859=CARTESIAN_POINT('Ctrl Pts',(-74.4743994752564,-18.4487989505128,3.11416830179343E-16));
#5860=CARTESIAN_POINT('Ctrl Pts',(-74.25,-18.,0.));
#5861=CARTESIAN_POINT('',(-75.25,-20.,2.));
#5862=CARTESIAN_POINT('Origin',(-74.25,-18.,2.));
#5863=CARTESIAN_POINT('',(-76.25,-19.,2.));
#5864=CARTESIAN_POINT('Origin',(-74.25,-18.,2.));
#5865=CARTESIAN_POINT('Origin',(-75.25,-19.,2.));
#5866=CARTESIAN_POINT('Ctrl Pts',(-75.25,46.,2.));
#5867=CARTESIAN_POINT('Ctrl Pts',(-75.25,46.,1.70080069965812));
#5868=CARTESIAN_POINT('Ctrl Pts',(-75.1980798893617,45.8961597787234,1.2543231570082));
#5869=CARTESIAN_POINT('Ctrl Pts',(-74.9188236277546,45.3376472555092,0.357689310651339));
#5870=CARTESIAN_POINT('Ctrl Pts',(-74.5491993003419,44.5983986006838,5.86995874737332E-15));
#5871=CARTESIAN_POINT('Ctrl Pts',(-74.25,44.,5.55111512312578E-16));
#5872=CARTESIAN_POINT('Ctrl Pts',(-75.5491993003419,46.,2.));
#5873=CARTESIAN_POINT('Ctrl Pts',(-75.5491993003419,46.,1.65536855615813));
#5874=CARTESIAN_POINT('Ctrl Pts',(-75.4596718848036,45.8622109759143,1.14878965247622));
#5875=CARTESIAN_POINT('Ctrl Pts',(-75.0514875541867,45.2236042683113,0.270269685099418));
#5876=CARTESIAN_POINT('Ctrl Pts',(-74.6061896432641,44.5414082577615,4.35143096592736E-15));
#5877=CARTESIAN_POINT('Ctrl Pts',(-74.25,44.,5.55111512312548E-16));
#5878=CARTESIAN_POINT('Ctrl Pts',(-76.0670235930192,45.7487238555996,2.));
#5879=CARTESIAN_POINT('Ctrl Pts',(-76.0670235930192,45.7487238555996,1.61633655703794));
#5880=CARTESIAN_POINT('Ctrl Pts',(-75.9145810479245,45.602874602145,1.05901602618169));
#5881=CARTESIAN_POINT('Ctrl Pts',(-75.2873289682432,45.0034426150817,0.203171123660943));
#5882=CARTESIAN_POINT('Ctrl Pts',(-74.7059227433781,44.4416751576475,2.70635920269428E-15));
#5883=CARTESIAN_POINT('Ctrl Pts',(-74.25,44.,5.55111512312565E-16));
#5884=CARTESIAN_POINT('Ctrl Pts',(-76.25,45.2243994752564,2.));
#5885=CARTESIAN_POINT('Ctrl Pts',(-76.25,45.2243994752564,1.66717770029231));
#5886=CARTESIAN_POINT('Ctrl Pts',(-76.1207995058714,45.1443710083108,1.17596642947712));
#5887=CARTESIAN_POINT('Ctrl Pts',(-75.503304302026,44.7693968621967,0.292124388805121));
#5888=CARTESIAN_POINT('Ctrl Pts',(-74.8056558434921,44.3419420575336,2.83290318448146E-15));
#5889=CARTESIAN_POINT('Ctrl Pts',(-74.25,44.,5.55111512312578E-16));
#5890=CARTESIAN_POINT('Ctrl Pts',(-76.25,45.,2.));
#5891=CARTESIAN_POINT('Ctrl Pts',(-76.25,45.,1.70080069965811));
#5892=CARTESIAN_POINT('Ctrl Pts',(-76.1461597787234,44.9480798893617,1.2543231570082));
#5893=CARTESIAN_POINT('Ctrl Pts',(-75.5876472555092,44.6688236277546,0.357689310651338));
#5894=CARTESIAN_POINT('Ctrl Pts',(-74.8483986006838,44.2991993003419,3.21253512984294E-15));
#5895=CARTESIAN_POINT('Ctrl Pts',(-74.25,44.,5.55111512312578E-16));
#5896=CARTESIAN_POINT('',(-76.25,45.,2.));
#5897=CARTESIAN_POINT('Origin',(-74.25,44.,2.));
#5898=CARTESIAN_POINT('',(-75.25,46.,2.));
#5899=CARTESIAN_POINT('Origin',(-74.25,44.,2.));
#5900=CARTESIAN_POINT('Origin',(-75.25,45.,2.));
#5901=CARTESIAN_POINT('Ctrl Pts',(76.25,45.,2.));
#5902=CARTESIAN_POINT('Ctrl Pts',(76.25,45.,1.70080069965812));
#5903=CARTESIAN_POINT('Ctrl Pts',(76.1461597787234,44.9480798893617,1.2543231570082));
#5904=CARTESIAN_POINT('Ctrl Pts',(75.5876472555092,44.6688236277546,0.357689310651339));
#5905=CARTESIAN_POINT('Ctrl Pts',(74.8483986006838,44.2991993003419,5.74539201530158E-15));
#5906=CARTESIAN_POINT('Ctrl Pts',(74.25,44.,5.55111512312578E-16));
#5907=CARTESIAN_POINT('Ctrl Pts',(76.25,45.2991993003419,2.));
#5908=CARTESIAN_POINT('Ctrl Pts',(76.25,45.2991993003419,1.65536855615813));
#5909=CARTESIAN_POINT('Ctrl Pts',(76.1122109759143,45.2096718848036,1.14878965247622));
#5910=CARTESIAN_POINT('Ctrl Pts',(75.4736042683113,44.8014875541867,0.27026968509942));
#5911=CARTESIAN_POINT('Ctrl Pts',(74.7914082577615,44.3561896432641,5.23921608815294E-15));
#5912=CARTESIAN_POINT('Ctrl Pts',(74.25,44.,5.55111512312578E-16));
#5913=CARTESIAN_POINT('Ctrl Pts',(75.9987238555996,45.8170235930192,2.));
#5914=CARTESIAN_POINT('Ctrl Pts',(75.9987238555996,45.8170235930192,1.61633655703794));
#5915=CARTESIAN_POINT('Ctrl Pts',(75.852874602145,45.6645810479245,1.05901602618169));
#5916=CARTESIAN_POINT('Ctrl Pts',(75.2534426150817,45.0373289682432,0.203171123660948));
#5917=CARTESIAN_POINT('Ctrl Pts',(74.6916751576476,44.4559227433781,4.35340821564282E-15));
#5918=CARTESIAN_POINT('Ctrl Pts',(74.25,44.,5.55111512312578E-16));
#5919=CARTESIAN_POINT('Ctrl Pts',(75.4743994752564,46.,2.));
#5920=CARTESIAN_POINT('Ctrl Pts',(75.4743994752564,46.,1.66717770029231));
#5921=CARTESIAN_POINT('Ctrl Pts',(75.3943710083108,45.8707995058714,1.17596642947712));
#5922=CARTESIAN_POINT('Ctrl Pts',(75.0193968621968,45.253304302026,0.29212438880512));
#5923=CARTESIAN_POINT('Ctrl Pts',(74.5919420575336,44.5556558434921,3.4676003431327E-15));
#5924=CARTESIAN_POINT('Ctrl Pts',(74.25,44.,5.55111512312578E-16));
#5925=CARTESIAN_POINT('Ctrl Pts',(75.25,46.,2.));
#5926=CARTESIAN_POINT('Ctrl Pts',(75.25,46.,1.70080069965812));
#5927=CARTESIAN_POINT('Ctrl Pts',(75.1980798893617,45.8961597787234,1.2543231570082));
#5928=CARTESIAN_POINT('Ctrl Pts',(74.9188236277546,45.3376472555092,0.357689310651336));
#5929=CARTESIAN_POINT('Ctrl Pts',(74.5491993003419,44.5983986006838,3.08796839777122E-15));
#5930=CARTESIAN_POINT('Ctrl Pts',(74.25,44.,5.55111512312578E-16));
#5931=CARTESIAN_POINT('',(75.25,46.,2.));
#5932=CARTESIAN_POINT('Origin',(74.25,44.,2.));
#5933=CARTESIAN_POINT('',(76.25,45.,2.));
#5934=CARTESIAN_POINT('Origin',(74.25,44.,2.));
#5935=CARTESIAN_POINT('Origin',(75.25,45.,2.));
#5936=CARTESIAN_POINT('Ctrl Pts',(75.25,-20.,2.));
#5937=CARTESIAN_POINT('Ctrl Pts',(75.25,-20.,1.70080069965812));
#5938=CARTESIAN_POINT('Ctrl Pts',(75.1815709382782,-19.8631418765565,1.10347056970015));
#5939=CARTESIAN_POINT('Ctrl Pts',(74.8470319820065,-19.194063964013,0.262265180813227));
#5940=CARTESIAN_POINT('Ctrl Pts',(74.4743994752564,-18.4487989505128,2.9273182036858E-15));
#5941=CARTESIAN_POINT('Ctrl Pts',(74.25,-18.,0.));
#5942=CARTESIAN_POINT('Ctrl Pts',(75.5491993003419,-20.,2.));
#5943=CARTESIAN_POINT('Ctrl Pts',(75.5491993003419,-20.,1.65536855615814));
#5944=CARTESIAN_POINT('Ctrl Pts',(75.4278216468572,-19.8125587349815,0.9797036769592));
#5945=CARTESIAN_POINT('Ctrl Pts',(74.9600041123796,-19.0812092127061,0.202426887786298));
#5946=CARTESIAN_POINT('Ctrl Pts',(74.5171422324481,-18.4060561933211,2.50023226515414E-15));
#5947=CARTESIAN_POINT('Ctrl Pts',(74.25,-18.,-4.22604056368398E-30));
#5948=CARTESIAN_POINT('Ctrl Pts',(76.0670459450811,-19.7487424845071,2.));
#5949=CARTESIAN_POINT('Ctrl Pts',(76.0670459450811,-19.7487424845071,1.61633655703795));
#5950=CARTESIAN_POINT('Ctrl Pts',(75.8572757178243,-19.5482838058425,0.875775996799053));
#5951=CARTESIAN_POINT('Ctrl Pts',(75.1604592622496,-18.8816170011861,0.158472801231401));
#5952=CARTESIAN_POINT('Ctrl Pts',(74.5919420575336,-18.3312563682357,2.03755583174482E-15));
#5953=CARTESIAN_POINT('Ctrl Pts',(74.25,-18.,-1.79486908968825E-30));
#5954=CARTESIAN_POINT('Ctrl Pts',(76.25,-19.2243994752564,2.));
#5955=CARTESIAN_POINT('Ctrl Pts',(76.25,-19.2243994752564,1.66717770029231));
#5956=CARTESIAN_POINT('Ctrl Pts',(76.0754476707335,-19.1164852962953,1.01146432938229));
#5957=CARTESIAN_POINT('Ctrl Pts',(75.3603085374994,-18.6825596725937,0.217184678619577));
#5958=CARTESIAN_POINT('Ctrl Pts',(74.666741882619,-18.2564565431502,2.07314632662247E-15));
#5959=CARTESIAN_POINT('Ctrl Pts',(74.25,-18.,0.));
#5960=CARTESIAN_POINT('Ctrl Pts',(76.25,-19.,2.));
#5961=CARTESIAN_POINT('Ctrl Pts',(76.25,-19.,1.70080069965812));
#5962=CARTESIAN_POINT('Ctrl Pts',(76.1131418765565,-18.9315709382782,1.10347056970015));
#5963=CARTESIAN_POINT('Ctrl Pts',(75.444063964013,-18.5970319820065,0.262265180813223));
#5964=CARTESIAN_POINT('Ctrl Pts',(74.6987989505128,-18.2243994752564,2.17991781125539E-15));
#5965=CARTESIAN_POINT('Ctrl Pts',(74.25,-18.,0.));
#5966=CARTESIAN_POINT('',(76.25,-19.,2.));
#5967=CARTESIAN_POINT('Origin',(74.25,-18.,2.));
#5968=CARTESIAN_POINT('',(75.25,-20.,2.));
#5969=CARTESIAN_POINT('Origin',(74.25,-18.,2.));
#5970=CARTESIAN_POINT('Origin',(75.25,-19.,2.));
#5971=CARTESIAN_POINT('Ctrl Pts',(-69.,-93.,0.));
#5972=CARTESIAN_POINT('Ctrl Pts',(-69.,-94.,0.));
#5973=CARTESIAN_POINT('Ctrl Pts',(-68.,-94.,0.));
#5974=CARTESIAN_POINT('Ctrl Pts',(-71.,-93.,-5.30703613131122E-15));
#5975=CARTESIAN_POINT('Ctrl Pts',(-71.,-96.,-5.30703613131122E-15));
#5976=CARTESIAN_POINT('Ctrl Pts',(-68.,-96.,-5.27355936696949E-15));
#5977=CARTESIAN_POINT('Ctrl Pts',(-71.,-93.,2.));
#5978=CARTESIAN_POINT('Ctrl Pts',(-71.,-96.,2.));
#5979=CARTESIAN_POINT('Ctrl Pts',(-68.,-96.,2.));
#5980=CARTESIAN_POINT('',(-71.,-93.,2.));
#5981=CARTESIAN_POINT('Origin',(-69.,-93.,2.));
#5982=CARTESIAN_POINT('Origin',(-68.,-93.,2.));
#5983=CARTESIAN_POINT('Ctrl Pts',(68.,-94.,0.));
#5984=CARTESIAN_POINT('Ctrl Pts',(69.,-94.,0.));
#5985=CARTESIAN_POINT('Ctrl Pts',(69.,-93.,0.));
#5986=CARTESIAN_POINT('Ctrl Pts',(68.,-96.,-5.27355936696949E-15));
#5987=CARTESIAN_POINT('Ctrl Pts',(71.,-96.,-5.24008260262777E-15));
#5988=CARTESIAN_POINT('Ctrl Pts',(71.,-93.,-5.24008260262777E-15));
#5989=CARTESIAN_POINT('Ctrl Pts',(68.,-96.,2.));
#5990=CARTESIAN_POINT('Ctrl Pts',(71.,-96.,2.));
#5991=CARTESIAN_POINT('Ctrl Pts',(71.,-93.,2.));
#5992=CARTESIAN_POINT('',(71.,-93.,2.));
#5993=CARTESIAN_POINT('Origin',(69.,-93.,2.));
#5994=CARTESIAN_POINT('Origin',(68.,-93.,2.));
#5995=CARTESIAN_POINT('Origin',(69.,10.5,2.));
#5996=CARTESIAN_POINT('',(71.,-23.,2.));
#5997=CARTESIAN_POINT('Origin',(69.,-23.,2.));
#5998=CARTESIAN_POINT('',(71.,10.5,2.));
#5999=CARTESIAN_POINT('Origin',(74.,-23.,2.));
#6000=CARTESIAN_POINT('',(74.,-20.,2.));
#6001=CARTESIAN_POINT('Origin',(74.,-18.,2.));
#6002=CARTESIAN_POINT('Origin',(74.,-23.,2.));
#6003=CARTESIAN_POINT('Origin',(35.5,-18.,2.));
#6004=CARTESIAN_POINT('',(35.5,-20.,2.));
#6005=CARTESIAN_POINT('Origin',(-38.,-18.,2.));
#6006=CARTESIAN_POINT('',(-74.,-20.,2.));
#6007=CARTESIAN_POINT('',(-38.,-20.,2.));
#6008=CARTESIAN_POINT('Origin',(-74.,-18.,2.));
#6009=CARTESIAN_POINT('Origin',(-74.,-23.,2.));
#6010=CARTESIAN_POINT('',(-71.,-23.,2.));
#6011=CARTESIAN_POINT('Origin',(-69.,-23.,2.));
#6012=CARTESIAN_POINT('Origin',(-74.,-23.,2.));
#6013=CARTESIAN_POINT('Origin',(-69.,-60.5,2.));
#6014=CARTESIAN_POINT('',(-71.,-60.5,2.));
#6015=CARTESIAN_POINT('Origin',(74.25,-22.5,2.));
#6016=CARTESIAN_POINT('',(76.25,-22.5,2.));
#6017=CARTESIAN_POINT('Origin',(-35.5,44.,2.));
#6018=CARTESIAN_POINT('',(-35.5,46.,2.));
#6019=CARTESIAN_POINT('Origin',(-74.25,7.5,2.));
#6020=CARTESIAN_POINT('',(-76.25,7.5,2.));
#6021=CARTESIAN_POINT('Origin',(76.25,-20.,0.));
#6022=CARTESIAN_POINT('',(76.25,-19.,12.5));
#6023=CARTESIAN_POINT('',(76.25,-19.,0.));
#6024=CARTESIAN_POINT('',(76.25,45.,12.5));
#6025=CARTESIAN_POINT('',(76.25,-22.5,12.5));
#6026=CARTESIAN_POINT('',(76.25,45.,0.));
#6027=CARTESIAN_POINT('Origin',(75.25,-19.,0.));
#6028=CARTESIAN_POINT('',(75.25,-20.,12.5));
#6029=CARTESIAN_POINT('',(75.25,-20.,0.));
#6030=CARTESIAN_POINT('',(75.9571067811866,-19.7071067811865,12.2071067811865));
#6031=CARTESIAN_POINT('Origin',(75.25,-19.,11.5));
#6032=CARTESIAN_POINT('Origin',(75.25,-19.,11.5));
#6033=CARTESIAN_POINT('Origin',(71.,-20.,0.));
#6034=CARTESIAN_POINT('',(74.,-20.,5.5));
#6035=CARTESIAN_POINT('',(74.,-20.,0.));
#6036=CARTESIAN_POINT('',(75.,-20.,5.5));
#6037=CARTESIAN_POINT('',(35.5,-20.,5.5));
#6038=CARTESIAN_POINT('',(75.,-20.,12.5));
#6039=CARTESIAN_POINT('',(75.,-20.,0.));
#6040=CARTESIAN_POINT('',(35.5,-20.,12.5));
#6041=CARTESIAN_POINT('Origin',(74.,-23.,0.));
#6042=CARTESIAN_POINT('',(71.,-23.,5.5));
#6043=CARTESIAN_POINT('',(71.,-23.,0.));
#6044=CARTESIAN_POINT('Origin',(74.,-23.,5.5));
#6045=CARTESIAN_POINT('Origin',(71.,46.,0.));
#6046=CARTESIAN_POINT('',(71.,-93.,5.5));
#6047=CARTESIAN_POINT('',(71.,-93.,0.));
#6048=CARTESIAN_POINT('',(71.,10.5,5.5));
#6049=CARTESIAN_POINT('Origin',(68.,-93.,0.));
#6050=CARTESIAN_POINT('',(68.,-96.,5.5));
#6051=CARTESIAN_POINT('',(68.,-96.,0.));
#6052=CARTESIAN_POINT('Origin',(68.,-93.,5.5));
#6053=CARTESIAN_POINT('Origin',(71.,-96.,0.));
#6054=CARTESIAN_POINT('',(-68.,-96.,5.5));
#6055=CARTESIAN_POINT('',(-68.,-96.,0.));
#6056=CARTESIAN_POINT('',(35.5,-96.,5.5));
#6057=CARTESIAN_POINT('Origin',(-68.,-93.,0.));
#6058=CARTESIAN_POINT('',(-71.,-93.,5.5));
#6059=CARTESIAN_POINT('',(-71.,-93.,0.));
#6060=CARTESIAN_POINT('Origin',(-68.,-93.,5.5));
#6061=CARTESIAN_POINT('Origin',(35.5,-20.25,5.75));
#6062=CARTESIAN_POINT('',(75.,-20.5,6.));
#6063=CARTESIAN_POINT('',(75.,-1.25000000000008,-13.25));
#6064=CARTESIAN_POINT('',(74.,-20.5,6.));
#6065=CARTESIAN_POINT('',(74.,-20.,5.5));
#6066=CARTESIAN_POINT('',(35.5,-20.5,6.));
#6067=CARTESIAN_POINT('Origin',(74.,-23.,5.75));
#6068=CARTESIAN_POINT('',(71.5,-23.,6.));
#6069=CARTESIAN_POINT('',(71.,-23.,5.5));
#6070=CARTESIAN_POINT('Origin',(74.,-23.,6.));
#6071=CARTESIAN_POINT('Origin',(71.25,10.5,5.75));
#6072=CARTESIAN_POINT('',(71.5,-93.,6.));
#6073=CARTESIAN_POINT('',(71.,-93.,5.5));
#6074=CARTESIAN_POINT('',(71.5,10.5,6.));
#6075=CARTESIAN_POINT('Origin',(68.,-93.,5.75));
#6076=CARTESIAN_POINT('',(68.,-96.5,6.));
#6077=CARTESIAN_POINT('',(68.,-96.,5.5));
#6078=CARTESIAN_POINT('Origin',(68.,-93.,6.));
#6079=CARTESIAN_POINT('Origin',(35.5,-96.25,5.75));
#6080=CARTESIAN_POINT('',(-68.,-96.5,6.));
#6081=CARTESIAN_POINT('',(-68.,-96.,5.5));
#6082=CARTESIAN_POINT('',(35.5,-96.5,6.));
#6083=CARTESIAN_POINT('Origin',(-68.,-93.,5.75));
#6084=CARTESIAN_POINT('',(-71.5,-93.,6.));
#6085=CARTESIAN_POINT('',(-71.,-93.,5.5));
#6086=CARTESIAN_POINT('Origin',(-68.,-93.,6.));
#6087=CARTESIAN_POINT('Origin',(-71.25,-60.5,5.75));
#6088=CARTESIAN_POINT('',(-71.,-23.,5.5));
#6089=CARTESIAN_POINT('',(-71.5,-23.,6.));
#6090=CARTESIAN_POINT('',(-71.,-23.,5.5));
#6091=CARTESIAN_POINT('',(-71.5,-60.5,6.));
#6092=CARTESIAN_POINT('',(-71.,-60.5,5.5));
#6093=CARTESIAN_POINT('Origin',(-74.,-23.,5.75));
#6094=CARTESIAN_POINT('',(-74.,-20.,5.5));
#6095=CARTESIAN_POINT('Origin',(-74.,-23.,5.5));
#6096=CARTESIAN_POINT('',(-74.,-20.5,6.));
#6097=CARTESIAN_POINT('',(-74.,-20.,5.5));
#6098=CARTESIAN_POINT('Origin',(-74.,-23.,6.));
#6099=CARTESIAN_POINT('Origin',(-38.,-20.25,5.75));
#6100=CARTESIAN_POINT('',(-75.,-20.,5.5));
#6101=CARTESIAN_POINT('',(-75.,-20.5,6.));
#6102=CARTESIAN_POINT('',(-75.,-38.7499999999997,24.25));
#6103=CARTESIAN_POINT('',(-38.,-20.5,6.));
#6104=CARTESIAN_POINT('',(-38.,-20.,5.5));
#6105=CARTESIAN_POINT('Origin',(-76.,-20.,0.));
#6106=CARTESIAN_POINT('',(-75.25,-20.,12.5));
#6107=CARTESIAN_POINT('',(-75.25,-20.,0.));
#6108=CARTESIAN_POINT('',(-75.,-20.,12.5));
#6109=CARTESIAN_POINT('',(-38.,-20.,12.5));
#6110=CARTESIAN_POINT('',(-75.,-20.,0.));
#6111=CARTESIAN_POINT('',(-74.,-20.,0.));
#6112=CARTESIAN_POINT('Origin',(-74.,-23.,0.));
#6113=CARTESIAN_POINT('',(-71.,-23.,0.));
#6114=CARTESIAN_POINT('Origin',(-71.,-96.,0.));
#6115=CARTESIAN_POINT('Origin',(68.000001013279,-78.0000011622906,-27.));
#6116=CARTESIAN_POINT('',(65.,-78.0000011622906,-5.));
#6117=CARTESIAN_POINT('',(65.,-78.0000011622906,-12.));
#6118=CARTESIAN_POINT('Origin',(66.,-78.0000011622906,-5.));
#6119=CARTESIAN_POINT('',(68.000001013279,-78.0000011622906,-27.));
#6120=CARTESIAN_POINT('Origin',(63.,-76.0000011622906,-19.5));
#6121=CARTESIAN_POINT('',(65.,-76.0000011622906,-1.));
#6122=CARTESIAN_POINT('Origin',(63.,-76.0000011622906,-1.));
#6123=CARTESIAN_POINT('',(65.,-76.0000011622906,-19.5));
#6124=CARTESIAN_POINT('Origin',(66.,-51.5000005811453,-5.));
#6125=CARTESIAN_POINT('',(65.,-51.5000005811453,-5.));
#6126=CARTESIAN_POINT('Origin',(63.,-70.9500010281801,-19.5));
#6127=CARTESIAN_POINT('',(65.,-70.9500010281801,-1.));
#6128=CARTESIAN_POINT('',(65.,-70.9500010281801,-19.5));
#6129=CARTESIAN_POINT('Origin',(63.,-70.9500010281801,-1.));
#6130=CARTESIAN_POINT('Origin',(65.,-78.0000011622906,-12.));
#6131=CARTESIAN_POINT('',(65.,-51.5000005811453,-1.));
#6132=CARTESIAN_POINT('Origin',(63.,-70.9500010281801,-1.));
#6133=CARTESIAN_POINT('Origin',(66.,-70.9500010281801,-1.));
#6134=CARTESIAN_POINT('Origin',(66.,-51.5000005811453,-1.));
#6135=CARTESIAN_POINT('Origin',(66.,-76.0000011622906,-1.));
#6136=CARTESIAN_POINT('Origin',(63.,-76.0000011622906,-1.));
#6137=CARTESIAN_POINT('Origin',(60.,29.,0.));
#6138=CARTESIAN_POINT('',(60.,29.,-3.));
#6139=CARTESIAN_POINT('',(60.,29.,0.));
#6140=CARTESIAN_POINT('',(60.,28.5000002756715,-3.));
#6141=CARTESIAN_POINT('Origin',(0.,-25.,6.));
#6142=CARTESIAN_POINT('',(-75.,-100.,6.));
#6143=CARTESIAN_POINT('',(-75.,-62.5,6.));
#6144=CARTESIAN_POINT('',(75.,-100.,6.));
#6145=CARTESIAN_POINT('',(37.5,-100.,6.));
#6146=CARTESIAN_POINT('',(75.,12.5,6.));
#6147=CARTESIAN_POINT('Origin',(75.25,45.,0.));
#6148=CARTESIAN_POINT('',(75.9571067811866,45.7071067811865,12.2071067811865));
#6149=CARTESIAN_POINT('Origin',(75.25,45.,11.5));
#6150=CARTESIAN_POINT('',(75.25,46.,12.5));
#6151=CARTESIAN_POINT('Origin',(75.25,45.,11.5));
#6152=CARTESIAN_POINT('',(75.25,46.,0.));
#6153=CARTESIAN_POINT('Origin',(-71.,46.,0.));
#6154=CARTESIAN_POINT('',(75.,46.,12.5));
#6155=CARTESIAN_POINT('',(-35.5,46.,12.5));
#6156=CARTESIAN_POINT('',(75.,46.,6.));
#6157=CARTESIAN_POINT('',(75.,46.,0.));
#6158=CARTESIAN_POINT('',(-75.,46.,6.));
#6159=CARTESIAN_POINT('',(-35.5,46.,6.));
#6160=CARTESIAN_POINT('',(-75.,46.,12.5));
#6161=CARTESIAN_POINT('',(-75.,46.,0.));
#6162=CARTESIAN_POINT('',(-75.25,46.,12.5));
#6163=CARTESIAN_POINT('',(-35.5,46.,12.5));
#6164=CARTESIAN_POINT('',(-75.25,46.,0.));
#6165=CARTESIAN_POINT('Origin',(-75.25,45.,0.));
#6166=CARTESIAN_POINT('',(-75.9571067811866,45.7071067811865,12.2071067811865));
#6167=CARTESIAN_POINT('Origin',(-75.25,45.,11.5));
#6168=CARTESIAN_POINT('',(-76.25,45.,12.5));
#6169=CARTESIAN_POINT('Origin',(-75.25,45.,11.5));
#6170=CARTESIAN_POINT('',(-76.25,45.,0.));
#6171=CARTESIAN_POINT('Origin',(-75.25,-19.,0.));
#6172=CARTESIAN_POINT('',(-76.25,-19.,12.5));
#6173=CARTESIAN_POINT('',(-76.25,-19.,0.));
#6174=CARTESIAN_POINT('',(-75.9571067811866,-19.7071067811866,12.2071067811865));
#6175=CARTESIAN_POINT('Origin',(-75.25,-19.,11.5));
#6176=CARTESIAN_POINT('Origin',(-75.25,-19.,11.5));
#6177=CARTESIAN_POINT('Origin',(-76.,51.,12.75));
#6178=CARTESIAN_POINT('',(-78.,51.,12.5));
#6179=CARTESIAN_POINT('',(-77.5,51.,13.));
#6180=CARTESIAN_POINT('',(-78.,51.,12.5));
#6181=CARTESIAN_POINT('',(-76.,52.5,13.));
#6182=CARTESIAN_POINT('Origin',(-76.,51.,13.));
#6183=CARTESIAN_POINT('',(-76.,53.,12.5));
#6184=CARTESIAN_POINT('',(-76.,52.5,13.));
#6185=CARTESIAN_POINT('Origin',(-76.,51.,12.5));
#6186=CARTESIAN_POINT('Origin',(-77.75,13.,12.75));
#6187=CARTESIAN_POINT('',(-78.,-101.,12.5));
#6188=CARTESIAN_POINT('',(-77.5,-101.,13.));
#6189=CARTESIAN_POINT('',(-78.,-101.,12.5));
#6190=CARTESIAN_POINT('',(-77.5,13.,13.));
#6191=CARTESIAN_POINT('',(-78.,13.,12.5));
#6192=CARTESIAN_POINT('Origin',(-76.,-101.,12.75));
#6193=CARTESIAN_POINT('',(-76.,-102.5,13.));
#6194=CARTESIAN_POINT('',(-76.,-103.,12.5));
#6195=CARTESIAN_POINT('Origin',(-76.,-101.,13.));
#6196=CARTESIAN_POINT('Origin',(-76.,-101.,12.5));
#6197=CARTESIAN_POINT('Origin',(-38.,-102.75,12.75));
#6198=CARTESIAN_POINT('',(76.,-102.5,13.));
#6199=CARTESIAN_POINT('',(76.,-103.,12.5));
#6200=CARTESIAN_POINT('',(-38.,-102.5,13.));
#6201=CARTESIAN_POINT('Origin',(76.,-101.,12.75));
#6202=CARTESIAN_POINT('',(77.5,-101.,13.));
#6203=CARTESIAN_POINT('',(78.,-101.,12.5));
#6204=CARTESIAN_POINT('Origin',(76.,-101.,13.));
#6205=CARTESIAN_POINT('Origin',(77.75,-63.,12.75));
#6206=CARTESIAN_POINT('',(77.5,51.,13.));
#6207=CARTESIAN_POINT('',(78.,51.,12.5));
#6208=CARTESIAN_POINT('',(77.5,-63.,13.));
#6209=CARTESIAN_POINT('Origin',(76.,51.,12.75));
#6210=CARTESIAN_POINT('',(76.,52.5,13.));
#6211=CARTESIAN_POINT('',(76.,53.,12.5));
#6212=CARTESIAN_POINT('Origin',(76.,51.,13.));
#6213=CARTESIAN_POINT('Origin',(38.,52.75,12.75));
#6214=CARTESIAN_POINT('',(38.,52.5,13.));
#6215=CARTESIAN_POINT('',(38.,53.,12.5));
#6216=CARTESIAN_POINT('Origin',(-76.,-101.,0.));
#6217=CARTESIAN_POINT('',(-78.,-101.,0.));
#6218=CARTESIAN_POINT('Origin',(-78.,51.,0.));
#6219=CARTESIAN_POINT('',(-78.,51.,0.));
#6220=CARTESIAN_POINT('Origin',(-76.,51.,0.));
#6221=CARTESIAN_POINT('',(-76.,53.,0.));
#6222=CARTESIAN_POINT('Origin',(0.,-25.,13.));
#6223=CARTESIAN_POINT('',(-76.75,-20.5,13.));
#6224=CARTESIAN_POINT('',(-75.5,-20.5,13.));
#6225=CARTESIAN_POINT('',(-38.,-20.5,13.));
#6226=CARTESIAN_POINT('',(-76.75,46.5,13.));
#6227=CARTESIAN_POINT('',(-76.75,7.5,13.));
#6228=CARTESIAN_POINT('',(-75.5,46.5,13.));
#6229=CARTESIAN_POINT('',(-35.5,46.5,13.));
#6230=CARTESIAN_POINT('',(-75.5,50.5,13.));
#6231=CARTESIAN_POINT('',(-75.5,-62.5,13.));
#6232=CARTESIAN_POINT('',(75.5,50.5,13.));
#6233=CARTESIAN_POINT('',(-37.5,50.5,13.));
#6234=CARTESIAN_POINT('',(75.5,46.5,13.));
#6235=CARTESIAN_POINT('',(75.5,12.5,13.));
#6236=CARTESIAN_POINT('',(76.75,46.5,13.));
#6237=CARTESIAN_POINT('',(-35.5,46.5,13.));
#6238=CARTESIAN_POINT('',(76.75,-20.5,13.));
#6239=CARTESIAN_POINT('',(76.75,-22.5,13.));
#6240=CARTESIAN_POINT('',(75.5,-20.5,13.));
#6241=CARTESIAN_POINT('',(35.5,-20.5,13.));
#6242=CARTESIAN_POINT('',(75.5,-100.5,13.));
#6243=CARTESIAN_POINT('',(75.5,12.5,13.));
#6244=CARTESIAN_POINT('',(-75.5,-100.5,13.));
#6245=CARTESIAN_POINT('',(37.5,-100.5,13.));
#6246=CARTESIAN_POINT('',(-75.5,-62.5,13.));
#6247=CARTESIAN_POINT('Origin',(-35.5,46.25,12.75));
#6248=CARTESIAN_POINT('',(75.5,46.5,13.));
#6249=CARTESIAN_POINT('',(46.3750000000001,16.1250000000001,-17.375));
#6250=CARTESIAN_POINT('Origin',(75.25,12.5,12.75));
#6251=CARTESIAN_POINT('',(75.,50.,12.5));
#6252=CARTESIAN_POINT('',(75.5,50.5,13.));
#6253=CARTESIAN_POINT('',(75.,12.5,12.5));
#6254=CARTESIAN_POINT('Origin',(-37.5,50.25,12.75));
#6255=CARTESIAN_POINT('',(-75.,50.,12.5));
#6256=CARTESIAN_POINT('',(-75.5,50.5,13.));
#6257=CARTESIAN_POINT('',(-37.5,50.,12.5));
#6258=CARTESIAN_POINT('Origin',(-75.25,-62.5,12.75));
#6259=CARTESIAN_POINT('',(-75.5,46.5,13.));
#6260=CARTESIAN_POINT('',(-75.,-62.5,12.5));
#6261=CARTESIAN_POINT('Origin',(-35.5,46.25,12.75));
#6262=CARTESIAN_POINT('',(-63.2083333333334,32.9583333333334,-0.541666666666689));
#6263=CARTESIAN_POINT('Origin',(-38.,-20.25,12.75));
#6264=CARTESIAN_POINT('',(-75.5,-20.5,13.));
#6265=CARTESIAN_POINT('',(-76.25,-20.,12.5));
#6266=CARTESIAN_POINT('Origin',(-75.25,-62.5,12.75));
#6267=CARTESIAN_POINT('',(-75.,-100.,12.5));
#6268=CARTESIAN_POINT('',(-75.,-62.5,12.5));
#6269=CARTESIAN_POINT('',(-75.5,-100.5,13.));
#6270=CARTESIAN_POINT('Origin',(-76.5,7.5,12.75));
#6271=CARTESIAN_POINT('',(-76.25,7.5,12.5));
#6272=CARTESIAN_POINT('Origin',(37.5,-100.25,12.75));
#6273=CARTESIAN_POINT('',(75.,-100.,12.5));
#6274=CARTESIAN_POINT('',(37.5,-100.,12.5));
#6275=CARTESIAN_POINT('',(75.5,-100.5,13.));
#6276=CARTESIAN_POINT('Origin',(75.25,12.5,12.75));
#6277=CARTESIAN_POINT('',(75.,12.5,12.5));
#6278=CARTESIAN_POINT('',(75.5,-20.5,13.));
#6279=CARTESIAN_POINT('Origin',(35.5,-20.25,12.75));
#6280=CARTESIAN_POINT('',(70.0416666666667,-13.7916666666667,6.29166666666665));
#6281=CARTESIAN_POINT('Origin',(76.5,-22.5,12.75));
#6282=CARTESIAN_POINT('Origin',(75.,50.,0.));
#6283=CARTESIAN_POINT('',(75.,50.,6.));
#6284=CARTESIAN_POINT('',(75.,50.,0.));
#6285=CARTESIAN_POINT('',(75.,12.5,6.));
#6286=CARTESIAN_POINT('Origin',(-75.,50.,0.));
#6287=CARTESIAN_POINT('',(-75.,50.,6.));
#6288=CARTESIAN_POINT('',(-75.,50.,0.));
#6289=CARTESIAN_POINT('',(-37.5,50.,6.));
#6290=CARTESIAN_POINT('Origin',(-75.,-100.,0.));
#6291=CARTESIAN_POINT('',(-75.,-62.5,6.));
#6292=CARTESIAN_POINT('Origin',(-76.25,40.,0.));
#6293=CARTESIAN_POINT('Origin',(68.0000007897615,28.000000551343,-6.));
#6294=CARTESIAN_POINT('',(68.0000007897615,28.000000551343,-3.));
#6295=CARTESIAN_POINT('',(68.0000007897615,28.000000551343,-27.));
#6296=CARTESIAN_POINT('',(68.0000007897615,28.000000551343,-3.));
#6297=CARTESIAN_POINT('Origin',(62.,29.,0.));
#6298=CARTESIAN_POINT('Origin',(-60.,-79.,0.));
#6299=CARTESIAN_POINT('',(-60.,-79.,-3.));
#6300=CARTESIAN_POINT('',(-60.,-79.,0.));
#6301=CARTESIAN_POINT('',(-60.,-77.9500011622906,-3.));
#6302=CARTESIAN_POINT('',(-60.,-78.5000005811453,-3.));
#6303=CARTESIAN_POINT('',(-60.,-77.9500011622906,-26.));
#6304=CARTESIAN_POINT('',(-60.,29.,-3.));
#6305=CARTESIAN_POINT('',(-60.,-25.4999997243285,-3.));
#6306=CARTESIAN_POINT('',(-60.,29.,0.));
#6307=CARTESIAN_POINT('Origin',(52.9500007897615,43.000000551343,-27.));
#6308=CARTESIAN_POINT('',(52.9500007897615,43.000000551343,-3.));
#6309=CARTESIAN_POINT('',(52.9500007897615,43.000000551343,-27.));
#6310=CARTESIAN_POINT('',(52.9500007897615,35.,-3.));
#6311=CARTESIAN_POINT('',(52.9500007897615,28.000000551343,-3.));
#6312=CARTESIAN_POINT('',(52.9500007897615,35.,-26.));
#6313=CARTESIAN_POINT('Origin',(-54.,35.,0.));
#6314=CARTESIAN_POINT('',(-54.,35.,-3.));
#6315=CARTESIAN_POINT('',(-54.,35.,0.));
#6316=CARTESIAN_POINT('',(-53.5000003948808,35.,-3.));
#6317=CARTESIAN_POINT('',(54.,35.,-3.));
#6318=CARTESIAN_POINT('',(-0.49999960511923,35.,-3.));
#6319=CARTESIAN_POINT('',(54.,35.,0.));
#6320=CARTESIAN_POINT('Origin',(-52.950000923872,-93.0000011622906,-27.));
#6321=CARTESIAN_POINT('',(-52.950000923872,-93.0000011622906,-3.));
#6322=CARTESIAN_POINT('',(-52.950000923872,-93.0000011622906,-27.));
#6323=CARTESIAN_POINT('',(-52.950000923872,-78.0000011622906,-3.));
#6324=CARTESIAN_POINT('Origin',(-62.,-77.9500011622906,-27.));
#6325=CARTESIAN_POINT('',(-68.000000923872,-77.9500011622906,-3.));
#6326=CARTESIAN_POINT('',(-53.000000923872,-77.9500011622906,-3.));
#6327=CARTESIAN_POINT('',(-68.000000923872,-77.9500011622906,-27.));
#6328=CARTESIAN_POINT('',(-58.,-77.9500011622906,-13.5));
#6329=CARTESIAN_POINT('Origin',(-58.,29.,0.));
#6330=CARTESIAN_POINT('Origin',(-53.0000007897615,43.000000551343,-27.));
#6331=CARTESIAN_POINT('',(-68.0000007897615,43.000000551343,-3.));
#6332=CARTESIAN_POINT('',(-53.0000007897615,43.000000551343,-3.));
#6333=CARTESIAN_POINT('',(-68.0000007897615,43.000000551343,-27.));
#6334=CARTESIAN_POINT('Origin',(-68.0000007897615,43.000000551343,-27.));
#6335=CARTESIAN_POINT('',(-68.0000007897615,28.000000551343,-3.));
#6336=CARTESIAN_POINT('Origin',(-60.5000007897615,35.500000551343,-3.));
#6337=CARTESIAN_POINT('Origin',(-54.,29.,-3.));
#6338=CARTESIAN_POINT('Origin',(68.0000007897615,28.000000551343,-27.));
#6339=CARTESIAN_POINT('',(68.000001013279,43.000000551343,-3.));
#6340=CARTESIAN_POINT('',(68.000001013279,43.000000551343,-3.));
#6341=CARTESIAN_POINT('',(68.000001013279,43.000000551343,-27.));
#6342=CARTESIAN_POINT('Origin',(68.000001013279,43.000000551343,-27.));
#6343=CARTESIAN_POINT('',(53.0000007897615,43.000000551343,-3.));
#6344=CARTESIAN_POINT('Origin',(60.5000009015203,35.500000551343,-3.));
#6345=CARTESIAN_POINT('Origin',(54.,29.,-3.));
#6346=CARTESIAN_POINT('Origin',(53.,-93.0000011622906,-27.));
#6347=CARTESIAN_POINT('',(68.,-93.0000011622906,-27.));
#6348=CARTESIAN_POINT('Origin',(68.,-93.0000011622906,-27.));
#6349=CARTESIAN_POINT('Origin',(-54.,-79.,0.));
#6350=CARTESIAN_POINT('Origin',(-54.,-79.,-3.));
#6351=CARTESIAN_POINT('Origin',(-68.000000923872,-78.0000011622906,-27.));
#6352=CARTESIAN_POINT('',(-68.000000923872,-93.0000011622906,-3.));
#6353=CARTESIAN_POINT('',(-68.000000923872,-78.0000011622906,-3.));
#6354=CARTESIAN_POINT('',(-68.000000923872,-93.0000011622906,-27.));
#6355=CARTESIAN_POINT('Origin',(-68.000000923872,-93.0000011622906,-27.));
#6356=CARTESIAN_POINT('',(-53.000000923872,-93.0000011622906,-3.));
#6357=CARTESIAN_POINT('Origin',(-60.500000923872,-85.5000011622906,-3.));
#6358=CARTESIAN_POINT('Origin',(76.,53.,0.));
#6359=CARTESIAN_POINT('Origin',(0.,-25.,6.));
#6360=CARTESIAN_POINT('Origin',(75.,50.,0.));
#6361=CARTESIAN_POINT('',(75.,-100.,0.));
#6362=CARTESIAN_POINT('Origin',(75.,-100.,0.));
#6363=CARTESIAN_POINT('',(-75.,-100.,0.));
#6364=CARTESIAN_POINT('Origin',(-75.,-100.,0.));
#6365=CARTESIAN_POINT('Origin',(-54.,29.,0.));
#6366=CARTESIAN_POINT('Origin',(54.,29.,0.));
#6367=UNCERTAINTY_MEASURE_WITH_UNIT(LENGTH_MEASURE(0.01),#6371,
'DISTANCE_ACCURACY_VALUE',
'Maximum model space distance between geometric entities at asserted c
onnectivities');
#6368=UNCERTAINTY_MEASURE_WITH_UNIT(LENGTH_MEASURE(0.01),#6371,
'DISTANCE_ACCURACY_VALUE',
'Maximum model space distance between geometric entities at asserted c
onnectivities');
#6369=(
GEOMETRIC_REPRESENTATION_CONTEXT(3)
GLOBAL_UNCERTAINTY_ASSIGNED_CONTEXT((#6367))
GLOBAL_UNIT_ASSIGNED_CONTEXT((#6371,#6373,#6374))
REPRESENTATION_CONTEXT('','3D')
);
#6370=(
GEOMETRIC_REPRESENTATION_CONTEXT(3)
GLOBAL_UNCERTAINTY_ASSIGNED_CONTEXT((#6368))
GLOBAL_UNIT_ASSIGNED_CONTEXT((#6371,#6373,#6374))
REPRESENTATION_CONTEXT('','3D')
);
#6371=(
LENGTH_UNIT()
NAMED_UNIT(*)
SI_UNIT(.MILLI.,.METRE.)
);
#6372=(
LENGTH_UNIT()
NAMED_UNIT(*)
SI_UNIT($,.METRE.)
);
#6373=(
NAMED_UNIT(*)
PLANE_ANGLE_UNIT()
SI_UNIT($,.RADIAN.)
);
#6374=(
NAMED_UNIT(*)
SI_UNIT($,.STERADIAN.)
SOLID_ANGLE_UNIT()
);
#6375=SHAPE_DEFINITION_REPRESENTATION(#6376,#6377);
#6376=PRODUCT_DEFINITION_SHAPE('',$,#6379);
#6377=SHAPE_REPRESENTATION('',(#3362),#6369);
#6378=PRODUCT_DEFINITION_CONTEXT('part definition',#6383,'design');
#6379=PRODUCT_DEFINITION('2026-08-22-09-00-31-920','GX10 Shroud',#6380,
#6378);
#6380=PRODUCT_DEFINITION_FORMATION('',$,#6385);
#6381=PRODUCT_RELATED_PRODUCT_CATEGORY('GX10 Shroud','GX10 Shroud',(#6385));
#6382=APPLICATION_PROTOCOL_DEFINITION('international standard',
'automotive_design',2009,#6383);
#6383=APPLICATION_CONTEXT(
'Core Data for Automotive Mechanical Design Process');
#6384=PRODUCT_CONTEXT('part definition',#6383,'mechanical');
#6385=PRODUCT('2026-08-22-09-00-31-920','GX10 Shroud',$,(#6384));
#6386=PRESENTATION_STYLE_ASSIGNMENT((#6387));
#6387=SURFACE_STYLE_USAGE(.BOTH.,#6388);
#6388=SURFACE_SIDE_STYLE('',(#6389));
#6389=SURFACE_STYLE_FILL_AREA(#6390);
#6390=FILL_AREA_STYLE('Steel - Satin',(#6391));
#6391=FILL_AREA_STYLE_COLOUR('Steel - Satin',#6392);
#6392=COLOUR_RGB('Steel - Satin',0.627450980392157,0.627450980392157,0.627450980392157);
ENDSEC;
END-ISO-10303-21;
