ISO-10303-21;
HEADER;
/* Generated by software containing ST-Developer
 * from STEP Tools, Inc. (www.steptools.com) 
 */

FILE_DESCRIPTION(
/* description */ (''),
/* implementation_level */ '2;1');

FILE_NAME(
/* name */ 'GX10 Shroud.step',
/* time_stamp */ '2026-07-22T08:04:55-07:00',
/* author */ (''),
/* organization */ (''),
/* preprocessor_version */ 'ST-DEVELOPER v20.1',
/* originating_system */ 'Autodesk Translation Framework v15.8.0.0',
/* authorisation */ '');

FILE_SCHEMA (('AUTOMOTIVE_DESIGN { 1 0 10303 214 3 1 1 }'));
ENDSEC;

DATA;
#10=MECHANICAL_DESIGN_GEOMETRIC_PRESENTATION_REPRESENTATION('',(#13),#4289);
#11=SHAPE_REPRESENTATION_RELATIONSHIP('SRR','None',#4296,#12);
#12=ADVANCED_BREP_SHAPE_REPRESENTATION('',(#14),#4288);
#13=STYLED_ITEM('',(#4305),#14);
#14=MANIFOLD_SOLID_BREP('GX10 Shroud',#2502);
#15=CONICAL_SURFACE('',#2575,2.75,0.785398163397444);
#16=CONICAL_SURFACE('',#2578,3.25,0.785398163397446);
#17=CONICAL_SURFACE('',#2581,3.25,0.785398163397446);
#18=CONICAL_SURFACE('',#2584,2.75,0.785398163397444);
#19=CONICAL_SURFACE('',#2635,1.75000000000001,0.785398163397447);
#20=CONICAL_SURFACE('',#2639,1.74999999999999,0.785398163397447);
#21=CONICAL_SURFACE('',#2643,1.74999999999999,0.785398163397447);
#22=CONICAL_SURFACE('',#2647,1.75,0.785398163397447);
#23=FACE_BOUND('',#869,.T.);
#24=FACE_BOUND('',#917,.T.);
#25=FACE_BOUND('',#940,.T.);
#26=PLANE('',#2554);
#27=PLANE('',#2558);
#28=PLANE('',#2561);
#29=PLANE('',#2564);
#30=PLANE('',#2567);
#31=PLANE('',#2574);
#32=PLANE('',#2577);
#33=PLANE('',#2580);
#34=PLANE('',#2583);
#35=PLANE('',#2587);
#36=PLANE('',#2588);
#37=PLANE('',#2590);
#38=PLANE('',#2591);
#39=PLANE('',#2593);
#40=PLANE('',#2608);
#41=PLANE('',#2609);
#42=PLANE('',#2621);
#43=PLANE('',#2622);
#44=PLANE('',#2623);
#45=PLANE('',#2624);
#46=PLANE('',#2628);
#47=PLANE('',#2638);
#48=PLANE('',#2642);
#49=PLANE('',#2646);
#50=PLANE('',#2650);
#51=PLANE('',#2651);
#52=PLANE('',#2654);
#53=PLANE('',#2657);
#54=PLANE('',#2658);
#55=PLANE('',#2659);
#56=PLANE('',#2660);
#57=PLANE('',#2661);
#58=PLANE('',#2662);
#59=PLANE('',#2663);
#60=PLANE('',#2664);
#61=PLANE('',#2665);
#62=PLANE('',#2666);
#63=PLANE('',#2667);
#64=PLANE('',#2668);
#65=PLANE('',#2669);
#66=PLANE('',#2670);
#67=PLANE('',#2671);
#68=PLANE('',#2672);
#69=PLANE('',#2673);
#70=PLANE('',#2674);
#71=PLANE('',#2675);
#72=PLANE('',#2676);
#73=PLANE('',#2677);
#74=PLANE('',#2678);
#75=PLANE('',#2679);
#76=PLANE('',#2682);
#77=PLANE('',#2683);
#78=PLANE('',#2684);
#79=PLANE('',#2685);
#80=PLANE('',#2686);
#81=PLANE('',#2687);
#82=PLANE('',#2688);
#83=PLANE('',#2689);
#84=PLANE('',#2690);
#85=PLANE('',#2691);
#86=PLANE('',#2692);
#87=PLANE('',#2693);
#88=PLANE('',#2694);
#89=PLANE('',#2695);
#90=PLANE('',#2696);
#91=PLANE('',#2697);
#92=PLANE('',#2698);
#93=PLANE('',#2699);
#94=PLANE('',#2700);
#95=PLANE('',#2701);
#96=PLANE('',#2702);
#97=PLANE('',#2703);
#98=PLANE('',#2704);
#99=PLANE('',#2705);
#100=PLANE('',#2707);
#101=PLANE('',#2708);
#102=PLANE('',#2709);
#103=PLANE('',#2711);
#104=PLANE('',#2712);
#105=PLANE('',#2713);
#106=PLANE('',#2716);
#107=PLANE('',#2717);
#108=PLANE('',#2718);
#109=PLANE('',#2719);
#110=PLANE('',#2720);
#111=PLANE('',#2721);
#112=PLANE('',#2722);
#113=PLANE('',#2723);
#114=PLANE('',#2728);
#115=TOROIDAL_SURFACE('',#2539,5.,2.);
#116=TOROIDAL_SURFACE('',#2546,5.,2.);
#117=TOROIDAL_SURFACE('',#2600,3.,1.);
#118=TOROIDAL_SURFACE('',#2614,3.,1.);
#119=TOROIDAL_SURFACE('',#2618,3.,1.);
#120=LINE('',#3602,#396);
#121=LINE('',#3603,#397);
#122=LINE('',#3622,#398);
#123=LINE('',#3623,#399);
#124=LINE('',#3631,#400);
#125=LINE('',#3632,#401);
#126=LINE('',#3635,#402);
#127=LINE('',#3638,#403);
#128=LINE('',#3646,#404);
#129=LINE('',#3647,#405);
#130=LINE('',#3649,#406);
#131=LINE('',#3650,#407);
#132=LINE('',#3652,#408);
#133=LINE('',#3653,#409);
#134=LINE('',#3655,#410);
#135=LINE('',#3656,#411);
#136=LINE('',#3659,#412);
#137=LINE('',#3661,#413);
#138=LINE('',#3662,#414);
#139=LINE('',#3665,#415);
#140=LINE('',#3671,#416);
#141=LINE('',#3673,#417);
#142=LINE('',#3675,#418);
#143=LINE('',#3676,#419);
#144=LINE('',#3679,#420);
#145=LINE('',#3683,#421);
#146=LINE('',#3684,#422);
#147=LINE('',#3687,#423);
#148=LINE('',#3691,#424);
#149=LINE('',#3692,#425);
#150=LINE('',#3695,#426);
#151=LINE('',#3700,#427);
#152=LINE('',#3704,#428);
#153=LINE('',#3708,#429);
#154=LINE('',#3712,#430);
#155=LINE('',#3716,#431);
#156=LINE('',#3718,#432);
#157=LINE('',#3722,#433);
#158=LINE('',#3726,#434);
#159=LINE('',#3728,#435);
#160=LINE('',#3729,#436);
#161=LINE('',#3732,#437);
#162=LINE('',#3736,#438);
#163=LINE('',#3737,#439);
#164=LINE('',#3740,#440);
#165=LINE('',#3744,#441);
#166=LINE('',#3745,#442);
#167=LINE('',#3748,#443);
#168=LINE('',#3753,#444);
#169=LINE('',#3754,#445);
#170=LINE('',#3755,#446);
#171=LINE('',#3760,#447);
#172=LINE('',#3765,#448);
#173=LINE('',#3766,#449);
#174=LINE('',#3767,#450);
#175=LINE('',#3770,#451);
#176=LINE('',#3772,#452);
#177=LINE('',#3773,#453);
#178=LINE('',#3774,#454);
#179=LINE('',#3776,#455);
#180=LINE('',#3781,#456);
#181=LINE('',#3783,#457);
#182=LINE('',#3784,#458);
#183=LINE('',#3789,#459);
#184=LINE('',#3791,#460);
#185=LINE('',#3795,#461);
#186=LINE('',#3796,#462);
#187=LINE('',#3802,#463);
#188=LINE('',#3805,#464);
#189=LINE('',#3808,#465);
#190=LINE('',#3811,#466);
#191=LINE('',#3822,#467);
#192=LINE('',#3823,#468);
#193=LINE('',#3826,#469);
#194=LINE('',#3829,#470);
#195=LINE('',#3831,#471);
#196=LINE('',#3832,#472);
#197=LINE('',#3835,#473);
#198=LINE('',#3837,#474);
#199=LINE('',#3839,#475);
#200=LINE('',#3841,#476);
#201=LINE('',#3843,#477);
#202=LINE('',#3847,#478);
#203=LINE('',#3856,#479);
#204=LINE('',#3859,#480);
#205=LINE('',#3861,#481);
#206=LINE('',#3863,#482);
#207=LINE('',#3865,#483);
#208=LINE('',#3866,#484);
#209=LINE('',#3869,#485);
#210=LINE('',#3871,#486);
#211=LINE('',#3873,#487);
#212=LINE('',#3874,#488);
#213=LINE('',#3878,#489);
#214=LINE('',#3880,#490);
#215=LINE('',#3881,#491);
#216=LINE('',#3887,#492);
#217=LINE('',#3890,#493);
#218=LINE('',#3892,#494);
#219=LINE('',#3894,#495);
#220=LINE('',#3896,#496);
#221=LINE('',#3898,#497);
#222=LINE('',#3899,#498);
#223=LINE('',#3905,#499);
#224=LINE('',#3908,#500);
#225=LINE('',#3915,#501);
#226=LINE('',#3919,#502);
#227=LINE('',#3924,#503);
#228=LINE('',#3925,#504);
#229=LINE('',#3926,#505);
#230=LINE('',#3930,#506);
#231=LINE('',#3936,#507);
#232=LINE('',#3937,#508);
#233=LINE('',#3938,#509);
#234=LINE('',#3942,#510);
#235=LINE('',#3948,#511);
#236=LINE('',#3949,#512);
#237=LINE('',#3950,#513);
#238=LINE('',#3954,#514);
#239=LINE('',#3958,#515);
#240=LINE('',#3959,#516);
#241=LINE('',#3962,#517);
#242=LINE('',#3964,#518);
#243=LINE('',#3965,#519);
#244=LINE('',#3968,#520);
#245=LINE('',#3972,#521);
#246=LINE('',#3973,#522);
#247=LINE('',#3976,#523);
#248=LINE('',#3981,#524);
#249=LINE('',#3983,#525);
#250=LINE('',#3985,#526);
#251=LINE('',#3987,#527);
#252=LINE('',#3989,#528);
#253=LINE('',#3991,#529);
#254=LINE('',#3993,#530);
#255=LINE('',#3995,#531);
#256=LINE('',#3997,#532);
#257=LINE('',#3999,#533);
#258=LINE('',#4001,#534);
#259=LINE('',#4002,#535);
#260=LINE('',#4004,#536);
#261=LINE('',#4005,#537);
#262=LINE('',#4008,#538);
#263=LINE('',#4009,#539);
#264=LINE('',#4012,#540);
#265=LINE('',#4013,#541);
#266=LINE('',#4015,#542);
#267=LINE('',#4016,#543);
#268=LINE('',#4018,#544);
#269=LINE('',#4020,#545);
#270=LINE('',#4021,#546);
#271=LINE('',#4024,#547);
#272=LINE('',#4025,#548);
#273=LINE('',#4027,#549);
#274=LINE('',#4030,#550);
#275=LINE('',#4031,#551);
#276=LINE('',#4033,#552);
#277=LINE('',#4034,#553);
#278=LINE('',#4036,#554);
#279=LINE('',#4040,#555);
#280=LINE('',#4041,#556);
#281=LINE('',#4044,#557);
#282=LINE('',#4045,#558);
#283=LINE('',#4047,#559);
#284=LINE('',#4052,#560);
#285=LINE('',#4054,#561);
#286=LINE('',#4056,#562);
#287=LINE('',#4058,#563);
#288=LINE('',#4060,#564);
#289=LINE('',#4062,#565);
#290=LINE('',#4064,#566);
#291=LINE('',#4065,#567);
#292=LINE('',#4068,#568);
#293=LINE('',#4070,#569);
#294=LINE('',#4071,#570);
#295=LINE('',#4074,#571);
#296=LINE('',#4075,#572);
#297=LINE('',#4078,#573);
#298=LINE('',#4079,#574);
#299=LINE('',#4082,#575);
#300=LINE('',#4083,#576);
#301=LINE('',#4086,#577);
#302=LINE('',#4090,#578);
#303=LINE('',#4093,#579);
#304=LINE('',#4095,#580);
#305=LINE('',#4097,#581);
#306=LINE('',#4099,#582);
#307=LINE('',#4101,#583);
#308=LINE('',#4102,#584);
#309=LINE('',#4104,#585);
#310=LINE('',#4106,#586);
#311=LINE('',#4108,#587);
#312=LINE('',#4110,#588);
#313=LINE('',#4112,#589);
#314=LINE('',#4114,#590);
#315=LINE('',#4116,#591);
#316=LINE('',#4118,#592);
#317=LINE('',#4120,#593);
#318=LINE('',#4122,#594);
#319=LINE('',#4124,#595);
#320=LINE('',#4125,#596);
#321=LINE('',#4128,#597);
#322=LINE('',#4130,#598);
#323=LINE('',#4131,#599);
#324=LINE('',#4134,#600);
#325=LINE('',#4136,#601);
#326=LINE('',#4138,#602);
#327=LINE('',#4139,#603);
#328=LINE('',#4140,#604);
#329=LINE('',#4143,#605);
#330=LINE('',#4145,#606);
#331=LINE('',#4147,#607);
#332=LINE('',#4149,#608);
#333=LINE('',#4151,#609);
#334=LINE('',#4153,#610);
#335=LINE('',#4154,#611);
#336=LINE('',#4156,#612);
#337=LINE('',#4158,#613);
#338=LINE('',#4160,#614);
#339=LINE('',#4164,#615);
#340=LINE('',#4165,#616);
#341=LINE('',#4167,#617);
#342=LINE('',#4169,#618);
#343=LINE('',#4171,#619);
#344=LINE('',#4172,#620);
#345=LINE('',#4175,#621);
#346=LINE('',#4177,#622);
#347=LINE('',#4179,#623);
#348=LINE('',#4181,#624);
#349=LINE('',#4182,#625);
#350=LINE('',#4183,#626);
#351=LINE('',#4186,#627);
#352=LINE('',#4188,#628);
#353=LINE('',#4189,#629);
#354=LINE('',#4192,#630);
#355=LINE('',#4194,#631);
#356=LINE('',#4195,#632);
#357=LINE('',#4198,#633);
#358=LINE('',#4199,#634);
#359=LINE('',#4202,#635);
#360=LINE('',#4203,#636);
#361=LINE('',#4205,#637);
#362=LINE('',#4208,#638);
#363=LINE('',#4209,#639);
#364=LINE('',#4211,#640);
#365=LINE('',#4212,#641);
#366=LINE('',#4215,#642);
#367=LINE('',#4217,#643);
#368=LINE('',#4218,#644);
#369=LINE('',#4221,#645);
#370=LINE('',#4223,#646);
#371=LINE('',#4225,#647);
#372=LINE('',#4226,#648);
#373=LINE('',#4228,#649);
#374=LINE('',#4229,#650);
#375=LINE('',#4231,#651);
#376=LINE('',#4233,#652);
#377=LINE('',#4235,#653);
#378=LINE('',#4239,#654);
#379=LINE('',#4240,#655);
#380=LINE('',#4242,#656);
#381=LINE('',#4247,#657);
#382=LINE('',#4248,#658);
#383=LINE('',#4250,#659);
#384=LINE('',#4254,#660);
#385=LINE('',#4258,#661);
#386=LINE('',#4259,#662);
#387=LINE('',#4260,#663);
#388=LINE('',#4265,#664);
#389=LINE('',#4266,#665);
#390=LINE('',#4268,#666);
#391=LINE('',#4271,#667);
#392=LINE('',#4274,#668);
#393=LINE('',#4276,#669);
#394=LINE('',#4282,#670);
#395=LINE('',#4284,#671);
#396=VECTOR('',#2768,10.);
#397=VECTOR('',#2769,10.);
#398=VECTOR('',#2780,10.);
#399=VECTOR('',#2781,10.);
#400=VECTOR('',#2792,10.);
#401=VECTOR('',#2793,10.);
#402=VECTOR('',#2796,10.);
#403=VECTOR('',#2799,10.);
#404=VECTOR('',#2810,10.);
#405=VECTOR('',#2811,10.);
#406=VECTOR('',#2814,10.);
#407=VECTOR('',#2815,10.);
#408=VECTOR('',#2818,10.);
#409=VECTOR('',#2819,10.);
#410=VECTOR('',#2822,10.);
#411=VECTOR('',#2823,10.);
#412=VECTOR('',#2826,10.);
#413=VECTOR('',#2827,10.);
#414=VECTOR('',#2828,10.);
#415=VECTOR('',#2831,10.);
#416=VECTOR('',#2838,10.);
#417=VECTOR('',#2839,10.);
#418=VECTOR('',#2840,10.);
#419=VECTOR('',#2841,10.);
#420=VECTOR('',#2844,10.);
#421=VECTOR('',#2849,10.);
#422=VECTOR('',#2850,10.);
#423=VECTOR('',#2853,10.);
#424=VECTOR('',#2858,10.);
#425=VECTOR('',#2859,10.);
#426=VECTOR('',#2862,10.);
#427=VECTOR('',#2867,10.);
#428=VECTOR('',#2870,10.);
#429=VECTOR('',#2873,10.);
#430=VECTOR('',#2876,10.);
#431=VECTOR('',#2879,10.);
#432=VECTOR('',#2880,10.);
#433=VECTOR('',#2883,10.);
#434=VECTOR('',#2888,10.);
#435=VECTOR('',#2889,10.);
#436=VECTOR('',#2890,10.);
#437=VECTOR('',#2893,10.);
#438=VECTOR('',#2898,10.);
#439=VECTOR('',#2899,10.);
#440=VECTOR('',#2902,10.);
#441=VECTOR('',#2907,10.);
#442=VECTOR('',#2908,10.);
#443=VECTOR('',#2911,10.);
#444=VECTOR('',#2916,10.);
#445=VECTOR('',#2917,10.);
#446=VECTOR('',#2918,10.);
#447=VECTOR('',#2923,10.);
#448=VECTOR('',#2928,10.);
#449=VECTOR('',#2929,10.);
#450=VECTOR('',#2930,10.);
#451=VECTOR('',#2933,10.);
#452=VECTOR('',#2934,10.);
#453=VECTOR('',#2935,10.);
#454=VECTOR('',#2936,10.);
#455=VECTOR('',#2939,10.);
#456=VECTOR('',#2944,10.);
#457=VECTOR('',#2945,10.);
#458=VECTOR('',#2946,10.);
#459=VECTOR('',#2951,10.);
#460=VECTOR('',#2952,10.);
#461=VECTOR('',#2955,10.);
#462=VECTOR('',#2956,10.);
#463=VECTOR('',#2961,10.);
#464=VECTOR('',#2964,10.);
#465=VECTOR('',#2967,10.);
#466=VECTOR('',#2970,10.);
#467=VECTOR('',#2983,10.);
#468=VECTOR('',#2984,10.);
#469=VECTOR('',#2987,10.);
#470=VECTOR('',#2990,10.);
#471=VECTOR('',#2993,10.);
#472=VECTOR('',#2994,10.);
#473=VECTOR('',#2997,10.);
#474=VECTOR('',#2998,10.);
#475=VECTOR('',#2999,10.);
#476=VECTOR('',#3000,10.);
#477=VECTOR('',#3003,10.);
#478=VECTOR('',#3008,10.);
#479=VECTOR('',#3025,10.);
#480=VECTOR('',#3028,10.);
#481=VECTOR('',#3029,10.);
#482=VECTOR('',#3030,10.);
#483=VECTOR('',#3031,10.);
#484=VECTOR('',#3032,10.);
#485=VECTOR('',#3035,10.);
#486=VECTOR('',#3036,10.);
#487=VECTOR('',#3037,10.);
#488=VECTOR('',#3038,10.);
#489=VECTOR('',#3043,10.);
#490=VECTOR('',#3044,10.);
#491=VECTOR('',#3045,10.);
#492=VECTOR('',#3052,10.);
#493=VECTOR('',#3055,10.);
#494=VECTOR('',#3056,10.);
#495=VECTOR('',#3057,10.);
#496=VECTOR('',#3058,10.);
#497=VECTOR('',#3059,10.);
#498=VECTOR('',#3060,10.);
#499=VECTOR('',#3067,10.);
#500=VECTOR('',#3070,10.);
#501=VECTOR('',#3077,10.);
#502=VECTOR('',#3080,10.);
#503=VECTOR('',#3085,10.);
#504=VECTOR('',#3086,10.);
#505=VECTOR('',#3087,10.);
#506=VECTOR('',#3090,10.);
#507=VECTOR('',#3097,10.);
#508=VECTOR('',#3098,10.);
#509=VECTOR('',#3099,10.);
#510=VECTOR('',#3102,10.);
#511=VECTOR('',#3109,10.);
#512=VECTOR('',#3110,10.);
#513=VECTOR('',#3111,10.);
#514=VECTOR('',#3114,10.);
#515=VECTOR('',#3121,10.);
#516=VECTOR('',#3122,10.);
#517=VECTOR('',#3125,10.);
#518=VECTOR('',#3126,10.);
#519=VECTOR('',#3127,10.);
#520=VECTOR('',#3130,10.);
#521=VECTOR('',#3135,10.);
#522=VECTOR('',#3136,10.);
#523=VECTOR('',#3139,10.);
#524=VECTOR('',#3144,10.);
#525=VECTOR('',#3145,10.);
#526=VECTOR('',#3146,10.);
#527=VECTOR('',#3147,10.);
#528=VECTOR('',#3148,10.);
#529=VECTOR('',#3149,10.);
#530=VECTOR('',#3150,10.);
#531=VECTOR('',#3151,10.);
#532=VECTOR('',#3152,10.);
#533=VECTOR('',#3153,10.);
#534=VECTOR('',#3154,10.);
#535=VECTOR('',#3155,10.);
#536=VECTOR('',#3158,10.);
#537=VECTOR('',#3159,10.);
#538=VECTOR('',#3162,10.);
#539=VECTOR('',#3163,10.);
#540=VECTOR('',#3166,10.);
#541=VECTOR('',#3167,10.);
#542=VECTOR('',#3170,10.);
#543=VECTOR('',#3171,10.);
#544=VECTOR('',#3174,10.);
#545=VECTOR('',#3177,10.);
#546=VECTOR('',#3178,10.);
#547=VECTOR('',#3181,10.);
#548=VECTOR('',#3182,10.);
#549=VECTOR('',#3185,10.);
#550=VECTOR('',#3188,10.);
#551=VECTOR('',#3189,10.);
#552=VECTOR('',#3192,10.);
#553=VECTOR('',#3193,10.);
#554=VECTOR('',#3196,10.);
#555=VECTOR('',#3201,10.);
#556=VECTOR('',#3202,10.);
#557=VECTOR('',#3205,10.);
#558=VECTOR('',#3206,10.);
#559=VECTOR('',#3209,10.);
#560=VECTOR('',#3214,10.);
#561=VECTOR('',#3215,10.);
#562=VECTOR('',#3216,10.);
#563=VECTOR('',#3217,10.);
#564=VECTOR('',#3218,10.);
#565=VECTOR('',#3219,10.);
#566=VECTOR('',#3220,10.);
#567=VECTOR('',#3221,10.);
#568=VECTOR('',#3224,10.);
#569=VECTOR('',#3225,10.);
#570=VECTOR('',#3226,10.);
#571=VECTOR('',#3229,10.);
#572=VECTOR('',#3230,10.);
#573=VECTOR('',#3233,10.);
#574=VECTOR('',#3234,10.);
#575=VECTOR('',#3237,10.);
#576=VECTOR('',#3238,10.);
#577=VECTOR('',#3241,10.);
#578=VECTOR('',#3244,10.);
#579=VECTOR('',#3247,10.);
#580=VECTOR('',#3248,10.);
#581=VECTOR('',#3249,10.);
#582=VECTOR('',#3250,10.);
#583=VECTOR('',#3251,10.);
#584=VECTOR('',#3252,10.);
#585=VECTOR('',#3253,10.);
#586=VECTOR('',#3254,10.);
#587=VECTOR('',#3255,10.);
#588=VECTOR('',#3256,10.);
#589=VECTOR('',#3257,10.);
#590=VECTOR('',#3258,10.);
#591=VECTOR('',#3259,10.);
#592=VECTOR('',#3260,10.);
#593=VECTOR('',#3261,10.);
#594=VECTOR('',#3262,10.);
#595=VECTOR('',#3263,10.);
#596=VECTOR('',#3264,10.);
#597=VECTOR('',#3267,10.);
#598=VECTOR('',#3268,10.);
#599=VECTOR('',#3269,10.);
#600=VECTOR('',#3272,10.);
#601=VECTOR('',#3273,10.);
#602=VECTOR('',#3274,10.);
#603=VECTOR('',#3275,10.);
#604=VECTOR('',#3276,10.);
#605=VECTOR('',#3279,10.);
#606=VECTOR('',#3280,10.);
#607=VECTOR('',#3281,10.);
#608=VECTOR('',#3282,10.);
#609=VECTOR('',#3283,10.);
#610=VECTOR('',#3284,10.);
#611=VECTOR('',#3285,10.);
#612=VECTOR('',#3288,10.);
#613=VECTOR('',#3291,10.);
#614=VECTOR('',#3294,10.);
#615=VECTOR('',#3299,10.);
#616=VECTOR('',#3300,10.);
#617=VECTOR('',#3301,10.);
#618=VECTOR('',#3302,10.);
#619=VECTOR('',#3303,10.);
#620=VECTOR('',#3304,10.);
#621=VECTOR('',#3307,10.);
#622=VECTOR('',#3308,10.);
#623=VECTOR('',#3309,10.);
#624=VECTOR('',#3310,10.);
#625=VECTOR('',#3311,10.);
#626=VECTOR('',#3312,10.);
#627=VECTOR('',#3315,10.);
#628=VECTOR('',#3316,10.);
#629=VECTOR('',#3317,10.);
#630=VECTOR('',#3320,10.);
#631=VECTOR('',#3321,10.);
#632=VECTOR('',#3322,10.);
#633=VECTOR('',#3325,10.);
#634=VECTOR('',#3326,10.);
#635=VECTOR('',#3329,10.);
#636=VECTOR('',#3330,10.);
#637=VECTOR('',#3333,10.);
#638=VECTOR('',#3336,10.);
#639=VECTOR('',#3337,10.);
#640=VECTOR('',#3338,10.);
#641=VECTOR('',#3339,10.);
#642=VECTOR('',#3342,10.);
#643=VECTOR('',#3343,10.);
#644=VECTOR('',#3344,10.);
#645=VECTOR('',#3347,10.);
#646=VECTOR('',#3348,10.);
#647=VECTOR('',#3349,10.);
#648=VECTOR('',#3350,10.);
#649=VECTOR('',#3351,10.);
#650=VECTOR('',#3352,10.);
#651=VECTOR('',#3355,10.);
#652=VECTOR('',#3358,10.);
#653=VECTOR('',#3361,10.);
#654=VECTOR('',#3366,10.);
#655=VECTOR('',#3367,10.);
#656=VECTOR('',#3370,10.);
#657=VECTOR('',#3377,10.);
#658=VECTOR('',#3378,10.);
#659=VECTOR('',#3381,10.);
#660=VECTOR('',#3388,10.);
#661=VECTOR('',#3393,10.);
#662=VECTOR('',#3394,10.);
#663=VECTOR('',#3395,10.);
#664=VECTOR('',#3402,10.);
#665=VECTOR('',#3403,10.);
#666=VECTOR('',#3406,10.);
#667=VECTOR('',#3411,10.);
#668=VECTOR('',#3416,10.);
#669=VECTOR('',#3419,10.);
#670=VECTOR('',#3430,10.);
#671=VECTOR('',#3433,10.);
#672=CYLINDRICAL_SURFACE('',#2532,2.);
#673=CYLINDRICAL_SURFACE('',#2537,2.);
#674=CYLINDRICAL_SURFACE('',#2543,2.);
#675=CYLINDRICAL_SURFACE('',#2544,2.);
#676=CYLINDRICAL_SURFACE('',#2550,2.);
#677=CYLINDRICAL_SURFACE('',#2551,2.);
#678=CYLINDRICAL_SURFACE('',#2552,2.);
#679=CYLINDRICAL_SURFACE('',#2553,2.);
#680=CYLINDRICAL_SURFACE('',#2555,1.);
#681=CYLINDRICAL_SURFACE('',#2559,3.);
#682=CYLINDRICAL_SURFACE('',#2562,3.);
#683=CYLINDRICAL_SURFACE('',#2565,3.);
#684=CYLINDRICAL_SURFACE('',#2589,3.);
#685=CYLINDRICAL_SURFACE('',#2595,2.);
#686=CYLINDRICAL_SURFACE('',#2598,1.);
#687=CYLINDRICAL_SURFACE('',#2604,1.);
#688=CYLINDRICAL_SURFACE('',#2606,2.);
#689=CYLINDRICAL_SURFACE('',#2611,1.);
#690=CYLINDRICAL_SURFACE('',#2616,1.);
#691=CYLINDRICAL_SURFACE('',#2620,1.);
#692=CYLINDRICAL_SURFACE('',#2625,1.);
#693=CYLINDRICAL_SURFACE('',#2629,1.);
#694=CYLINDRICAL_SURFACE('',#2632,1.);
#695=CYLINDRICAL_SURFACE('',#2652,1.99999999999999);
#696=CYLINDRICAL_SURFACE('',#2655,2.00000000000001);
#697=CYLINDRICAL_SURFACE('',#2714,6.);
#698=CYLINDRICAL_SURFACE('',#2724,6.);
#699=CYLINDRICAL_SURFACE('',#2725,6.);
#700=CYLINDRICAL_SURFACE('',#2726,6.00000000000001);
#701=CYLINDRICAL_SURFACE('',#2727,2.);
#702=CYLINDRICAL_SURFACE('',#2729,1.99999999999999);
#703=(
BOUNDED_SURFACE()
B_SPLINE_SURFACE(2,2,((#3581,#3582,#3583),(#3584,#3585,#3586),(#3587,#3588,
#3589)),.UNSPECIFIED.,.F.,.F.,.F.)
B_SPLINE_SURFACE_WITH_KNOTS((3,3),(3,3),(-1.5707963267949,0.),(-3.14159265358979,
-1.5707963267949),.UNSPECIFIED.)
GEOMETRIC_REPRESENTATION_ITEM()
RATIONAL_B_SPLINE_SURFACE(((1.,0.707106781186548,1.),(0.707106781186545,
0.499999999999998,0.707106781186545),(1.,0.707106781186548,1.)))
REPRESENTATION_ITEM('')
SURFACE()
);
#704=(
BOUNDED_SURFACE()
B_SPLINE_SURFACE(2,2,((#3604,#3605,#3606),(#3607,#3608,#3609),(#3610,#3611,
#3612)),.UNSPECIFIED.,.F.,.F.,.F.)
B_SPLINE_SURFACE_WITH_KNOTS((3,3),(3,3),(-1.5707963267949,0.),(-1.5707963267949,
0.),.UNSPECIFIED.)
GEOMETRIC_REPRESENTATION_ITEM()
RATIONAL_B_SPLINE_SURFACE(((1.,0.707106781186548,1.),(0.707106781186545,
0.499999999999998,0.707106781186545),(1.,0.707106781186548,1.)))
REPRESENTATION_ITEM('')
SURFACE()
);
#705=FACE_OUTER_BOUND('',#844,.T.);
#706=FACE_OUTER_BOUND('',#845,.T.);
#707=FACE_OUTER_BOUND('',#846,.T.);
#708=FACE_OUTER_BOUND('',#847,.T.);
#709=FACE_OUTER_BOUND('',#848,.T.);
#710=FACE_OUTER_BOUND('',#849,.T.);
#711=FACE_OUTER_BOUND('',#850,.T.);
#712=FACE_OUTER_BOUND('',#851,.T.);
#713=FACE_OUTER_BOUND('',#852,.T.);
#714=FACE_OUTER_BOUND('',#853,.T.);
#715=FACE_OUTER_BOUND('',#854,.T.);
#716=FACE_OUTER_BOUND('',#855,.T.);
#717=FACE_OUTER_BOUND('',#856,.T.);
#718=FACE_OUTER_BOUND('',#857,.T.);
#719=FACE_OUTER_BOUND('',#858,.T.);
#720=FACE_OUTER_BOUND('',#859,.T.);
#721=FACE_OUTER_BOUND('',#860,.T.);
#722=FACE_OUTER_BOUND('',#861,.T.);
#723=FACE_OUTER_BOUND('',#862,.T.);
#724=FACE_OUTER_BOUND('',#863,.T.);
#725=FACE_OUTER_BOUND('',#864,.T.);
#726=FACE_OUTER_BOUND('',#865,.T.);
#727=FACE_OUTER_BOUND('',#866,.T.);
#728=FACE_OUTER_BOUND('',#867,.T.);
#729=FACE_OUTER_BOUND('',#868,.T.);
#730=FACE_OUTER_BOUND('',#870,.T.);
#731=FACE_OUTER_BOUND('',#871,.T.);
#732=FACE_OUTER_BOUND('',#872,.T.);
#733=FACE_OUTER_BOUND('',#873,.T.);
#734=FACE_OUTER_BOUND('',#874,.T.);
#735=FACE_OUTER_BOUND('',#875,.T.);
#736=FACE_OUTER_BOUND('',#876,.T.);
#737=FACE_OUTER_BOUND('',#877,.T.);
#738=FACE_OUTER_BOUND('',#878,.T.);
#739=FACE_OUTER_BOUND('',#879,.T.);
#740=FACE_OUTER_BOUND('',#880,.T.);
#741=FACE_OUTER_BOUND('',#881,.T.);
#742=FACE_OUTER_BOUND('',#882,.T.);
#743=FACE_OUTER_BOUND('',#883,.T.);
#744=FACE_OUTER_BOUND('',#884,.T.);
#745=FACE_OUTER_BOUND('',#885,.T.);
#746=FACE_OUTER_BOUND('',#886,.T.);
#747=FACE_OUTER_BOUND('',#887,.T.);
#748=FACE_OUTER_BOUND('',#888,.T.);
#749=FACE_OUTER_BOUND('',#889,.T.);
#750=FACE_OUTER_BOUND('',#890,.T.);
#751=FACE_OUTER_BOUND('',#891,.T.);
#752=FACE_OUTER_BOUND('',#892,.T.);
#753=FACE_OUTER_BOUND('',#893,.T.);
#754=FACE_OUTER_BOUND('',#894,.T.);
#755=FACE_OUTER_BOUND('',#895,.T.);
#756=FACE_OUTER_BOUND('',#896,.T.);
#757=FACE_OUTER_BOUND('',#897,.T.);
#758=FACE_OUTER_BOUND('',#898,.T.);
#759=FACE_OUTER_BOUND('',#899,.T.);
#760=FACE_OUTER_BOUND('',#900,.T.);
#761=FACE_OUTER_BOUND('',#901,.T.);
#762=FACE_OUTER_BOUND('',#902,.T.);
#763=FACE_OUTER_BOUND('',#903,.T.);
#764=FACE_OUTER_BOUND('',#904,.T.);
#765=FACE_OUTER_BOUND('',#905,.T.);
#766=FACE_OUTER_BOUND('',#906,.T.);
#767=FACE_OUTER_BOUND('',#907,.T.);
#768=FACE_OUTER_BOUND('',#908,.T.);
#769=FACE_OUTER_BOUND('',#909,.T.);
#770=FACE_OUTER_BOUND('',#910,.T.);
#771=FACE_OUTER_BOUND('',#911,.T.);
#772=FACE_OUTER_BOUND('',#912,.T.);
#773=FACE_OUTER_BOUND('',#913,.T.);
#774=FACE_OUTER_BOUND('',#914,.T.);
#775=FACE_OUTER_BOUND('',#915,.T.);
#776=FACE_OUTER_BOUND('',#916,.T.);
#777=FACE_OUTER_BOUND('',#918,.T.);
#778=FACE_OUTER_BOUND('',#919,.T.);
#779=FACE_OUTER_BOUND('',#920,.T.);
#780=FACE_OUTER_BOUND('',#921,.T.);
#781=FACE_OUTER_BOUND('',#922,.T.);
#782=FACE_OUTER_BOUND('',#923,.T.);
#783=FACE_OUTER_BOUND('',#924,.T.);
#784=FACE_OUTER_BOUND('',#925,.T.);
#785=FACE_OUTER_BOUND('',#926,.T.);
#786=FACE_OUTER_BOUND('',#927,.T.);
#787=FACE_OUTER_BOUND('',#928,.T.);
#788=FACE_OUTER_BOUND('',#929,.T.);
#789=FACE_OUTER_BOUND('',#930,.T.);
#790=FACE_OUTER_BOUND('',#931,.T.);
#791=FACE_OUTER_BOUND('',#932,.T.);
#792=FACE_OUTER_BOUND('',#933,.T.);
#793=FACE_OUTER_BOUND('',#934,.T.);
#794=FACE_OUTER_BOUND('',#935,.T.);
#795=FACE_OUTER_BOUND('',#936,.T.);
#796=FACE_OUTER_BOUND('',#937,.T.);
#797=FACE_OUTER_BOUND('',#938,.T.);
#798=FACE_OUTER_BOUND('',#939,.T.);
#799=FACE_OUTER_BOUND('',#941,.T.);
#800=FACE_OUTER_BOUND('',#942,.T.);
#801=FACE_OUTER_BOUND('',#943,.T.);
#802=FACE_OUTER_BOUND('',#944,.T.);
#803=FACE_OUTER_BOUND('',#945,.T.);
#804=FACE_OUTER_BOUND('',#946,.T.);
#805=FACE_OUTER_BOUND('',#947,.T.);
#806=FACE_OUTER_BOUND('',#948,.T.);
#807=FACE_OUTER_BOUND('',#949,.T.);
#808=FACE_OUTER_BOUND('',#950,.T.);
#809=FACE_OUTER_BOUND('',#951,.T.);
#810=FACE_OUTER_BOUND('',#952,.T.);
#811=FACE_OUTER_BOUND('',#953,.T.);
#812=FACE_OUTER_BOUND('',#954,.T.);
#813=FACE_OUTER_BOUND('',#955,.T.);
#814=FACE_OUTER_BOUND('',#956,.T.);
#815=FACE_OUTER_BOUND('',#957,.T.);
#816=FACE_OUTER_BOUND('',#958,.T.);
#817=FACE_OUTER_BOUND('',#959,.T.);
#818=FACE_OUTER_BOUND('',#960,.T.);
#819=FACE_OUTER_BOUND('',#961,.T.);
#820=FACE_OUTER_BOUND('',#962,.T.);
#821=FACE_OUTER_BOUND('',#963,.T.);
#822=FACE_OUTER_BOUND('',#964,.T.);
#823=FACE_OUTER_BOUND('',#965,.T.);
#824=FACE_OUTER_BOUND('',#966,.T.);
#825=FACE_OUTER_BOUND('',#967,.T.);
#826=FACE_OUTER_BOUND('',#968,.T.);
#827=FACE_OUTER_BOUND('',#969,.T.);
#828=FACE_OUTER_BOUND('',#970,.T.);
#829=FACE_OUTER_BOUND('',#971,.T.);
#830=FACE_OUTER_BOUND('',#972,.T.);
#831=FACE_OUTER_BOUND('',#973,.T.);
#832=FACE_OUTER_BOUND('',#974,.T.);
#833=FACE_OUTER_BOUND('',#975,.T.);
#834=FACE_OUTER_BOUND('',#976,.T.);
#835=FACE_OUTER_BOUND('',#977,.T.);
#836=FACE_OUTER_BOUND('',#978,.T.);
#837=FACE_OUTER_BOUND('',#979,.T.);
#838=FACE_OUTER_BOUND('',#980,.T.);
#839=FACE_OUTER_BOUND('',#981,.T.);
#840=FACE_OUTER_BOUND('',#982,.T.);
#841=FACE_OUTER_BOUND('',#983,.T.);
#842=FACE_OUTER_BOUND('',#984,.T.);
#843=FACE_OUTER_BOUND('',#985,.T.);
#844=EDGE_LOOP('',(#1645,#1646,#1647));
#845=EDGE_LOOP('',(#1648,#1649,#1650));
#846=EDGE_LOOP('',(#1651,#1652,#1653));
#847=EDGE_LOOP('',(#1654,#1655,#1656));
#848=EDGE_LOOP('',(#1657,#1658,#1659,#1660));
#849=EDGE_LOOP('',(#1661,#1662,#1663,#1664));
#850=EDGE_LOOP('',(#1665,#1666,#1667,#1668));
#851=EDGE_LOOP('',(#1669,#1670,#1671,#1672));
#852=EDGE_LOOP('',(#1673,#1674,#1675,#1676));
#853=EDGE_LOOP('',(#1677,#1678,#1679,#1680));
#854=EDGE_LOOP('',(#1681,#1682,#1683,#1684));
#855=EDGE_LOOP('',(#1685,#1686,#1687,#1688));
#856=EDGE_LOOP('',(#1689,#1690,#1691,#1692));
#857=EDGE_LOOP('',(#1693,#1694,#1695,#1696));
#858=EDGE_LOOP('',(#1697,#1698,#1699,#1700));
#859=EDGE_LOOP('',(#1701,#1702,#1703,#1704));
#860=EDGE_LOOP('',(#1705,#1706,#1707,#1708));
#861=EDGE_LOOP('',(#1709,#1710,#1711,#1712,#1713));
#862=EDGE_LOOP('',(#1714,#1715,#1716,#1717,#1718,#1719));
#863=EDGE_LOOP('',(#1720,#1721,#1722,#1723));
#864=EDGE_LOOP('',(#1724,#1725,#1726,#1727));
#865=EDGE_LOOP('',(#1728,#1729,#1730,#1731));
#866=EDGE_LOOP('',(#1732,#1733,#1734,#1735));
#867=EDGE_LOOP('',(#1736,#1737,#1738,#1739));
#868=EDGE_LOOP('',(#1740,#1741,#1742,#1743,#1744,#1745,#1746,#1747,#1748,
#1749,#1750,#1751));
#869=EDGE_LOOP('',(#1752,#1753,#1754,#1755,#1756,#1757,#1758,#1759,#1760,
#1761,#1762,#1763,#1764));
#870=EDGE_LOOP('',(#1765,#1766,#1767,#1768));
#871=EDGE_LOOP('',(#1769,#1770,#1771,#1772));
#872=EDGE_LOOP('',(#1773,#1774,#1775,#1776));
#873=EDGE_LOOP('',(#1777,#1778,#1779,#1780));
#874=EDGE_LOOP('',(#1781,#1782,#1783,#1784));
#875=EDGE_LOOP('',(#1785,#1786,#1787,#1788));
#876=EDGE_LOOP('',(#1789,#1790,#1791,#1792));
#877=EDGE_LOOP('',(#1793,#1794,#1795,#1796));
#878=EDGE_LOOP('',(#1797,#1798,#1799,#1800));
#879=EDGE_LOOP('',(#1801,#1802,#1803,#1804,#1805,#1806));
#880=EDGE_LOOP('',(#1807,#1808,#1809,#1810));
#881=EDGE_LOOP('',(#1811,#1812,#1813,#1814));
#882=EDGE_LOOP('',(#1815,#1816,#1817,#1818));
#883=EDGE_LOOP('',(#1819,#1820,#1821,#1822,#1823));
#884=EDGE_LOOP('',(#1824,#1825,#1826,#1827));
#885=EDGE_LOOP('',(#1828,#1829,#1830,#1831));
#886=EDGE_LOOP('',(#1832,#1833,#1834,#1835));
#887=EDGE_LOOP('',(#1836,#1837,#1838,#1839));
#888=EDGE_LOOP('',(#1840,#1841,#1842,#1843));
#889=EDGE_LOOP('',(#1844,#1845,#1846,#1847,#1848,#1849));
#890=EDGE_LOOP('',(#1850,#1851,#1852,#1853,#1854,#1855,#1856,#1857,#1858,
#1859));
#891=EDGE_LOOP('',(#1860,#1861,#1862,#1863));
#892=EDGE_LOOP('',(#1864,#1865,#1866,#1867));
#893=EDGE_LOOP('',(#1868,#1869,#1870,#1871));
#894=EDGE_LOOP('',(#1872,#1873,#1874,#1875));
#895=EDGE_LOOP('',(#1876,#1877,#1878,#1879));
#896=EDGE_LOOP('',(#1880,#1881,#1882,#1883,#1884,#1885,#1886,#1887));
#897=EDGE_LOOP('',(#1888,#1889,#1890,#1891,#1892,#1893,#1894));
#898=EDGE_LOOP('',(#1895,#1896,#1897,#1898));
#899=EDGE_LOOP('',(#1899,#1900,#1901,#1902,#1903,#1904,#1905,#1906,#1907,
#1908,#1909,#1910));
#900=EDGE_LOOP('',(#1911,#1912,#1913,#1914,#1915));
#901=EDGE_LOOP('',(#1916,#1917,#1918,#1919,#1920,#1921,#1922,#1923));
#902=EDGE_LOOP('',(#1924,#1925,#1926,#1927,#1928));
#903=EDGE_LOOP('',(#1929,#1930,#1931,#1932,#1933));
#904=EDGE_LOOP('',(#1934,#1935,#1936,#1937));
#905=EDGE_LOOP('',(#1938,#1939,#1940,#1941));
#906=EDGE_LOOP('',(#1942,#1943,#1944,#1945));
#907=EDGE_LOOP('',(#1946,#1947,#1948,#1949));
#908=EDGE_LOOP('',(#1950,#1951,#1952,#1953));
#909=EDGE_LOOP('',(#1954,#1955,#1956,#1957));
#910=EDGE_LOOP('',(#1958,#1959,#1960,#1961));
#911=EDGE_LOOP('',(#1962,#1963,#1964,#1965));
#912=EDGE_LOOP('',(#1966,#1967,#1968,#1969));
#913=EDGE_LOOP('',(#1970,#1971,#1972,#1973));
#914=EDGE_LOOP('',(#1974,#1975,#1976,#1977));
#915=EDGE_LOOP('',(#1978,#1979,#1980,#1981));
#916=EDGE_LOOP('',(#1982,#1983,#1984,#1985,#1986,#1987,#1988,#1989));
#917=EDGE_LOOP('',(#1990,#1991,#1992,#1993,#1994,#1995,#1996,#1997,#1998,
#1999,#2000,#2001));
#918=EDGE_LOOP('',(#2002,#2003,#2004,#2005,#2006));
#919=EDGE_LOOP('',(#2007,#2008,#2009,#2010));
#920=EDGE_LOOP('',(#2011,#2012,#2013,#2014));
#921=EDGE_LOOP('',(#2015,#2016,#2017,#2018));
#922=EDGE_LOOP('',(#2019,#2020,#2021,#2022,#2023));
#923=EDGE_LOOP('',(#2024,#2025,#2026,#2027,#2028));
#924=EDGE_LOOP('',(#2029,#2030,#2031,#2032));
#925=EDGE_LOOP('',(#2033,#2034,#2035,#2036,#2037,#2038));
#926=EDGE_LOOP('',(#2039,#2040,#2041,#2042));
#927=EDGE_LOOP('',(#2043,#2044,#2045,#2046));
#928=EDGE_LOOP('',(#2047,#2048,#2049,#2050,#2051));
#929=EDGE_LOOP('',(#2052,#2053,#2054,#2055,#2056,#2057));
#930=EDGE_LOOP('',(#2058,#2059,#2060,#2061));
#931=EDGE_LOOP('',(#2062,#2063,#2064,#2065));
#932=EDGE_LOOP('',(#2066,#2067,#2068,#2069));
#933=EDGE_LOOP('',(#2070,#2071,#2072,#2073));
#934=EDGE_LOOP('',(#2074,#2075,#2076,#2077,#2078,#2079,#2080,#2081));
#935=EDGE_LOOP('',(#2082,#2083,#2084,#2085));
#936=EDGE_LOOP('',(#2086,#2087,#2088,#2089));
#937=EDGE_LOOP('',(#2090,#2091,#2092,#2093));
#938=EDGE_LOOP('',(#2094,#2095,#2096,#2097));
#939=EDGE_LOOP('',(#2098,#2099,#2100,#2101,#2102,#2103,#2104,#2105));
#940=EDGE_LOOP('',(#2106,#2107,#2108,#2109,#2110,#2111,#2112,#2113,#2114,
#2115,#2116,#2117,#2118,#2119,#2120,#2121,#2122,#2123,#2124,#2125,#2126,
#2127,#2128,#2129));
#941=EDGE_LOOP('',(#2130,#2131,#2132,#2133));
#942=EDGE_LOOP('',(#2134,#2135,#2136,#2137,#2138,#2139,#2140,#2141));
#943=EDGE_LOOP('',(#2142,#2143,#2144,#2145,#2146,#2147,#2148,#2149));
#944=EDGE_LOOP('',(#2150,#2151,#2152,#2153));
#945=EDGE_LOOP('',(#2154,#2155,#2156,#2157));
#946=EDGE_LOOP('',(#2158,#2159,#2160,#2161));
#947=EDGE_LOOP('',(#2162,#2163,#2164,#2165,#2166));
#948=EDGE_LOOP('',(#2167,#2168,#2169,#2170,#2171,#2172,#2173,#2174));
#949=EDGE_LOOP('',(#2175,#2176,#2177,#2178,#2179,#2180,#2181,#2182));
#950=EDGE_LOOP('',(#2183,#2184,#2185,#2186,#2187,#2188,#2189,#2190));
#951=EDGE_LOOP('',(#2191,#2192,#2193,#2194));
#952=EDGE_LOOP('',(#2195,#2196,#2197,#2198));
#953=EDGE_LOOP('',(#2199,#2200,#2201,#2202));
#954=EDGE_LOOP('',(#2203,#2204,#2205,#2206));
#955=EDGE_LOOP('',(#2207,#2208,#2209,#2210,#2211,#2212,#2213,#2214));
#956=EDGE_LOOP('',(#2215,#2216,#2217,#2218,#2219,#2220,#2221,#2222));
#957=EDGE_LOOP('',(#2223,#2224,#2225,#2226,#2227,#2228,#2229,#2230));
#958=EDGE_LOOP('',(#2231,#2232,#2233,#2234));
#959=EDGE_LOOP('',(#2235,#2236,#2237,#2238));
#960=EDGE_LOOP('',(#2239,#2240,#2241,#2242));
#961=EDGE_LOOP('',(#2243,#2244,#2245,#2246));
#962=EDGE_LOOP('',(#2247,#2248,#2249,#2250));
#963=EDGE_LOOP('',(#2251,#2252,#2253,#2254));
#964=EDGE_LOOP('',(#2255,#2256,#2257,#2258,#2259,#2260,#2261));
#965=EDGE_LOOP('',(#2262,#2263,#2264,#2265));
#966=EDGE_LOOP('',(#2266,#2267,#2268,#2269));
#967=EDGE_LOOP('',(#2270,#2271,#2272,#2273,#2274,#2275,#2276,#2277));
#968=EDGE_LOOP('',(#2278,#2279,#2280,#2281));
#969=EDGE_LOOP('',(#2282,#2283,#2284,#2285));
#970=EDGE_LOOP('',(#2286,#2287,#2288,#2289,#2290,#2291,#2292,#2293));
#971=EDGE_LOOP('',(#2294,#2295,#2296,#2297));
#972=EDGE_LOOP('',(#2298,#2299,#2300,#2301));
#973=EDGE_LOOP('',(#2302,#2303,#2304,#2305));
#974=EDGE_LOOP('',(#2306,#2307,#2308,#2309,#2310,#2311,#2312));
#975=EDGE_LOOP('',(#2313,#2314,#2315,#2316));
#976=EDGE_LOOP('',(#2317,#2318,#2319,#2320));
#977=EDGE_LOOP('',(#2321,#2322,#2323,#2324,#2325));
#978=EDGE_LOOP('',(#2326,#2327,#2328,#2329));
#979=EDGE_LOOP('',(#2330,#2331,#2332,#2333,#2334));
#980=EDGE_LOOP('',(#2335,#2336,#2337,#2338));
#981=EDGE_LOOP('',(#2339,#2340,#2341,#2342));
#982=EDGE_LOOP('',(#2343,#2344,#2345,#2346));
#983=EDGE_LOOP('',(#2347,#2348,#2349,#2350));
#984=EDGE_LOOP('',(#2351,#2352,#2353,#2354));
#985=EDGE_LOOP('',(#2355,#2356,#2357,#2358));
#986=CIRCLE('',#2518,1.00000000000001);
#987=CIRCLE('',#2521,1.00000000000001);
#988=CIRCLE('',#2524,1.00000000000001);
#989=CIRCLE('',#2527,0.999999999999999);
#990=CIRCLE('',#2528,2.);
#991=CIRCLE('',#2529,3.);
#992=CIRCLE('',#2530,2.00000000000001);
#993=CIRCLE('',#2531,1.);
#994=CIRCLE('',#2533,1.99999999999999);
#995=CIRCLE('',#2534,2.00000000000001);
#996=CIRCLE('',#2535,1.);
#997=CIRCLE('',#2536,3.);
#998=CIRCLE('',#2538,2.);
#999=CIRCLE('',#2540,2.);
#1000=CIRCLE('',#2541,5.);
#1001=CIRCLE('',#2542,3.);
#1002=CIRCLE('',#2545,2.);
#1003=CIRCLE('',#2547,1.99999999999999);
#1004=CIRCLE('',#2548,5.);
#1005=CIRCLE('',#2549,3.);
#1006=CIRCLE('',#2560,3.);
#1007=CIRCLE('',#2563,3.);
#1008=CIRCLE('',#2566,3.);
#1009=CIRCLE('',#2568,6.);
#1010=CIRCLE('',#2569,6.);
#1011=CIRCLE('',#2570,6.);
#1012=CIRCLE('',#2571,6.00000000000001);
#1013=CIRCLE('',#2572,3.);
#1014=CIRCLE('',#2573,3.);
#1015=CIRCLE('',#2576,2.5);
#1016=CIRCLE('',#2579,3.5);
#1017=CIRCLE('',#2582,3.5);
#1018=CIRCLE('',#2585,3.);
#1019=CIRCLE('',#2586,2.5);
#1020=CIRCLE('',#2592,1.);
#1021=CIRCLE('',#2594,1.);
#1022=CIRCLE('',#2596,2.);
#1023=CIRCLE('',#2597,2.);
#1024=CIRCLE('',#2599,0.999999999999996);
#1025=CIRCLE('',#2601,1.00000000000001);
#1026=CIRCLE('',#2602,3.);
#1027=CIRCLE('',#2603,2.);
#1028=CIRCLE('',#2605,1.);
#1029=CIRCLE('',#2607,2.);
#1030=CIRCLE('',#2610,6.);
#1031=CIRCLE('',#2612,1.);
#1032=CIRCLE('',#2613,0.999999999999996);
#1033=CIRCLE('',#2615,1.00000000000001);
#1034=CIRCLE('',#2617,0.999999999999996);
#1035=CIRCLE('',#2619,1.00000000000001);
#1036=CIRCLE('',#2636,1.50000000000001);
#1037=CIRCLE('',#2637,2.00000000000001);
#1038=CIRCLE('',#2640,1.49999999999999);
#1039=CIRCLE('',#2641,1.99999999999999);
#1040=CIRCLE('',#2644,1.49999999999999);
#1041=CIRCLE('',#2645,1.99999999999999);
#1042=CIRCLE('',#2648,1.5);
#1043=CIRCLE('',#2649,2.);
#1044=CIRCLE('',#2653,1.99999999999999);
#1045=CIRCLE('',#2656,2.00000000000001);
#1046=CIRCLE('',#2680,2.);
#1047=CIRCLE('',#2681,1.99999999999999);
#1048=CIRCLE('',#2706,6.);
#1049=CIRCLE('',#2710,6.00000000000001);
#1050=CIRCLE('',#2715,6.);
#1051=ELLIPSE('',#2516,2.23606797749979,2.);
#1052=ELLIPSE('',#2517,2.23606797749979,2.);
#1053=ELLIPSE('',#2519,2.23606797749979,2.);
#1054=ELLIPSE('',#2520,2.23606797749979,2.);
#1055=ELLIPSE('',#2522,2.23606797749979,2.);
#1056=ELLIPSE('',#2523,2.23606797749979,2.);
#1057=ELLIPSE('',#2525,2.23606797749979,2.);
#1058=ELLIPSE('',#2526,2.23606797749979,2.);
#1059=ELLIPSE('',#2556,1.4142135623731,1.);
#1060=ELLIPSE('',#2557,1.4142135623731,1.);
#1061=ELLIPSE('',#2626,1.4142135623731,1.);
#1062=ELLIPSE('',#2627,1.4142135623731,1.);
#1063=ELLIPSE('',#2630,1.4142135623731,1.);
#1064=ELLIPSE('',#2631,1.4142135623731,1.);
#1065=ELLIPSE('',#2633,1.4142135623731,1.);
#1066=ELLIPSE('',#2634,1.4142135623731,1.);
#1067=VERTEX_POINT('',#3467);
#1068=VERTEX_POINT('',#3468);
#1069=VERTEX_POINT('',#3470);
#1070=VERTEX_POINT('',#3503);
#1071=VERTEX_POINT('',#3504);
#1072=VERTEX_POINT('',#3506);
#1073=VERTEX_POINT('',#3539);
#1074=VERTEX_POINT('',#3540);
#1075=VERTEX_POINT('',#3542);
#1076=VERTEX_POINT('',#3575);
#1077=VERTEX_POINT('',#3576);
#1078=VERTEX_POINT('',#3578);
#1079=VERTEX_POINT('',#3590);
#1080=VERTEX_POINT('',#3591);
#1081=VERTEX_POINT('',#3593);
#1082=VERTEX_POINT('',#3595);
#1083=VERTEX_POINT('',#3599);
#1084=VERTEX_POINT('',#3600);
#1085=VERTEX_POINT('',#3613);
#1086=VERTEX_POINT('',#3614);
#1087=VERTEX_POINT('',#3619);
#1088=VERTEX_POINT('',#3620);
#1089=VERTEX_POINT('',#3625);
#1090=VERTEX_POINT('',#3626);
#1091=VERTEX_POINT('',#3634);
#1092=VERTEX_POINT('',#3636);
#1093=VERTEX_POINT('',#3640);
#1094=VERTEX_POINT('',#3641);
#1095=VERTEX_POINT('',#3658);
#1096=VERTEX_POINT('',#3660);
#1097=VERTEX_POINT('',#3664);
#1098=VERTEX_POINT('',#3666);
#1099=VERTEX_POINT('',#3670);
#1100=VERTEX_POINT('',#3672);
#1101=VERTEX_POINT('',#3674);
#1102=VERTEX_POINT('',#3678);
#1103=VERTEX_POINT('',#3682);
#1104=VERTEX_POINT('',#3686);
#1105=VERTEX_POINT('',#3690);
#1106=VERTEX_POINT('',#3694);
#1107=VERTEX_POINT('',#3698);
#1108=VERTEX_POINT('',#3699);
#1109=VERTEX_POINT('',#3701);
#1110=VERTEX_POINT('',#3703);
#1111=VERTEX_POINT('',#3705);
#1112=VERTEX_POINT('',#3707);
#1113=VERTEX_POINT('',#3709);
#1114=VERTEX_POINT('',#3711);
#1115=VERTEX_POINT('',#3713);
#1116=VERTEX_POINT('',#3715);
#1117=VERTEX_POINT('',#3717);
#1118=VERTEX_POINT('',#3719);
#1119=VERTEX_POINT('',#3721);
#1120=VERTEX_POINT('',#3725);
#1121=VERTEX_POINT('',#3727);
#1122=VERTEX_POINT('',#3731);
#1123=VERTEX_POINT('',#3735);
#1124=VERTEX_POINT('',#3739);
#1125=VERTEX_POINT('',#3743);
#1126=VERTEX_POINT('',#3747);
#1127=VERTEX_POINT('',#3751);
#1128=VERTEX_POINT('',#3752);
#1129=VERTEX_POINT('',#3757);
#1130=VERTEX_POINT('',#3759);
#1131=VERTEX_POINT('',#3763);
#1132=VERTEX_POINT('',#3764);
#1133=VERTEX_POINT('',#3769);
#1134=VERTEX_POINT('',#3771);
#1135=VERTEX_POINT('',#3779);
#1136=VERTEX_POINT('',#3780);
#1137=VERTEX_POINT('',#3782);
#1138=VERTEX_POINT('',#3787);
#1139=VERTEX_POINT('',#3788);
#1140=VERTEX_POINT('',#3790);
#1141=VERTEX_POINT('',#3792);
#1142=VERTEX_POINT('',#3794);
#1143=VERTEX_POINT('',#3798);
#1144=VERTEX_POINT('',#3799);
#1145=VERTEX_POINT('',#3801);
#1146=VERTEX_POINT('',#3803);
#1147=VERTEX_POINT('',#3807);
#1148=VERTEX_POINT('',#3809);
#1149=VERTEX_POINT('',#3813);
#1150=VERTEX_POINT('',#3814);
#1151=VERTEX_POINT('',#3819);
#1152=VERTEX_POINT('',#3820);
#1153=VERTEX_POINT('',#3825);
#1154=VERTEX_POINT('',#3827);
#1155=VERTEX_POINT('',#3834);
#1156=VERTEX_POINT('',#3836);
#1157=VERTEX_POINT('',#3838);
#1158=VERTEX_POINT('',#3840);
#1159=VERTEX_POINT('',#3845);
#1160=VERTEX_POINT('',#3858);
#1161=VERTEX_POINT('',#3860);
#1162=VERTEX_POINT('',#3862);
#1163=VERTEX_POINT('',#3864);
#1164=VERTEX_POINT('',#3868);
#1165=VERTEX_POINT('',#3870);
#1166=VERTEX_POINT('',#3872);
#1167=VERTEX_POINT('',#3877);
#1168=VERTEX_POINT('',#3879);
#1169=VERTEX_POINT('',#3883);
#1170=VERTEX_POINT('',#3885);
#1171=VERTEX_POINT('',#3889);
#1172=VERTEX_POINT('',#3891);
#1173=VERTEX_POINT('',#3893);
#1174=VERTEX_POINT('',#3895);
#1175=VERTEX_POINT('',#3897);
#1176=VERTEX_POINT('',#3901);
#1177=VERTEX_POINT('',#3903);
#1178=VERTEX_POINT('',#3907);
#1179=VERTEX_POINT('',#3909);
#1180=VERTEX_POINT('',#3913);
#1181=VERTEX_POINT('',#3914);
#1182=VERTEX_POINT('',#3916);
#1183=VERTEX_POINT('',#3918);
#1184=VERTEX_POINT('',#3922);
#1185=VERTEX_POINT('',#3923);
#1186=VERTEX_POINT('',#3928);
#1187=VERTEX_POINT('',#3929);
#1188=VERTEX_POINT('',#3934);
#1189=VERTEX_POINT('',#3935);
#1190=VERTEX_POINT('',#3940);
#1191=VERTEX_POINT('',#3941);
#1192=VERTEX_POINT('',#3946);
#1193=VERTEX_POINT('',#3947);
#1194=VERTEX_POINT('',#3952);
#1195=VERTEX_POINT('',#3953);
#1196=VERTEX_POINT('',#3961);
#1197=VERTEX_POINT('',#3963);
#1198=VERTEX_POINT('',#3967);
#1199=VERTEX_POINT('',#3971);
#1200=VERTEX_POINT('',#3975);
#1201=VERTEX_POINT('',#3979);
#1202=VERTEX_POINT('',#3980);
#1203=VERTEX_POINT('',#3982);
#1204=VERTEX_POINT('',#3984);
#1205=VERTEX_POINT('',#3986);
#1206=VERTEX_POINT('',#3988);
#1207=VERTEX_POINT('',#3990);
#1208=VERTEX_POINT('',#3992);
#1209=VERTEX_POINT('',#3994);
#1210=VERTEX_POINT('',#3996);
#1211=VERTEX_POINT('',#3998);
#1212=VERTEX_POINT('',#4000);
#1213=VERTEX_POINT('',#4007);
#1214=VERTEX_POINT('',#4011);
#1215=VERTEX_POINT('',#4023);
#1216=VERTEX_POINT('',#4029);
#1217=VERTEX_POINT('',#4039);
#1218=VERTEX_POINT('',#4043);
#1219=VERTEX_POINT('',#4050);
#1220=VERTEX_POINT('',#4051);
#1221=VERTEX_POINT('',#4053);
#1222=VERTEX_POINT('',#4055);
#1223=VERTEX_POINT('',#4057);
#1224=VERTEX_POINT('',#4059);
#1225=VERTEX_POINT('',#4061);
#1226=VERTEX_POINT('',#4063);
#1227=VERTEX_POINT('',#4067);
#1228=VERTEX_POINT('',#4069);
#1229=VERTEX_POINT('',#4073);
#1230=VERTEX_POINT('',#4077);
#1231=VERTEX_POINT('',#4081);
#1232=VERTEX_POINT('',#4085);
#1233=VERTEX_POINT('',#4087);
#1234=VERTEX_POINT('',#4089);
#1235=VERTEX_POINT('',#4092);
#1236=VERTEX_POINT('',#4094);
#1237=VERTEX_POINT('',#4096);
#1238=VERTEX_POINT('',#4098);
#1239=VERTEX_POINT('',#4100);
#1240=VERTEX_POINT('',#4103);
#1241=VERTEX_POINT('',#4105);
#1242=VERTEX_POINT('',#4107);
#1243=VERTEX_POINT('',#4109);
#1244=VERTEX_POINT('',#4111);
#1245=VERTEX_POINT('',#4113);
#1246=VERTEX_POINT('',#4115);
#1247=VERTEX_POINT('',#4117);
#1248=VERTEX_POINT('',#4119);
#1249=VERTEX_POINT('',#4121);
#1250=VERTEX_POINT('',#4123);
#1251=VERTEX_POINT('',#4127);
#1252=VERTEX_POINT('',#4129);
#1253=VERTEX_POINT('',#4133);
#1254=VERTEX_POINT('',#4135);
#1255=VERTEX_POINT('',#4137);
#1256=VERTEX_POINT('',#4142);
#1257=VERTEX_POINT('',#4144);
#1258=VERTEX_POINT('',#4146);
#1259=VERTEX_POINT('',#4148);
#1260=VERTEX_POINT('',#4150);
#1261=VERTEX_POINT('',#4152);
#1262=VERTEX_POINT('',#4163);
#1263=VERTEX_POINT('',#4166);
#1264=VERTEX_POINT('',#4168);
#1265=VERTEX_POINT('',#4170);
#1266=VERTEX_POINT('',#4174);
#1267=VERTEX_POINT('',#4176);
#1268=VERTEX_POINT('',#4178);
#1269=VERTEX_POINT('',#4180);
#1270=VERTEX_POINT('',#4185);
#1271=VERTEX_POINT('',#4187);
#1272=VERTEX_POINT('',#4191);
#1273=VERTEX_POINT('',#4193);
#1274=VERTEX_POINT('',#4197);
#1275=VERTEX_POINT('',#4201);
#1276=VERTEX_POINT('',#4207);
#1277=VERTEX_POINT('',#4210);
#1278=VERTEX_POINT('',#4214);
#1279=VERTEX_POINT('',#4216);
#1280=VERTEX_POINT('',#4220);
#1281=VERTEX_POINT('',#4222);
#1282=VERTEX_POINT('',#4224);
#1283=VERTEX_POINT('',#4227);
#1284=VERTEX_POINT('',#4238);
#1285=VERTEX_POINT('',#4246);
#1286=VERTEX_POINT('',#4257);
#1287=VERTEX_POINT('',#4264);
#1288=EDGE_CURVE('',#1067,#1068,#1051,.T.);
#1289=EDGE_CURVE('',#1068,#1069,#1052,.T.);
#1290=EDGE_CURVE('',#1069,#1067,#986,.T.);
#1291=EDGE_CURVE('',#1070,#1071,#1053,.T.);
#1292=EDGE_CURVE('',#1071,#1072,#1054,.T.);
#1293=EDGE_CURVE('',#1072,#1070,#987,.T.);
#1294=EDGE_CURVE('',#1073,#1074,#1055,.T.);
#1295=EDGE_CURVE('',#1074,#1075,#1056,.T.);
#1296=EDGE_CURVE('',#1075,#1073,#988,.T.);
#1297=EDGE_CURVE('',#1076,#1077,#1057,.T.);
#1298=EDGE_CURVE('',#1077,#1078,#1058,.T.);
#1299=EDGE_CURVE('',#1078,#1076,#989,.T.);
#1300=EDGE_CURVE('',#1079,#1080,#990,.T.);
#1301=EDGE_CURVE('',#1080,#1081,#991,.T.);
#1302=EDGE_CURVE('',#1081,#1082,#992,.T.);
#1303=EDGE_CURVE('',#1082,#1079,#993,.T.);
#1304=EDGE_CURVE('',#1083,#1084,#994,.T.);
#1305=EDGE_CURVE('',#1084,#1082,#120,.T.);
#1306=EDGE_CURVE('',#1081,#1083,#121,.T.);
#1307=EDGE_CURVE('',#1085,#1086,#995,.T.);
#1308=EDGE_CURVE('',#1086,#1084,#996,.T.);
#1309=EDGE_CURVE('',#1083,#1085,#997,.T.);
#1310=EDGE_CURVE('',#1087,#1088,#998,.T.);
#1311=EDGE_CURVE('',#1088,#1086,#122,.T.);
#1312=EDGE_CURVE('',#1085,#1087,#123,.T.);
#1313=EDGE_CURVE('',#1089,#1090,#999,.T.);
#1314=EDGE_CURVE('',#1090,#1088,#1000,.T.);
#1315=EDGE_CURVE('',#1087,#1089,#1001,.T.);
#1316=EDGE_CURVE('',#1077,#1090,#124,.T.);
#1317=EDGE_CURVE('',#1089,#1078,#125,.T.);
#1318=EDGE_CURVE('',#1067,#1091,#126,.T.);
#1319=EDGE_CURVE('',#1091,#1092,#1002,.T.);
#1320=EDGE_CURVE('',#1092,#1068,#127,.T.);
#1321=EDGE_CURVE('',#1093,#1094,#1003,.T.);
#1322=EDGE_CURVE('',#1094,#1092,#1004,.T.);
#1323=EDGE_CURVE('',#1091,#1093,#1005,.T.);
#1324=EDGE_CURVE('',#1093,#1080,#128,.T.);
#1325=EDGE_CURVE('',#1079,#1094,#129,.T.);
#1326=EDGE_CURVE('',#1074,#1077,#130,.T.);
#1327=EDGE_CURVE('',#1076,#1075,#131,.T.);
#1328=EDGE_CURVE('',#1071,#1074,#132,.T.);
#1329=EDGE_CURVE('',#1073,#1072,#133,.T.);
#1330=EDGE_CURVE('',#1068,#1071,#134,.T.);
#1331=EDGE_CURVE('',#1070,#1069,#135,.T.);
#1332=EDGE_CURVE('',#1095,#1076,#136,.T.);
#1333=EDGE_CURVE('',#1096,#1095,#137,.T.);
#1334=EDGE_CURVE('',#1075,#1096,#138,.T.);
#1335=EDGE_CURVE('',#1078,#1097,#139,.T.);
#1336=EDGE_CURVE('',#1098,#1097,#1059,.F.);
#1337=EDGE_CURVE('',#1095,#1098,#1060,.F.);
#1338=EDGE_CURVE('',#1099,#1089,#140,.T.);
#1339=EDGE_CURVE('',#1100,#1099,#141,.T.);
#1340=EDGE_CURVE('',#1101,#1100,#142,.T.);
#1341=EDGE_CURVE('',#1097,#1101,#143,.T.);
#1342=EDGE_CURVE('',#1087,#1102,#144,.T.);
#1343=EDGE_CURVE('',#1099,#1102,#1006,.T.);
#1344=EDGE_CURVE('',#1103,#1085,#145,.T.);
#1345=EDGE_CURVE('',#1102,#1103,#146,.T.);
#1346=EDGE_CURVE('',#1083,#1104,#147,.T.);
#1347=EDGE_CURVE('',#1103,#1104,#1007,.T.);
#1348=EDGE_CURVE('',#1105,#1081,#148,.T.);
#1349=EDGE_CURVE('',#1104,#1105,#149,.T.);
#1350=EDGE_CURVE('',#1080,#1106,#150,.T.);
#1351=EDGE_CURVE('',#1105,#1106,#1008,.T.);
#1352=EDGE_CURVE('',#1107,#1108,#151,.T.);
#1353=EDGE_CURVE('',#1107,#1109,#1009,.T.);
#1354=EDGE_CURVE('',#1109,#1110,#152,.T.);
#1355=EDGE_CURVE('',#1110,#1111,#1010,.T.);
#1356=EDGE_CURVE('',#1111,#1112,#153,.T.);
#1357=EDGE_CURVE('',#1112,#1113,#1011,.T.);
#1358=EDGE_CURVE('',#1113,#1114,#154,.T.);
#1359=EDGE_CURVE('',#1114,#1115,#1012,.T.);
#1360=EDGE_CURVE('',#1115,#1116,#155,.T.);
#1361=EDGE_CURVE('',#1117,#1116,#156,.T.);
#1362=EDGE_CURVE('',#1118,#1117,#1013,.T.);
#1363=EDGE_CURVE('',#1119,#1118,#157,.T.);
#1364=EDGE_CURVE('',#1108,#1119,#1014,.T.);
#1365=EDGE_CURVE('',#1120,#1100,#158,.F.);
#1366=EDGE_CURVE('',#1099,#1121,#159,.T.);
#1367=EDGE_CURVE('',#1121,#1120,#160,.T.);
#1368=EDGE_CURVE('',#1102,#1122,#161,.T.);
#1369=EDGE_CURVE('',#1122,#1121,#1015,.T.);
#1370=EDGE_CURVE('',#1103,#1123,#162,.T.);
#1371=EDGE_CURVE('',#1123,#1122,#163,.T.);
#1372=EDGE_CURVE('',#1104,#1124,#164,.T.);
#1373=EDGE_CURVE('',#1124,#1123,#1016,.T.);
#1374=EDGE_CURVE('',#1105,#1125,#165,.T.);
#1375=EDGE_CURVE('',#1125,#1124,#166,.T.);
#1376=EDGE_CURVE('',#1106,#1126,#167,.T.);
#1377=EDGE_CURVE('',#1126,#1125,#1017,.T.);
#1378=EDGE_CURVE('',#1127,#1128,#168,.T.);
#1379=EDGE_CURVE('',#1128,#1126,#169,.T.);
#1380=EDGE_CURVE('',#1106,#1127,#170,.T.);
#1381=EDGE_CURVE('',#1127,#1129,#1018,.T.);
#1382=EDGE_CURVE('',#1129,#1130,#171,.T.);
#1383=EDGE_CURVE('',#1130,#1128,#1019,.T.);
#1384=EDGE_CURVE('',#1131,#1132,#172,.F.);
#1385=EDGE_CURVE('',#1132,#1130,#173,.T.);
#1386=EDGE_CURVE('',#1129,#1131,#174,.T.);
#1387=EDGE_CURVE('',#1133,#1067,#175,.T.);
#1388=EDGE_CURVE('',#1134,#1133,#176,.T.);
#1389=EDGE_CURVE('',#1131,#1134,#177,.T.);
#1390=EDGE_CURVE('',#1091,#1129,#178,.T.);
#1391=EDGE_CURVE('',#1127,#1093,#179,.T.);
#1392=EDGE_CURVE('',#1135,#1136,#180,.T.);
#1393=EDGE_CURVE('',#1137,#1136,#181,.T.);
#1394=EDGE_CURVE('',#1107,#1137,#182,.T.);
#1395=EDGE_CURVE('',#1135,#1107,#1020,.T.);
#1396=EDGE_CURVE('',#1138,#1139,#183,.T.);
#1397=EDGE_CURVE('',#1139,#1140,#184,.T.);
#1398=EDGE_CURVE('',#1141,#1140,#1021,.T.);
#1399=EDGE_CURVE('',#1142,#1141,#185,.T.);
#1400=EDGE_CURVE('',#1142,#1138,#186,.T.);
#1401=EDGE_CURVE('',#1143,#1144,#1022,.T.);
#1402=EDGE_CURVE('',#1143,#1145,#187,.T.);
#1403=EDGE_CURVE('',#1146,#1145,#1023,.T.);
#1404=EDGE_CURVE('',#1146,#1144,#188,.T.);
#1405=EDGE_CURVE('',#1140,#1147,#189,.T.);
#1406=EDGE_CURVE('',#1147,#1148,#1024,.T.);
#1407=EDGE_CURVE('',#1148,#1141,#190,.T.);
#1408=EDGE_CURVE('',#1149,#1150,#1025,.T.);
#1409=EDGE_CURVE('',#1150,#1148,#1026,.T.);
#1410=EDGE_CURVE('',#1147,#1149,#1027,.T.);
#1411=EDGE_CURVE('',#1151,#1152,#1028,.F.);
#1412=EDGE_CURVE('',#1152,#1150,#191,.T.);
#1413=EDGE_CURVE('',#1149,#1151,#192,.T.);
#1414=EDGE_CURVE('',#1147,#1153,#193,.T.);
#1415=EDGE_CURVE('',#1154,#1153,#1029,.T.);
#1416=EDGE_CURVE('',#1154,#1149,#194,.T.);
#1417=EDGE_CURVE('',#1139,#1144,#195,.T.);
#1418=EDGE_CURVE('',#1153,#1146,#196,.T.);
#1419=EDGE_CURVE('',#1155,#1138,#197,.T.);
#1420=EDGE_CURVE('',#1156,#1155,#198,.T.);
#1421=EDGE_CURVE('',#1156,#1157,#199,.T.);
#1422=EDGE_CURVE('',#1158,#1157,#200,.T.);
#1423=EDGE_CURVE('',#1137,#1158,#1030,.T.);
#1424=EDGE_CURVE('',#1143,#1136,#201,.T.);
#1425=EDGE_CURVE('',#1116,#1159,#1031,.T.);
#1426=EDGE_CURVE('',#1159,#1154,#202,.T.);
#1427=EDGE_CURVE('',#1154,#1117,#1032,.T.);
#1428=EDGE_CURVE('',#1153,#1118,#1033,.T.);
#1429=EDGE_CURVE('',#1146,#1119,#1034,.T.);
#1430=EDGE_CURVE('',#1145,#1108,#1035,.T.);
#1431=EDGE_CURVE('',#1145,#1135,#203,.T.);
#1432=EDGE_CURVE('',#1160,#1159,#204,.T.);
#1433=EDGE_CURVE('',#1161,#1160,#205,.T.);
#1434=EDGE_CURVE('',#1162,#1161,#206,.T.);
#1435=EDGE_CURVE('',#1163,#1162,#207,.T.);
#1436=EDGE_CURVE('',#1151,#1163,#208,.T.);
#1437=EDGE_CURVE('',#1115,#1164,#209,.T.);
#1438=EDGE_CURVE('',#1164,#1165,#210,.T.);
#1439=EDGE_CURVE('',#1165,#1166,#211,.T.);
#1440=EDGE_CURVE('',#1166,#1160,#212,.T.);
#1441=EDGE_CURVE('',#1167,#1132,#213,.T.);
#1442=EDGE_CURVE('',#1168,#1167,#214,.T.);
#1443=EDGE_CURVE('',#1120,#1168,#215,.T.);
#1444=EDGE_CURVE('',#1096,#1169,#1061,.T.);
#1445=EDGE_CURVE('',#1169,#1170,#1062,.T.);
#1446=EDGE_CURVE('',#1170,#1073,#216,.T.);
#1447=EDGE_CURVE('',#1171,#1170,#217,.T.);
#1448=EDGE_CURVE('',#1172,#1171,#218,.T.);
#1449=EDGE_CURVE('',#1173,#1172,#219,.T.);
#1450=EDGE_CURVE('',#1174,#1173,#220,.T.);
#1451=EDGE_CURVE('',#1175,#1174,#221,.T.);
#1452=EDGE_CURVE('',#1072,#1175,#222,.T.);
#1453=EDGE_CURVE('',#1176,#1175,#1063,.F.);
#1454=EDGE_CURVE('',#1177,#1176,#1064,.F.);
#1455=EDGE_CURVE('',#1177,#1070,#223,.T.);
#1456=EDGE_CURVE('',#1069,#1178,#224,.T.);
#1457=EDGE_CURVE('',#1178,#1179,#1065,.T.);
#1458=EDGE_CURVE('',#1179,#1133,#1066,.T.);
#1459=EDGE_CURVE('',#1180,#1181,#225,.T.);
#1460=EDGE_CURVE('',#1181,#1182,#1036,.T.);
#1461=EDGE_CURVE('',#1182,#1183,#226,.T.);
#1462=EDGE_CURVE('',#1183,#1180,#1037,.T.);
#1463=EDGE_CURVE('',#1184,#1185,#227,.T.);
#1464=EDGE_CURVE('',#1185,#1181,#228,.T.);
#1465=EDGE_CURVE('',#1180,#1184,#229,.T.);
#1466=EDGE_CURVE('',#1186,#1187,#230,.T.);
#1467=EDGE_CURVE('',#1187,#1185,#1038,.T.);
#1468=EDGE_CURVE('',#1184,#1186,#1039,.T.);
#1469=EDGE_CURVE('',#1188,#1189,#231,.T.);
#1470=EDGE_CURVE('',#1189,#1187,#232,.T.);
#1471=EDGE_CURVE('',#1186,#1188,#233,.T.);
#1472=EDGE_CURVE('',#1190,#1191,#234,.T.);
#1473=EDGE_CURVE('',#1191,#1189,#1040,.T.);
#1474=EDGE_CURVE('',#1188,#1190,#1041,.T.);
#1475=EDGE_CURVE('',#1192,#1193,#235,.T.);
#1476=EDGE_CURVE('',#1193,#1191,#236,.T.);
#1477=EDGE_CURVE('',#1190,#1192,#237,.T.);
#1478=EDGE_CURVE('',#1194,#1195,#238,.T.);
#1479=EDGE_CURVE('',#1195,#1193,#1042,.T.);
#1480=EDGE_CURVE('',#1192,#1194,#1043,.T.);
#1481=EDGE_CURVE('',#1182,#1195,#239,.T.);
#1482=EDGE_CURVE('',#1194,#1183,#240,.T.);
#1483=EDGE_CURVE('',#1196,#1186,#241,.T.);
#1484=EDGE_CURVE('',#1197,#1196,#242,.T.);
#1485=EDGE_CURVE('',#1197,#1188,#243,.T.);
#1486=EDGE_CURVE('',#1198,#1184,#244,.T.);
#1487=EDGE_CURVE('',#1198,#1196,#1044,.T.);
#1488=EDGE_CURVE('',#1199,#1180,#245,.T.);
#1489=EDGE_CURVE('',#1198,#1199,#246,.T.);
#1490=EDGE_CURVE('',#1183,#1200,#247,.T.);
#1491=EDGE_CURVE('',#1200,#1199,#1045,.T.);
#1492=EDGE_CURVE('',#1201,#1202,#248,.T.);
#1493=EDGE_CURVE('',#1203,#1201,#249,.T.);
#1494=EDGE_CURVE('',#1204,#1203,#250,.T.);
#1495=EDGE_CURVE('',#1205,#1204,#251,.T.);
#1496=EDGE_CURVE('',#1206,#1205,#252,.T.);
#1497=EDGE_CURVE('',#1207,#1206,#253,.T.);
#1498=EDGE_CURVE('',#1208,#1207,#254,.T.);
#1499=EDGE_CURVE('',#1209,#1208,#255,.T.);
#1500=EDGE_CURVE('',#1210,#1209,#256,.T.);
#1501=EDGE_CURVE('',#1211,#1210,#257,.T.);
#1502=EDGE_CURVE('',#1212,#1211,#258,.T.);
#1503=EDGE_CURVE('',#1202,#1212,#259,.T.);
#1504=EDGE_CURVE('',#1207,#1171,#260,.T.);
#1505=EDGE_CURVE('',#1169,#1208,#261,.T.);
#1506=EDGE_CURVE('',#1206,#1213,#262,.T.);
#1507=EDGE_CURVE('',#1213,#1171,#263,.T.);
#1508=EDGE_CURVE('',#1205,#1214,#264,.T.);
#1509=EDGE_CURVE('',#1214,#1213,#265,.T.);
#1510=EDGE_CURVE('',#1204,#1174,#266,.T.);
#1511=EDGE_CURVE('',#1174,#1214,#267,.T.);
#1512=EDGE_CURVE('',#1176,#1203,#268,.F.);
#1513=EDGE_CURVE('',#1202,#1134,#269,.T.);
#1514=EDGE_CURVE('',#1179,#1201,#270,.T.);
#1515=EDGE_CURVE('',#1215,#1134,#271,.T.);
#1516=EDGE_CURVE('',#1212,#1215,#272,.T.);
#1517=EDGE_CURVE('',#1178,#1177,#273,.T.);
#1518=EDGE_CURVE('',#1216,#1215,#274,.T.);
#1519=EDGE_CURVE('',#1211,#1216,#275,.T.);
#1520=EDGE_CURVE('',#1101,#1216,#276,.T.);
#1521=EDGE_CURVE('',#1210,#1101,#277,.T.);
#1522=EDGE_CURVE('',#1098,#1209,#278,.F.);
#1523=EDGE_CURVE('',#1217,#1213,#279,.T.);
#1524=EDGE_CURVE('',#1217,#1172,#280,.T.);
#1525=EDGE_CURVE('',#1218,#1214,#281,.T.);
#1526=EDGE_CURVE('',#1218,#1217,#282,.T.);
#1527=EDGE_CURVE('',#1173,#1218,#283,.T.);
#1528=EDGE_CURVE('',#1219,#1220,#284,.T.);
#1529=EDGE_CURVE('',#1221,#1219,#285,.T.);
#1530=EDGE_CURVE('',#1222,#1221,#286,.T.);
#1531=EDGE_CURVE('',#1223,#1222,#287,.T.);
#1532=EDGE_CURVE('',#1224,#1223,#288,.T.);
#1533=EDGE_CURVE('',#1225,#1224,#289,.T.);
#1534=EDGE_CURVE('',#1226,#1225,#290,.T.);
#1535=EDGE_CURVE('',#1220,#1226,#291,.T.);
#1536=EDGE_CURVE('',#1227,#1223,#292,.T.);
#1537=EDGE_CURVE('',#1227,#1228,#293,.T.);
#1538=EDGE_CURVE('',#1224,#1228,#294,.T.);
#1539=EDGE_CURVE('',#1229,#1222,#295,.T.);
#1540=EDGE_CURVE('',#1229,#1227,#296,.T.);
#1541=EDGE_CURVE('',#1221,#1230,#297,.T.);
#1542=EDGE_CURVE('',#1230,#1229,#298,.T.);
#1543=EDGE_CURVE('',#1231,#1219,#299,.T.);
#1544=EDGE_CURVE('',#1231,#1230,#300,.T.);
#1545=EDGE_CURVE('',#1200,#1232,#301,.T.);
#1546=EDGE_CURVE('',#1233,#1232,#1046,.T.);
#1547=EDGE_CURVE('',#1233,#1234,#302,.T.);
#1548=EDGE_CURVE('',#1197,#1234,#1047,.T.);
#1549=EDGE_CURVE('',#1152,#1235,#303,.T.);
#1550=EDGE_CURVE('',#1235,#1236,#304,.T.);
#1551=EDGE_CURVE('',#1236,#1237,#305,.T.);
#1552=EDGE_CURVE('',#1237,#1238,#306,.T.);
#1553=EDGE_CURVE('',#1238,#1239,#307,.T.);
#1554=EDGE_CURVE('',#1239,#1231,#308,.T.);
#1555=EDGE_CURVE('',#1220,#1240,#309,.T.);
#1556=EDGE_CURVE('',#1240,#1241,#310,.T.);
#1557=EDGE_CURVE('',#1241,#1242,#311,.T.);
#1558=EDGE_CURVE('',#1242,#1243,#312,.T.);
#1559=EDGE_CURVE('',#1243,#1244,#313,.T.);
#1560=EDGE_CURVE('',#1244,#1245,#314,.T.);
#1561=EDGE_CURVE('',#1245,#1246,#315,.T.);
#1562=EDGE_CURVE('',#1246,#1247,#316,.T.);
#1563=EDGE_CURVE('',#1247,#1248,#317,.T.);
#1564=EDGE_CURVE('',#1248,#1249,#318,.T.);
#1565=EDGE_CURVE('',#1249,#1250,#319,.T.);
#1566=EDGE_CURVE('',#1250,#1142,#320,.T.);
#1567=EDGE_CURVE('',#1237,#1251,#321,.T.);
#1568=EDGE_CURVE('',#1236,#1252,#322,.T.);
#1569=EDGE_CURVE('',#1251,#1252,#323,.T.);
#1570=EDGE_CURVE('',#1253,#1235,#324,.T.);
#1571=EDGE_CURVE('',#1254,#1253,#325,.T.);
#1572=EDGE_CURVE('',#1255,#1254,#326,.T.);
#1573=EDGE_CURVE('',#1166,#1255,#327,.T.);
#1574=EDGE_CURVE('',#1252,#1165,#328,.T.);
#1575=EDGE_CURVE('',#1256,#1241,#329,.T.);
#1576=EDGE_CURVE('',#1257,#1256,#330,.T.);
#1577=EDGE_CURVE('',#1258,#1257,#331,.T.);
#1578=EDGE_CURVE('',#1259,#1258,#332,.T.);
#1579=EDGE_CURVE('',#1260,#1259,#333,.T.);
#1580=EDGE_CURVE('',#1261,#1260,#334,.T.);
#1581=EDGE_CURVE('',#1242,#1261,#335,.T.);
#1582=EDGE_CURVE('',#1161,#1255,#336,.T.);
#1583=EDGE_CURVE('',#1162,#1254,#337,.T.);
#1584=EDGE_CURVE('',#1253,#1163,#338,.T.);
#1585=EDGE_CURVE('',#1257,#1262,#339,.T.);
#1586=EDGE_CURVE('',#1112,#1262,#340,.T.);
#1587=EDGE_CURVE('',#1111,#1263,#341,.T.);
#1588=EDGE_CURVE('',#1263,#1264,#342,.T.);
#1589=EDGE_CURVE('',#1264,#1265,#343,.T.);
#1590=EDGE_CURVE('',#1265,#1258,#344,.T.);
#1591=EDGE_CURVE('',#1266,#1248,#345,.T.);
#1592=EDGE_CURVE('',#1267,#1266,#346,.T.);
#1593=EDGE_CURVE('',#1268,#1267,#347,.T.);
#1594=EDGE_CURVE('',#1269,#1268,#348,.T.);
#1595=EDGE_CURVE('',#1157,#1269,#349,.T.);
#1596=EDGE_CURVE('',#1249,#1156,#350,.T.);
#1597=EDGE_CURVE('',#1270,#1239,#351,.T.);
#1598=EDGE_CURVE('',#1271,#1270,#352,.T.);
#1599=EDGE_CURVE('',#1228,#1271,#353,.T.);
#1600=EDGE_CURVE('',#1272,#1268,#354,.T.);
#1601=EDGE_CURVE('',#1272,#1273,#355,.T.);
#1602=EDGE_CURVE('',#1269,#1273,#356,.T.);
#1603=EDGE_CURVE('',#1274,#1267,#357,.T.);
#1604=EDGE_CURVE('',#1274,#1272,#358,.T.);
#1605=EDGE_CURVE('',#1266,#1275,#359,.T.);
#1606=EDGE_CURVE('',#1275,#1274,#360,.T.);
#1607=EDGE_CURVE('',#1247,#1275,#361,.T.);
#1608=EDGE_CURVE('',#1271,#1276,#362,.T.);
#1609=EDGE_CURVE('',#1114,#1276,#363,.T.);
#1610=EDGE_CURVE('',#1113,#1277,#364,.T.);
#1611=EDGE_CURVE('',#1277,#1225,#365,.T.);
#1612=EDGE_CURVE('',#1278,#1246,#366,.T.);
#1613=EDGE_CURVE('',#1279,#1278,#367,.T.);
#1614=EDGE_CURVE('',#1273,#1279,#368,.T.);
#1615=EDGE_CURVE('',#1280,#1243,#369,.T.);
#1616=EDGE_CURVE('',#1281,#1280,#370,.T.);
#1617=EDGE_CURVE('',#1282,#1281,#371,.T.);
#1618=EDGE_CURVE('',#1265,#1282,#372,.T.);
#1619=EDGE_CURVE('',#1283,#1264,#373,.T.);
#1620=EDGE_CURVE('',#1244,#1283,#374,.T.);
#1621=EDGE_CURVE('',#1259,#1282,#375,.T.);
#1622=EDGE_CURVE('',#1260,#1281,#376,.T.);
#1623=EDGE_CURVE('',#1280,#1261,#377,.T.);
#1624=EDGE_CURVE('',#1226,#1284,#378,.T.);
#1625=EDGE_CURVE('',#1240,#1284,#379,.T.);
#1626=EDGE_CURVE('',#1284,#1256,#380,.T.);
#1627=EDGE_CURVE('',#1262,#1277,#1048,.T.);
#1628=EDGE_CURVE('',#1251,#1285,#381,.T.);
#1629=EDGE_CURVE('',#1238,#1285,#382,.T.);
#1630=EDGE_CURVE('',#1285,#1270,#383,.T.);
#1631=EDGE_CURVE('',#1276,#1164,#1049,.T.);
#1632=EDGE_CURVE('',#1250,#1155,#384,.T.);
#1633=EDGE_CURVE('',#1279,#1286,#385,.T.);
#1634=EDGE_CURVE('',#1110,#1286,#386,.T.);
#1635=EDGE_CURVE('',#1109,#1158,#387,.T.);
#1636=EDGE_CURVE('',#1286,#1263,#1050,.T.);
#1637=EDGE_CURVE('',#1283,#1287,#388,.T.);
#1638=EDGE_CURVE('',#1245,#1287,#389,.T.);
#1639=EDGE_CURVE('',#1287,#1278,#390,.T.);
#1640=EDGE_CURVE('',#1232,#1194,#391,.T.);
#1641=EDGE_CURVE('',#1168,#1216,#392,.T.);
#1642=EDGE_CURVE('',#1167,#1215,#393,.T.);
#1643=EDGE_CURVE('',#1233,#1192,#394,.T.);
#1644=EDGE_CURVE('',#1234,#1190,#395,.T.);
#1645=ORIENTED_EDGE('',*,*,#1288,.T.);
#1646=ORIENTED_EDGE('',*,*,#1289,.T.);
#1647=ORIENTED_EDGE('',*,*,#1290,.T.);
#1648=ORIENTED_EDGE('',*,*,#1291,.T.);
#1649=ORIENTED_EDGE('',*,*,#1292,.T.);
#1650=ORIENTED_EDGE('',*,*,#1293,.T.);
#1651=ORIENTED_EDGE('',*,*,#1294,.T.);
#1652=ORIENTED_EDGE('',*,*,#1295,.T.);
#1653=ORIENTED_EDGE('',*,*,#1296,.T.);
#1654=ORIENTED_EDGE('',*,*,#1297,.T.);
#1655=ORIENTED_EDGE('',*,*,#1298,.T.);
#1656=ORIENTED_EDGE('',*,*,#1299,.T.);
#1657=ORIENTED_EDGE('',*,*,#1300,.T.);
#1658=ORIENTED_EDGE('',*,*,#1301,.T.);
#1659=ORIENTED_EDGE('',*,*,#1302,.T.);
#1660=ORIENTED_EDGE('',*,*,#1303,.T.);
#1661=ORIENTED_EDGE('',*,*,#1304,.T.);
#1662=ORIENTED_EDGE('',*,*,#1305,.T.);
#1663=ORIENTED_EDGE('',*,*,#1302,.F.);
#1664=ORIENTED_EDGE('',*,*,#1306,.T.);
#1665=ORIENTED_EDGE('',*,*,#1307,.T.);
#1666=ORIENTED_EDGE('',*,*,#1308,.T.);
#1667=ORIENTED_EDGE('',*,*,#1304,.F.);
#1668=ORIENTED_EDGE('',*,*,#1309,.T.);
#1669=ORIENTED_EDGE('',*,*,#1310,.T.);
#1670=ORIENTED_EDGE('',*,*,#1311,.T.);
#1671=ORIENTED_EDGE('',*,*,#1307,.F.);
#1672=ORIENTED_EDGE('',*,*,#1312,.T.);
#1673=ORIENTED_EDGE('',*,*,#1313,.T.);
#1674=ORIENTED_EDGE('',*,*,#1314,.T.);
#1675=ORIENTED_EDGE('',*,*,#1310,.F.);
#1676=ORIENTED_EDGE('',*,*,#1315,.T.);
#1677=ORIENTED_EDGE('',*,*,#1298,.F.);
#1678=ORIENTED_EDGE('',*,*,#1316,.T.);
#1679=ORIENTED_EDGE('',*,*,#1313,.F.);
#1680=ORIENTED_EDGE('',*,*,#1317,.T.);
#1681=ORIENTED_EDGE('',*,*,#1288,.F.);
#1682=ORIENTED_EDGE('',*,*,#1318,.T.);
#1683=ORIENTED_EDGE('',*,*,#1319,.T.);
#1684=ORIENTED_EDGE('',*,*,#1320,.T.);
#1685=ORIENTED_EDGE('',*,*,#1321,.T.);
#1686=ORIENTED_EDGE('',*,*,#1322,.T.);
#1687=ORIENTED_EDGE('',*,*,#1319,.F.);
#1688=ORIENTED_EDGE('',*,*,#1323,.T.);
#1689=ORIENTED_EDGE('',*,*,#1321,.F.);
#1690=ORIENTED_EDGE('',*,*,#1324,.T.);
#1691=ORIENTED_EDGE('',*,*,#1300,.F.);
#1692=ORIENTED_EDGE('',*,*,#1325,.T.);
#1693=ORIENTED_EDGE('',*,*,#1295,.F.);
#1694=ORIENTED_EDGE('',*,*,#1326,.T.);
#1695=ORIENTED_EDGE('',*,*,#1297,.F.);
#1696=ORIENTED_EDGE('',*,*,#1327,.T.);
#1697=ORIENTED_EDGE('',*,*,#1292,.F.);
#1698=ORIENTED_EDGE('',*,*,#1328,.T.);
#1699=ORIENTED_EDGE('',*,*,#1294,.F.);
#1700=ORIENTED_EDGE('',*,*,#1329,.T.);
#1701=ORIENTED_EDGE('',*,*,#1289,.F.);
#1702=ORIENTED_EDGE('',*,*,#1330,.T.);
#1703=ORIENTED_EDGE('',*,*,#1291,.F.);
#1704=ORIENTED_EDGE('',*,*,#1331,.T.);
#1705=ORIENTED_EDGE('',*,*,#1327,.F.);
#1706=ORIENTED_EDGE('',*,*,#1332,.F.);
#1707=ORIENTED_EDGE('',*,*,#1333,.F.);
#1708=ORIENTED_EDGE('',*,*,#1334,.F.);
#1709=ORIENTED_EDGE('',*,*,#1299,.F.);
#1710=ORIENTED_EDGE('',*,*,#1335,.T.);
#1711=ORIENTED_EDGE('',*,*,#1336,.F.);
#1712=ORIENTED_EDGE('',*,*,#1337,.F.);
#1713=ORIENTED_EDGE('',*,*,#1332,.T.);
#1714=ORIENTED_EDGE('',*,*,#1317,.F.);
#1715=ORIENTED_EDGE('',*,*,#1338,.F.);
#1716=ORIENTED_EDGE('',*,*,#1339,.F.);
#1717=ORIENTED_EDGE('',*,*,#1340,.F.);
#1718=ORIENTED_EDGE('',*,*,#1341,.F.);
#1719=ORIENTED_EDGE('',*,*,#1335,.F.);
#1720=ORIENTED_EDGE('',*,*,#1315,.F.);
#1721=ORIENTED_EDGE('',*,*,#1342,.T.);
#1722=ORIENTED_EDGE('',*,*,#1343,.F.);
#1723=ORIENTED_EDGE('',*,*,#1338,.T.);
#1724=ORIENTED_EDGE('',*,*,#1312,.F.);
#1725=ORIENTED_EDGE('',*,*,#1344,.F.);
#1726=ORIENTED_EDGE('',*,*,#1345,.F.);
#1727=ORIENTED_EDGE('',*,*,#1342,.F.);
#1728=ORIENTED_EDGE('',*,*,#1309,.F.);
#1729=ORIENTED_EDGE('',*,*,#1346,.T.);
#1730=ORIENTED_EDGE('',*,*,#1347,.F.);
#1731=ORIENTED_EDGE('',*,*,#1344,.T.);
#1732=ORIENTED_EDGE('',*,*,#1306,.F.);
#1733=ORIENTED_EDGE('',*,*,#1348,.F.);
#1734=ORIENTED_EDGE('',*,*,#1349,.F.);
#1735=ORIENTED_EDGE('',*,*,#1346,.F.);
#1736=ORIENTED_EDGE('',*,*,#1301,.F.);
#1737=ORIENTED_EDGE('',*,*,#1350,.T.);
#1738=ORIENTED_EDGE('',*,*,#1351,.F.);
#1739=ORIENTED_EDGE('',*,*,#1348,.T.);
#1740=ORIENTED_EDGE('',*,*,#1320,.F.);
#1741=ORIENTED_EDGE('',*,*,#1322,.F.);
#1742=ORIENTED_EDGE('',*,*,#1325,.F.);
#1743=ORIENTED_EDGE('',*,*,#1303,.F.);
#1744=ORIENTED_EDGE('',*,*,#1305,.F.);
#1745=ORIENTED_EDGE('',*,*,#1308,.F.);
#1746=ORIENTED_EDGE('',*,*,#1311,.F.);
#1747=ORIENTED_EDGE('',*,*,#1314,.F.);
#1748=ORIENTED_EDGE('',*,*,#1316,.F.);
#1749=ORIENTED_EDGE('',*,*,#1326,.F.);
#1750=ORIENTED_EDGE('',*,*,#1328,.F.);
#1751=ORIENTED_EDGE('',*,*,#1330,.F.);
#1752=ORIENTED_EDGE('',*,*,#1352,.F.);
#1753=ORIENTED_EDGE('',*,*,#1353,.T.);
#1754=ORIENTED_EDGE('',*,*,#1354,.T.);
#1755=ORIENTED_EDGE('',*,*,#1355,.T.);
#1756=ORIENTED_EDGE('',*,*,#1356,.T.);
#1757=ORIENTED_EDGE('',*,*,#1357,.T.);
#1758=ORIENTED_EDGE('',*,*,#1358,.T.);
#1759=ORIENTED_EDGE('',*,*,#1359,.T.);
#1760=ORIENTED_EDGE('',*,*,#1360,.T.);
#1761=ORIENTED_EDGE('',*,*,#1361,.F.);
#1762=ORIENTED_EDGE('',*,*,#1362,.F.);
#1763=ORIENTED_EDGE('',*,*,#1363,.F.);
#1764=ORIENTED_EDGE('',*,*,#1364,.F.);
#1765=ORIENTED_EDGE('',*,*,#1365,.T.);
#1766=ORIENTED_EDGE('',*,*,#1339,.T.);
#1767=ORIENTED_EDGE('',*,*,#1366,.T.);
#1768=ORIENTED_EDGE('',*,*,#1367,.T.);
#1769=ORIENTED_EDGE('',*,*,#1366,.F.);
#1770=ORIENTED_EDGE('',*,*,#1343,.T.);
#1771=ORIENTED_EDGE('',*,*,#1368,.T.);
#1772=ORIENTED_EDGE('',*,*,#1369,.T.);
#1773=ORIENTED_EDGE('',*,*,#1370,.T.);
#1774=ORIENTED_EDGE('',*,*,#1371,.T.);
#1775=ORIENTED_EDGE('',*,*,#1368,.F.);
#1776=ORIENTED_EDGE('',*,*,#1345,.T.);
#1777=ORIENTED_EDGE('',*,*,#1370,.F.);
#1778=ORIENTED_EDGE('',*,*,#1347,.T.);
#1779=ORIENTED_EDGE('',*,*,#1372,.T.);
#1780=ORIENTED_EDGE('',*,*,#1373,.T.);
#1781=ORIENTED_EDGE('',*,*,#1374,.T.);
#1782=ORIENTED_EDGE('',*,*,#1375,.T.);
#1783=ORIENTED_EDGE('',*,*,#1372,.F.);
#1784=ORIENTED_EDGE('',*,*,#1349,.T.);
#1785=ORIENTED_EDGE('',*,*,#1374,.F.);
#1786=ORIENTED_EDGE('',*,*,#1351,.T.);
#1787=ORIENTED_EDGE('',*,*,#1376,.T.);
#1788=ORIENTED_EDGE('',*,*,#1377,.T.);
#1789=ORIENTED_EDGE('',*,*,#1378,.T.);
#1790=ORIENTED_EDGE('',*,*,#1379,.T.);
#1791=ORIENTED_EDGE('',*,*,#1376,.F.);
#1792=ORIENTED_EDGE('',*,*,#1380,.T.);
#1793=ORIENTED_EDGE('',*,*,#1378,.F.);
#1794=ORIENTED_EDGE('',*,*,#1381,.T.);
#1795=ORIENTED_EDGE('',*,*,#1382,.T.);
#1796=ORIENTED_EDGE('',*,*,#1383,.T.);
#1797=ORIENTED_EDGE('',*,*,#1384,.T.);
#1798=ORIENTED_EDGE('',*,*,#1385,.T.);
#1799=ORIENTED_EDGE('',*,*,#1382,.F.);
#1800=ORIENTED_EDGE('',*,*,#1386,.T.);
#1801=ORIENTED_EDGE('',*,*,#1318,.F.);
#1802=ORIENTED_EDGE('',*,*,#1387,.F.);
#1803=ORIENTED_EDGE('',*,*,#1388,.F.);
#1804=ORIENTED_EDGE('',*,*,#1389,.F.);
#1805=ORIENTED_EDGE('',*,*,#1386,.F.);
#1806=ORIENTED_EDGE('',*,*,#1390,.F.);
#1807=ORIENTED_EDGE('',*,*,#1323,.F.);
#1808=ORIENTED_EDGE('',*,*,#1390,.T.);
#1809=ORIENTED_EDGE('',*,*,#1381,.F.);
#1810=ORIENTED_EDGE('',*,*,#1391,.T.);
#1811=ORIENTED_EDGE('',*,*,#1324,.F.);
#1812=ORIENTED_EDGE('',*,*,#1391,.F.);
#1813=ORIENTED_EDGE('',*,*,#1380,.F.);
#1814=ORIENTED_EDGE('',*,*,#1350,.F.);
#1815=ORIENTED_EDGE('',*,*,#1392,.T.);
#1816=ORIENTED_EDGE('',*,*,#1393,.F.);
#1817=ORIENTED_EDGE('',*,*,#1394,.F.);
#1818=ORIENTED_EDGE('',*,*,#1395,.F.);
#1819=ORIENTED_EDGE('',*,*,#1396,.T.);
#1820=ORIENTED_EDGE('',*,*,#1397,.T.);
#1821=ORIENTED_EDGE('',*,*,#1398,.F.);
#1822=ORIENTED_EDGE('',*,*,#1399,.F.);
#1823=ORIENTED_EDGE('',*,*,#1400,.T.);
#1824=ORIENTED_EDGE('',*,*,#1401,.F.);
#1825=ORIENTED_EDGE('',*,*,#1402,.T.);
#1826=ORIENTED_EDGE('',*,*,#1403,.F.);
#1827=ORIENTED_EDGE('',*,*,#1404,.T.);
#1828=ORIENTED_EDGE('',*,*,#1398,.T.);
#1829=ORIENTED_EDGE('',*,*,#1405,.T.);
#1830=ORIENTED_EDGE('',*,*,#1406,.T.);
#1831=ORIENTED_EDGE('',*,*,#1407,.T.);
#1832=ORIENTED_EDGE('',*,*,#1408,.T.);
#1833=ORIENTED_EDGE('',*,*,#1409,.T.);
#1834=ORIENTED_EDGE('',*,*,#1406,.F.);
#1835=ORIENTED_EDGE('',*,*,#1410,.T.);
#1836=ORIENTED_EDGE('',*,*,#1411,.T.);
#1837=ORIENTED_EDGE('',*,*,#1412,.T.);
#1838=ORIENTED_EDGE('',*,*,#1408,.F.);
#1839=ORIENTED_EDGE('',*,*,#1413,.T.);
#1840=ORIENTED_EDGE('',*,*,#1410,.F.);
#1841=ORIENTED_EDGE('',*,*,#1414,.T.);
#1842=ORIENTED_EDGE('',*,*,#1415,.F.);
#1843=ORIENTED_EDGE('',*,*,#1416,.T.);
#1844=ORIENTED_EDGE('',*,*,#1397,.F.);
#1845=ORIENTED_EDGE('',*,*,#1417,.T.);
#1846=ORIENTED_EDGE('',*,*,#1404,.F.);
#1847=ORIENTED_EDGE('',*,*,#1418,.F.);
#1848=ORIENTED_EDGE('',*,*,#1414,.F.);
#1849=ORIENTED_EDGE('',*,*,#1405,.F.);
#1850=ORIENTED_EDGE('',*,*,#1396,.F.);
#1851=ORIENTED_EDGE('',*,*,#1419,.F.);
#1852=ORIENTED_EDGE('',*,*,#1420,.F.);
#1853=ORIENTED_EDGE('',*,*,#1421,.T.);
#1854=ORIENTED_EDGE('',*,*,#1422,.F.);
#1855=ORIENTED_EDGE('',*,*,#1423,.F.);
#1856=ORIENTED_EDGE('',*,*,#1393,.T.);
#1857=ORIENTED_EDGE('',*,*,#1424,.F.);
#1858=ORIENTED_EDGE('',*,*,#1401,.T.);
#1859=ORIENTED_EDGE('',*,*,#1417,.F.);
#1860=ORIENTED_EDGE('',*,*,#1425,.T.);
#1861=ORIENTED_EDGE('',*,*,#1426,.T.);
#1862=ORIENTED_EDGE('',*,*,#1427,.T.);
#1863=ORIENTED_EDGE('',*,*,#1361,.T.);
#1864=ORIENTED_EDGE('',*,*,#1428,.T.);
#1865=ORIENTED_EDGE('',*,*,#1362,.T.);
#1866=ORIENTED_EDGE('',*,*,#1427,.F.);
#1867=ORIENTED_EDGE('',*,*,#1415,.T.);
#1868=ORIENTED_EDGE('',*,*,#1429,.T.);
#1869=ORIENTED_EDGE('',*,*,#1363,.T.);
#1870=ORIENTED_EDGE('',*,*,#1428,.F.);
#1871=ORIENTED_EDGE('',*,*,#1418,.T.);
#1872=ORIENTED_EDGE('',*,*,#1430,.T.);
#1873=ORIENTED_EDGE('',*,*,#1364,.T.);
#1874=ORIENTED_EDGE('',*,*,#1429,.F.);
#1875=ORIENTED_EDGE('',*,*,#1403,.T.);
#1876=ORIENTED_EDGE('',*,*,#1395,.T.);
#1877=ORIENTED_EDGE('',*,*,#1352,.T.);
#1878=ORIENTED_EDGE('',*,*,#1430,.F.);
#1879=ORIENTED_EDGE('',*,*,#1431,.T.);
#1880=ORIENTED_EDGE('',*,*,#1413,.F.);
#1881=ORIENTED_EDGE('',*,*,#1416,.F.);
#1882=ORIENTED_EDGE('',*,*,#1426,.F.);
#1883=ORIENTED_EDGE('',*,*,#1432,.F.);
#1884=ORIENTED_EDGE('',*,*,#1433,.F.);
#1885=ORIENTED_EDGE('',*,*,#1434,.F.);
#1886=ORIENTED_EDGE('',*,*,#1435,.F.);
#1887=ORIENTED_EDGE('',*,*,#1436,.F.);
#1888=ORIENTED_EDGE('',*,*,#1425,.F.);
#1889=ORIENTED_EDGE('',*,*,#1360,.F.);
#1890=ORIENTED_EDGE('',*,*,#1437,.T.);
#1891=ORIENTED_EDGE('',*,*,#1438,.T.);
#1892=ORIENTED_EDGE('',*,*,#1439,.T.);
#1893=ORIENTED_EDGE('',*,*,#1440,.T.);
#1894=ORIENTED_EDGE('',*,*,#1432,.T.);
#1895=ORIENTED_EDGE('',*,*,#1392,.F.);
#1896=ORIENTED_EDGE('',*,*,#1431,.F.);
#1897=ORIENTED_EDGE('',*,*,#1402,.F.);
#1898=ORIENTED_EDGE('',*,*,#1424,.T.);
#1899=ORIENTED_EDGE('',*,*,#1385,.F.);
#1900=ORIENTED_EDGE('',*,*,#1441,.F.);
#1901=ORIENTED_EDGE('',*,*,#1442,.F.);
#1902=ORIENTED_EDGE('',*,*,#1443,.F.);
#1903=ORIENTED_EDGE('',*,*,#1367,.F.);
#1904=ORIENTED_EDGE('',*,*,#1369,.F.);
#1905=ORIENTED_EDGE('',*,*,#1371,.F.);
#1906=ORIENTED_EDGE('',*,*,#1373,.F.);
#1907=ORIENTED_EDGE('',*,*,#1375,.F.);
#1908=ORIENTED_EDGE('',*,*,#1377,.F.);
#1909=ORIENTED_EDGE('',*,*,#1379,.F.);
#1910=ORIENTED_EDGE('',*,*,#1383,.F.);
#1911=ORIENTED_EDGE('',*,*,#1296,.F.);
#1912=ORIENTED_EDGE('',*,*,#1334,.T.);
#1913=ORIENTED_EDGE('',*,*,#1444,.T.);
#1914=ORIENTED_EDGE('',*,*,#1445,.T.);
#1915=ORIENTED_EDGE('',*,*,#1446,.T.);
#1916=ORIENTED_EDGE('',*,*,#1329,.F.);
#1917=ORIENTED_EDGE('',*,*,#1446,.F.);
#1918=ORIENTED_EDGE('',*,*,#1447,.F.);
#1919=ORIENTED_EDGE('',*,*,#1448,.F.);
#1920=ORIENTED_EDGE('',*,*,#1449,.F.);
#1921=ORIENTED_EDGE('',*,*,#1450,.F.);
#1922=ORIENTED_EDGE('',*,*,#1451,.F.);
#1923=ORIENTED_EDGE('',*,*,#1452,.F.);
#1924=ORIENTED_EDGE('',*,*,#1293,.F.);
#1925=ORIENTED_EDGE('',*,*,#1452,.T.);
#1926=ORIENTED_EDGE('',*,*,#1453,.F.);
#1927=ORIENTED_EDGE('',*,*,#1454,.F.);
#1928=ORIENTED_EDGE('',*,*,#1455,.T.);
#1929=ORIENTED_EDGE('',*,*,#1290,.F.);
#1930=ORIENTED_EDGE('',*,*,#1456,.T.);
#1931=ORIENTED_EDGE('',*,*,#1457,.T.);
#1932=ORIENTED_EDGE('',*,*,#1458,.T.);
#1933=ORIENTED_EDGE('',*,*,#1387,.T.);
#1934=ORIENTED_EDGE('',*,*,#1459,.T.);
#1935=ORIENTED_EDGE('',*,*,#1460,.T.);
#1936=ORIENTED_EDGE('',*,*,#1461,.T.);
#1937=ORIENTED_EDGE('',*,*,#1462,.T.);
#1938=ORIENTED_EDGE('',*,*,#1463,.T.);
#1939=ORIENTED_EDGE('',*,*,#1464,.T.);
#1940=ORIENTED_EDGE('',*,*,#1459,.F.);
#1941=ORIENTED_EDGE('',*,*,#1465,.T.);
#1942=ORIENTED_EDGE('',*,*,#1466,.T.);
#1943=ORIENTED_EDGE('',*,*,#1467,.T.);
#1944=ORIENTED_EDGE('',*,*,#1463,.F.);
#1945=ORIENTED_EDGE('',*,*,#1468,.T.);
#1946=ORIENTED_EDGE('',*,*,#1469,.T.);
#1947=ORIENTED_EDGE('',*,*,#1470,.T.);
#1948=ORIENTED_EDGE('',*,*,#1466,.F.);
#1949=ORIENTED_EDGE('',*,*,#1471,.T.);
#1950=ORIENTED_EDGE('',*,*,#1472,.T.);
#1951=ORIENTED_EDGE('',*,*,#1473,.T.);
#1952=ORIENTED_EDGE('',*,*,#1469,.F.);
#1953=ORIENTED_EDGE('',*,*,#1474,.T.);
#1954=ORIENTED_EDGE('',*,*,#1475,.T.);
#1955=ORIENTED_EDGE('',*,*,#1476,.T.);
#1956=ORIENTED_EDGE('',*,*,#1472,.F.);
#1957=ORIENTED_EDGE('',*,*,#1477,.T.);
#1958=ORIENTED_EDGE('',*,*,#1478,.T.);
#1959=ORIENTED_EDGE('',*,*,#1479,.T.);
#1960=ORIENTED_EDGE('',*,*,#1475,.F.);
#1961=ORIENTED_EDGE('',*,*,#1480,.T.);
#1962=ORIENTED_EDGE('',*,*,#1461,.F.);
#1963=ORIENTED_EDGE('',*,*,#1481,.T.);
#1964=ORIENTED_EDGE('',*,*,#1478,.F.);
#1965=ORIENTED_EDGE('',*,*,#1482,.T.);
#1966=ORIENTED_EDGE('',*,*,#1471,.F.);
#1967=ORIENTED_EDGE('',*,*,#1483,.F.);
#1968=ORIENTED_EDGE('',*,*,#1484,.F.);
#1969=ORIENTED_EDGE('',*,*,#1485,.T.);
#1970=ORIENTED_EDGE('',*,*,#1468,.F.);
#1971=ORIENTED_EDGE('',*,*,#1486,.F.);
#1972=ORIENTED_EDGE('',*,*,#1487,.T.);
#1973=ORIENTED_EDGE('',*,*,#1483,.T.);
#1974=ORIENTED_EDGE('',*,*,#1465,.F.);
#1975=ORIENTED_EDGE('',*,*,#1488,.F.);
#1976=ORIENTED_EDGE('',*,*,#1489,.F.);
#1977=ORIENTED_EDGE('',*,*,#1486,.T.);
#1978=ORIENTED_EDGE('',*,*,#1462,.F.);
#1979=ORIENTED_EDGE('',*,*,#1490,.T.);
#1980=ORIENTED_EDGE('',*,*,#1491,.T.);
#1981=ORIENTED_EDGE('',*,*,#1488,.T.);
#1982=ORIENTED_EDGE('',*,*,#1460,.F.);
#1983=ORIENTED_EDGE('',*,*,#1464,.F.);
#1984=ORIENTED_EDGE('',*,*,#1467,.F.);
#1985=ORIENTED_EDGE('',*,*,#1470,.F.);
#1986=ORIENTED_EDGE('',*,*,#1473,.F.);
#1987=ORIENTED_EDGE('',*,*,#1476,.F.);
#1988=ORIENTED_EDGE('',*,*,#1479,.F.);
#1989=ORIENTED_EDGE('',*,*,#1481,.F.);
#1990=ORIENTED_EDGE('',*,*,#1492,.F.);
#1991=ORIENTED_EDGE('',*,*,#1493,.F.);
#1992=ORIENTED_EDGE('',*,*,#1494,.F.);
#1993=ORIENTED_EDGE('',*,*,#1495,.F.);
#1994=ORIENTED_EDGE('',*,*,#1496,.F.);
#1995=ORIENTED_EDGE('',*,*,#1497,.F.);
#1996=ORIENTED_EDGE('',*,*,#1498,.F.);
#1997=ORIENTED_EDGE('',*,*,#1499,.F.);
#1998=ORIENTED_EDGE('',*,*,#1500,.F.);
#1999=ORIENTED_EDGE('',*,*,#1501,.F.);
#2000=ORIENTED_EDGE('',*,*,#1502,.F.);
#2001=ORIENTED_EDGE('',*,*,#1503,.F.);
#2002=ORIENTED_EDGE('',*,*,#1498,.T.);
#2003=ORIENTED_EDGE('',*,*,#1504,.T.);
#2004=ORIENTED_EDGE('',*,*,#1447,.T.);
#2005=ORIENTED_EDGE('',*,*,#1445,.F.);
#2006=ORIENTED_EDGE('',*,*,#1505,.T.);
#2007=ORIENTED_EDGE('',*,*,#1497,.T.);
#2008=ORIENTED_EDGE('',*,*,#1506,.T.);
#2009=ORIENTED_EDGE('',*,*,#1507,.T.);
#2010=ORIENTED_EDGE('',*,*,#1504,.F.);
#2011=ORIENTED_EDGE('',*,*,#1496,.T.);
#2012=ORIENTED_EDGE('',*,*,#1508,.T.);
#2013=ORIENTED_EDGE('',*,*,#1509,.T.);
#2014=ORIENTED_EDGE('',*,*,#1506,.F.);
#2015=ORIENTED_EDGE('',*,*,#1495,.T.);
#2016=ORIENTED_EDGE('',*,*,#1510,.T.);
#2017=ORIENTED_EDGE('',*,*,#1511,.T.);
#2018=ORIENTED_EDGE('',*,*,#1508,.F.);
#2019=ORIENTED_EDGE('',*,*,#1494,.T.);
#2020=ORIENTED_EDGE('',*,*,#1512,.F.);
#2021=ORIENTED_EDGE('',*,*,#1453,.T.);
#2022=ORIENTED_EDGE('',*,*,#1451,.T.);
#2023=ORIENTED_EDGE('',*,*,#1510,.F.);
#2024=ORIENTED_EDGE('',*,*,#1492,.T.);
#2025=ORIENTED_EDGE('',*,*,#1513,.T.);
#2026=ORIENTED_EDGE('',*,*,#1388,.T.);
#2027=ORIENTED_EDGE('',*,*,#1458,.F.);
#2028=ORIENTED_EDGE('',*,*,#1514,.T.);
#2029=ORIENTED_EDGE('',*,*,#1515,.T.);
#2030=ORIENTED_EDGE('',*,*,#1513,.F.);
#2031=ORIENTED_EDGE('',*,*,#1503,.T.);
#2032=ORIENTED_EDGE('',*,*,#1516,.T.);
#2033=ORIENTED_EDGE('',*,*,#1493,.T.);
#2034=ORIENTED_EDGE('',*,*,#1514,.F.);
#2035=ORIENTED_EDGE('',*,*,#1457,.F.);
#2036=ORIENTED_EDGE('',*,*,#1517,.T.);
#2037=ORIENTED_EDGE('',*,*,#1454,.T.);
#2038=ORIENTED_EDGE('',*,*,#1512,.T.);
#2039=ORIENTED_EDGE('',*,*,#1518,.T.);
#2040=ORIENTED_EDGE('',*,*,#1516,.F.);
#2041=ORIENTED_EDGE('',*,*,#1502,.T.);
#2042=ORIENTED_EDGE('',*,*,#1519,.T.);
#2043=ORIENTED_EDGE('',*,*,#1520,.T.);
#2044=ORIENTED_EDGE('',*,*,#1519,.F.);
#2045=ORIENTED_EDGE('',*,*,#1501,.T.);
#2046=ORIENTED_EDGE('',*,*,#1521,.T.);
#2047=ORIENTED_EDGE('',*,*,#1341,.T.);
#2048=ORIENTED_EDGE('',*,*,#1521,.F.);
#2049=ORIENTED_EDGE('',*,*,#1500,.T.);
#2050=ORIENTED_EDGE('',*,*,#1522,.F.);
#2051=ORIENTED_EDGE('',*,*,#1336,.T.);
#2052=ORIENTED_EDGE('',*,*,#1333,.T.);
#2053=ORIENTED_EDGE('',*,*,#1337,.T.);
#2054=ORIENTED_EDGE('',*,*,#1522,.T.);
#2055=ORIENTED_EDGE('',*,*,#1499,.T.);
#2056=ORIENTED_EDGE('',*,*,#1505,.F.);
#2057=ORIENTED_EDGE('',*,*,#1444,.F.);
#2058=ORIENTED_EDGE('',*,*,#1507,.F.);
#2059=ORIENTED_EDGE('',*,*,#1523,.F.);
#2060=ORIENTED_EDGE('',*,*,#1524,.T.);
#2061=ORIENTED_EDGE('',*,*,#1448,.T.);
#2062=ORIENTED_EDGE('',*,*,#1509,.F.);
#2063=ORIENTED_EDGE('',*,*,#1525,.F.);
#2064=ORIENTED_EDGE('',*,*,#1526,.T.);
#2065=ORIENTED_EDGE('',*,*,#1523,.T.);
#2066=ORIENTED_EDGE('',*,*,#1511,.F.);
#2067=ORIENTED_EDGE('',*,*,#1450,.T.);
#2068=ORIENTED_EDGE('',*,*,#1527,.T.);
#2069=ORIENTED_EDGE('',*,*,#1525,.T.);
#2070=ORIENTED_EDGE('',*,*,#1331,.F.);
#2071=ORIENTED_EDGE('',*,*,#1455,.F.);
#2072=ORIENTED_EDGE('',*,*,#1517,.F.);
#2073=ORIENTED_EDGE('',*,*,#1456,.F.);
#2074=ORIENTED_EDGE('',*,*,#1528,.F.);
#2075=ORIENTED_EDGE('',*,*,#1529,.F.);
#2076=ORIENTED_EDGE('',*,*,#1530,.F.);
#2077=ORIENTED_EDGE('',*,*,#1531,.F.);
#2078=ORIENTED_EDGE('',*,*,#1532,.F.);
#2079=ORIENTED_EDGE('',*,*,#1533,.F.);
#2080=ORIENTED_EDGE('',*,*,#1534,.F.);
#2081=ORIENTED_EDGE('',*,*,#1535,.F.);
#2082=ORIENTED_EDGE('',*,*,#1532,.T.);
#2083=ORIENTED_EDGE('',*,*,#1536,.F.);
#2084=ORIENTED_EDGE('',*,*,#1537,.T.);
#2085=ORIENTED_EDGE('',*,*,#1538,.F.);
#2086=ORIENTED_EDGE('',*,*,#1531,.T.);
#2087=ORIENTED_EDGE('',*,*,#1539,.F.);
#2088=ORIENTED_EDGE('',*,*,#1540,.T.);
#2089=ORIENTED_EDGE('',*,*,#1536,.T.);
#2090=ORIENTED_EDGE('',*,*,#1530,.T.);
#2091=ORIENTED_EDGE('',*,*,#1541,.T.);
#2092=ORIENTED_EDGE('',*,*,#1542,.T.);
#2093=ORIENTED_EDGE('',*,*,#1539,.T.);
#2094=ORIENTED_EDGE('',*,*,#1529,.T.);
#2095=ORIENTED_EDGE('',*,*,#1543,.F.);
#2096=ORIENTED_EDGE('',*,*,#1544,.T.);
#2097=ORIENTED_EDGE('',*,*,#1541,.F.);
#2098=ORIENTED_EDGE('',*,*,#1545,.T.);
#2099=ORIENTED_EDGE('',*,*,#1546,.F.);
#2100=ORIENTED_EDGE('',*,*,#1547,.T.);
#2101=ORIENTED_EDGE('',*,*,#1548,.F.);
#2102=ORIENTED_EDGE('',*,*,#1484,.T.);
#2103=ORIENTED_EDGE('',*,*,#1487,.F.);
#2104=ORIENTED_EDGE('',*,*,#1489,.T.);
#2105=ORIENTED_EDGE('',*,*,#1491,.F.);
#2106=ORIENTED_EDGE('',*,*,#1412,.F.);
#2107=ORIENTED_EDGE('',*,*,#1549,.T.);
#2108=ORIENTED_EDGE('',*,*,#1550,.T.);
#2109=ORIENTED_EDGE('',*,*,#1551,.T.);
#2110=ORIENTED_EDGE('',*,*,#1552,.T.);
#2111=ORIENTED_EDGE('',*,*,#1553,.T.);
#2112=ORIENTED_EDGE('',*,*,#1554,.T.);
#2113=ORIENTED_EDGE('',*,*,#1543,.T.);
#2114=ORIENTED_EDGE('',*,*,#1528,.T.);
#2115=ORIENTED_EDGE('',*,*,#1555,.T.);
#2116=ORIENTED_EDGE('',*,*,#1556,.T.);
#2117=ORIENTED_EDGE('',*,*,#1557,.T.);
#2118=ORIENTED_EDGE('',*,*,#1558,.T.);
#2119=ORIENTED_EDGE('',*,*,#1559,.T.);
#2120=ORIENTED_EDGE('',*,*,#1560,.T.);
#2121=ORIENTED_EDGE('',*,*,#1561,.T.);
#2122=ORIENTED_EDGE('',*,*,#1562,.T.);
#2123=ORIENTED_EDGE('',*,*,#1563,.T.);
#2124=ORIENTED_EDGE('',*,*,#1564,.T.);
#2125=ORIENTED_EDGE('',*,*,#1565,.T.);
#2126=ORIENTED_EDGE('',*,*,#1566,.T.);
#2127=ORIENTED_EDGE('',*,*,#1399,.T.);
#2128=ORIENTED_EDGE('',*,*,#1407,.F.);
#2129=ORIENTED_EDGE('',*,*,#1409,.F.);
#2130=ORIENTED_EDGE('',*,*,#1567,.F.);
#2131=ORIENTED_EDGE('',*,*,#1551,.F.);
#2132=ORIENTED_EDGE('',*,*,#1568,.T.);
#2133=ORIENTED_EDGE('',*,*,#1569,.F.);
#2134=ORIENTED_EDGE('',*,*,#1550,.F.);
#2135=ORIENTED_EDGE('',*,*,#1570,.F.);
#2136=ORIENTED_EDGE('',*,*,#1571,.F.);
#2137=ORIENTED_EDGE('',*,*,#1572,.F.);
#2138=ORIENTED_EDGE('',*,*,#1573,.F.);
#2139=ORIENTED_EDGE('',*,*,#1439,.F.);
#2140=ORIENTED_EDGE('',*,*,#1574,.F.);
#2141=ORIENTED_EDGE('',*,*,#1568,.F.);
#2142=ORIENTED_EDGE('',*,*,#1557,.F.);
#2143=ORIENTED_EDGE('',*,*,#1575,.F.);
#2144=ORIENTED_EDGE('',*,*,#1576,.F.);
#2145=ORIENTED_EDGE('',*,*,#1577,.F.);
#2146=ORIENTED_EDGE('',*,*,#1578,.F.);
#2147=ORIENTED_EDGE('',*,*,#1579,.F.);
#2148=ORIENTED_EDGE('',*,*,#1580,.F.);
#2149=ORIENTED_EDGE('',*,*,#1581,.F.);
#2150=ORIENTED_EDGE('',*,*,#1573,.T.);
#2151=ORIENTED_EDGE('',*,*,#1582,.F.);
#2152=ORIENTED_EDGE('',*,*,#1433,.T.);
#2153=ORIENTED_EDGE('',*,*,#1440,.F.);
#2154=ORIENTED_EDGE('',*,*,#1572,.T.);
#2155=ORIENTED_EDGE('',*,*,#1583,.F.);
#2156=ORIENTED_EDGE('',*,*,#1434,.T.);
#2157=ORIENTED_EDGE('',*,*,#1582,.T.);
#2158=ORIENTED_EDGE('',*,*,#1571,.T.);
#2159=ORIENTED_EDGE('',*,*,#1584,.T.);
#2160=ORIENTED_EDGE('',*,*,#1435,.T.);
#2161=ORIENTED_EDGE('',*,*,#1583,.T.);
#2162=ORIENTED_EDGE('',*,*,#1570,.T.);
#2163=ORIENTED_EDGE('',*,*,#1549,.F.);
#2164=ORIENTED_EDGE('',*,*,#1411,.F.);
#2165=ORIENTED_EDGE('',*,*,#1436,.T.);
#2166=ORIENTED_EDGE('',*,*,#1584,.F.);
#2167=ORIENTED_EDGE('',*,*,#1577,.T.);
#2168=ORIENTED_EDGE('',*,*,#1585,.T.);
#2169=ORIENTED_EDGE('',*,*,#1586,.F.);
#2170=ORIENTED_EDGE('',*,*,#1356,.F.);
#2171=ORIENTED_EDGE('',*,*,#1587,.T.);
#2172=ORIENTED_EDGE('',*,*,#1588,.T.);
#2173=ORIENTED_EDGE('',*,*,#1589,.T.);
#2174=ORIENTED_EDGE('',*,*,#1590,.T.);
#2175=ORIENTED_EDGE('',*,*,#1564,.F.);
#2176=ORIENTED_EDGE('',*,*,#1591,.F.);
#2177=ORIENTED_EDGE('',*,*,#1592,.F.);
#2178=ORIENTED_EDGE('',*,*,#1593,.F.);
#2179=ORIENTED_EDGE('',*,*,#1594,.F.);
#2180=ORIENTED_EDGE('',*,*,#1595,.F.);
#2181=ORIENTED_EDGE('',*,*,#1421,.F.);
#2182=ORIENTED_EDGE('',*,*,#1596,.F.);
#2183=ORIENTED_EDGE('',*,*,#1554,.F.);
#2184=ORIENTED_EDGE('',*,*,#1597,.F.);
#2185=ORIENTED_EDGE('',*,*,#1598,.F.);
#2186=ORIENTED_EDGE('',*,*,#1599,.F.);
#2187=ORIENTED_EDGE('',*,*,#1537,.F.);
#2188=ORIENTED_EDGE('',*,*,#1540,.F.);
#2189=ORIENTED_EDGE('',*,*,#1542,.F.);
#2190=ORIENTED_EDGE('',*,*,#1544,.F.);
#2191=ORIENTED_EDGE('',*,*,#1594,.T.);
#2192=ORIENTED_EDGE('',*,*,#1600,.F.);
#2193=ORIENTED_EDGE('',*,*,#1601,.T.);
#2194=ORIENTED_EDGE('',*,*,#1602,.F.);
#2195=ORIENTED_EDGE('',*,*,#1593,.T.);
#2196=ORIENTED_EDGE('',*,*,#1603,.F.);
#2197=ORIENTED_EDGE('',*,*,#1604,.T.);
#2198=ORIENTED_EDGE('',*,*,#1600,.T.);
#2199=ORIENTED_EDGE('',*,*,#1592,.T.);
#2200=ORIENTED_EDGE('',*,*,#1605,.T.);
#2201=ORIENTED_EDGE('',*,*,#1606,.T.);
#2202=ORIENTED_EDGE('',*,*,#1603,.T.);
#2203=ORIENTED_EDGE('',*,*,#1591,.T.);
#2204=ORIENTED_EDGE('',*,*,#1563,.F.);
#2205=ORIENTED_EDGE('',*,*,#1607,.T.);
#2206=ORIENTED_EDGE('',*,*,#1605,.F.);
#2207=ORIENTED_EDGE('',*,*,#1533,.T.);
#2208=ORIENTED_EDGE('',*,*,#1538,.T.);
#2209=ORIENTED_EDGE('',*,*,#1599,.T.);
#2210=ORIENTED_EDGE('',*,*,#1608,.T.);
#2211=ORIENTED_EDGE('',*,*,#1609,.F.);
#2212=ORIENTED_EDGE('',*,*,#1358,.F.);
#2213=ORIENTED_EDGE('',*,*,#1610,.T.);
#2214=ORIENTED_EDGE('',*,*,#1611,.T.);
#2215=ORIENTED_EDGE('',*,*,#1607,.F.);
#2216=ORIENTED_EDGE('',*,*,#1562,.F.);
#2217=ORIENTED_EDGE('',*,*,#1612,.F.);
#2218=ORIENTED_EDGE('',*,*,#1613,.F.);
#2219=ORIENTED_EDGE('',*,*,#1614,.F.);
#2220=ORIENTED_EDGE('',*,*,#1601,.F.);
#2221=ORIENTED_EDGE('',*,*,#1604,.F.);
#2222=ORIENTED_EDGE('',*,*,#1606,.F.);
#2223=ORIENTED_EDGE('',*,*,#1559,.F.);
#2224=ORIENTED_EDGE('',*,*,#1615,.F.);
#2225=ORIENTED_EDGE('',*,*,#1616,.F.);
#2226=ORIENTED_EDGE('',*,*,#1617,.F.);
#2227=ORIENTED_EDGE('',*,*,#1618,.F.);
#2228=ORIENTED_EDGE('',*,*,#1589,.F.);
#2229=ORIENTED_EDGE('',*,*,#1619,.F.);
#2230=ORIENTED_EDGE('',*,*,#1620,.F.);
#2231=ORIENTED_EDGE('',*,*,#1578,.T.);
#2232=ORIENTED_EDGE('',*,*,#1590,.F.);
#2233=ORIENTED_EDGE('',*,*,#1618,.T.);
#2234=ORIENTED_EDGE('',*,*,#1621,.F.);
#2235=ORIENTED_EDGE('',*,*,#1579,.T.);
#2236=ORIENTED_EDGE('',*,*,#1621,.T.);
#2237=ORIENTED_EDGE('',*,*,#1617,.T.);
#2238=ORIENTED_EDGE('',*,*,#1622,.F.);
#2239=ORIENTED_EDGE('',*,*,#1580,.T.);
#2240=ORIENTED_EDGE('',*,*,#1622,.T.);
#2241=ORIENTED_EDGE('',*,*,#1616,.T.);
#2242=ORIENTED_EDGE('',*,*,#1623,.T.);
#2243=ORIENTED_EDGE('',*,*,#1581,.T.);
#2244=ORIENTED_EDGE('',*,*,#1623,.F.);
#2245=ORIENTED_EDGE('',*,*,#1615,.T.);
#2246=ORIENTED_EDGE('',*,*,#1558,.F.);
#2247=ORIENTED_EDGE('',*,*,#1555,.F.);
#2248=ORIENTED_EDGE('',*,*,#1535,.T.);
#2249=ORIENTED_EDGE('',*,*,#1624,.T.);
#2250=ORIENTED_EDGE('',*,*,#1625,.F.);
#2251=ORIENTED_EDGE('',*,*,#1556,.F.);
#2252=ORIENTED_EDGE('',*,*,#1625,.T.);
#2253=ORIENTED_EDGE('',*,*,#1626,.T.);
#2254=ORIENTED_EDGE('',*,*,#1575,.T.);
#2255=ORIENTED_EDGE('',*,*,#1611,.F.);
#2256=ORIENTED_EDGE('',*,*,#1627,.F.);
#2257=ORIENTED_EDGE('',*,*,#1585,.F.);
#2258=ORIENTED_EDGE('',*,*,#1576,.T.);
#2259=ORIENTED_EDGE('',*,*,#1626,.F.);
#2260=ORIENTED_EDGE('',*,*,#1624,.F.);
#2261=ORIENTED_EDGE('',*,*,#1534,.T.);
#2262=ORIENTED_EDGE('',*,*,#1552,.F.);
#2263=ORIENTED_EDGE('',*,*,#1567,.T.);
#2264=ORIENTED_EDGE('',*,*,#1628,.T.);
#2265=ORIENTED_EDGE('',*,*,#1629,.F.);
#2266=ORIENTED_EDGE('',*,*,#1553,.F.);
#2267=ORIENTED_EDGE('',*,*,#1629,.T.);
#2268=ORIENTED_EDGE('',*,*,#1630,.T.);
#2269=ORIENTED_EDGE('',*,*,#1597,.T.);
#2270=ORIENTED_EDGE('',*,*,#1438,.F.);
#2271=ORIENTED_EDGE('',*,*,#1631,.F.);
#2272=ORIENTED_EDGE('',*,*,#1608,.F.);
#2273=ORIENTED_EDGE('',*,*,#1598,.T.);
#2274=ORIENTED_EDGE('',*,*,#1630,.F.);
#2275=ORIENTED_EDGE('',*,*,#1628,.F.);
#2276=ORIENTED_EDGE('',*,*,#1569,.T.);
#2277=ORIENTED_EDGE('',*,*,#1574,.T.);
#2278=ORIENTED_EDGE('',*,*,#1565,.F.);
#2279=ORIENTED_EDGE('',*,*,#1596,.T.);
#2280=ORIENTED_EDGE('',*,*,#1420,.T.);
#2281=ORIENTED_EDGE('',*,*,#1632,.F.);
#2282=ORIENTED_EDGE('',*,*,#1566,.F.);
#2283=ORIENTED_EDGE('',*,*,#1632,.T.);
#2284=ORIENTED_EDGE('',*,*,#1419,.T.);
#2285=ORIENTED_EDGE('',*,*,#1400,.F.);
#2286=ORIENTED_EDGE('',*,*,#1595,.T.);
#2287=ORIENTED_EDGE('',*,*,#1602,.T.);
#2288=ORIENTED_EDGE('',*,*,#1614,.T.);
#2289=ORIENTED_EDGE('',*,*,#1633,.T.);
#2290=ORIENTED_EDGE('',*,*,#1634,.F.);
#2291=ORIENTED_EDGE('',*,*,#1354,.F.);
#2292=ORIENTED_EDGE('',*,*,#1635,.T.);
#2293=ORIENTED_EDGE('',*,*,#1422,.T.);
#2294=ORIENTED_EDGE('',*,*,#1636,.T.);
#2295=ORIENTED_EDGE('',*,*,#1587,.F.);
#2296=ORIENTED_EDGE('',*,*,#1355,.F.);
#2297=ORIENTED_EDGE('',*,*,#1634,.T.);
#2298=ORIENTED_EDGE('',*,*,#1560,.F.);
#2299=ORIENTED_EDGE('',*,*,#1620,.T.);
#2300=ORIENTED_EDGE('',*,*,#1637,.T.);
#2301=ORIENTED_EDGE('',*,*,#1638,.F.);
#2302=ORIENTED_EDGE('',*,*,#1561,.F.);
#2303=ORIENTED_EDGE('',*,*,#1638,.T.);
#2304=ORIENTED_EDGE('',*,*,#1639,.T.);
#2305=ORIENTED_EDGE('',*,*,#1612,.T.);
#2306=ORIENTED_EDGE('',*,*,#1639,.F.);
#2307=ORIENTED_EDGE('',*,*,#1637,.F.);
#2308=ORIENTED_EDGE('',*,*,#1619,.T.);
#2309=ORIENTED_EDGE('',*,*,#1588,.F.);
#2310=ORIENTED_EDGE('',*,*,#1636,.F.);
#2311=ORIENTED_EDGE('',*,*,#1633,.F.);
#2312=ORIENTED_EDGE('',*,*,#1613,.T.);
#2313=ORIENTED_EDGE('',*,*,#1482,.F.);
#2314=ORIENTED_EDGE('',*,*,#1640,.F.);
#2315=ORIENTED_EDGE('',*,*,#1545,.F.);
#2316=ORIENTED_EDGE('',*,*,#1490,.F.);
#2317=ORIENTED_EDGE('',*,*,#1449,.T.);
#2318=ORIENTED_EDGE('',*,*,#1524,.F.);
#2319=ORIENTED_EDGE('',*,*,#1526,.F.);
#2320=ORIENTED_EDGE('',*,*,#1527,.F.);
#2321=ORIENTED_EDGE('',*,*,#1520,.F.);
#2322=ORIENTED_EDGE('',*,*,#1340,.T.);
#2323=ORIENTED_EDGE('',*,*,#1365,.F.);
#2324=ORIENTED_EDGE('',*,*,#1443,.T.);
#2325=ORIENTED_EDGE('',*,*,#1641,.T.);
#2326=ORIENTED_EDGE('',*,*,#1518,.F.);
#2327=ORIENTED_EDGE('',*,*,#1641,.F.);
#2328=ORIENTED_EDGE('',*,*,#1442,.T.);
#2329=ORIENTED_EDGE('',*,*,#1642,.T.);
#2330=ORIENTED_EDGE('',*,*,#1515,.F.);
#2331=ORIENTED_EDGE('',*,*,#1642,.F.);
#2332=ORIENTED_EDGE('',*,*,#1441,.T.);
#2333=ORIENTED_EDGE('',*,*,#1384,.F.);
#2334=ORIENTED_EDGE('',*,*,#1389,.T.);
#2335=ORIENTED_EDGE('',*,*,#1423,.T.);
#2336=ORIENTED_EDGE('',*,*,#1635,.F.);
#2337=ORIENTED_EDGE('',*,*,#1353,.F.);
#2338=ORIENTED_EDGE('',*,*,#1394,.T.);
#2339=ORIENTED_EDGE('',*,*,#1627,.T.);
#2340=ORIENTED_EDGE('',*,*,#1610,.F.);
#2341=ORIENTED_EDGE('',*,*,#1357,.F.);
#2342=ORIENTED_EDGE('',*,*,#1586,.T.);
#2343=ORIENTED_EDGE('',*,*,#1631,.T.);
#2344=ORIENTED_EDGE('',*,*,#1437,.F.);
#2345=ORIENTED_EDGE('',*,*,#1359,.F.);
#2346=ORIENTED_EDGE('',*,*,#1609,.T.);
#2347=ORIENTED_EDGE('',*,*,#1480,.F.);
#2348=ORIENTED_EDGE('',*,*,#1643,.F.);
#2349=ORIENTED_EDGE('',*,*,#1546,.T.);
#2350=ORIENTED_EDGE('',*,*,#1640,.T.);
#2351=ORIENTED_EDGE('',*,*,#1477,.F.);
#2352=ORIENTED_EDGE('',*,*,#1644,.F.);
#2353=ORIENTED_EDGE('',*,*,#1547,.F.);
#2354=ORIENTED_EDGE('',*,*,#1643,.T.);
#2355=ORIENTED_EDGE('',*,*,#1474,.F.);
#2356=ORIENTED_EDGE('',*,*,#1485,.F.);
#2357=ORIENTED_EDGE('',*,*,#1548,.T.);
#2358=ORIENTED_EDGE('',*,*,#1644,.T.);
#2359=B_SPLINE_SURFACE_WITH_KNOTS('',3,3,((#3437,#3438,#3439,#3440,#3441,
#3442),(#3443,#3444,#3445,#3446,#3447,#3448),(#3449,#3450,#3451,#3452,#3453,
#3454),(#3455,#3456,#3457,#3458,#3459,#3460),(#3461,#3462,#3463,#3464,#3465,
#3466)),.UNSPECIFIED.,.F.,.F.,.F.,(4,1,4),(4,1,1,4),(0.,0.571428571428571,
1.),(1.38777878078145E-16,0.448798950512828,0.897597901025655,1.5707963267949),
 .UNSPECIFIED.);
#2360=B_SPLINE_SURFACE_WITH_KNOTS('',3,3,((#3473,#3474,#3475,#3476,#3477,
#3478),(#3479,#3480,#3481,#3482,#3483,#3484),(#3485,#3486,#3487,#3488,#3489,
#3490),(#3491,#3492,#3493,#3494,#3495,#3496),(#3497,#3498,#3499,#3500,#3501,
#3502)),.UNSPECIFIED.,.F.,.F.,.F.,(4,1,4),(4,1,1,4),(0.,0.571428571428571,
1.),(6.93889390390723E-17,0.448798950512825,0.673198425769238,1.57079632679489),
 .UNSPECIFIED.);
#2361=B_SPLINE_SURFACE_WITH_KNOTS('',3,3,((#3509,#3510,#3511,#3512,#3513,
#3514),(#3515,#3516,#3517,#3518,#3519,#3520),(#3521,#3522,#3523,#3524,#3525,
#3526),(#3527,#3528,#3529,#3530,#3531,#3532),(#3533,#3534,#3535,#3536,#3537,
#3538)),.UNSPECIFIED.,.F.,.F.,.F.,(4,1,4),(4,1,1,4),(0.,0.571428571428571,
1.),(6.93889390390723E-17,0.448798950512825,0.673198425769238,1.57079632679489),
 .UNSPECIFIED.);
#2362=B_SPLINE_SURFACE_WITH_KNOTS('',3,3,((#3545,#3546,#3547,#3548,#3549,
#3550),(#3551,#3552,#3553,#3554,#3555,#3556),(#3557,#3558,#3559,#3560,#3561,
#3562),(#3563,#3564,#3565,#3566,#3567,#3568),(#3569,#3570,#3571,#3572,#3573,
#3574)),.UNSPECIFIED.,.F.,.F.,.F.,(4,1,4),(4,1,1,4),(0.,0.571428571428571,
1.),(1.38777878078145E-16,0.448798950512826,0.897597901025651,1.57079632679489),
 .UNSPECIFIED.);
#2363=ADVANCED_FACE('',(#705),#2359,.T.);
#2364=ADVANCED_FACE('',(#706),#2360,.T.);
#2365=ADVANCED_FACE('',(#707),#2361,.T.);
#2366=ADVANCED_FACE('',(#708),#2362,.T.);
#2367=ADVANCED_FACE('',(#709),#703,.T.);
#2368=ADVANCED_FACE('',(#710),#672,.F.);
#2369=ADVANCED_FACE('',(#711),#704,.T.);
#2370=ADVANCED_FACE('',(#712),#673,.F.);
#2371=ADVANCED_FACE('',(#713),#115,.F.);
#2372=ADVANCED_FACE('',(#714),#674,.F.);
#2373=ADVANCED_FACE('',(#715),#675,.F.);
#2374=ADVANCED_FACE('',(#716),#116,.F.);
#2375=ADVANCED_FACE('',(#717),#676,.F.);
#2376=ADVANCED_FACE('',(#718),#677,.F.);
#2377=ADVANCED_FACE('',(#719),#678,.F.);
#2378=ADVANCED_FACE('',(#720),#679,.F.);
#2379=ADVANCED_FACE('',(#721),#26,.F.);
#2380=ADVANCED_FACE('',(#722),#680,.F.);
#2381=ADVANCED_FACE('',(#723),#27,.F.);
#2382=ADVANCED_FACE('',(#724),#681,.T.);
#2383=ADVANCED_FACE('',(#725),#28,.T.);
#2384=ADVANCED_FACE('',(#726),#682,.F.);
#2385=ADVANCED_FACE('',(#727),#29,.T.);
#2386=ADVANCED_FACE('',(#728),#683,.F.);
#2387=ADVANCED_FACE('',(#729,#23),#30,.T.);
#2388=ADVANCED_FACE('',(#730),#31,.T.);
#2389=ADVANCED_FACE('',(#731),#15,.T.);
#2390=ADVANCED_FACE('',(#732),#32,.T.);
#2391=ADVANCED_FACE('',(#733),#16,.F.);
#2392=ADVANCED_FACE('',(#734),#33,.T.);
#2393=ADVANCED_FACE('',(#735),#17,.F.);
#2394=ADVANCED_FACE('',(#736),#34,.T.);
#2395=ADVANCED_FACE('',(#737),#18,.T.);
#2396=ADVANCED_FACE('',(#738),#35,.T.);
#2397=ADVANCED_FACE('',(#739),#36,.F.);
#2398=ADVANCED_FACE('',(#740),#684,.T.);
#2399=ADVANCED_FACE('',(#741),#37,.T.);
#2400=ADVANCED_FACE('',(#742),#38,.F.);
#2401=ADVANCED_FACE('',(#743),#39,.F.);
#2402=ADVANCED_FACE('',(#744),#685,.F.);
#2403=ADVANCED_FACE('',(#745),#686,.T.);
#2404=ADVANCED_FACE('',(#746),#117,.T.);
#2405=ADVANCED_FACE('',(#747),#687,.T.);
#2406=ADVANCED_FACE('',(#748),#688,.F.);
#2407=ADVANCED_FACE('',(#749),#40,.F.);
#2408=ADVANCED_FACE('',(#750),#41,.F.);
#2409=ADVANCED_FACE('',(#751),#689,.T.);
#2410=ADVANCED_FACE('',(#752),#118,.T.);
#2411=ADVANCED_FACE('',(#753),#690,.T.);
#2412=ADVANCED_FACE('',(#754),#119,.T.);
#2413=ADVANCED_FACE('',(#755),#691,.T.);
#2414=ADVANCED_FACE('',(#756),#42,.F.);
#2415=ADVANCED_FACE('',(#757),#43,.F.);
#2416=ADVANCED_FACE('',(#758),#44,.F.);
#2417=ADVANCED_FACE('',(#759),#45,.T.);
#2418=ADVANCED_FACE('',(#760),#692,.F.);
#2419=ADVANCED_FACE('',(#761),#46,.T.);
#2420=ADVANCED_FACE('',(#762),#693,.F.);
#2421=ADVANCED_FACE('',(#763),#694,.F.);
#2422=ADVANCED_FACE('',(#764),#19,.T.);
#2423=ADVANCED_FACE('',(#765),#47,.T.);
#2424=ADVANCED_FACE('',(#766),#20,.T.);
#2425=ADVANCED_FACE('',(#767),#48,.T.);
#2426=ADVANCED_FACE('',(#768),#21,.T.);
#2427=ADVANCED_FACE('',(#769),#49,.T.);
#2428=ADVANCED_FACE('',(#770),#22,.T.);
#2429=ADVANCED_FACE('',(#771),#50,.T.);
#2430=ADVANCED_FACE('',(#772),#51,.T.);
#2431=ADVANCED_FACE('',(#773),#695,.T.);
#2432=ADVANCED_FACE('',(#774),#52,.T.);
#2433=ADVANCED_FACE('',(#775),#696,.T.);
#2434=ADVANCED_FACE('',(#776,#24),#53,.T.);
#2435=ADVANCED_FACE('',(#777),#54,.T.);
#2436=ADVANCED_FACE('',(#778),#55,.T.);
#2437=ADVANCED_FACE('',(#779),#56,.T.);
#2438=ADVANCED_FACE('',(#780),#57,.T.);
#2439=ADVANCED_FACE('',(#781),#58,.T.);
#2440=ADVANCED_FACE('',(#782),#59,.T.);
#2441=ADVANCED_FACE('',(#783),#60,.T.);
#2442=ADVANCED_FACE('',(#784),#61,.T.);
#2443=ADVANCED_FACE('',(#785),#62,.T.);
#2444=ADVANCED_FACE('',(#786),#63,.T.);
#2445=ADVANCED_FACE('',(#787),#64,.T.);
#2446=ADVANCED_FACE('',(#788),#65,.T.);
#2447=ADVANCED_FACE('',(#789),#66,.T.);
#2448=ADVANCED_FACE('',(#790),#67,.T.);
#2449=ADVANCED_FACE('',(#791),#68,.T.);
#2450=ADVANCED_FACE('',(#792),#69,.F.);
#2451=ADVANCED_FACE('',(#793),#70,.F.);
#2452=ADVANCED_FACE('',(#794),#71,.T.);
#2453=ADVANCED_FACE('',(#795),#72,.T.);
#2454=ADVANCED_FACE('',(#796),#73,.F.);
#2455=ADVANCED_FACE('',(#797),#74,.T.);
#2456=ADVANCED_FACE('',(#798,#25),#75,.F.);
#2457=ADVANCED_FACE('',(#799),#76,.F.);
#2458=ADVANCED_FACE('',(#800),#77,.F.);
#2459=ADVANCED_FACE('',(#801),#78,.F.);
#2460=ADVANCED_FACE('',(#802),#79,.T.);
#2461=ADVANCED_FACE('',(#803),#80,.T.);
#2462=ADVANCED_FACE('',(#804),#81,.F.);
#2463=ADVANCED_FACE('',(#805),#82,.T.);
#2464=ADVANCED_FACE('',(#806),#83,.F.);
#2465=ADVANCED_FACE('',(#807),#84,.F.);
#2466=ADVANCED_FACE('',(#808),#85,.F.);
#2467=ADVANCED_FACE('',(#809),#86,.T.);
#2468=ADVANCED_FACE('',(#810),#87,.T.);
#2469=ADVANCED_FACE('',(#811),#88,.F.);
#2470=ADVANCED_FACE('',(#812),#89,.T.);
#2471=ADVANCED_FACE('',(#813),#90,.F.);
#2472=ADVANCED_FACE('',(#814),#91,.F.);
#2473=ADVANCED_FACE('',(#815),#92,.F.);
#2474=ADVANCED_FACE('',(#816),#93,.T.);
#2475=ADVANCED_FACE('',(#817),#94,.T.);
#2476=ADVANCED_FACE('',(#818),#95,.F.);
#2477=ADVANCED_FACE('',(#819),#96,.T.);
#2478=ADVANCED_FACE('',(#820),#97,.F.);
#2479=ADVANCED_FACE('',(#821),#98,.F.);
#2480=ADVANCED_FACE('',(#822),#99,.F.);
#2481=ADVANCED_FACE('',(#823),#100,.F.);
#2482=ADVANCED_FACE('',(#824),#101,.F.);
#2483=ADVANCED_FACE('',(#825),#102,.F.);
#2484=ADVANCED_FACE('',(#826),#103,.F.);
#2485=ADVANCED_FACE('',(#827),#104,.F.);
#2486=ADVANCED_FACE('',(#828),#105,.F.);
#2487=ADVANCED_FACE('',(#829),#697,.F.);
#2488=ADVANCED_FACE('',(#830),#106,.F.);
#2489=ADVANCED_FACE('',(#831),#107,.F.);
#2490=ADVANCED_FACE('',(#832),#108,.T.);
#2491=ADVANCED_FACE('',(#833),#109,.T.);
#2492=ADVANCED_FACE('',(#834),#110,.T.);
#2493=ADVANCED_FACE('',(#835),#111,.T.);
#2494=ADVANCED_FACE('',(#836),#112,.T.);
#2495=ADVANCED_FACE('',(#837),#113,.T.);
#2496=ADVANCED_FACE('',(#838),#698,.F.);
#2497=ADVANCED_FACE('',(#839),#699,.F.);
#2498=ADVANCED_FACE('',(#840),#700,.F.);
#2499=ADVANCED_FACE('',(#841),#701,.T.);
#2500=ADVANCED_FACE('',(#842),#114,.T.);
#2501=ADVANCED_FACE('',(#843),#702,.T.);
#2502=CLOSED_SHELL('',(#2363,#2364,#2365,#2366,#2367,#2368,#2369,#2370,
#2371,#2372,#2373,#2374,#2375,#2376,#2377,#2378,#2379,#2380,#2381,#2382,
#2383,#2384,#2385,#2386,#2387,#2388,#2389,#2390,#2391,#2392,#2393,#2394,
#2395,#2396,#2397,#2398,#2399,#2400,#2401,#2402,#2403,#2404,#2405,#2406,
#2407,#2408,#2409,#2410,#2411,#2412,#2413,#2414,#2415,#2416,#2417,#2418,
#2419,#2420,#2421,#2422,#2423,#2424,#2425,#2426,#2427,#2428,#2429,#2430,
#2431,#2432,#2433,#2434,#2435,#2436,#2437,#2438,#2439,#2440,#2441,#2442,
#2443,#2444,#2445,#2446,#2447,#2448,#2449,#2450,#2451,#2452,#2453,#2454,
#2455,#2456,#2457,#2458,#2459,#2460,#2461,#2462,#2463,#2464,#2465,#2466,
#2467,#2468,#2469,#2470,#2471,#2472,#2473,#2474,#2475,#2476,#2477,#2478,
#2479,#2480,#2481,#2482,#2483,#2484,#2485,#2486,#2487,#2488,#2489,#2490,
#2491,#2492,#2493,#2494,#2495,#2496,#2497,#2498,#2499,#2500,#2501));
#2503=DERIVED_UNIT_ELEMENT(#2505,1.);
#2504=DERIVED_UNIT_ELEMENT(#4291,-3.);
#2505=(
MASS_UNIT()
NAMED_UNIT(*)
SI_UNIT(.KILO.,.GRAM.)
);
#2506=DERIVED_UNIT((#2503,#2504));
#2507=MEASURE_REPRESENTATION_ITEM('density measure',
POSITIVE_RATIO_MEASURE(7850.),#2506);
#2508=PROPERTY_DEFINITION_REPRESENTATION(#2513,#2510);
#2509=PROPERTY_DEFINITION_REPRESENTATION(#2514,#2511);
#2510=REPRESENTATION('material name',(#2512),#4288);
#2511=REPRESENTATION('density',(#2507),#4288);
#2512=DESCRIPTIVE_REPRESENTATION_ITEM('Steel','Steel');
#2513=PROPERTY_DEFINITION('material property','material name',#4298);
#2514=PROPERTY_DEFINITION('material property','density of part',#4298);
#2515=AXIS2_PLACEMENT_3D('',#3436,#2730,#2731);
#2516=AXIS2_PLACEMENT_3D('',#3469,#2732,#2733);
#2517=AXIS2_PLACEMENT_3D('',#3471,#2734,#2735);
#2518=AXIS2_PLACEMENT_3D('',#3472,#2736,#2737);
#2519=AXIS2_PLACEMENT_3D('',#3505,#2738,#2739);
#2520=AXIS2_PLACEMENT_3D('',#3507,#2740,#2741);
#2521=AXIS2_PLACEMENT_3D('',#3508,#2742,#2743);
#2522=AXIS2_PLACEMENT_3D('',#3541,#2744,#2745);
#2523=AXIS2_PLACEMENT_3D('',#3543,#2746,#2747);
#2524=AXIS2_PLACEMENT_3D('',#3544,#2748,#2749);
#2525=AXIS2_PLACEMENT_3D('',#3577,#2750,#2751);
#2526=AXIS2_PLACEMENT_3D('',#3579,#2752,#2753);
#2527=AXIS2_PLACEMENT_3D('',#3580,#2754,#2755);
#2528=AXIS2_PLACEMENT_3D('',#3592,#2756,#2757);
#2529=AXIS2_PLACEMENT_3D('',#3594,#2758,#2759);
#2530=AXIS2_PLACEMENT_3D('',#3596,#2760,#2761);
#2531=AXIS2_PLACEMENT_3D('',#3597,#2762,#2763);
#2532=AXIS2_PLACEMENT_3D('',#3598,#2764,#2765);
#2533=AXIS2_PLACEMENT_3D('',#3601,#2766,#2767);
#2534=AXIS2_PLACEMENT_3D('',#3615,#2770,#2771);
#2535=AXIS2_PLACEMENT_3D('',#3616,#2772,#2773);
#2536=AXIS2_PLACEMENT_3D('',#3617,#2774,#2775);
#2537=AXIS2_PLACEMENT_3D('',#3618,#2776,#2777);
#2538=AXIS2_PLACEMENT_3D('',#3621,#2778,#2779);
#2539=AXIS2_PLACEMENT_3D('',#3624,#2782,#2783);
#2540=AXIS2_PLACEMENT_3D('',#3627,#2784,#2785);
#2541=AXIS2_PLACEMENT_3D('',#3628,#2786,#2787);
#2542=AXIS2_PLACEMENT_3D('',#3629,#2788,#2789);
#2543=AXIS2_PLACEMENT_3D('',#3630,#2790,#2791);
#2544=AXIS2_PLACEMENT_3D('',#3633,#2794,#2795);
#2545=AXIS2_PLACEMENT_3D('',#3637,#2797,#2798);
#2546=AXIS2_PLACEMENT_3D('',#3639,#2800,#2801);
#2547=AXIS2_PLACEMENT_3D('',#3642,#2802,#2803);
#2548=AXIS2_PLACEMENT_3D('',#3643,#2804,#2805);
#2549=AXIS2_PLACEMENT_3D('',#3644,#2806,#2807);
#2550=AXIS2_PLACEMENT_3D('',#3645,#2808,#2809);
#2551=AXIS2_PLACEMENT_3D('',#3648,#2812,#2813);
#2552=AXIS2_PLACEMENT_3D('',#3651,#2816,#2817);
#2553=AXIS2_PLACEMENT_3D('',#3654,#2820,#2821);
#2554=AXIS2_PLACEMENT_3D('',#3657,#2824,#2825);
#2555=AXIS2_PLACEMENT_3D('',#3663,#2829,#2830);
#2556=AXIS2_PLACEMENT_3D('',#3667,#2832,#2833);
#2557=AXIS2_PLACEMENT_3D('',#3668,#2834,#2835);
#2558=AXIS2_PLACEMENT_3D('',#3669,#2836,#2837);
#2559=AXIS2_PLACEMENT_3D('',#3677,#2842,#2843);
#2560=AXIS2_PLACEMENT_3D('',#3680,#2845,#2846);
#2561=AXIS2_PLACEMENT_3D('',#3681,#2847,#2848);
#2562=AXIS2_PLACEMENT_3D('',#3685,#2851,#2852);
#2563=AXIS2_PLACEMENT_3D('',#3688,#2854,#2855);
#2564=AXIS2_PLACEMENT_3D('',#3689,#2856,#2857);
#2565=AXIS2_PLACEMENT_3D('',#3693,#2860,#2861);
#2566=AXIS2_PLACEMENT_3D('',#3696,#2863,#2864);
#2567=AXIS2_PLACEMENT_3D('',#3697,#2865,#2866);
#2568=AXIS2_PLACEMENT_3D('',#3702,#2868,#2869);
#2569=AXIS2_PLACEMENT_3D('',#3706,#2871,#2872);
#2570=AXIS2_PLACEMENT_3D('',#3710,#2874,#2875);
#2571=AXIS2_PLACEMENT_3D('',#3714,#2877,#2878);
#2572=AXIS2_PLACEMENT_3D('',#3720,#2881,#2882);
#2573=AXIS2_PLACEMENT_3D('',#3723,#2884,#2885);
#2574=AXIS2_PLACEMENT_3D('',#3724,#2886,#2887);
#2575=AXIS2_PLACEMENT_3D('',#3730,#2891,#2892);
#2576=AXIS2_PLACEMENT_3D('',#3733,#2894,#2895);
#2577=AXIS2_PLACEMENT_3D('',#3734,#2896,#2897);
#2578=AXIS2_PLACEMENT_3D('',#3738,#2900,#2901);
#2579=AXIS2_PLACEMENT_3D('',#3741,#2903,#2904);
#2580=AXIS2_PLACEMENT_3D('',#3742,#2905,#2906);
#2581=AXIS2_PLACEMENT_3D('',#3746,#2909,#2910);
#2582=AXIS2_PLACEMENT_3D('',#3749,#2912,#2913);
#2583=AXIS2_PLACEMENT_3D('',#3750,#2914,#2915);
#2584=AXIS2_PLACEMENT_3D('',#3756,#2919,#2920);
#2585=AXIS2_PLACEMENT_3D('',#3758,#2921,#2922);
#2586=AXIS2_PLACEMENT_3D('',#3761,#2924,#2925);
#2587=AXIS2_PLACEMENT_3D('',#3762,#2926,#2927);
#2588=AXIS2_PLACEMENT_3D('',#3768,#2931,#2932);
#2589=AXIS2_PLACEMENT_3D('',#3775,#2937,#2938);
#2590=AXIS2_PLACEMENT_3D('',#3777,#2940,#2941);
#2591=AXIS2_PLACEMENT_3D('',#3778,#2942,#2943);
#2592=AXIS2_PLACEMENT_3D('',#3785,#2947,#2948);
#2593=AXIS2_PLACEMENT_3D('',#3786,#2949,#2950);
#2594=AXIS2_PLACEMENT_3D('',#3793,#2953,#2954);
#2595=AXIS2_PLACEMENT_3D('',#3797,#2957,#2958);
#2596=AXIS2_PLACEMENT_3D('',#3800,#2959,#2960);
#2597=AXIS2_PLACEMENT_3D('',#3804,#2962,#2963);
#2598=AXIS2_PLACEMENT_3D('',#3806,#2965,#2966);
#2599=AXIS2_PLACEMENT_3D('',#3810,#2968,#2969);
#2600=AXIS2_PLACEMENT_3D('',#3812,#2971,#2972);
#2601=AXIS2_PLACEMENT_3D('',#3815,#2973,#2974);
#2602=AXIS2_PLACEMENT_3D('',#3816,#2975,#2976);
#2603=AXIS2_PLACEMENT_3D('',#3817,#2977,#2978);
#2604=AXIS2_PLACEMENT_3D('',#3818,#2979,#2980);
#2605=AXIS2_PLACEMENT_3D('',#3821,#2981,#2982);
#2606=AXIS2_PLACEMENT_3D('',#3824,#2985,#2986);
#2607=AXIS2_PLACEMENT_3D('',#3828,#2988,#2989);
#2608=AXIS2_PLACEMENT_3D('',#3830,#2991,#2992);
#2609=AXIS2_PLACEMENT_3D('',#3833,#2995,#2996);
#2610=AXIS2_PLACEMENT_3D('',#3842,#3001,#3002);
#2611=AXIS2_PLACEMENT_3D('',#3844,#3004,#3005);
#2612=AXIS2_PLACEMENT_3D('',#3846,#3006,#3007);
#2613=AXIS2_PLACEMENT_3D('',#3848,#3009,#3010);
#2614=AXIS2_PLACEMENT_3D('',#3849,#3011,#3012);
#2615=AXIS2_PLACEMENT_3D('',#3850,#3013,#3014);
#2616=AXIS2_PLACEMENT_3D('',#3851,#3015,#3016);
#2617=AXIS2_PLACEMENT_3D('',#3852,#3017,#3018);
#2618=AXIS2_PLACEMENT_3D('',#3853,#3019,#3020);
#2619=AXIS2_PLACEMENT_3D('',#3854,#3021,#3022);
#2620=AXIS2_PLACEMENT_3D('',#3855,#3023,#3024);
#2621=AXIS2_PLACEMENT_3D('',#3857,#3026,#3027);
#2622=AXIS2_PLACEMENT_3D('',#3867,#3033,#3034);
#2623=AXIS2_PLACEMENT_3D('',#3875,#3039,#3040);
#2624=AXIS2_PLACEMENT_3D('',#3876,#3041,#3042);
#2625=AXIS2_PLACEMENT_3D('',#3882,#3046,#3047);
#2626=AXIS2_PLACEMENT_3D('',#3884,#3048,#3049);
#2627=AXIS2_PLACEMENT_3D('',#3886,#3050,#3051);
#2628=AXIS2_PLACEMENT_3D('',#3888,#3053,#3054);
#2629=AXIS2_PLACEMENT_3D('',#3900,#3061,#3062);
#2630=AXIS2_PLACEMENT_3D('',#3902,#3063,#3064);
#2631=AXIS2_PLACEMENT_3D('',#3904,#3065,#3066);
#2632=AXIS2_PLACEMENT_3D('',#3906,#3068,#3069);
#2633=AXIS2_PLACEMENT_3D('',#3910,#3071,#3072);
#2634=AXIS2_PLACEMENT_3D('',#3911,#3073,#3074);
#2635=AXIS2_PLACEMENT_3D('',#3912,#3075,#3076);
#2636=AXIS2_PLACEMENT_3D('',#3917,#3078,#3079);
#2637=AXIS2_PLACEMENT_3D('',#3920,#3081,#3082);
#2638=AXIS2_PLACEMENT_3D('',#3921,#3083,#3084);
#2639=AXIS2_PLACEMENT_3D('',#3927,#3088,#3089);
#2640=AXIS2_PLACEMENT_3D('',#3931,#3091,#3092);
#2641=AXIS2_PLACEMENT_3D('',#3932,#3093,#3094);
#2642=AXIS2_PLACEMENT_3D('',#3933,#3095,#3096);
#2643=AXIS2_PLACEMENT_3D('',#3939,#3100,#3101);
#2644=AXIS2_PLACEMENT_3D('',#3943,#3103,#3104);
#2645=AXIS2_PLACEMENT_3D('',#3944,#3105,#3106);
#2646=AXIS2_PLACEMENT_3D('',#3945,#3107,#3108);
#2647=AXIS2_PLACEMENT_3D('',#3951,#3112,#3113);
#2648=AXIS2_PLACEMENT_3D('',#3955,#3115,#3116);
#2649=AXIS2_PLACEMENT_3D('',#3956,#3117,#3118);
#2650=AXIS2_PLACEMENT_3D('',#3957,#3119,#3120);
#2651=AXIS2_PLACEMENT_3D('',#3960,#3123,#3124);
#2652=AXIS2_PLACEMENT_3D('',#3966,#3128,#3129);
#2653=AXIS2_PLACEMENT_3D('',#3969,#3131,#3132);
#2654=AXIS2_PLACEMENT_3D('',#3970,#3133,#3134);
#2655=AXIS2_PLACEMENT_3D('',#3974,#3137,#3138);
#2656=AXIS2_PLACEMENT_3D('',#3977,#3140,#3141);
#2657=AXIS2_PLACEMENT_3D('',#3978,#3142,#3143);
#2658=AXIS2_PLACEMENT_3D('',#4003,#3156,#3157);
#2659=AXIS2_PLACEMENT_3D('',#4006,#3160,#3161);
#2660=AXIS2_PLACEMENT_3D('',#4010,#3164,#3165);
#2661=AXIS2_PLACEMENT_3D('',#4014,#3168,#3169);
#2662=AXIS2_PLACEMENT_3D('',#4017,#3172,#3173);
#2663=AXIS2_PLACEMENT_3D('',#4019,#3175,#3176);
#2664=AXIS2_PLACEMENT_3D('',#4022,#3179,#3180);
#2665=AXIS2_PLACEMENT_3D('',#4026,#3183,#3184);
#2666=AXIS2_PLACEMENT_3D('',#4028,#3186,#3187);
#2667=AXIS2_PLACEMENT_3D('',#4032,#3190,#3191);
#2668=AXIS2_PLACEMENT_3D('',#4035,#3194,#3195);
#2669=AXIS2_PLACEMENT_3D('',#4037,#3197,#3198);
#2670=AXIS2_PLACEMENT_3D('',#4038,#3199,#3200);
#2671=AXIS2_PLACEMENT_3D('',#4042,#3203,#3204);
#2672=AXIS2_PLACEMENT_3D('',#4046,#3207,#3208);
#2673=AXIS2_PLACEMENT_3D('',#4048,#3210,#3211);
#2674=AXIS2_PLACEMENT_3D('',#4049,#3212,#3213);
#2675=AXIS2_PLACEMENT_3D('',#4066,#3222,#3223);
#2676=AXIS2_PLACEMENT_3D('',#4072,#3227,#3228);
#2677=AXIS2_PLACEMENT_3D('',#4076,#3231,#3232);
#2678=AXIS2_PLACEMENT_3D('',#4080,#3235,#3236);
#2679=AXIS2_PLACEMENT_3D('',#4084,#3239,#3240);
#2680=AXIS2_PLACEMENT_3D('',#4088,#3242,#3243);
#2681=AXIS2_PLACEMENT_3D('',#4091,#3245,#3246);
#2682=AXIS2_PLACEMENT_3D('',#4126,#3265,#3266);
#2683=AXIS2_PLACEMENT_3D('',#4132,#3270,#3271);
#2684=AXIS2_PLACEMENT_3D('',#4141,#3277,#3278);
#2685=AXIS2_PLACEMENT_3D('',#4155,#3286,#3287);
#2686=AXIS2_PLACEMENT_3D('',#4157,#3289,#3290);
#2687=AXIS2_PLACEMENT_3D('',#4159,#3292,#3293);
#2688=AXIS2_PLACEMENT_3D('',#4161,#3295,#3296);
#2689=AXIS2_PLACEMENT_3D('',#4162,#3297,#3298);
#2690=AXIS2_PLACEMENT_3D('',#4173,#3305,#3306);
#2691=AXIS2_PLACEMENT_3D('',#4184,#3313,#3314);
#2692=AXIS2_PLACEMENT_3D('',#4190,#3318,#3319);
#2693=AXIS2_PLACEMENT_3D('',#4196,#3323,#3324);
#2694=AXIS2_PLACEMENT_3D('',#4200,#3327,#3328);
#2695=AXIS2_PLACEMENT_3D('',#4204,#3331,#3332);
#2696=AXIS2_PLACEMENT_3D('',#4206,#3334,#3335);
#2697=AXIS2_PLACEMENT_3D('',#4213,#3340,#3341);
#2698=AXIS2_PLACEMENT_3D('',#4219,#3345,#3346);
#2699=AXIS2_PLACEMENT_3D('',#4230,#3353,#3354);
#2700=AXIS2_PLACEMENT_3D('',#4232,#3356,#3357);
#2701=AXIS2_PLACEMENT_3D('',#4234,#3359,#3360);
#2702=AXIS2_PLACEMENT_3D('',#4236,#3362,#3363);
#2703=AXIS2_PLACEMENT_3D('',#4237,#3364,#3365);
#2704=AXIS2_PLACEMENT_3D('',#4241,#3368,#3369);
#2705=AXIS2_PLACEMENT_3D('',#4243,#3371,#3372);
#2706=AXIS2_PLACEMENT_3D('',#4244,#3373,#3374);
#2707=AXIS2_PLACEMENT_3D('',#4245,#3375,#3376);
#2708=AXIS2_PLACEMENT_3D('',#4249,#3379,#3380);
#2709=AXIS2_PLACEMENT_3D('',#4251,#3382,#3383);
#2710=AXIS2_PLACEMENT_3D('',#4252,#3384,#3385);
#2711=AXIS2_PLACEMENT_3D('',#4253,#3386,#3387);
#2712=AXIS2_PLACEMENT_3D('',#4255,#3389,#3390);
#2713=AXIS2_PLACEMENT_3D('',#4256,#3391,#3392);
#2714=AXIS2_PLACEMENT_3D('',#4261,#3396,#3397);
#2715=AXIS2_PLACEMENT_3D('',#4262,#3398,#3399);
#2716=AXIS2_PLACEMENT_3D('',#4263,#3400,#3401);
#2717=AXIS2_PLACEMENT_3D('',#4267,#3404,#3405);
#2718=AXIS2_PLACEMENT_3D('',#4269,#3407,#3408);
#2719=AXIS2_PLACEMENT_3D('',#4270,#3409,#3410);
#2720=AXIS2_PLACEMENT_3D('',#4272,#3412,#3413);
#2721=AXIS2_PLACEMENT_3D('',#4273,#3414,#3415);
#2722=AXIS2_PLACEMENT_3D('',#4275,#3417,#3418);
#2723=AXIS2_PLACEMENT_3D('',#4277,#3420,#3421);
#2724=AXIS2_PLACEMENT_3D('',#4278,#3422,#3423);
#2725=AXIS2_PLACEMENT_3D('',#4279,#3424,#3425);
#2726=AXIS2_PLACEMENT_3D('',#4280,#3426,#3427);
#2727=AXIS2_PLACEMENT_3D('',#4281,#3428,#3429);
#2728=AXIS2_PLACEMENT_3D('',#4283,#3431,#3432);
#2729=AXIS2_PLACEMENT_3D('',#4285,#3434,#3435);
#2730=DIRECTION('axis',(0.,0.,1.));
#2731=DIRECTION('refdir',(1.,0.,0.));
#2732=DIRECTION('center_axis',(0.894427190999917,-0.447213595499956,9.93013661298906E-16));
#2733=DIRECTION('ref_axis',(-0.447213595499956,-0.894427190999917,0.));
#2734=DIRECTION('center_axis',(-0.44721359549996,0.894427190999915,0.));
#2735=DIRECTION('ref_axis',(-0.894427190999915,-0.447213595499959,0.));
#2736=DIRECTION('center_axis',(-2.77555756156287E-16,-2.7755575615629E-16,
1.));
#2737=DIRECTION('ref_axis',(-1.,-2.2204460492503E-15,-2.77555756156288E-16));
#2738=DIRECTION('center_axis',(-0.447213595499956,-0.894427190999917,-3.97205464519562E-15));
#2739=DIRECTION('ref_axis',(-0.894427190999917,0.447213595499956,0.));
#2740=DIRECTION('center_axis',(0.894427190999915,0.447213595499959,0.));
#2741=DIRECTION('ref_axis',(-0.447213595499959,0.894427190999915,0.));
#2742=DIRECTION('center_axis',(0.,2.77555756156288E-16,1.));
#2743=DIRECTION('ref_axis',(0.,1.,-2.77555756156288E-16));
#2744=DIRECTION('center_axis',(-0.894427190999917,0.447213595499956,-3.97205464519562E-15));
#2745=DIRECTION('ref_axis',(0.447213595499956,0.894427190999917,0.));
#2746=DIRECTION('center_axis',(0.447213595499956,-0.894427190999917,0.));
#2747=DIRECTION('ref_axis',(0.894427190999917,0.447213595499956,0.));
#2748=DIRECTION('center_axis',(2.77555756156288E-16,2.77555756156285E-16,
1.));
#2749=DIRECTION('ref_axis',(1.,0.,-2.77555756156288E-16));
#2750=DIRECTION('center_axis',(0.447213595499958,0.894427190999916,-3.97205464519564E-15));
#2751=DIRECTION('ref_axis',(0.894427190999916,-0.447213595499958,0.));
#2752=DIRECTION('center_axis',(-0.894427190999917,-0.447213595499957,0.));
#2753=DIRECTION('ref_axis',(0.447213595499957,-0.894427190999917,0.));
#2754=DIRECTION('center_axis',(2.77555756156285E-16,-2.7755575615629E-16,
1.));
#2755=DIRECTION('ref_axis',(0.,-1.,-2.7755575615629E-16));
#2756=DIRECTION('center_axis',(0.,1.,0.));
#2757=DIRECTION('ref_axis',(0.,0.,-1.));
#2758=DIRECTION('center_axis',(0.,0.,1.));
#2759=DIRECTION('ref_axis',(-0.707106781186549,-0.707106781186546,0.));
#2760=DIRECTION('center_axis',(1.,0.,0.));
#2761=DIRECTION('ref_axis',(0.,-1.,0.));
#2762=DIRECTION('center_axis',(0.,0.,-1.));
#2763=DIRECTION('ref_axis',(-0.707106781186549,-0.707106781186546,0.));
#2764=DIRECTION('center_axis',(-1.,0.,0.));
#2765=DIRECTION('ref_axis',(0.,-0.707106781186546,-0.707106781186549));
#2766=DIRECTION('center_axis',(1.,0.,0.));
#2767=DIRECTION('ref_axis',(0.,-1.,0.));
#2768=DIRECTION('',(-1.,0.,0.));
#2769=DIRECTION('',(1.,0.,0.));
#2770=DIRECTION('center_axis',(0.,1.,0.));
#2771=DIRECTION('ref_axis',(1.,0.,0.));
#2772=DIRECTION('center_axis',(0.,0.,-1.));
#2773=DIRECTION('ref_axis',(0.707106781186549,-0.707106781186546,0.));
#2774=DIRECTION('center_axis',(0.,0.,1.));
#2775=DIRECTION('ref_axis',(0.707106781186549,-0.707106781186546,0.));
#2776=DIRECTION('center_axis',(0.,-1.,0.));
#2777=DIRECTION('ref_axis',(0.707106781186549,0.,-0.707106781186546));
#2778=DIRECTION('center_axis',(0.,1.,0.));
#2779=DIRECTION('ref_axis',(1.,0.,0.));
#2780=DIRECTION('',(0.,-1.,0.));
#2781=DIRECTION('',(0.,1.,0.));
#2782=DIRECTION('center_axis',(0.,0.,1.));
#2783=DIRECTION('ref_axis',(1.,0.,0.));
#2784=DIRECTION('center_axis',(1.,0.,0.));
#2785=DIRECTION('ref_axis',(0.,-1.,0.));
#2786=DIRECTION('center_axis',(0.,0.,1.));
#2787=DIRECTION('ref_axis',(-0.707106781186548,0.707106781186547,0.));
#2788=DIRECTION('center_axis',(0.,0.,-1.));
#2789=DIRECTION('ref_axis',(-0.707106781186548,0.707106781186547,0.));
#2790=DIRECTION('center_axis',(-1.,0.,0.));
#2791=DIRECTION('ref_axis',(0.,-0.707106781186548,-0.707106781186547));
#2792=DIRECTION('',(-1.,0.,0.));
#2793=DIRECTION('',(1.,0.,0.));
#2794=DIRECTION('center_axis',(-1.,0.,0.));
#2795=DIRECTION('ref_axis',(0.,-0.707106781186547,-0.707106781186548));
#2796=DIRECTION('',(1.,0.,0.));
#2797=DIRECTION('center_axis',(1.,0.,0.));
#2798=DIRECTION('ref_axis',(0.,-1.,0.));
#2799=DIRECTION('',(-1.,0.,0.));
#2800=DIRECTION('center_axis',(0.,0.,1.));
#2801=DIRECTION('ref_axis',(1.,0.,0.));
#2802=DIRECTION('center_axis',(0.,-1.,0.));
#2803=DIRECTION('ref_axis',(-1.,0.,0.));
#2804=DIRECTION('center_axis',(0.,0.,1.));
#2805=DIRECTION('ref_axis',(0.707106781186548,0.707106781186547,0.));
#2806=DIRECTION('center_axis',(0.,0.,-1.));
#2807=DIRECTION('ref_axis',(0.707106781186548,0.707106781186547,0.));
#2808=DIRECTION('center_axis',(0.,1.,0.));
#2809=DIRECTION('ref_axis',(-0.707106781186549,0.,-0.707106781186546));
#2810=DIRECTION('',(0.,-1.,0.));
#2811=DIRECTION('',(0.,1.,0.));
#2812=DIRECTION('center_axis',(0.,1.,0.));
#2813=DIRECTION('ref_axis',(0.707106781186549,0.,-0.707106781186546));
#2814=DIRECTION('',(0.,-1.,0.));
#2815=DIRECTION('',(0.,1.,0.));
#2816=DIRECTION('center_axis',(-1.,0.,0.));
#2817=DIRECTION('ref_axis',(0.,0.707106781186549,-0.707106781186546));
#2818=DIRECTION('',(1.,0.,0.));
#2819=DIRECTION('',(-1.,0.,0.));
#2820=DIRECTION('center_axis',(0.,-1.,0.));
#2821=DIRECTION('ref_axis',(-0.707106781186549,0.,-0.707106781186546));
#2822=DIRECTION('',(0.,1.,0.));
#2823=DIRECTION('',(0.,-1.,0.));
#2824=DIRECTION('center_axis',(1.,0.,0.));
#2825=DIRECTION('ref_axis',(0.,0.,-1.));
#2826=DIRECTION('',(0.,0.,-1.));
#2827=DIRECTION('',(0.,-1.,0.));
#2828=DIRECTION('',(0.,0.,1.));
#2829=DIRECTION('center_axis',(0.,0.,-1.));
#2830=DIRECTION('ref_axis',(0.707106781186546,-0.707106781186549,0.));
#2831=DIRECTION('',(0.,0.,1.));
#2832=DIRECTION('center_axis',(0.,0.707106781186549,0.707106781186546));
#2833=DIRECTION('ref_axis',(4.90653893338679E-17,-0.707106781186546,0.707106781186549));
#2834=DIRECTION('center_axis',(-0.707106781186549,0.,0.707106781186546));
#2835=DIRECTION('ref_axis',(0.707106781186546,0.,0.707106781186549));
#2836=DIRECTION('center_axis',(0.,-1.,0.));
#2837=DIRECTION('ref_axis',(1.,0.,0.));
#2838=DIRECTION('',(0.,0.,-1.));
#2839=DIRECTION('',(-1.,0.,0.));
#2840=DIRECTION('',(0.,0.,-1.));
#2841=DIRECTION('',(-1.,0.,0.));
#2842=DIRECTION('center_axis',(0.,0.,-1.));
#2843=DIRECTION('ref_axis',(-0.707106781186549,0.707106781186546,0.));
#2844=DIRECTION('',(0.,0.,1.));
#2845=DIRECTION('center_axis',(0.,0.,1.));
#2846=DIRECTION('ref_axis',(-0.707106781186549,0.707106781186546,0.));
#2847=DIRECTION('center_axis',(-1.,0.,0.));
#2848=DIRECTION('ref_axis',(0.,-1.,0.));
#2849=DIRECTION('',(0.,0.,-1.));
#2850=DIRECTION('',(0.,-1.,0.));
#2851=DIRECTION('center_axis',(0.,0.,1.));
#2852=DIRECTION('ref_axis',(0.707106781186548,-0.707106781186548,0.));
#2853=DIRECTION('',(0.,0.,1.));
#2854=DIRECTION('center_axis',(0.,0.,-1.));
#2855=DIRECTION('ref_axis',(0.707106781186548,-0.707106781186548,0.));
#2856=DIRECTION('center_axis',(0.,1.,0.));
#2857=DIRECTION('ref_axis',(-1.,0.,0.));
#2858=DIRECTION('',(0.,0.,-1.));
#2859=DIRECTION('',(-1.,0.,0.));
#2860=DIRECTION('center_axis',(0.,0.,1.));
#2861=DIRECTION('ref_axis',(-0.707106781186548,-0.707106781186548,0.));
#2862=DIRECTION('',(0.,0.,1.));
#2863=DIRECTION('center_axis',(0.,0.,-1.));
#2864=DIRECTION('ref_axis',(-0.707106781186548,-0.707106781186548,0.));
#2865=DIRECTION('center_axis',(0.,0.,1.));
#2866=DIRECTION('ref_axis',(1.,0.,0.));
#2867=DIRECTION('',(1.,0.,0.));
#2868=DIRECTION('center_axis',(0.,0.,-1.));
#2869=DIRECTION('ref_axis',(0.,-1.,0.));
#2870=DIRECTION('',(-1.,0.,0.));
#2871=DIRECTION('center_axis',(0.,0.,-1.));
#2872=DIRECTION('ref_axis',(-1.,-2.96059473233375E-15,0.));
#2873=DIRECTION('',(-1.64477485129653E-16,1.,0.));
#2874=DIRECTION('center_axis',(0.,0.,-1.));
#2875=DIRECTION('ref_axis',(0.,1.,0.));
#2876=DIRECTION('',(1.,0.,0.));
#2877=DIRECTION('center_axis',(0.,0.,-1.));
#2878=DIRECTION('ref_axis',(1.,-7.40148683083437E-16,0.));
#2879=DIRECTION('',(0.,-1.,0.));
#2880=DIRECTION('',(-1.,0.,0.));
#2881=DIRECTION('center_axis',(0.,0.,1.));
#2882=DIRECTION('ref_axis',(0.707106781186545,0.70710678118655,0.));
#2883=DIRECTION('',(0.,1.,0.));
#2884=DIRECTION('center_axis',(0.,0.,1.));
#2885=DIRECTION('ref_axis',(0.707106781186545,-0.70710678118655,0.));
#2886=DIRECTION('center_axis',(0.,0.707106781186549,0.707106781186546));
#2887=DIRECTION('ref_axis',(1.,0.,0.));
#2888=DIRECTION('',(0.,-0.707106781186546,0.707106781186549));
#2889=DIRECTION('',(0.,-0.707106781186546,0.707106781186549));
#2890=DIRECTION('',(1.,0.,0.));
#2891=DIRECTION('center_axis',(0.,0.,-1.));
#2892=DIRECTION('ref_axis',(-0.707106781186549,0.707106781186547,0.));
#2893=DIRECTION('',(0.707106781186546,0.,0.707106781186549));
#2894=DIRECTION('center_axis',(0.,0.,-1.));
#2895=DIRECTION('ref_axis',(-0.707106781186548,0.707106781186546,0.));
#2896=DIRECTION('center_axis',(-0.707106781186549,0.,0.707106781186546));
#2897=DIRECTION('ref_axis',(0.707106781186546,0.,0.707106781186549));
#2898=DIRECTION('',(0.707106781186546,2.51214793389404E-14,0.707106781186549));
#2899=DIRECTION('',(0.,1.,0.));
#2900=DIRECTION('center_axis',(0.,0.,1.));
#2901=DIRECTION('ref_axis',(0.707106781186548,-0.707106781186548,0.));
#2902=DIRECTION('',(0.,-0.707106781186552,0.707106781186543));
#2903=DIRECTION('center_axis',(0.,0.,1.));
#2904=DIRECTION('ref_axis',(0.707106781186547,-0.707106781186547,0.));
#2905=DIRECTION('center_axis',(0.,0.707106781186543,0.707106781186552));
#2906=DIRECTION('ref_axis',(1.,0.,0.));
#2907=DIRECTION('',(1.25607396694701E-14,-0.707106781186552,0.707106781186543));
#2908=DIRECTION('',(1.,0.,0.));
#2909=DIRECTION('center_axis',(0.,0.,1.));
#2910=DIRECTION('ref_axis',(-0.707106781186548,-0.707106781186548,0.));
#2911=DIRECTION('',(-0.70710678118654,0.,0.707106781186555));
#2912=DIRECTION('center_axis',(0.,0.,1.));
#2913=DIRECTION('ref_axis',(-0.707106781186547,-0.707106781186547,0.));
#2914=DIRECTION('center_axis',(0.707106781186549,0.,0.707106781186546));
#2915=DIRECTION('ref_axis',(0.707106781186546,0.,-0.707106781186549));
#2916=DIRECTION('',(-0.707106781186546,0.,0.707106781186549));
#2917=DIRECTION('',(0.,-1.,0.));
#2918=DIRECTION('',(0.,1.,0.));
#2919=DIRECTION('center_axis',(0.,0.,-1.));
#2920=DIRECTION('ref_axis',(0.707106781186548,0.707106781186548,0.));
#2921=DIRECTION('center_axis',(0.,0.,1.));
#2922=DIRECTION('ref_axis',(0.707106781186548,0.707106781186548,0.));
#2923=DIRECTION('',(0.,-0.707106781186543,0.707106781186552));
#2924=DIRECTION('center_axis',(0.,0.,-1.));
#2925=DIRECTION('ref_axis',(0.707106781186547,0.707106781186547,0.));
#2926=DIRECTION('center_axis',(0.,0.707106781186552,0.707106781186543));
#2927=DIRECTION('ref_axis',(1.,0.,0.));
#2928=DIRECTION('',(0.,0.707106781186543,-0.707106781186552));
#2929=DIRECTION('',(1.,0.,0.));
#2930=DIRECTION('',(-1.,0.,0.));
#2931=DIRECTION('center_axis',(0.,-1.,0.));
#2932=DIRECTION('ref_axis',(1.,0.,0.));
#2933=DIRECTION('',(0.,0.,-1.));
#2934=DIRECTION('',(-1.,0.,0.));
#2935=DIRECTION('',(0.,0.,1.));
#2936=DIRECTION('',(0.,0.,1.));
#2937=DIRECTION('center_axis',(0.,0.,1.));
#2938=DIRECTION('ref_axis',(0.707106781186548,0.707106781186548,0.));
#2939=DIRECTION('',(0.,0.,-1.));
#2940=DIRECTION('center_axis',(1.,0.,0.));
#2941=DIRECTION('ref_axis',(0.,1.,0.));
#2942=DIRECTION('center_axis',(1.,0.,0.));
#2943=DIRECTION('ref_axis',(0.,-1.,0.));
#2944=DIRECTION('',(0.,0.,-1.));
#2945=DIRECTION('',(0.,1.,0.));
#2946=DIRECTION('',(0.,0.,-1.));
#2947=DIRECTION('center_axis',(1.,0.,0.));
#2948=DIRECTION('ref_axis',(0.,0.707106781186546,0.707106781186549));
#2949=DIRECTION('center_axis',(0.,1.,0.));
#2950=DIRECTION('ref_axis',(-1.,0.,0.));
#2951=DIRECTION('',(-1.,0.,0.));
#2952=DIRECTION('',(0.,0.,-1.));
#2953=DIRECTION('center_axis',(0.,1.,0.));
#2954=DIRECTION('ref_axis',(-0.707106781186546,0.,-0.707106781186549));
#2955=DIRECTION('',(-1.,0.,0.));
#2956=DIRECTION('',(0.,0.,1.));
#2957=DIRECTION('center_axis',(0.,0.,-1.));
#2958=DIRECTION('ref_axis',(0.707106781186551,-0.707106781186544,0.));
#2959=DIRECTION('center_axis',(0.,0.,1.));
#2960=DIRECTION('ref_axis',(0.707106781186551,-0.707106781186544,0.));
#2961=DIRECTION('',(0.,0.,1.));
#2962=DIRECTION('center_axis',(0.,0.,-1.));
#2963=DIRECTION('ref_axis',(0.707106781186545,-0.70710678118655,0.));
#2964=DIRECTION('',(0.,0.,-1.));
#2965=DIRECTION('center_axis',(0.,1.,0.));
#2966=DIRECTION('ref_axis',(-0.707106781186546,0.,-0.707106781186549));
#2967=DIRECTION('',(0.,1.,0.));
#2968=DIRECTION('center_axis',(0.,-1.,0.));
#2969=DIRECTION('ref_axis',(-1.,0.,0.));
#2970=DIRECTION('',(0.,-1.,0.));
#2971=DIRECTION('center_axis',(0.,0.,-1.));
#2972=DIRECTION('ref_axis',(-1.,0.,0.));
#2973=DIRECTION('center_axis',(1.,0.,0.));
#2974=DIRECTION('ref_axis',(0.,-1.,0.));
#2975=DIRECTION('center_axis',(0.,0.,-1.));
#2976=DIRECTION('ref_axis',(0.707106781186545,0.70710678118655,0.));
#2977=DIRECTION('center_axis',(0.,0.,1.));
#2978=DIRECTION('ref_axis',(0.707106781186545,0.70710678118655,0.));
#2979=DIRECTION('center_axis',(-1.,0.,0.));
#2980=DIRECTION('ref_axis',(0.,-0.707106781186546,-0.707106781186549));
#2981=DIRECTION('center_axis',(-1.,8.22387425648264E-17,0.));
#2982=DIRECTION('ref_axis',(0.,-0.707106781186546,-0.707106781186549));
#2983=DIRECTION('',(1.,0.,0.));
#2984=DIRECTION('',(-1.,0.,0.));
#2985=DIRECTION('center_axis',(0.,0.,-1.));
#2986=DIRECTION('ref_axis',(0.707106781186551,0.707106781186544,0.));
#2987=DIRECTION('',(0.,0.,1.));
#2988=DIRECTION('center_axis',(0.,0.,-1.));
#2989=DIRECTION('ref_axis',(0.707106781186545,0.70710678118655,0.));
#2990=DIRECTION('',(0.,0.,-1.));
#2991=DIRECTION('center_axis',(1.,0.,0.));
#2992=DIRECTION('ref_axis',(0.,0.,-1.));
#2993=DIRECTION('',(0.,1.,0.));
#2994=DIRECTION('',(0.,-1.,0.));
#2995=DIRECTION('center_axis',(0.,0.,1.));
#2996=DIRECTION('ref_axis',(1.,0.,0.));
#2997=DIRECTION('',(6.75519308638663E-8,0.999999999999998,0.));
#2998=DIRECTION('',(1.,0.,0.));
#2999=DIRECTION('',(0.,1.,0.));
#3000=DIRECTION('',(-1.,0.,0.));
#3001=DIRECTION('center_axis',(0.,0.,-1.));
#3002=DIRECTION('ref_axis',(0.,-1.,0.));
#3003=DIRECTION('',(-1.,0.,0.));
#3004=DIRECTION('center_axis',(1.,0.,0.));
#3005=DIRECTION('ref_axis',(0.,-0.707106781186546,0.707106781186549));
#3006=DIRECTION('center_axis',(1.,0.,0.));
#3007=DIRECTION('ref_axis',(0.,-0.707106781186546,0.707106781186549));
#3008=DIRECTION('',(1.,0.,0.));
#3009=DIRECTION('center_axis',(-1.,0.,0.));
#3010=DIRECTION('ref_axis',(0.,-1.,0.));
#3011=DIRECTION('center_axis',(0.,0.,1.));
#3012=DIRECTION('ref_axis',(1.,0.,0.));
#3013=DIRECTION('center_axis',(0.,1.,0.));
#3014=DIRECTION('ref_axis',(-1.,0.,0.));
#3015=DIRECTION('center_axis',(0.,-1.,0.));
#3016=DIRECTION('ref_axis',(-0.707106781186546,0.,0.707106781186549));
#3017=DIRECTION('center_axis',(0.,1.,0.));
#3018=DIRECTION('ref_axis',(-1.,0.,0.));
#3019=DIRECTION('center_axis',(0.,0.,1.));
#3020=DIRECTION('ref_axis',(1.,0.,0.));
#3021=DIRECTION('center_axis',(1.,0.,0.));
#3022=DIRECTION('ref_axis',(0.,1.,0.));
#3023=DIRECTION('center_axis',(-1.,0.,0.));
#3024=DIRECTION('ref_axis',(0.,0.707106781186546,0.707106781186549));
#3025=DIRECTION('',(-1.,0.,0.));
#3026=DIRECTION('center_axis',(0.,1.,0.));
#3027=DIRECTION('ref_axis',(0.,0.,1.));
#3028=DIRECTION('',(0.,0.,1.));
#3029=DIRECTION('',(1.,0.,0.));
#3030=DIRECTION('',(0.,0.,1.));
#3031=DIRECTION('',(-1.,0.,0.));
#3032=DIRECTION('',(0.,0.,-1.));
#3033=DIRECTION('center_axis',(1.,0.,0.));
#3034=DIRECTION('ref_axis',(0.,-1.,0.));
#3035=DIRECTION('',(0.,0.,-1.));
#3036=DIRECTION('',(0.,-1.,0.));
#3037=DIRECTION('',(0.,0.,-1.));
#3038=DIRECTION('',(0.,-1.,0.));
#3039=DIRECTION('center_axis',(0.,-1.,0.));
#3040=DIRECTION('ref_axis',(1.,0.,0.));
#3041=DIRECTION('center_axis',(0.,0.,1.));
#3042=DIRECTION('ref_axis',(1.,0.,0.));
#3043=DIRECTION('',(0.,1.,0.));
#3044=DIRECTION('',(-1.,0.,0.));
#3045=DIRECTION('',(0.,-1.,0.));
#3046=DIRECTION('center_axis',(0.,0.,1.));
#3047=DIRECTION('ref_axis',(0.707106781186548,0.707106781186548,0.));
#3048=DIRECTION('center_axis',(-0.707106781186549,0.,0.707106781186546));
#3049=DIRECTION('ref_axis',(0.707106781186546,0.,0.707106781186549));
#3050=DIRECTION('center_axis',(0.,-0.707106781186549,0.707106781186546));
#3051=DIRECTION('ref_axis',(0.,0.707106781186546,0.707106781186549));
#3052=DIRECTION('',(0.,0.,-1.));
#3053=DIRECTION('center_axis',(0.,-1.,0.));
#3054=DIRECTION('ref_axis',(1.,0.,0.));
#3055=DIRECTION('',(1.,0.,0.));
#3056=DIRECTION('',(0.,0.,1.));
#3057=DIRECTION('',(1.,0.,0.));
#3058=DIRECTION('',(0.,0.,-1.));
#3059=DIRECTION('',(1.,0.,0.));
#3060=DIRECTION('',(0.,0.,1.));
#3061=DIRECTION('center_axis',(0.,0.,-1.));
#3062=DIRECTION('ref_axis',(-0.707106781186548,0.707106781186548,0.));
#3063=DIRECTION('center_axis',(0.,-0.707106781186549,0.707106781186546));
#3064=DIRECTION('ref_axis',(0.,0.707106781186546,0.707106781186549));
#3065=DIRECTION('center_axis',(0.707106781186549,0.,0.707106781186546));
#3066=DIRECTION('ref_axis',(-0.707106781186546,0.,0.707106781186549));
#3067=DIRECTION('',(0.,0.,-1.));
#3068=DIRECTION('center_axis',(0.,0.,1.));
#3069=DIRECTION('ref_axis',(-0.707106781186546,-0.707106781186549,0.));
#3070=DIRECTION('',(0.,0.,1.));
#3071=DIRECTION('center_axis',(0.707106781186549,0.,0.707106781186546));
#3072=DIRECTION('ref_axis',(-0.707106781186546,0.,0.707106781186549));
#3073=DIRECTION('center_axis',(0.,0.707106781186552,0.707106781186543));
#3074=DIRECTION('ref_axis',(0.,-0.707106781186543,0.707106781186552));
#3075=DIRECTION('center_axis',(0.,0.,-1.));
#3076=DIRECTION('ref_axis',(-4.4408920985006E-15,1.,0.));
#3077=DIRECTION('',(0.707106781186546,0.,0.707106781186549));
#3078=DIRECTION('center_axis',(0.,0.,-1.));
#3079=DIRECTION('ref_axis',(-4.4408920985006E-15,1.,0.));
#3080=DIRECTION('',(0.,0.707106781186546,-0.707106781186549));
#3081=DIRECTION('center_axis',(0.,0.,1.));
#3082=DIRECTION('ref_axis',(-4.4408920985006E-15,1.,0.));
#3083=DIRECTION('center_axis',(-0.707106781186549,0.,0.707106781186546));
#3084=DIRECTION('ref_axis',(0.707106781186546,0.,0.707106781186549));
#3085=DIRECTION('',(0.707106781186546,0.,0.707106781186549));
#3086=DIRECTION('',(0.,1.,0.));
#3087=DIRECTION('',(0.,-1.,0.));
#3088=DIRECTION('center_axis',(0.,0.,-1.));
#3089=DIRECTION('ref_axis',(-1.,0.,0.));
#3090=DIRECTION('',(0.,0.707106781186552,0.707106781186543));
#3091=DIRECTION('center_axis',(0.,0.,-1.));
#3092=DIRECTION('ref_axis',(-1.,0.,0.));
#3093=DIRECTION('center_axis',(0.,0.,1.));
#3094=DIRECTION('ref_axis',(-1.,0.,0.));
#3095=DIRECTION('center_axis',(0.,-0.707106781186543,0.707106781186552));
#3096=DIRECTION('ref_axis',(1.,0.,0.));
#3097=DIRECTION('',(-1.25607396694701E-14,0.707106781186552,0.707106781186543));
#3098=DIRECTION('',(-1.,0.,0.));
#3099=DIRECTION('',(1.,0.,0.));
#3100=DIRECTION('center_axis',(0.,0.,-1.));
#3101=DIRECTION('ref_axis',(-4.44089209850064E-15,-1.,0.));
#3102=DIRECTION('',(-0.707106781186546,0.,0.707106781186549));
#3103=DIRECTION('center_axis',(0.,0.,-1.));
#3104=DIRECTION('ref_axis',(-4.44089209850064E-15,-1.,0.));
#3105=DIRECTION('center_axis',(0.,0.,1.));
#3106=DIRECTION('ref_axis',(-4.44089209850064E-15,-1.,0.));
#3107=DIRECTION('center_axis',(0.707106781186549,0.,0.707106781186546));
#3108=DIRECTION('ref_axis',(0.707106781186546,0.,-0.707106781186549));
#3109=DIRECTION('',(-0.707106781186546,1.25607396694702E-14,0.707106781186549));
#3110=DIRECTION('',(0.,-1.,0.));
#3111=DIRECTION('',(0.,1.,0.));
#3112=DIRECTION('center_axis',(0.,0.,-1.));
#3113=DIRECTION('ref_axis',(1.,0.,0.));
#3114=DIRECTION('',(0.,-0.707106781186546,0.707106781186549));
#3115=DIRECTION('center_axis',(0.,0.,-1.));
#3116=DIRECTION('ref_axis',(1.,0.,0.));
#3117=DIRECTION('center_axis',(0.,0.,1.));
#3118=DIRECTION('ref_axis',(1.,0.,0.));
#3119=DIRECTION('center_axis',(4.13182225969419E-17,0.707106781186555,0.70710678118654));
#3120=DIRECTION('ref_axis',(1.,0.,-5.84327907697464E-17));
#3121=DIRECTION('',(1.,-5.84327907697451E-17,0.));
#3122=DIRECTION('',(-1.,5.84327907697451E-17,0.));
#3123=DIRECTION('center_axis',(0.,-1.,0.));
#3124=DIRECTION('ref_axis',(1.,0.,0.));
#3125=DIRECTION('',(0.,0.,1.));
#3126=DIRECTION('',(-1.,0.,0.));
#3127=DIRECTION('',(0.,0.,1.));
#3128=DIRECTION('center_axis',(0.,0.,1.));
#3129=DIRECTION('ref_axis',(-1.,0.,0.));
#3130=DIRECTION('',(0.,0.,1.));
#3131=DIRECTION('center_axis',(0.,0.,1.));
#3132=DIRECTION('ref_axis',(-1.,0.,0.));
#3133=DIRECTION('center_axis',(-1.,0.,0.));
#3134=DIRECTION('ref_axis',(0.,-1.,0.));
#3135=DIRECTION('',(0.,0.,1.));
#3136=DIRECTION('',(0.,1.,0.));
#3137=DIRECTION('center_axis',(0.,0.,1.));
#3138=DIRECTION('ref_axis',(-4.4408920985006E-15,1.,0.));
#3139=DIRECTION('',(0.,0.,-1.));
#3140=DIRECTION('center_axis',(0.,0.,1.));
#3141=DIRECTION('ref_axis',(-4.4408920985006E-15,1.,0.));
#3142=DIRECTION('center_axis',(0.,0.,1.));
#3143=DIRECTION('ref_axis',(1.,0.,0.));
#3144=DIRECTION('',(1.,0.,0.));
#3145=DIRECTION('',(0.,-1.,0.));
#3146=DIRECTION('',(-1.,0.,0.));
#3147=DIRECTION('',(0.,-1.,0.));
#3148=DIRECTION('',(-1.,0.,0.));
#3149=DIRECTION('',(0.,1.,0.));
#3150=DIRECTION('',(-1.,0.,0.));
#3151=DIRECTION('',(0.,1.,0.));
#3152=DIRECTION('',(1.,0.,0.));
#3153=DIRECTION('',(0.,1.,0.));
#3154=DIRECTION('',(1.,0.,0.));
#3155=DIRECTION('',(0.,-1.,0.));
#3156=DIRECTION('center_axis',(0.,-0.707106781186549,0.707106781186546));
#3157=DIRECTION('ref_axis',(1.,0.,0.));
#3158=DIRECTION('',(-0.577350269189625,-0.577350269189625,-0.577350269189628));
#3159=DIRECTION('',(0.577350269189625,0.577350269189625,0.577350269189627));
#3160=DIRECTION('center_axis',(-0.707106781186549,0.,0.707106781186546));
#3161=DIRECTION('ref_axis',(0.707106781186546,0.,0.707106781186549));
#3162=DIRECTION('',(-0.577350269189632,-0.577350269189622,-0.577350269189624));
#3163=DIRECTION('',(0.,-1.,0.));
#3164=DIRECTION('center_axis',(0.,-0.707106781186549,0.707106781186546));
#3165=DIRECTION('ref_axis',(1.,0.,0.));
#3166=DIRECTION('',(0.577350269189622,-0.577350269189632,-0.577350269189624));
#3167=DIRECTION('',(1.,0.,0.));
#3168=DIRECTION('center_axis',(0.707106781186549,0.,0.707106781186546));
#3169=DIRECTION('ref_axis',(0.707106781186546,0.,-0.707106781186549));
#3170=DIRECTION('',(0.577350269189625,-0.577350269189625,-0.577350269189628));
#3171=DIRECTION('',(0.,1.,0.));
#3172=DIRECTION('center_axis',(0.,-0.707106781186549,0.707106781186546));
#3173=DIRECTION('ref_axis',(1.,0.,0.));
#3174=DIRECTION('',(0.577350269189625,-0.577350269189625,-0.577350269189627));
#3175=DIRECTION('center_axis',(0.,0.707106781186552,0.707106781186543));
#3176=DIRECTION('ref_axis',(1.,0.,0.));
#3177=DIRECTION('',(0.577350269189625,0.577350269189625,-0.577350269189628));
#3178=DIRECTION('',(-0.577350269189627,-0.577350269189621,0.577350269189629));
#3179=DIRECTION('center_axis',(0.707106781186549,0.,0.707106781186546));
#3180=DIRECTION('ref_axis',(0.707106781186546,0.,-0.707106781186549));
#3181=DIRECTION('',(0.,1.,0.));
#3182=DIRECTION('',(0.577350269189628,0.577350269189628,-0.577350269189621));
#3183=DIRECTION('center_axis',(0.707106781186549,0.,0.707106781186546));
#3184=DIRECTION('ref_axis',(0.707106781186546,0.,-0.707106781186549));
#3185=DIRECTION('',(0.,1.,0.));
#3186=DIRECTION('center_axis',(0.,0.707106781186543,0.707106781186552));
#3187=DIRECTION('ref_axis',(1.,0.,0.));
#3188=DIRECTION('',(-1.,0.,0.));
#3189=DIRECTION('',(-0.577350269189622,0.577350269189632,-0.577350269189624));
#3190=DIRECTION('center_axis',(-0.707106781186549,0.,0.707106781186546));
#3191=DIRECTION('ref_axis',(0.707106781186546,0.,0.707106781186549));
#3192=DIRECTION('',(0.,-1.,0.));
#3193=DIRECTION('',(-0.577350269189625,0.577350269189625,-0.577350269189628));
#3194=DIRECTION('center_axis',(0.,0.707106781186549,0.707106781186546));
#3195=DIRECTION('ref_axis',(1.,0.,0.));
#3196=DIRECTION('',(-0.577350269189625,0.577350269189625,-0.577350269189627));
#3197=DIRECTION('center_axis',(-0.707106781186549,0.,0.707106781186546));
#3198=DIRECTION('ref_axis',(0.707106781186546,0.,0.707106781186549));
#3199=DIRECTION('center_axis',(-1.,0.,0.));
#3200=DIRECTION('ref_axis',(0.,-1.,0.));
#3201=DIRECTION('',(0.,0.,1.));
#3202=DIRECTION('',(0.,-1.,0.));
#3203=DIRECTION('center_axis',(0.,-1.,0.));
#3204=DIRECTION('ref_axis',(1.,0.,0.));
#3205=DIRECTION('',(0.,0.,1.));
#3206=DIRECTION('',(1.,0.,0.));
#3207=DIRECTION('center_axis',(1.,0.,0.));
#3208=DIRECTION('ref_axis',(0.,1.,0.));
#3209=DIRECTION('',(0.,1.,0.));
#3210=DIRECTION('center_axis',(-1.,0.,0.));
#3211=DIRECTION('ref_axis',(0.,0.,1.));
#3212=DIRECTION('center_axis',(1.,0.,0.));
#3213=DIRECTION('ref_axis',(0.,0.,-1.));
#3214=DIRECTION('',(0.,1.,0.));
#3215=DIRECTION('',(0.,0.,1.));
#3216=DIRECTION('',(0.,1.,0.));
#3217=DIRECTION('',(0.,0.,-1.));
#3218=DIRECTION('',(0.,-1.,0.));
#3219=DIRECTION('',(0.,0.,-1.));
#3220=DIRECTION('',(0.,-1.,0.));
#3221=DIRECTION('',(0.,0.,1.));
#3222=DIRECTION('center_axis',(0.,0.,1.));
#3223=DIRECTION('ref_axis',(1.,0.,0.));
#3224=DIRECTION('',(-1.,-4.11193712824132E-17,0.));
#3225=DIRECTION('',(0.,1.,0.));
#3226=DIRECTION('',(1.,0.,0.));
#3227=DIRECTION('center_axis',(4.11193712824132E-17,-1.,0.));
#3228=DIRECTION('ref_axis',(-1.,-4.11193712824132E-17,0.));
#3229=DIRECTION('',(-1.,-4.11193712824132E-17,0.));
#3230=DIRECTION('',(0.,0.,1.));
#3231=DIRECTION('center_axis',(0.,0.,1.));
#3232=DIRECTION('ref_axis',(1.,0.,0.));
#3233=DIRECTION('',(1.,0.,0.));
#3234=DIRECTION('',(0.,-1.,0.));
#3235=DIRECTION('center_axis',(0.,1.,0.));
#3236=DIRECTION('ref_axis',(1.,0.,0.));
#3237=DIRECTION('',(-1.,0.,0.));
#3238=DIRECTION('',(0.,0.,-1.));
#3239=DIRECTION('center_axis',(0.,0.,1.));
#3240=DIRECTION('ref_axis',(1.,0.,0.));
#3241=DIRECTION('',(1.,-5.84327907697451E-17,0.));
#3242=DIRECTION('center_axis',(0.,0.,1.));
#3243=DIRECTION('ref_axis',(1.,0.,0.));
#3244=DIRECTION('',(0.,-1.,0.));
#3245=DIRECTION('center_axis',(0.,0.,1.));
#3246=DIRECTION('ref_axis',(-4.44089209850064E-15,-1.,0.));
#3247=DIRECTION('',(8.22387425648264E-17,1.,0.));
#3248=DIRECTION('',(1.,0.,0.));
#3249=DIRECTION('',(0.,1.,0.));
#3250=DIRECTION('',(1.49011611938477E-8,1.,0.));
#3251=DIRECTION('',(-1.,0.,0.));
#3252=DIRECTION('',(0.,-1.,0.));
#3253=DIRECTION('',(-1.,0.,0.));
#3254=DIRECTION('',(0.,-1.,0.));
#3255=DIRECTION('',(1.,0.,0.));
#3256=DIRECTION('',(1.64477485129653E-16,-1.,0.));
#3257=DIRECTION('',(-1.,0.,0.));
#3258=DIRECTION('',(0.,-1.,0.));
#3259=DIRECTION('',(1.,0.,0.));
#3260=DIRECTION('',(0.,1.,0.));
#3261=DIRECTION('',(1.,0.,0.));
#3262=DIRECTION('',(0.,-1.,0.));
#3263=DIRECTION('',(1.,0.,0.));
#3264=DIRECTION('',(6.75519308638663E-8,0.999999999999998,0.));
#3265=DIRECTION('center_axis',(1.,0.,0.));
#3266=DIRECTION('ref_axis',(0.,0.,1.));
#3267=DIRECTION('',(0.,0.,1.));
#3268=DIRECTION('',(0.,0.,1.));
#3269=DIRECTION('',(0.,-1.,0.));
#3270=DIRECTION('center_axis',(0.,-1.,0.));
#3271=DIRECTION('ref_axis',(0.,0.,-1.));
#3272=DIRECTION('',(0.,0.,1.));
#3273=DIRECTION('',(1.,0.,0.));
#3274=DIRECTION('',(0.,0.,-1.));
#3275=DIRECTION('',(-1.,0.,0.));
#3276=DIRECTION('',(-1.,0.,0.));
#3277=DIRECTION('center_axis',(0.,-1.,0.));
#3278=DIRECTION('ref_axis',(0.,0.,-1.));
#3279=DIRECTION('',(0.,0.,-1.));
#3280=DIRECTION('',(-1.,0.,0.));
#3281=DIRECTION('',(0.,0.,1.));
#3282=DIRECTION('',(-1.,0.,0.));
#3283=DIRECTION('',(0.,0.,1.));
#3284=DIRECTION('',(1.,0.,0.));
#3285=DIRECTION('',(0.,0.,-1.));
#3286=DIRECTION('center_axis',(0.,0.,1.));
#3287=DIRECTION('ref_axis',(1.,0.,0.));
#3288=DIRECTION('',(8.22387425648264E-17,1.,0.));
#3289=DIRECTION('center_axis',(-1.,8.22387425648264E-17,0.));
#3290=DIRECTION('ref_axis',(8.22387425648264E-17,1.,0.));
#3291=DIRECTION('',(8.22387425648264E-17,1.,0.));
#3292=DIRECTION('center_axis',(0.,0.,1.));
#3293=DIRECTION('ref_axis',(1.,0.,0.));
#3294=DIRECTION('',(-8.22387425648264E-17,-1.,0.));
#3295=DIRECTION('center_axis',(1.,-8.22387425648264E-17,0.));
#3296=DIRECTION('ref_axis',(-8.22387425648264E-17,-1.,0.));
#3297=DIRECTION('center_axis',(-1.,-1.64477485129653E-16,0.));
#3298=DIRECTION('ref_axis',(-1.64477485129653E-16,1.,0.));
#3299=DIRECTION('',(-1.64477485129653E-16,1.,0.));
#3300=DIRECTION('',(0.,0.,-1.));
#3301=DIRECTION('',(0.,0.,-1.));
#3302=DIRECTION('',(-1.64477485129653E-16,1.,0.));
#3303=DIRECTION('',(0.,0.,-1.));
#3304=DIRECTION('',(-1.64477485129653E-16,1.,0.));
#3305=DIRECTION('center_axis',(-1.,0.,0.));
#3306=DIRECTION('ref_axis',(0.,0.,1.));
#3307=DIRECTION('',(0.,0.,1.));
#3308=DIRECTION('',(0.,-1.,0.));
#3309=DIRECTION('',(0.,0.,-1.));
#3310=DIRECTION('',(0.,1.,0.));
#3311=DIRECTION('',(0.,0.,-1.));
#3312=DIRECTION('',(0.,0.,1.));
#3313=DIRECTION('center_axis',(-1.,0.,0.));
#3314=DIRECTION('ref_axis',(0.,0.,1.));
#3315=DIRECTION('',(0.,0.,-1.));
#3316=DIRECTION('',(0.,1.,0.));
#3317=DIRECTION('',(0.,0.,1.));
#3318=DIRECTION('center_axis',(0.,0.,1.));
#3319=DIRECTION('ref_axis',(1.,0.,0.));
#3320=DIRECTION('',(1.,0.,0.));
#3321=DIRECTION('',(0.,-1.,0.));
#3322=DIRECTION('',(-1.,0.,0.));
#3323=DIRECTION('center_axis',(0.,1.,0.));
#3324=DIRECTION('ref_axis',(1.,0.,0.));
#3325=DIRECTION('',(1.,0.,0.));
#3326=DIRECTION('',(0.,0.,1.));
#3327=DIRECTION('center_axis',(0.,0.,1.));
#3328=DIRECTION('ref_axis',(1.,0.,0.));
#3329=DIRECTION('',(-1.,0.,0.));
#3330=DIRECTION('',(0.,1.,0.));
#3331=DIRECTION('center_axis',(0.,-1.,0.));
#3332=DIRECTION('ref_axis',(-1.,0.,0.));
#3333=DIRECTION('',(0.,0.,-1.));
#3334=DIRECTION('center_axis',(0.,1.,0.));
#3335=DIRECTION('ref_axis',(1.,0.,0.));
#3336=DIRECTION('',(1.,0.,0.));
#3337=DIRECTION('',(0.,0.,-1.));
#3338=DIRECTION('',(0.,0.,-1.));
#3339=DIRECTION('',(1.,0.,0.));
#3340=DIRECTION('center_axis',(1.,0.,0.));
#3341=DIRECTION('ref_axis',(0.,0.,-1.));
#3342=DIRECTION('',(0.,0.,-1.));
#3343=DIRECTION('',(0.,-1.,0.));
#3344=DIRECTION('',(0.,0.,1.));
#3345=DIRECTION('center_axis',(0.,1.,0.));
#3346=DIRECTION('ref_axis',(0.,0.,1.));
#3347=DIRECTION('',(0.,0.,1.));
#3348=DIRECTION('',(-1.,0.,0.));
#3349=DIRECTION('',(0.,0.,-1.));
#3350=DIRECTION('',(1.,0.,0.));
#3351=DIRECTION('',(1.,0.,0.));
#3352=DIRECTION('',(0.,0.,1.));
#3353=DIRECTION('center_axis',(0.,0.,1.));
#3354=DIRECTION('ref_axis',(1.,0.,0.));
#3355=DIRECTION('',(2.46716227694479E-16,-1.,0.));
#3356=DIRECTION('center_axis',(1.,2.46716227694479E-16,0.));
#3357=DIRECTION('ref_axis',(2.46716227694479E-16,-1.,0.));
#3358=DIRECTION('',(2.46716227694479E-16,-1.,0.));
#3359=DIRECTION('center_axis',(0.,0.,1.));
#3360=DIRECTION('ref_axis',(1.,0.,0.));
#3361=DIRECTION('',(-1.64477485129653E-16,1.,0.));
#3362=DIRECTION('center_axis',(-1.,-1.64477485129653E-16,0.));
#3363=DIRECTION('ref_axis',(-1.64477485129653E-16,1.,0.));
#3364=DIRECTION('center_axis',(0.,1.,0.));
#3365=DIRECTION('ref_axis',(-1.,0.,0.));
#3366=DIRECTION('',(-1.,0.,0.));
#3367=DIRECTION('',(0.,0.,1.));
#3368=DIRECTION('center_axis',(-1.,0.,0.));
#3369=DIRECTION('ref_axis',(0.,-1.,0.));
#3370=DIRECTION('',(0.,-1.,0.));
#3371=DIRECTION('center_axis',(0.,0.,1.));
#3372=DIRECTION('ref_axis',(1.,0.,0.));
#3373=DIRECTION('center_axis',(0.,0.,-1.));
#3374=DIRECTION('ref_axis',(0.,1.,0.));
#3375=DIRECTION('center_axis',(1.,-1.49011611938477E-8,0.));
#3376=DIRECTION('ref_axis',(1.49011611938477E-8,1.,0.));
#3377=DIRECTION('',(1.49011611938477E-8,1.,0.));
#3378=DIRECTION('',(0.,0.,1.));
#3379=DIRECTION('center_axis',(0.,1.,0.));
#3380=DIRECTION('ref_axis',(-1.,0.,0.));
#3381=DIRECTION('',(-1.,0.,0.));
#3382=DIRECTION('center_axis',(0.,0.,1.));
#3383=DIRECTION('ref_axis',(1.,0.,0.));
#3384=DIRECTION('center_axis',(0.,0.,-1.));
#3385=DIRECTION('ref_axis',(1.,-7.40148683083437E-16,0.));
#3386=DIRECTION('center_axis',(0.,-1.,0.));
#3387=DIRECTION('ref_axis',(1.,0.,0.));
#3388=DIRECTION('',(0.,0.,1.));
#3389=DIRECTION('center_axis',(0.999999999999998,-6.75519308638663E-8,0.));
#3390=DIRECTION('ref_axis',(6.75519308638663E-8,0.999999999999998,0.));
#3391=DIRECTION('center_axis',(0.,-1.,0.));
#3392=DIRECTION('ref_axis',(-1.,0.,0.));
#3393=DIRECTION('',(-1.,0.,0.));
#3394=DIRECTION('',(0.,0.,-1.));
#3395=DIRECTION('',(0.,0.,-1.));
#3396=DIRECTION('center_axis',(0.,0.,-1.));
#3397=DIRECTION('ref_axis',(-1.,-2.96059473233375E-15,0.));
#3398=DIRECTION('center_axis',(0.,0.,-1.));
#3399=DIRECTION('ref_axis',(-1.,-2.96059473233375E-15,0.));
#3400=DIRECTION('center_axis',(-1.,0.,0.));
#3401=DIRECTION('ref_axis',(0.,-1.,0.));
#3402=DIRECTION('',(0.,-1.,0.));
#3403=DIRECTION('',(0.,0.,1.));
#3404=DIRECTION('center_axis',(0.,-1.,0.));
#3405=DIRECTION('ref_axis',(1.,0.,0.));
#3406=DIRECTION('',(1.,0.,0.));
#3407=DIRECTION('center_axis',(0.,0.,-1.));
#3408=DIRECTION('ref_axis',(1.,0.,0.));
#3409=DIRECTION('center_axis',(5.84327907697451E-17,1.,0.));
#3410=DIRECTION('ref_axis',(-1.,5.84327907697451E-17,0.));
#3411=DIRECTION('',(0.,0.,1.));
#3412=DIRECTION('center_axis',(0.,0.,1.));
#3413=DIRECTION('ref_axis',(1.,0.,0.));
#3414=DIRECTION('center_axis',(-1.,0.,0.));
#3415=DIRECTION('ref_axis',(0.,-1.,0.));
#3416=DIRECTION('',(0.,0.,1.));
#3417=DIRECTION('center_axis',(0.,1.,0.));
#3418=DIRECTION('ref_axis',(-1.,0.,0.));
#3419=DIRECTION('',(0.,0.,1.));
#3420=DIRECTION('center_axis',(1.,0.,0.));
#3421=DIRECTION('ref_axis',(0.,1.,0.));
#3422=DIRECTION('center_axis',(0.,0.,-1.));
#3423=DIRECTION('ref_axis',(0.,-1.,0.));
#3424=DIRECTION('center_axis',(0.,0.,-1.));
#3425=DIRECTION('ref_axis',(0.,1.,0.));
#3426=DIRECTION('center_axis',(0.,0.,-1.));
#3427=DIRECTION('ref_axis',(1.,-7.40148683083437E-16,0.));
#3428=DIRECTION('center_axis',(0.,0.,1.));
#3429=DIRECTION('ref_axis',(1.,0.,0.));
#3430=DIRECTION('',(0.,0.,1.));
#3431=DIRECTION('center_axis',(1.,0.,0.));
#3432=DIRECTION('ref_axis',(0.,1.,0.));
#3433=DIRECTION('',(0.,0.,1.));
#3434=DIRECTION('center_axis',(0.,0.,1.));
#3435=DIRECTION('ref_axis',(-4.44089209850064E-15,-1.,0.));
#3436=CARTESIAN_POINT('',(0.,0.,0.));
#3437=CARTESIAN_POINT('Ctrl Pts',(-76.25,-19.,2.));
#3438=CARTESIAN_POINT('Ctrl Pts',(-76.25,-19.,1.70080069965811));
#3439=CARTESIAN_POINT('Ctrl Pts',(-76.1131418765564,-18.9315709382782,1.10347056970015));
#3440=CARTESIAN_POINT('Ctrl Pts',(-75.444063964013,-18.5970319820065,0.262265180813224));
#3441=CARTESIAN_POINT('Ctrl Pts',(-74.6987989505128,-18.2243994752564,6.22833660358684E-17));
#3442=CARTESIAN_POINT('Ctrl Pts',(-74.25,-18.,0.));
#3443=CARTESIAN_POINT('Ctrl Pts',(-76.25,-19.2991993003419,2.));
#3444=CARTESIAN_POINT('Ctrl Pts',(-76.25,-19.2991993003419,1.65536855615813));
#3445=CARTESIAN_POINT('Ctrl Pts',(-76.0625587349814,-19.1778216468573,0.979703676959195));
#3446=CARTESIAN_POINT('Ctrl Pts',(-75.331209212706,-18.7100041123796,0.202426887786294));
#3447=CARTESIAN_POINT('Ctrl Pts',(-74.6560561933211,-18.2671422324481,1.48293728656828E-17));
#3448=CARTESIAN_POINT('Ctrl Pts',(-74.25,-18.,0.));
#3449=CARTESIAN_POINT('Ctrl Pts',(-75.9987424845071,-19.8170459450811,2.));
#3450=CARTESIAN_POINT('Ctrl Pts',(-75.9987424845071,-19.8170459450811,1.61633655703794));
#3451=CARTESIAN_POINT('Ctrl Pts',(-75.7982838058424,-19.6072757178244,0.875775996799047));
#3452=CARTESIAN_POINT('Ctrl Pts',(-75.1316170011861,-18.9104592622496,0.158472801231396));
#3453=CARTESIAN_POINT('Ctrl Pts',(-74.5812563682357,-18.3419420575336,2.66928711582292E-17));
#3454=CARTESIAN_POINT('Ctrl Pts',(-74.25,-18.,-4.82181032191186E-31));
#3455=CARTESIAN_POINT('Ctrl Pts',(-75.4743994752564,-20.,2.));
#3456=CARTESIAN_POINT('Ctrl Pts',(-75.4743994752564,-20.,1.66717770029231));
#3457=CARTESIAN_POINT('Ctrl Pts',(-75.3664852962953,-19.8254476707335,1.01146432938229));
#3458=CARTESIAN_POINT('Ctrl Pts',(-74.9325596725936,-19.1103085374995,0.217184678619577));
#3459=CARTESIAN_POINT('Ctrl Pts',(-74.5064565431502,-18.4167418826191,2.04645345546425E-16));
#3460=CARTESIAN_POINT('Ctrl Pts',(-74.25,-18.,-3.52170046973665E-31));
#3461=CARTESIAN_POINT('Ctrl Pts',(-75.25,-20.,2.));
#3462=CARTESIAN_POINT('Ctrl Pts',(-75.25,-20.,1.70080069965811));
#3463=CARTESIAN_POINT('Ctrl Pts',(-75.1815709382782,-19.8631418765565,1.10347056970014));
#3464=CARTESIAN_POINT('Ctrl Pts',(-74.8470319820065,-19.194063964013,0.262265180813225));
#3465=CARTESIAN_POINT('Ctrl Pts',(-74.4743994752564,-18.4487989505128,3.11416830179343E-16));
#3466=CARTESIAN_POINT('Ctrl Pts',(-74.25,-18.,0.));
#3467=CARTESIAN_POINT('',(-75.25,-20.,2.));
#3468=CARTESIAN_POINT('',(-74.25,-18.,2.77555756156289E-16));
#3469=CARTESIAN_POINT('Origin',(-74.25,-18.,2.));
#3470=CARTESIAN_POINT('',(-76.25,-19.,2.));
#3471=CARTESIAN_POINT('Origin',(-74.25,-18.,2.));
#3472=CARTESIAN_POINT('Origin',(-75.25,-19.,2.));
#3473=CARTESIAN_POINT('Ctrl Pts',(-75.25,46.,2.));
#3474=CARTESIAN_POINT('Ctrl Pts',(-75.25,46.,1.70080069965812));
#3475=CARTESIAN_POINT('Ctrl Pts',(-75.1980798893617,45.8961597787234,1.2543231570082));
#3476=CARTESIAN_POINT('Ctrl Pts',(-74.9188236277546,45.3376472555092,0.357689310651339));
#3477=CARTESIAN_POINT('Ctrl Pts',(-74.5491993003419,44.5983986006838,5.86995874737332E-15));
#3478=CARTESIAN_POINT('Ctrl Pts',(-74.25,44.,5.55111512312578E-16));
#3479=CARTESIAN_POINT('Ctrl Pts',(-75.5491993003419,46.,2.));
#3480=CARTESIAN_POINT('Ctrl Pts',(-75.5491993003419,46.,1.65536855615813));
#3481=CARTESIAN_POINT('Ctrl Pts',(-75.4596718848036,45.8622109759143,1.14878965247622));
#3482=CARTESIAN_POINT('Ctrl Pts',(-75.0514875541867,45.2236042683113,0.270269685099418));
#3483=CARTESIAN_POINT('Ctrl Pts',(-74.6061896432641,44.5414082577615,4.35143096592736E-15));
#3484=CARTESIAN_POINT('Ctrl Pts',(-74.25,44.,5.55111512312548E-16));
#3485=CARTESIAN_POINT('Ctrl Pts',(-76.0670235930192,45.7487238555996,2.));
#3486=CARTESIAN_POINT('Ctrl Pts',(-76.0670235930192,45.7487238555996,1.61633655703794));
#3487=CARTESIAN_POINT('Ctrl Pts',(-75.9145810479245,45.602874602145,1.05901602618169));
#3488=CARTESIAN_POINT('Ctrl Pts',(-75.2873289682432,45.0034426150817,0.203171123660943));
#3489=CARTESIAN_POINT('Ctrl Pts',(-74.7059227433781,44.4416751576475,2.70635920269428E-15));
#3490=CARTESIAN_POINT('Ctrl Pts',(-74.25,44.,5.55111512312565E-16));
#3491=CARTESIAN_POINT('Ctrl Pts',(-76.25,45.2243994752564,2.));
#3492=CARTESIAN_POINT('Ctrl Pts',(-76.25,45.2243994752564,1.66717770029231));
#3493=CARTESIAN_POINT('Ctrl Pts',(-76.1207995058714,45.1443710083108,1.17596642947712));
#3494=CARTESIAN_POINT('Ctrl Pts',(-75.503304302026,44.7693968621967,0.292124388805121));
#3495=CARTESIAN_POINT('Ctrl Pts',(-74.8056558434921,44.3419420575336,2.83290318448146E-15));
#3496=CARTESIAN_POINT('Ctrl Pts',(-74.25,44.,5.55111512312578E-16));
#3497=CARTESIAN_POINT('Ctrl Pts',(-76.25,45.,2.));
#3498=CARTESIAN_POINT('Ctrl Pts',(-76.25,45.,1.70080069965811));
#3499=CARTESIAN_POINT('Ctrl Pts',(-76.1461597787234,44.9480798893617,1.2543231570082));
#3500=CARTESIAN_POINT('Ctrl Pts',(-75.5876472555092,44.6688236277546,0.357689310651338));
#3501=CARTESIAN_POINT('Ctrl Pts',(-74.8483986006838,44.2991993003419,3.21253512984294E-15));
#3502=CARTESIAN_POINT('Ctrl Pts',(-74.25,44.,5.55111512312578E-16));
#3503=CARTESIAN_POINT('',(-76.25,45.,2.));
#3504=CARTESIAN_POINT('',(-74.25,44.,5.55111512312578E-16));
#3505=CARTESIAN_POINT('Origin',(-74.25,44.,2.));
#3506=CARTESIAN_POINT('',(-75.25,46.,2.));
#3507=CARTESIAN_POINT('Origin',(-74.25,44.,2.));
#3508=CARTESIAN_POINT('Origin',(-75.25,45.,2.));
#3509=CARTESIAN_POINT('Ctrl Pts',(76.25,45.,2.));
#3510=CARTESIAN_POINT('Ctrl Pts',(76.25,45.,1.70080069965812));
#3511=CARTESIAN_POINT('Ctrl Pts',(76.1461597787234,44.9480798893617,1.2543231570082));
#3512=CARTESIAN_POINT('Ctrl Pts',(75.5876472555092,44.6688236277546,0.357689310651339));
#3513=CARTESIAN_POINT('Ctrl Pts',(74.8483986006838,44.2991993003419,5.74539201530158E-15));
#3514=CARTESIAN_POINT('Ctrl Pts',(74.25,44.,5.55111512312578E-16));
#3515=CARTESIAN_POINT('Ctrl Pts',(76.25,45.2991993003419,2.));
#3516=CARTESIAN_POINT('Ctrl Pts',(76.25,45.2991993003419,1.65536855615813));
#3517=CARTESIAN_POINT('Ctrl Pts',(76.1122109759143,45.2096718848036,1.14878965247622));
#3518=CARTESIAN_POINT('Ctrl Pts',(75.4736042683113,44.8014875541867,0.27026968509942));
#3519=CARTESIAN_POINT('Ctrl Pts',(74.7914082577615,44.3561896432641,5.23921608815294E-15));
#3520=CARTESIAN_POINT('Ctrl Pts',(74.25,44.,5.55111512312578E-16));
#3521=CARTESIAN_POINT('Ctrl Pts',(75.9987238555996,45.8170235930192,2.));
#3522=CARTESIAN_POINT('Ctrl Pts',(75.9987238555996,45.8170235930192,1.61633655703794));
#3523=CARTESIAN_POINT('Ctrl Pts',(75.852874602145,45.6645810479245,1.05901602618169));
#3524=CARTESIAN_POINT('Ctrl Pts',(75.2534426150817,45.0373289682432,0.203171123660948));
#3525=CARTESIAN_POINT('Ctrl Pts',(74.6916751576476,44.4559227433781,4.35340821564282E-15));
#3526=CARTESIAN_POINT('Ctrl Pts',(74.25,44.,5.55111512312578E-16));
#3527=CARTESIAN_POINT('Ctrl Pts',(75.4743994752564,46.,2.));
#3528=CARTESIAN_POINT('Ctrl Pts',(75.4743994752564,46.,1.66717770029231));
#3529=CARTESIAN_POINT('Ctrl Pts',(75.3943710083108,45.8707995058714,1.17596642947712));
#3530=CARTESIAN_POINT('Ctrl Pts',(75.0193968621968,45.253304302026,0.29212438880512));
#3531=CARTESIAN_POINT('Ctrl Pts',(74.5919420575336,44.5556558434921,3.4676003431327E-15));
#3532=CARTESIAN_POINT('Ctrl Pts',(74.25,44.,5.55111512312578E-16));
#3533=CARTESIAN_POINT('Ctrl Pts',(75.25,46.,2.));
#3534=CARTESIAN_POINT('Ctrl Pts',(75.25,46.,1.70080069965812));
#3535=CARTESIAN_POINT('Ctrl Pts',(75.1980798893617,45.8961597787234,1.2543231570082));
#3536=CARTESIAN_POINT('Ctrl Pts',(74.9188236277546,45.3376472555092,0.357689310651336));
#3537=CARTESIAN_POINT('Ctrl Pts',(74.5491993003419,44.5983986006838,3.08796839777122E-15));
#3538=CARTESIAN_POINT('Ctrl Pts',(74.25,44.,5.55111512312578E-16));
#3539=CARTESIAN_POINT('',(75.25,46.,2.));
#3540=CARTESIAN_POINT('',(74.25,44.,5.55111512312578E-16));
#3541=CARTESIAN_POINT('Origin',(74.25,44.,2.));
#3542=CARTESIAN_POINT('',(76.25,45.,2.));
#3543=CARTESIAN_POINT('Origin',(74.25,44.,2.));
#3544=CARTESIAN_POINT('Origin',(75.25,45.,2.));
#3545=CARTESIAN_POINT('Ctrl Pts',(75.25,-20.,2.));
#3546=CARTESIAN_POINT('Ctrl Pts',(75.25,-20.,1.70080069965812));
#3547=CARTESIAN_POINT('Ctrl Pts',(75.1815709382782,-19.8631418765565,1.10347056970015));
#3548=CARTESIAN_POINT('Ctrl Pts',(74.8470319820065,-19.194063964013,0.262265180813227));
#3549=CARTESIAN_POINT('Ctrl Pts',(74.4743994752564,-18.4487989505128,2.9273182036858E-15));
#3550=CARTESIAN_POINT('Ctrl Pts',(74.25,-18.,0.));
#3551=CARTESIAN_POINT('Ctrl Pts',(75.5491993003419,-20.,2.));
#3552=CARTESIAN_POINT('Ctrl Pts',(75.5491993003419,-20.,1.65536855615814));
#3553=CARTESIAN_POINT('Ctrl Pts',(75.4278216468572,-19.8125587349815,0.9797036769592));
#3554=CARTESIAN_POINT('Ctrl Pts',(74.9600041123796,-19.0812092127061,0.202426887786298));
#3555=CARTESIAN_POINT('Ctrl Pts',(74.5171422324481,-18.4060561933211,2.50023226515414E-15));
#3556=CARTESIAN_POINT('Ctrl Pts',(74.25,-18.,-4.22604056368398E-30));
#3557=CARTESIAN_POINT('Ctrl Pts',(76.0670459450811,-19.7487424845071,2.));
#3558=CARTESIAN_POINT('Ctrl Pts',(76.0670459450811,-19.7487424845071,1.61633655703795));
#3559=CARTESIAN_POINT('Ctrl Pts',(75.8572757178243,-19.5482838058425,0.875775996799053));
#3560=CARTESIAN_POINT('Ctrl Pts',(75.1604592622496,-18.8816170011861,0.158472801231401));
#3561=CARTESIAN_POINT('Ctrl Pts',(74.5919420575336,-18.3312563682357,2.03755583174482E-15));
#3562=CARTESIAN_POINT('Ctrl Pts',(74.25,-18.,-1.79486908968825E-30));
#3563=CARTESIAN_POINT('Ctrl Pts',(76.25,-19.2243994752564,2.));
#3564=CARTESIAN_POINT('Ctrl Pts',(76.25,-19.2243994752564,1.66717770029231));
#3565=CARTESIAN_POINT('Ctrl Pts',(76.0754476707335,-19.1164852962953,1.01146432938229));
#3566=CARTESIAN_POINT('Ctrl Pts',(75.3603085374994,-18.6825596725937,0.217184678619577));
#3567=CARTESIAN_POINT('Ctrl Pts',(74.666741882619,-18.2564565431502,2.07314632662247E-15));
#3568=CARTESIAN_POINT('Ctrl Pts',(74.25,-18.,0.));
#3569=CARTESIAN_POINT('Ctrl Pts',(76.25,-19.,2.));
#3570=CARTESIAN_POINT('Ctrl Pts',(76.25,-19.,1.70080069965812));
#3571=CARTESIAN_POINT('Ctrl Pts',(76.1131418765565,-18.9315709382782,1.10347056970015));
#3572=CARTESIAN_POINT('Ctrl Pts',(75.444063964013,-18.5970319820065,0.262265180813223));
#3573=CARTESIAN_POINT('Ctrl Pts',(74.6987989505128,-18.2243994752564,2.17991781125539E-15));
#3574=CARTESIAN_POINT('Ctrl Pts',(74.25,-18.,0.));
#3575=CARTESIAN_POINT('',(76.25,-19.,2.));
#3576=CARTESIAN_POINT('',(74.25,-18.,0.));
#3577=CARTESIAN_POINT('Origin',(74.25,-18.,2.));
#3578=CARTESIAN_POINT('',(75.25,-20.,2.));
#3579=CARTESIAN_POINT('Origin',(74.25,-18.,2.));
#3580=CARTESIAN_POINT('Origin',(75.25,-19.,2.));
#3581=CARTESIAN_POINT('Ctrl Pts',(-69.,-93.,0.));
#3582=CARTESIAN_POINT('Ctrl Pts',(-69.,-94.,0.));
#3583=CARTESIAN_POINT('Ctrl Pts',(-68.,-94.,0.));
#3584=CARTESIAN_POINT('Ctrl Pts',(-71.,-93.,-5.30703613131122E-15));
#3585=CARTESIAN_POINT('Ctrl Pts',(-71.,-96.,-5.30703613131122E-15));
#3586=CARTESIAN_POINT('Ctrl Pts',(-68.,-96.,-5.27355936696949E-15));
#3587=CARTESIAN_POINT('Ctrl Pts',(-71.,-93.,2.));
#3588=CARTESIAN_POINT('Ctrl Pts',(-71.,-96.,2.));
#3589=CARTESIAN_POINT('Ctrl Pts',(-68.,-96.,2.));
#3590=CARTESIAN_POINT('',(-69.,-93.,0.));
#3591=CARTESIAN_POINT('',(-71.,-93.,2.));
#3592=CARTESIAN_POINT('Origin',(-69.,-93.,2.));
#3593=CARTESIAN_POINT('',(-68.,-96.,2.));
#3594=CARTESIAN_POINT('Origin',(-68.,-93.,2.));
#3595=CARTESIAN_POINT('',(-68.,-94.,0.));
#3596=CARTESIAN_POINT('Origin',(-68.,-94.,2.));
#3597=CARTESIAN_POINT('Origin',(-68.,-93.,0.));
#3598=CARTESIAN_POINT('Origin',(35.5,-94.,2.));
#3599=CARTESIAN_POINT('',(68.,-96.,2.));
#3600=CARTESIAN_POINT('',(68.,-94.,0.));
#3601=CARTESIAN_POINT('Origin',(68.,-94.,2.));
#3602=CARTESIAN_POINT('',(35.5,-94.,0.));
#3603=CARTESIAN_POINT('',(35.5,-96.,2.));
#3604=CARTESIAN_POINT('Ctrl Pts',(68.,-94.,0.));
#3605=CARTESIAN_POINT('Ctrl Pts',(69.,-94.,0.));
#3606=CARTESIAN_POINT('Ctrl Pts',(69.,-93.,0.));
#3607=CARTESIAN_POINT('Ctrl Pts',(68.,-96.,-5.27355936696949E-15));
#3608=CARTESIAN_POINT('Ctrl Pts',(71.,-96.,-5.24008260262777E-15));
#3609=CARTESIAN_POINT('Ctrl Pts',(71.,-93.,-5.24008260262777E-15));
#3610=CARTESIAN_POINT('Ctrl Pts',(68.,-96.,2.));
#3611=CARTESIAN_POINT('Ctrl Pts',(71.,-96.,2.));
#3612=CARTESIAN_POINT('Ctrl Pts',(71.,-93.,2.));
#3613=CARTESIAN_POINT('',(71.,-93.,2.));
#3614=CARTESIAN_POINT('',(69.,-93.,0.));
#3615=CARTESIAN_POINT('Origin',(69.,-93.,2.));
#3616=CARTESIAN_POINT('Origin',(68.,-93.,0.));
#3617=CARTESIAN_POINT('Origin',(68.,-93.,2.));
#3618=CARTESIAN_POINT('Origin',(69.,10.5,2.));
#3619=CARTESIAN_POINT('',(71.,-23.,2.));
#3620=CARTESIAN_POINT('',(69.,-23.,0.));
#3621=CARTESIAN_POINT('Origin',(69.,-23.,2.));
#3622=CARTESIAN_POINT('',(69.,10.5,0.));
#3623=CARTESIAN_POINT('',(71.,10.5,2.));
#3624=CARTESIAN_POINT('Origin',(74.,-23.,2.));
#3625=CARTESIAN_POINT('',(74.,-20.,2.));
#3626=CARTESIAN_POINT('',(74.,-18.,0.));
#3627=CARTESIAN_POINT('Origin',(74.,-18.,2.));
#3628=CARTESIAN_POINT('Origin',(74.,-23.,0.));
#3629=CARTESIAN_POINT('Origin',(74.,-23.,2.));
#3630=CARTESIAN_POINT('Origin',(35.5,-18.,2.));
#3631=CARTESIAN_POINT('',(35.5,-18.,0.));
#3632=CARTESIAN_POINT('',(35.5,-20.,2.));
#3633=CARTESIAN_POINT('Origin',(-38.,-18.,2.));
#3634=CARTESIAN_POINT('',(-74.,-20.,2.));
#3635=CARTESIAN_POINT('',(-38.,-20.,2.));
#3636=CARTESIAN_POINT('',(-74.,-18.,0.));
#3637=CARTESIAN_POINT('Origin',(-74.,-18.,2.));
#3638=CARTESIAN_POINT('',(-38.,-18.,0.));
#3639=CARTESIAN_POINT('Origin',(-74.,-23.,2.));
#3640=CARTESIAN_POINT('',(-71.,-23.,2.));
#3641=CARTESIAN_POINT('',(-69.,-23.,0.));
#3642=CARTESIAN_POINT('Origin',(-69.,-23.,2.));
#3643=CARTESIAN_POINT('Origin',(-74.,-23.,0.));
#3644=CARTESIAN_POINT('Origin',(-74.,-23.,2.));
#3645=CARTESIAN_POINT('Origin',(-69.,-60.5,2.));
#3646=CARTESIAN_POINT('',(-71.,-60.5,2.));
#3647=CARTESIAN_POINT('',(-69.,-60.5,0.));
#3648=CARTESIAN_POINT('Origin',(74.25,-22.5,2.));
#3649=CARTESIAN_POINT('',(74.25,-22.5,0.));
#3650=CARTESIAN_POINT('',(76.25,-22.5,2.));
#3651=CARTESIAN_POINT('Origin',(-35.5,44.,2.));
#3652=CARTESIAN_POINT('',(-35.5,44.,0.));
#3653=CARTESIAN_POINT('',(-35.5,46.,2.));
#3654=CARTESIAN_POINT('Origin',(-74.25,7.5,2.));
#3655=CARTESIAN_POINT('',(-74.25,7.5,0.));
#3656=CARTESIAN_POINT('',(-76.25,7.5,2.));
#3657=CARTESIAN_POINT('Origin',(76.25,-20.,0.));
#3658=CARTESIAN_POINT('',(76.25,-19.,12.5));
#3659=CARTESIAN_POINT('',(76.25,-19.,0.));
#3660=CARTESIAN_POINT('',(76.25,45.,12.5));
#3661=CARTESIAN_POINT('',(76.25,-22.5,12.5));
#3662=CARTESIAN_POINT('',(76.25,45.,0.));
#3663=CARTESIAN_POINT('Origin',(75.25,-19.,0.));
#3664=CARTESIAN_POINT('',(75.25,-20.,12.5));
#3665=CARTESIAN_POINT('',(75.25,-20.,0.));
#3666=CARTESIAN_POINT('',(75.9571067811866,-19.7071067811865,12.2071067811865));
#3667=CARTESIAN_POINT('Origin',(75.25,-19.,11.5));
#3668=CARTESIAN_POINT('Origin',(75.25,-19.,11.5));
#3669=CARTESIAN_POINT('Origin',(71.,-20.,0.));
#3670=CARTESIAN_POINT('',(74.,-20.,5.5));
#3671=CARTESIAN_POINT('',(74.,-20.,0.));
#3672=CARTESIAN_POINT('',(75.,-20.,5.5));
#3673=CARTESIAN_POINT('',(35.5,-20.,5.5));
#3674=CARTESIAN_POINT('',(75.,-20.,12.5));
#3675=CARTESIAN_POINT('',(75.,-20.,0.));
#3676=CARTESIAN_POINT('',(35.5,-20.,12.5));
#3677=CARTESIAN_POINT('Origin',(74.,-23.,0.));
#3678=CARTESIAN_POINT('',(71.,-23.,5.5));
#3679=CARTESIAN_POINT('',(71.,-23.,0.));
#3680=CARTESIAN_POINT('Origin',(74.,-23.,5.5));
#3681=CARTESIAN_POINT('Origin',(71.,46.,0.));
#3682=CARTESIAN_POINT('',(71.,-93.,5.5));
#3683=CARTESIAN_POINT('',(71.,-93.,0.));
#3684=CARTESIAN_POINT('',(71.,10.5,5.5));
#3685=CARTESIAN_POINT('Origin',(68.,-93.,0.));
#3686=CARTESIAN_POINT('',(68.,-96.,5.5));
#3687=CARTESIAN_POINT('',(68.,-96.,0.));
#3688=CARTESIAN_POINT('Origin',(68.,-93.,5.5));
#3689=CARTESIAN_POINT('Origin',(71.,-96.,0.));
#3690=CARTESIAN_POINT('',(-68.,-96.,5.5));
#3691=CARTESIAN_POINT('',(-68.,-96.,0.));
#3692=CARTESIAN_POINT('',(35.5,-96.,5.5));
#3693=CARTESIAN_POINT('Origin',(-68.,-93.,0.));
#3694=CARTESIAN_POINT('',(-71.,-93.,5.5));
#3695=CARTESIAN_POINT('',(-71.,-93.,0.));
#3696=CARTESIAN_POINT('Origin',(-68.,-93.,5.5));
#3697=CARTESIAN_POINT('Origin',(0.,-25.,0.));
#3698=CARTESIAN_POINT('',(60.,-79.,0.));
#3699=CARTESIAN_POINT('',(63.,-79.0000011622906,0.));
#3700=CARTESIAN_POINT('',(29.0000004321337,-79.0000011622906,0.));
#3701=CARTESIAN_POINT('',(54.,-85.,0.));
#3702=CARTESIAN_POINT('Origin',(54.,-79.,0.));
#3703=CARTESIAN_POINT('',(-54.,-85.,0.));
#3704=CARTESIAN_POINT('',(27.,-85.,0.));
#3705=CARTESIAN_POINT('',(-60.,-79.,0.));
#3706=CARTESIAN_POINT('Origin',(-54.,-79.,0.));
#3707=CARTESIAN_POINT('',(-60.,29.,0.));
#3708=CARTESIAN_POINT('',(-60.,-52.,0.));
#3709=CARTESIAN_POINT('',(-54.,35.,0.));
#3710=CARTESIAN_POINT('Origin',(-54.,29.,0.));
#3711=CARTESIAN_POINT('',(54.,35.,0.));
#3712=CARTESIAN_POINT('',(-27.,35.,0.));
#3713=CARTESIAN_POINT('',(60.,29.,0.));
#3714=CARTESIAN_POINT('Origin',(54.,29.,0.));
#3715=CARTESIAN_POINT('',(60.,-67.9500010281801,0.));
#3716=CARTESIAN_POINT('',(60.,2.,0.));
#3717=CARTESIAN_POINT('',(63.,-67.9500010281801,0.));
#3718=CARTESIAN_POINT('',(31.,-67.9500010281801,0.));
#3719=CARTESIAN_POINT('',(66.,-70.9500010281801,0.));
#3720=CARTESIAN_POINT('Origin',(63.,-70.9500010281801,0.));
#3721=CARTESIAN_POINT('',(66.,-76.0000011622906,0.));
#3722=CARTESIAN_POINT('',(66.,-51.5000005811453,0.));
#3723=CARTESIAN_POINT('Origin',(63.,-76.0000011622906,0.));
#3724=CARTESIAN_POINT('Origin',(35.5,-20.25,5.75));
#3725=CARTESIAN_POINT('',(75.,-20.5,6.));
#3726=CARTESIAN_POINT('',(75.,-1.25000000000008,-13.25));
#3727=CARTESIAN_POINT('',(74.,-20.5,6.));
#3728=CARTESIAN_POINT('',(74.,-20.,5.5));
#3729=CARTESIAN_POINT('',(35.5,-20.5,6.));
#3730=CARTESIAN_POINT('Origin',(74.,-23.,5.75));
#3731=CARTESIAN_POINT('',(71.5,-23.,6.));
#3732=CARTESIAN_POINT('',(71.,-23.,5.5));
#3733=CARTESIAN_POINT('Origin',(74.,-23.,6.));
#3734=CARTESIAN_POINT('Origin',(71.25,10.5,5.75));
#3735=CARTESIAN_POINT('',(71.5,-93.,6.));
#3736=CARTESIAN_POINT('',(71.,-93.,5.5));
#3737=CARTESIAN_POINT('',(71.5,10.5,6.));
#3738=CARTESIAN_POINT('Origin',(68.,-93.,5.75));
#3739=CARTESIAN_POINT('',(68.,-96.5,6.));
#3740=CARTESIAN_POINT('',(68.,-96.,5.5));
#3741=CARTESIAN_POINT('Origin',(68.,-93.,6.));
#3742=CARTESIAN_POINT('Origin',(35.5,-96.25,5.75));
#3743=CARTESIAN_POINT('',(-68.,-96.5,6.));
#3744=CARTESIAN_POINT('',(-68.,-96.,5.5));
#3745=CARTESIAN_POINT('',(35.5,-96.5,6.));
#3746=CARTESIAN_POINT('Origin',(-68.,-93.,5.75));
#3747=CARTESIAN_POINT('',(-71.5,-93.,6.));
#3748=CARTESIAN_POINT('',(-71.,-93.,5.5));
#3749=CARTESIAN_POINT('Origin',(-68.,-93.,6.));
#3750=CARTESIAN_POINT('Origin',(-71.25,-60.5,5.75));
#3751=CARTESIAN_POINT('',(-71.,-23.,5.5));
#3752=CARTESIAN_POINT('',(-71.5,-23.,6.));
#3753=CARTESIAN_POINT('',(-71.,-23.,5.5));
#3754=CARTESIAN_POINT('',(-71.5,-60.5,6.));
#3755=CARTESIAN_POINT('',(-71.,-60.5,5.5));
#3756=CARTESIAN_POINT('Origin',(-74.,-23.,5.75));
#3757=CARTESIAN_POINT('',(-74.,-20.,5.5));
#3758=CARTESIAN_POINT('Origin',(-74.,-23.,5.5));
#3759=CARTESIAN_POINT('',(-74.,-20.5,6.));
#3760=CARTESIAN_POINT('',(-74.,-20.,5.5));
#3761=CARTESIAN_POINT('Origin',(-74.,-23.,6.));
#3762=CARTESIAN_POINT('Origin',(-38.,-20.25,5.75));
#3763=CARTESIAN_POINT('',(-75.,-20.,5.5));
#3764=CARTESIAN_POINT('',(-75.,-20.5,6.));
#3765=CARTESIAN_POINT('',(-75.,-38.7499999999997,24.25));
#3766=CARTESIAN_POINT('',(-38.,-20.5,6.));
#3767=CARTESIAN_POINT('',(-38.,-20.,5.5));
#3768=CARTESIAN_POINT('Origin',(-76.,-20.,0.));
#3769=CARTESIAN_POINT('',(-75.25,-20.,12.5));
#3770=CARTESIAN_POINT('',(-75.25,-20.,0.));
#3771=CARTESIAN_POINT('',(-75.,-20.,12.5));
#3772=CARTESIAN_POINT('',(-38.,-20.,12.5));
#3773=CARTESIAN_POINT('',(-75.,-20.,0.));
#3774=CARTESIAN_POINT('',(-74.,-20.,0.));
#3775=CARTESIAN_POINT('Origin',(-74.,-23.,0.));
#3776=CARTESIAN_POINT('',(-71.,-23.,0.));
#3777=CARTESIAN_POINT('Origin',(-71.,-96.,0.));
#3778=CARTESIAN_POINT('Origin',(60.,29.,0.));
#3779=CARTESIAN_POINT('',(60.,-78.0000011622906,-1.));
#3780=CARTESIAN_POINT('',(60.,-78.0000011622906,-3.));
#3781=CARTESIAN_POINT('',(60.,-78.0000011622906,-13.5));
#3782=CARTESIAN_POINT('',(60.,-79.,-3.));
#3783=CARTESIAN_POINT('',(60.,-28.2500005811453,-3.));
#3784=CARTESIAN_POINT('',(60.,-79.,0.));
#3785=CARTESIAN_POINT('Origin',(60.,-79.0000011622906,-1.));
#3786=CARTESIAN_POINT('Origin',(68.000001013279,-78.0000011622906,-27.));
#3787=CARTESIAN_POINT('',(68.000001013279,-78.0000011622906,-3.));
#3788=CARTESIAN_POINT('',(65.,-78.0000011622906,-3.));
#3789=CARTESIAN_POINT('',(62.,-78.0000011622906,-3.));
#3790=CARTESIAN_POINT('',(65.,-78.0000011622906,-5.));
#3791=CARTESIAN_POINT('',(65.,-78.0000011622906,-12.));
#3792=CARTESIAN_POINT('',(66.,-78.0000011622906,-6.));
#3793=CARTESIAN_POINT('Origin',(66.,-78.0000011622906,-5.));
#3794=CARTESIAN_POINT('',(68.000001013279,-78.0000011622906,-6.));
#3795=CARTESIAN_POINT('',(34.0000005066395,-78.0000011622906,-6.));
#3796=CARTESIAN_POINT('',(68.000001013279,-78.0000011622906,-27.));
#3797=CARTESIAN_POINT('Origin',(63.,-76.0000011622906,-19.5));
#3798=CARTESIAN_POINT('',(63.,-78.0000011622906,-3.));
#3799=CARTESIAN_POINT('',(65.,-76.0000011622906,-3.));
#3800=CARTESIAN_POINT('Origin',(63.,-76.0000011622906,-3.));
#3801=CARTESIAN_POINT('',(63.,-78.0000011622906,-1.));
#3802=CARTESIAN_POINT('',(63.,-78.0000011622906,-19.5));
#3803=CARTESIAN_POINT('',(65.,-76.0000011622906,-1.));
#3804=CARTESIAN_POINT('Origin',(63.,-76.0000011622906,-1.));
#3805=CARTESIAN_POINT('',(65.,-76.0000011622906,-19.5));
#3806=CARTESIAN_POINT('Origin',(66.,-51.5000005811453,-5.));
#3807=CARTESIAN_POINT('',(65.,-70.9500010281801,-5.));
#3808=CARTESIAN_POINT('',(65.,-51.5000005811453,-5.));
#3809=CARTESIAN_POINT('',(66.,-70.9500010281801,-6.));
#3810=CARTESIAN_POINT('Origin',(66.,-70.9500010281801,-5.));
#3811=CARTESIAN_POINT('',(66.,-51.5000005811453,-6.));
#3812=CARTESIAN_POINT('Origin',(63.,-70.9500010281801,-5.));
#3813=CARTESIAN_POINT('',(63.,-68.9500010281801,-5.));
#3814=CARTESIAN_POINT('',(63.,-67.9500010281801,-6.));
#3815=CARTESIAN_POINT('Origin',(63.,-67.9500010281801,-5.));
#3816=CARTESIAN_POINT('Origin',(63.,-70.9500010281801,-6.));
#3817=CARTESIAN_POINT('Origin',(63.,-70.9500010281801,-5.));
#3818=CARTESIAN_POINT('Origin',(31.,-67.9500010281801,-5.));
#3819=CARTESIAN_POINT('',(62.,-68.9500010281801,-5.));
#3820=CARTESIAN_POINT('',(62.,-67.9500010281801,-6.));
#3821=CARTESIAN_POINT('Origin',(62.,-67.9500010281801,-5.));
#3822=CARTESIAN_POINT('',(31.,-67.9500010281801,-6.));
#3823=CARTESIAN_POINT('',(31.,-68.9500010281801,-5.));
#3824=CARTESIAN_POINT('Origin',(63.,-70.9500010281801,-19.5));
#3825=CARTESIAN_POINT('',(65.,-70.9500010281801,-1.));
#3826=CARTESIAN_POINT('',(65.,-70.9500010281801,-19.5));
#3827=CARTESIAN_POINT('',(63.,-68.9500010281801,-1.));
#3828=CARTESIAN_POINT('Origin',(63.,-70.9500010281801,-1.));
#3829=CARTESIAN_POINT('',(63.,-68.9500010281801,-19.5));
#3830=CARTESIAN_POINT('Origin',(65.,-78.0000011622906,-12.));
#3831=CARTESIAN_POINT('',(65.,-81.7500011622906,-3.));
#3832=CARTESIAN_POINT('',(65.,-51.5000005811453,-1.));
#3833=CARTESIAN_POINT('Origin',(60.5000005066395,-85.5000011622906,-3.));
#3834=CARTESIAN_POINT('',(68.,-93.0000011622906,-3.));
#3835=CARTESIAN_POINT('',(68.000001013279,-78.0000011622906,-3.));
#3836=CARTESIAN_POINT('',(52.95,-93.0000011622906,-3.));
#3837=CARTESIAN_POINT('',(53.,-93.0000011622906,-3.));
#3838=CARTESIAN_POINT('',(52.95,-85.,-3.));
#3839=CARTESIAN_POINT('',(52.95,-78.0000011622906,-3.));
#3840=CARTESIAN_POINT('',(54.,-85.,-3.));
#3841=CARTESIAN_POINT('',(53.5,-85.,-3.));
#3842=CARTESIAN_POINT('Origin',(54.,-79.,-3.));
#3843=CARTESIAN_POINT('',(68.000001013279,-78.0000011622906,-3.));
#3844=CARTESIAN_POINT('Origin',(31.,-67.9500010281801,-1.));
#3845=CARTESIAN_POINT('',(60.,-68.9500010281801,-1.));
#3846=CARTESIAN_POINT('Origin',(60.,-67.9500010281801,-1.));
#3847=CARTESIAN_POINT('',(31.,-68.9500010281801,-1.));
#3848=CARTESIAN_POINT('Origin',(63.,-67.9500010281801,-1.));
#3849=CARTESIAN_POINT('Origin',(63.,-70.9500010281801,-1.));
#3850=CARTESIAN_POINT('Origin',(66.,-70.9500010281801,-1.));
#3851=CARTESIAN_POINT('Origin',(66.,-51.5000005811453,-1.));
#3852=CARTESIAN_POINT('Origin',(66.,-76.0000011622906,-1.));
#3853=CARTESIAN_POINT('Origin',(63.,-76.0000011622906,-1.));
#3854=CARTESIAN_POINT('Origin',(63.,-79.0000011622906,-1.));
#3855=CARTESIAN_POINT('Origin',(29.0000004321337,-79.0000011622906,-1.));
#3856=CARTESIAN_POINT('',(29.0000004321337,-78.0000011622906,-1.));
#3857=CARTESIAN_POINT('Origin',(62.,-68.9500010281801,-27.));
#3858=CARTESIAN_POINT('',(60.,-68.9500010281801,-25.));
#3859=CARTESIAN_POINT('',(60.,-68.9500010281801,-13.5));
#3860=CARTESIAN_POINT('',(58.,-68.9500010281801,-25.));
#3861=CARTESIAN_POINT('',(31.,-68.9500010281801,-25.));
#3862=CARTESIAN_POINT('',(58.0000008642673,-68.9500010281801,-27.));
#3863=CARTESIAN_POINT('',(58.,-68.9500010281801,-13.5));
#3864=CARTESIAN_POINT('',(62.,-68.9500010281801,-27.));
#3865=CARTESIAN_POINT('',(31.,-68.9500010281801,-27.));
#3866=CARTESIAN_POINT('',(62.,-68.9500010281801,-13.5));
#3867=CARTESIAN_POINT('Origin',(60.,29.,0.));
#3868=CARTESIAN_POINT('',(60.,29.,-3.));
#3869=CARTESIAN_POINT('',(60.,29.,0.));
#3870=CARTESIAN_POINT('',(60.,27.950000551343,-3.));
#3871=CARTESIAN_POINT('',(60.,28.5000002756715,-3.));
#3872=CARTESIAN_POINT('',(60.,27.950000551343,-25.));
#3873=CARTESIAN_POINT('',(60.,27.950000551343,-13.5));
#3874=CARTESIAN_POINT('',(60.,2.,-25.));
#3875=CARTESIAN_POINT('Origin',(58.0000008642673,-78.0000011622906,-27.));
#3876=CARTESIAN_POINT('Origin',(0.,-25.,6.));
#3877=CARTESIAN_POINT('',(-75.,-100.,6.));
#3878=CARTESIAN_POINT('',(-75.,-62.5,6.));
#3879=CARTESIAN_POINT('',(75.,-100.,6.));
#3880=CARTESIAN_POINT('',(37.5,-100.,6.));
#3881=CARTESIAN_POINT('',(75.,12.5,6.));
#3882=CARTESIAN_POINT('Origin',(75.25,45.,0.));
#3883=CARTESIAN_POINT('',(75.9571067811866,45.7071067811865,12.2071067811865));
#3884=CARTESIAN_POINT('Origin',(75.25,45.,11.5));
#3885=CARTESIAN_POINT('',(75.25,46.,12.5));
#3886=CARTESIAN_POINT('Origin',(75.25,45.,11.5));
#3887=CARTESIAN_POINT('',(75.25,46.,0.));
#3888=CARTESIAN_POINT('Origin',(-71.,46.,0.));
#3889=CARTESIAN_POINT('',(75.,46.,12.5));
#3890=CARTESIAN_POINT('',(-35.5,46.,12.5));
#3891=CARTESIAN_POINT('',(75.,46.,6.));
#3892=CARTESIAN_POINT('',(75.,46.,0.));
#3893=CARTESIAN_POINT('',(-75.,46.,6.));
#3894=CARTESIAN_POINT('',(-35.5,46.,6.));
#3895=CARTESIAN_POINT('',(-75.,46.,12.5));
#3896=CARTESIAN_POINT('',(-75.,46.,0.));
#3897=CARTESIAN_POINT('',(-75.25,46.,12.5));
#3898=CARTESIAN_POINT('',(-35.5,46.,12.5));
#3899=CARTESIAN_POINT('',(-75.25,46.,0.));
#3900=CARTESIAN_POINT('Origin',(-75.25,45.,0.));
#3901=CARTESIAN_POINT('',(-75.9571067811866,45.7071067811865,12.2071067811865));
#3902=CARTESIAN_POINT('Origin',(-75.25,45.,11.5));
#3903=CARTESIAN_POINT('',(-76.25,45.,12.5));
#3904=CARTESIAN_POINT('Origin',(-75.25,45.,11.5));
#3905=CARTESIAN_POINT('',(-76.25,45.,0.));
#3906=CARTESIAN_POINT('Origin',(-75.25,-19.,0.));
#3907=CARTESIAN_POINT('',(-76.25,-19.,12.5));
#3908=CARTESIAN_POINT('',(-76.25,-19.,0.));
#3909=CARTESIAN_POINT('',(-75.9571067811866,-19.7071067811866,12.2071067811865));
#3910=CARTESIAN_POINT('Origin',(-75.25,-19.,11.5));
#3911=CARTESIAN_POINT('Origin',(-75.25,-19.,11.5));
#3912=CARTESIAN_POINT('Origin',(-76.,51.,12.75));
#3913=CARTESIAN_POINT('',(-78.,51.,12.5));
#3914=CARTESIAN_POINT('',(-77.5,51.,13.));
#3915=CARTESIAN_POINT('',(-78.,51.,12.5));
#3916=CARTESIAN_POINT('',(-76.,52.5,13.));
#3917=CARTESIAN_POINT('Origin',(-76.,51.,13.));
#3918=CARTESIAN_POINT('',(-76.,53.,12.5));
#3919=CARTESIAN_POINT('',(-76.,52.5,13.));
#3920=CARTESIAN_POINT('Origin',(-76.,51.,12.5));
#3921=CARTESIAN_POINT('Origin',(-77.75,13.,12.75));
#3922=CARTESIAN_POINT('',(-78.,-101.,12.5));
#3923=CARTESIAN_POINT('',(-77.5,-101.,13.));
#3924=CARTESIAN_POINT('',(-78.,-101.,12.5));
#3925=CARTESIAN_POINT('',(-77.5,13.,13.));
#3926=CARTESIAN_POINT('',(-78.,13.,12.5));
#3927=CARTESIAN_POINT('Origin',(-76.,-101.,12.75));
#3928=CARTESIAN_POINT('',(-76.,-103.,12.5));
#3929=CARTESIAN_POINT('',(-76.,-102.5,13.));
#3930=CARTESIAN_POINT('',(-76.,-103.,12.5));
#3931=CARTESIAN_POINT('Origin',(-76.,-101.,13.));
#3932=CARTESIAN_POINT('Origin',(-76.,-101.,12.5));
#3933=CARTESIAN_POINT('Origin',(-38.,-102.75,12.75));
#3934=CARTESIAN_POINT('',(76.,-103.,12.5));
#3935=CARTESIAN_POINT('',(76.,-102.5,13.));
#3936=CARTESIAN_POINT('',(76.,-103.,12.5));
#3937=CARTESIAN_POINT('',(-38.,-102.5,13.));
#3938=CARTESIAN_POINT('',(-38.,-103.,12.5));
#3939=CARTESIAN_POINT('Origin',(76.,-101.,12.75));
#3940=CARTESIAN_POINT('',(78.,-101.,12.5));
#3941=CARTESIAN_POINT('',(77.5,-101.,13.));
#3942=CARTESIAN_POINT('',(78.,-101.,12.5));
#3943=CARTESIAN_POINT('Origin',(76.,-101.,13.));
#3944=CARTESIAN_POINT('Origin',(76.,-101.,12.5));
#3945=CARTESIAN_POINT('Origin',(77.75,-63.,12.75));
#3946=CARTESIAN_POINT('',(78.,51.,12.5));
#3947=CARTESIAN_POINT('',(77.5,51.,13.));
#3948=CARTESIAN_POINT('',(78.,51.,12.5));
#3949=CARTESIAN_POINT('',(77.5,-63.,13.));
#3950=CARTESIAN_POINT('',(78.,-63.,12.5));
#3951=CARTESIAN_POINT('Origin',(76.,51.,12.75));
#3952=CARTESIAN_POINT('',(76.,53.,12.5));
#3953=CARTESIAN_POINT('',(76.,52.5,13.));
#3954=CARTESIAN_POINT('',(76.,53.,12.5));
#3955=CARTESIAN_POINT('Origin',(76.,51.,13.));
#3956=CARTESIAN_POINT('Origin',(76.,51.,12.5));
#3957=CARTESIAN_POINT('Origin',(38.,52.75,12.75));
#3958=CARTESIAN_POINT('',(38.,52.5,13.));
#3959=CARTESIAN_POINT('',(38.,53.,12.5));
#3960=CARTESIAN_POINT('Origin',(-76.,-103.,0.));
#3961=CARTESIAN_POINT('',(-76.,-103.,-6.));
#3962=CARTESIAN_POINT('',(-76.,-103.,0.));
#3963=CARTESIAN_POINT('',(76.,-103.,-6.));
#3964=CARTESIAN_POINT('',(76.,-103.,-6.));
#3965=CARTESIAN_POINT('',(76.,-103.,0.));
#3966=CARTESIAN_POINT('Origin',(-76.,-101.,0.));
#3967=CARTESIAN_POINT('',(-78.,-101.,-6.));
#3968=CARTESIAN_POINT('',(-78.,-101.,0.));
#3969=CARTESIAN_POINT('Origin',(-76.,-101.,-6.));
#3970=CARTESIAN_POINT('Origin',(-78.,51.,0.));
#3971=CARTESIAN_POINT('',(-78.,51.,-6.));
#3972=CARTESIAN_POINT('',(-78.,51.,0.));
#3973=CARTESIAN_POINT('',(-78.,-101.,-6.));
#3974=CARTESIAN_POINT('Origin',(-76.,51.,0.));
#3975=CARTESIAN_POINT('',(-76.,53.,-6.));
#3976=CARTESIAN_POINT('',(-76.,53.,0.));
#3977=CARTESIAN_POINT('Origin',(-76.,51.,-6.));
#3978=CARTESIAN_POINT('Origin',(0.,-25.,13.));
#3979=CARTESIAN_POINT('',(-76.75,-20.5,13.));
#3980=CARTESIAN_POINT('',(-75.5,-20.5,13.));
#3981=CARTESIAN_POINT('',(-38.,-20.5,13.));
#3982=CARTESIAN_POINT('',(-76.75,46.5,13.));
#3983=CARTESIAN_POINT('',(-76.75,7.5,13.));
#3984=CARTESIAN_POINT('',(-75.5,46.5,13.));
#3985=CARTESIAN_POINT('',(-35.5,46.5,13.));
#3986=CARTESIAN_POINT('',(-75.5,50.5,13.));
#3987=CARTESIAN_POINT('',(-75.5,-62.5,13.));
#3988=CARTESIAN_POINT('',(75.5,50.5,13.));
#3989=CARTESIAN_POINT('',(-37.5,50.5,13.));
#3990=CARTESIAN_POINT('',(75.5,46.5,13.));
#3991=CARTESIAN_POINT('',(75.5,12.5,13.));
#3992=CARTESIAN_POINT('',(76.75,46.5,13.));
#3993=CARTESIAN_POINT('',(-35.5,46.5,13.));
#3994=CARTESIAN_POINT('',(76.75,-20.5,13.));
#3995=CARTESIAN_POINT('',(76.75,-22.5,13.));
#3996=CARTESIAN_POINT('',(75.5,-20.5,13.));
#3997=CARTESIAN_POINT('',(35.5,-20.5,13.));
#3998=CARTESIAN_POINT('',(75.5,-100.5,13.));
#3999=CARTESIAN_POINT('',(75.5,12.5,13.));
#4000=CARTESIAN_POINT('',(-75.5,-100.5,13.));
#4001=CARTESIAN_POINT('',(37.5,-100.5,13.));
#4002=CARTESIAN_POINT('',(-75.5,-62.5,13.));
#4003=CARTESIAN_POINT('Origin',(-35.5,46.25,12.75));
#4004=CARTESIAN_POINT('',(75.5,46.5,13.));
#4005=CARTESIAN_POINT('',(46.3750000000001,16.1250000000001,-17.375));
#4006=CARTESIAN_POINT('Origin',(75.25,12.5,12.75));
#4007=CARTESIAN_POINT('',(75.,50.,12.5));
#4008=CARTESIAN_POINT('',(75.5,50.5,13.));
#4009=CARTESIAN_POINT('',(75.,12.5,12.5));
#4010=CARTESIAN_POINT('Origin',(-37.5,50.25,12.75));
#4011=CARTESIAN_POINT('',(-75.,50.,12.5));
#4012=CARTESIAN_POINT('',(-75.5,50.5,13.));
#4013=CARTESIAN_POINT('',(-37.5,50.,12.5));
#4014=CARTESIAN_POINT('Origin',(-75.25,-62.5,12.75));
#4015=CARTESIAN_POINT('',(-75.5,46.5,13.));
#4016=CARTESIAN_POINT('',(-75.,-62.5,12.5));
#4017=CARTESIAN_POINT('Origin',(-35.5,46.25,12.75));
#4018=CARTESIAN_POINT('',(-63.2083333333334,32.9583333333334,-0.541666666666689));
#4019=CARTESIAN_POINT('Origin',(-38.,-20.25,12.75));
#4020=CARTESIAN_POINT('',(-75.5,-20.5,13.));
#4021=CARTESIAN_POINT('',(-76.25,-20.,12.5));
#4022=CARTESIAN_POINT('Origin',(-75.25,-62.5,12.75));
#4023=CARTESIAN_POINT('',(-75.,-100.,12.5));
#4024=CARTESIAN_POINT('',(-75.,-62.5,12.5));
#4025=CARTESIAN_POINT('',(-75.5,-100.5,13.));
#4026=CARTESIAN_POINT('Origin',(-76.5,7.5,12.75));
#4027=CARTESIAN_POINT('',(-76.25,7.5,12.5));
#4028=CARTESIAN_POINT('Origin',(37.5,-100.25,12.75));
#4029=CARTESIAN_POINT('',(75.,-100.,12.5));
#4030=CARTESIAN_POINT('',(37.5,-100.,12.5));
#4031=CARTESIAN_POINT('',(75.5,-100.5,13.));
#4032=CARTESIAN_POINT('Origin',(75.25,12.5,12.75));
#4033=CARTESIAN_POINT('',(75.,12.5,12.5));
#4034=CARTESIAN_POINT('',(75.5,-20.5,13.));
#4035=CARTESIAN_POINT('Origin',(35.5,-20.25,12.75));
#4036=CARTESIAN_POINT('',(70.0416666666667,-13.7916666666667,6.29166666666665));
#4037=CARTESIAN_POINT('Origin',(76.5,-22.5,12.75));
#4038=CARTESIAN_POINT('Origin',(75.,50.,0.));
#4039=CARTESIAN_POINT('',(75.,50.,6.));
#4040=CARTESIAN_POINT('',(75.,50.,0.));
#4041=CARTESIAN_POINT('',(75.,12.5,6.));
#4042=CARTESIAN_POINT('Origin',(-75.,50.,0.));
#4043=CARTESIAN_POINT('',(-75.,50.,6.));
#4044=CARTESIAN_POINT('',(-75.,50.,0.));
#4045=CARTESIAN_POINT('',(-37.5,50.,6.));
#4046=CARTESIAN_POINT('Origin',(-75.,-100.,0.));
#4047=CARTESIAN_POINT('',(-75.,-62.5,6.));
#4048=CARTESIAN_POINT('Origin',(-76.25,40.,0.));
#4049=CARTESIAN_POINT('Origin',(-52.9500007897615,28.000000551343,-27.));
#4050=CARTESIAN_POINT('',(-52.9500007897615,37.,-6.));
#4051=CARTESIAN_POINT('',(-52.9500007897615,43.000000551343,-6.));
#4052=CARTESIAN_POINT('',(-52.9500007897615,1.50000027567148,-6.));
#4053=CARTESIAN_POINT('',(-52.9500007897615,37.,-27.));
#4054=CARTESIAN_POINT('',(-52.9500007897615,37.,-13.5));
#4055=CARTESIAN_POINT('',(-52.9500007897615,33.,-27.));
#4056=CARTESIAN_POINT('',(-52.9500007897615,1.50000027567148,-27.));
#4057=CARTESIAN_POINT('',(-52.9500007897615,33.,-25.));
#4058=CARTESIAN_POINT('',(-52.9500007897615,33.,-13.5));
#4059=CARTESIAN_POINT('',(-52.9500007897615,35.,-25.));
#4060=CARTESIAN_POINT('',(-52.9500007897615,1.50000027567148,-25.));
#4061=CARTESIAN_POINT('',(-52.9500007897615,35.,-3.));
#4062=CARTESIAN_POINT('',(-52.9500007897615,35.,-13.5));
#4063=CARTESIAN_POINT('',(-52.9500007897615,43.000000551343,-3.));
#4064=CARTESIAN_POINT('',(-52.9500007897615,28.000000551343,-3.));
#4065=CARTESIAN_POINT('',(-52.9500007897615,43.000000551343,-27.));
#4066=CARTESIAN_POINT('Origin',(0.,-25.,-25.));
#4067=CARTESIAN_POINT('',(52.9500007897615,33.,-25.));
#4068=CARTESIAN_POINT('',(27.,33.,-25.));
#4069=CARTESIAN_POINT('',(52.9500007897615,35.,-25.));
#4070=CARTESIAN_POINT('',(52.9500007897615,9.00000027567148,-25.));
#4071=CARTESIAN_POINT('',(-27.,35.,-25.));
#4072=CARTESIAN_POINT('Origin',(54.,33.,0.));
#4073=CARTESIAN_POINT('',(52.9500007897615,33.,-27.));
#4074=CARTESIAN_POINT('',(-54.,33.,-27.));
#4075=CARTESIAN_POINT('',(52.9500007897615,33.,-13.5));
#4076=CARTESIAN_POINT('Origin',(0.,-25.,-27.));
#4077=CARTESIAN_POINT('',(52.9500007897615,37.,-27.));
#4078=CARTESIAN_POINT('',(-54.,37.,-27.));
#4079=CARTESIAN_POINT('',(52.9500007897615,9.00000027567148,-27.));
#4080=CARTESIAN_POINT('Origin',(-54.,37.,0.));
#4081=CARTESIAN_POINT('',(52.9500007897615,37.,-6.));
#4082=CARTESIAN_POINT('',(-27.,37.,-6.));
#4083=CARTESIAN_POINT('',(52.9500007897615,37.,-13.5));
#4084=CARTESIAN_POINT('Origin',(0.,-25.,-6.));
#4085=CARTESIAN_POINT('',(76.,53.,-6.));
#4086=CARTESIAN_POINT('',(-76.,53.,-6.));
#4087=CARTESIAN_POINT('',(78.,51.,-6.));
#4088=CARTESIAN_POINT('Origin',(76.,51.,-6.));
#4089=CARTESIAN_POINT('',(78.,-101.,-6.));
#4090=CARTESIAN_POINT('',(78.,51.,-6.));
#4091=CARTESIAN_POINT('Origin',(76.,-101.,-6.));
#4092=CARTESIAN_POINT('',(62.,27.950000551343,-6.));
#4093=CARTESIAN_POINT('',(62.,1.99999999999999,-6.));
#4094=CARTESIAN_POINT('',(68.0000007897615,27.950000551343,-6.));
#4095=CARTESIAN_POINT('',(26.5000003948808,27.950000551343,-6.));
#4096=CARTESIAN_POINT('',(68.0000007897615,28.000000551343,-6.));
#4097=CARTESIAN_POINT('',(68.0000007897615,1.50000027567148,-6.));
#4098=CARTESIAN_POINT('',(68.000001013279,43.000000551343,-6.));
#4099=CARTESIAN_POINT('',(68.0000003948808,1.499999769032,-6.));
#4100=CARTESIAN_POINT('',(52.9500007897615,43.000000551343,-6.));
#4101=CARTESIAN_POINT('',(34.0000005066395,43.000000551343,-6.));
#4102=CARTESIAN_POINT('',(52.9500007897615,9.00000027567148,-6.));
#4103=CARTESIAN_POINT('',(-68.0000007897615,43.000000551343,-6.));
#4104=CARTESIAN_POINT('',(-26.5000003948808,43.000000551343,-6.));
#4105=CARTESIAN_POINT('',(-68.0000007897615,27.950000551343,-6.));
#4106=CARTESIAN_POINT('',(-68.0000007897615,9.00000027567148,-6.));
#4107=CARTESIAN_POINT('',(-62.,27.950000551343,-6.));
#4108=CARTESIAN_POINT('',(-34.0000003948808,27.950000551343,-6.));
#4109=CARTESIAN_POINT('',(-62.,-77.9500011622906,-6.));
#4110=CARTESIAN_POINT('',(-62.,-52.,-6.));
#4111=CARTESIAN_POINT('',(-68.000000923872,-77.9500011622906,-6.));
#4112=CARTESIAN_POINT('',(-31.,-77.9500011622906,-6.));
#4113=CARTESIAN_POINT('',(-68.000000923872,-93.0000011622906,-6.));
#4114=CARTESIAN_POINT('',(-68.000000923872,-51.5000005811453,-6.));
#4115=CARTESIAN_POINT('',(-52.950000923872,-93.0000011622906,-6.));
#4116=CARTESIAN_POINT('',(-34.000000461936,-93.0000011622906,-6.));
#4117=CARTESIAN_POINT('',(-52.950000923872,-87.,-6.));
#4118=CARTESIAN_POINT('',(-52.950000923872,-59.0000005811453,-6.));
#4119=CARTESIAN_POINT('',(52.95,-87.,-6.));
#4120=CARTESIAN_POINT('',(27.,-87.,-6.));
#4121=CARTESIAN_POINT('',(52.95,-93.0000011622906,-6.));
#4122=CARTESIAN_POINT('',(52.95,-51.5000005811453,-6.));
#4123=CARTESIAN_POINT('',(68.,-93.0000011622906,-6.));
#4124=CARTESIAN_POINT('',(26.5,-93.0000011622906,-6.));
#4125=CARTESIAN_POINT('',(68.0000022967655,-59.0000028779111,-6.));
#4126=CARTESIAN_POINT('Origin',(68.0000007897615,28.000000551343,-6.));
#4127=CARTESIAN_POINT('',(68.0000007897615,28.000000551343,-3.));
#4128=CARTESIAN_POINT('',(68.0000007897615,28.000000551343,-27.));
#4129=CARTESIAN_POINT('',(68.0000007897615,27.950000551343,-3.));
#4130=CARTESIAN_POINT('',(68.0000007897615,27.950000551343,-27.));
#4131=CARTESIAN_POINT('',(68.0000007897615,28.000000551343,-3.));
#4132=CARTESIAN_POINT('Origin',(53.0000007897615,27.950000551343,-27.));
#4133=CARTESIAN_POINT('',(62.,27.950000551343,-27.));
#4134=CARTESIAN_POINT('',(62.,27.950000551343,-13.5));
#4135=CARTESIAN_POINT('',(58.,27.950000551343,-27.));
#4136=CARTESIAN_POINT('',(26.5000003948808,27.950000551343,-27.));
#4137=CARTESIAN_POINT('',(58.,27.950000551343,-25.));
#4138=CARTESIAN_POINT('',(58.,27.950000551343,-13.5));
#4139=CARTESIAN_POINT('',(26.5000003948808,27.950000551343,-25.));
#4140=CARTESIAN_POINT('',(53.0000007897615,27.950000551343,-3.));
#4141=CARTESIAN_POINT('Origin',(-68.0000007897615,27.950000551343,-27.));
#4142=CARTESIAN_POINT('',(-68.0000007897615,27.950000551343,-3.));
#4143=CARTESIAN_POINT('',(-68.0000007897615,27.950000551343,-27.));
#4144=CARTESIAN_POINT('',(-60.,27.950000551343,-3.));
#4145=CARTESIAN_POINT('',(-53.0000007897615,27.950000551343,-3.));
#4146=CARTESIAN_POINT('',(-60.,27.950000551343,-25.));
#4147=CARTESIAN_POINT('',(-60.,27.950000551343,-13.5));
#4148=CARTESIAN_POINT('',(-58.,27.950000551343,-25.));
#4149=CARTESIAN_POINT('',(-34.0000003948808,27.950000551343,-25.));
#4150=CARTESIAN_POINT('',(-58.,27.950000551343,-27.));
#4151=CARTESIAN_POINT('',(-58.,27.950000551343,-13.5));
#4152=CARTESIAN_POINT('',(-62.,27.950000551343,-27.));
#4153=CARTESIAN_POINT('',(-34.0000003948808,27.950000551343,-27.));
#4154=CARTESIAN_POINT('',(-62.,27.950000551343,-13.5));
#4155=CARTESIAN_POINT('Origin',(0.,-25.,-25.));
#4156=CARTESIAN_POINT('',(58.,-52.,-25.));
#4157=CARTESIAN_POINT('Origin',(58.,-79.,0.));
#4158=CARTESIAN_POINT('',(58.,29.,-27.));
#4159=CARTESIAN_POINT('Origin',(0.,-25.,-27.));
#4160=CARTESIAN_POINT('',(62.,29.,-27.));
#4161=CARTESIAN_POINT('Origin',(62.,29.,0.));
#4162=CARTESIAN_POINT('Origin',(-60.,-79.,0.));
#4163=CARTESIAN_POINT('',(-60.,29.,-3.));
#4164=CARTESIAN_POINT('',(-60.,-25.4999997243285,-3.));
#4165=CARTESIAN_POINT('',(-60.,29.,0.));
#4166=CARTESIAN_POINT('',(-60.,-79.,-3.));
#4167=CARTESIAN_POINT('',(-60.,-79.,0.));
#4168=CARTESIAN_POINT('',(-60.,-77.9500011622906,-3.));
#4169=CARTESIAN_POINT('',(-60.,-78.5000005811453,-3.));
#4170=CARTESIAN_POINT('',(-60.,-77.9500011622906,-25.));
#4171=CARTESIAN_POINT('',(-60.,-77.9500011622906,-13.5));
#4172=CARTESIAN_POINT('',(-60.,-52.,-25.));
#4173=CARTESIAN_POINT('Origin',(52.95,-78.0000011622906,-27.));
#4174=CARTESIAN_POINT('',(52.95,-87.,-27.));
#4175=CARTESIAN_POINT('',(52.95,-87.,-13.5));
#4176=CARTESIAN_POINT('',(52.95,-83.,-27.));
#4177=CARTESIAN_POINT('',(52.95,-51.5000005811453,-27.));
#4178=CARTESIAN_POINT('',(52.95,-83.,-25.));
#4179=CARTESIAN_POINT('',(52.95,-83.,-13.5));
#4180=CARTESIAN_POINT('',(52.95,-85.,-25.));
#4181=CARTESIAN_POINT('',(52.95,-51.5000005811453,-25.));
#4182=CARTESIAN_POINT('',(52.95,-85.,-13.5));
#4183=CARTESIAN_POINT('',(52.95,-93.0000011622906,-27.));
#4184=CARTESIAN_POINT('Origin',(52.9500007897615,43.000000551343,-27.));
#4185=CARTESIAN_POINT('',(52.9500007897615,43.000000551343,-3.));
#4186=CARTESIAN_POINT('',(52.9500007897615,43.000000551343,-27.));
#4187=CARTESIAN_POINT('',(52.9500007897615,35.,-3.));
#4188=CARTESIAN_POINT('',(52.9500007897615,28.000000551343,-3.));
#4189=CARTESIAN_POINT('',(52.9500007897615,35.,-13.5));
#4190=CARTESIAN_POINT('Origin',(0.,-25.,-25.));
#4191=CARTESIAN_POINT('',(-52.950000923872,-83.,-25.));
#4192=CARTESIAN_POINT('',(-27.,-83.,-25.));
#4193=CARTESIAN_POINT('',(-52.950000923872,-85.,-25.));
#4194=CARTESIAN_POINT('',(-52.950000923872,-59.0000005811453,-25.));
#4195=CARTESIAN_POINT('',(27.,-85.,-25.));
#4196=CARTESIAN_POINT('Origin',(-54.,-83.,0.));
#4197=CARTESIAN_POINT('',(-52.950000923872,-83.,-27.));
#4198=CARTESIAN_POINT('',(54.,-83.,-27.));
#4199=CARTESIAN_POINT('',(-52.950000923872,-83.,-13.5));
#4200=CARTESIAN_POINT('Origin',(0.,-25.,-27.));
#4201=CARTESIAN_POINT('',(-52.950000923872,-87.,-27.));
#4202=CARTESIAN_POINT('',(54.,-87.,-27.));
#4203=CARTESIAN_POINT('',(-52.950000923872,-59.0000005811453,-27.));
#4204=CARTESIAN_POINT('Origin',(54.,-87.,0.));
#4205=CARTESIAN_POINT('',(-52.950000923872,-87.,-13.5));
#4206=CARTESIAN_POINT('Origin',(-54.,35.,0.));
#4207=CARTESIAN_POINT('',(54.,35.,-3.));
#4208=CARTESIAN_POINT('',(-0.49999960511923,35.,-3.));
#4209=CARTESIAN_POINT('',(54.,35.,0.));
#4210=CARTESIAN_POINT('',(-54.,35.,-3.));
#4211=CARTESIAN_POINT('',(-54.,35.,0.));
#4212=CARTESIAN_POINT('',(-53.5000003948808,35.,-3.));
#4213=CARTESIAN_POINT('Origin',(-52.950000923872,-93.0000011622906,-27.));
#4214=CARTESIAN_POINT('',(-52.950000923872,-93.0000011622906,-3.));
#4215=CARTESIAN_POINT('',(-52.950000923872,-93.0000011622906,-27.));
#4216=CARTESIAN_POINT('',(-52.950000923872,-85.,-3.));
#4217=CARTESIAN_POINT('',(-52.950000923872,-78.0000011622906,-3.));
#4218=CARTESIAN_POINT('',(-52.950000923872,-85.,-13.5));
#4219=CARTESIAN_POINT('Origin',(-62.,-77.9500011622906,-27.));
#4220=CARTESIAN_POINT('',(-62.,-77.9500011622906,-27.));
#4221=CARTESIAN_POINT('',(-62.,-77.9500011622906,-13.5));
#4222=CARTESIAN_POINT('',(-58.,-77.9500011622906,-27.));
#4223=CARTESIAN_POINT('',(-31.,-77.9500011622906,-27.));
#4224=CARTESIAN_POINT('',(-58.,-77.9500011622906,-25.));
#4225=CARTESIAN_POINT('',(-58.,-77.9500011622906,-13.5));
#4226=CARTESIAN_POINT('',(-31.,-77.9500011622906,-25.));
#4227=CARTESIAN_POINT('',(-68.000000923872,-77.9500011622906,-3.));
#4228=CARTESIAN_POINT('',(-53.000000923872,-77.9500011622906,-3.));
#4229=CARTESIAN_POINT('',(-68.000000923872,-77.9500011622906,-27.));
#4230=CARTESIAN_POINT('Origin',(0.,-25.,-25.));
#4231=CARTESIAN_POINT('',(-58.,1.99999999999999,-25.));
#4232=CARTESIAN_POINT('Origin',(-58.,29.,0.));
#4233=CARTESIAN_POINT('',(-58.,-79.,-27.));
#4234=CARTESIAN_POINT('Origin',(0.,-25.,-27.));
#4235=CARTESIAN_POINT('',(-62.,-79.,-27.));
#4236=CARTESIAN_POINT('Origin',(-62.,-79.,0.));
#4237=CARTESIAN_POINT('Origin',(-53.0000007897615,43.000000551343,-27.));
#4238=CARTESIAN_POINT('',(-68.0000007897615,43.000000551343,-3.));
#4239=CARTESIAN_POINT('',(-53.0000007897615,43.000000551343,-3.));
#4240=CARTESIAN_POINT('',(-68.0000007897615,43.000000551343,-27.));
#4241=CARTESIAN_POINT('Origin',(-68.0000007897615,43.000000551343,-27.));
#4242=CARTESIAN_POINT('',(-68.0000007897615,28.000000551343,-3.));
#4243=CARTESIAN_POINT('Origin',(-60.5000007897615,35.500000551343,-3.));
#4244=CARTESIAN_POINT('Origin',(-54.,29.,-3.));
#4245=CARTESIAN_POINT('Origin',(68.0000007897615,28.000000551343,-27.));
#4246=CARTESIAN_POINT('',(68.000001013279,43.000000551343,-3.));
#4247=CARTESIAN_POINT('',(68.000001013279,43.000000551343,-3.));
#4248=CARTESIAN_POINT('',(68.000001013279,43.000000551343,-27.));
#4249=CARTESIAN_POINT('Origin',(68.000001013279,43.000000551343,-27.));
#4250=CARTESIAN_POINT('',(53.0000007897615,43.000000551343,-3.));
#4251=CARTESIAN_POINT('Origin',(60.5000009015203,35.500000551343,-3.));
#4252=CARTESIAN_POINT('Origin',(54.,29.,-3.));
#4253=CARTESIAN_POINT('Origin',(53.,-93.0000011622906,-27.));
#4254=CARTESIAN_POINT('',(68.,-93.0000011622906,-27.));
#4255=CARTESIAN_POINT('Origin',(68.,-93.0000011622906,-27.));
#4256=CARTESIAN_POINT('Origin',(54.,-85.,0.));
#4257=CARTESIAN_POINT('',(-54.,-85.,-3.));
#4258=CARTESIAN_POINT('',(0.499999538064007,-85.,-3.));
#4259=CARTESIAN_POINT('',(-54.,-85.,0.));
#4260=CARTESIAN_POINT('',(54.,-85.,0.));
#4261=CARTESIAN_POINT('Origin',(-54.,-79.,0.));
#4262=CARTESIAN_POINT('Origin',(-54.,-79.,-3.));
#4263=CARTESIAN_POINT('Origin',(-68.000000923872,-78.0000011622906,-27.));
#4264=CARTESIAN_POINT('',(-68.000000923872,-93.0000011622906,-3.));
#4265=CARTESIAN_POINT('',(-68.000000923872,-78.0000011622906,-3.));
#4266=CARTESIAN_POINT('',(-68.000000923872,-93.0000011622906,-27.));
#4267=CARTESIAN_POINT('Origin',(-68.000000923872,-93.0000011622906,-27.));
#4268=CARTESIAN_POINT('',(-53.000000923872,-93.0000011622906,-3.));
#4269=CARTESIAN_POINT('Origin',(-60.500000923872,-85.5000011622906,-3.));
#4270=CARTESIAN_POINT('Origin',(76.,53.,0.));
#4271=CARTESIAN_POINT('',(76.,53.,0.));
#4272=CARTESIAN_POINT('Origin',(0.,-25.,6.));
#4273=CARTESIAN_POINT('Origin',(75.,50.,0.));
#4274=CARTESIAN_POINT('',(75.,-100.,0.));
#4275=CARTESIAN_POINT('Origin',(75.,-100.,0.));
#4276=CARTESIAN_POINT('',(-75.,-100.,0.));
#4277=CARTESIAN_POINT('Origin',(-75.,-100.,0.));
#4278=CARTESIAN_POINT('Origin',(54.,-79.,0.));
#4279=CARTESIAN_POINT('Origin',(-54.,29.,0.));
#4280=CARTESIAN_POINT('Origin',(54.,29.,0.));
#4281=CARTESIAN_POINT('Origin',(76.,51.,0.));
#4282=CARTESIAN_POINT('',(78.,51.,0.));
#4283=CARTESIAN_POINT('Origin',(78.,-101.,0.));
#4284=CARTESIAN_POINT('',(78.,-101.,0.));
#4285=CARTESIAN_POINT('Origin',(76.,-101.,0.));
#4286=UNCERTAINTY_MEASURE_WITH_UNIT(LENGTH_MEASURE(0.01),#4290,
'DISTANCE_ACCURACY_VALUE',
'Maximum model space distance between geometric entities at asserted c
onnectivities');
#4287=UNCERTAINTY_MEASURE_WITH_UNIT(LENGTH_MEASURE(0.01),#4290,
'DISTANCE_ACCURACY_VALUE',
'Maximum model space distance between geometric entities at asserted c
onnectivities');
#4288=(
GEOMETRIC_REPRESENTATION_CONTEXT(3)
GLOBAL_UNCERTAINTY_ASSIGNED_CONTEXT((#4286))
GLOBAL_UNIT_ASSIGNED_CONTEXT((#4290,#4292,#4293))
REPRESENTATION_CONTEXT('','3D')
);
#4289=(
GEOMETRIC_REPRESENTATION_CONTEXT(3)
GLOBAL_UNCERTAINTY_ASSIGNED_CONTEXT((#4287))
GLOBAL_UNIT_ASSIGNED_CONTEXT((#4290,#4292,#4293))
REPRESENTATION_CONTEXT('','3D')
);
#4290=(
LENGTH_UNIT()
NAMED_UNIT(*)
SI_UNIT(.MILLI.,.METRE.)
);
#4291=(
LENGTH_UNIT()
NAMED_UNIT(*)
SI_UNIT($,.METRE.)
);
#4292=(
NAMED_UNIT(*)
PLANE_ANGLE_UNIT()
SI_UNIT($,.RADIAN.)
);
#4293=(
NAMED_UNIT(*)
SI_UNIT($,.STERADIAN.)
SOLID_ANGLE_UNIT()
);
#4294=SHAPE_DEFINITION_REPRESENTATION(#4295,#4296);
#4295=PRODUCT_DEFINITION_SHAPE('',$,#4298);
#4296=SHAPE_REPRESENTATION('',(#2515),#4288);
#4297=PRODUCT_DEFINITION_CONTEXT('part definition',#4302,'design');
#4298=PRODUCT_DEFINITION('2026-07-22-08-04-55-699','GX10 Shroud',#4299,
#4297);
#4299=PRODUCT_DEFINITION_FORMATION('',$,#4304);
#4300=PRODUCT_RELATED_PRODUCT_CATEGORY('GX10 Shroud','GX10 Shroud',(#4304));
#4301=APPLICATION_PROTOCOL_DEFINITION('international standard',
'automotive_design',2009,#4302);
#4302=APPLICATION_CONTEXT(
'Core Data for Automotive Mechanical Design Process');
#4303=PRODUCT_CONTEXT('part definition',#4302,'mechanical');
#4304=PRODUCT('2026-07-22-08-04-55-699','GX10 Shroud',$,(#4303));
#4305=PRESENTATION_STYLE_ASSIGNMENT((#4306));
#4306=SURFACE_STYLE_USAGE(.BOTH.,#4307);
#4307=SURFACE_SIDE_STYLE('',(#4308));
#4308=SURFACE_STYLE_FILL_AREA(#4309);
#4309=FILL_AREA_STYLE('Steel - Satin',(#4310));
#4310=FILL_AREA_STYLE_COLOUR('Steel - Satin',#4311);
#4311=COLOUR_RGB('Steel - Satin',0.627450980392157,0.627450980392157,0.627450980392157);
ENDSEC;
END-ISO-10303-21;
