ISO-10303-21;
HEADER;
/* Generated by software containing ST-Developer
 * from STEP Tools, Inc. (www.steptools.com) 
 */

FILE_DESCRIPTION(
/* description */ (''),
/* implementation_level */ '2;1');

FILE_NAME(
/* name */ 'GX10 Leg.step',
/* time_stamp */ '2026-07-22T08:04:45-07:00',
/* author */ (''),
/* organization */ (''),
/* preprocessor_version */ 'ST-DEVELOPER v20.1',
/* originating_system */ 'Autodesk Translation Framework v15.8.0.0',
/* authorisation */ '');

FILE_SCHEMA (('AUTOMOTIVE_DESIGN { 1 0 10303 214 3 1 1 }'));
ENDSEC;

DATA;
#10=MECHANICAL_DESIGN_GEOMETRIC_PRESENTATION_REPRESENTATION('',(#13),#2013);
#11=SHAPE_REPRESENTATION_RELATIONSHIP('SRR','None',#2020,#12);
#12=ADVANCED_BREP_SHAPE_REPRESENTATION('',(#14),#2012);
#13=STYLED_ITEM('',(#2029),#14);
#14=MANIFOLD_SOLID_BREP('Leg',#897);
#15=TOROIDAL_SURFACE('',#938,4.,2.);
#16=TOROIDAL_SURFACE('',#941,14.,2.);
#17=TOROIDAL_SURFACE('',#944,4.,2.);
#18=CYLINDRICAL_SURFACE('',#925,0.5);
#19=CYLINDRICAL_SURFACE('',#928,0.5);
#20=CYLINDRICAL_SURFACE('',#935,0.5);
#21=CYLINDRICAL_SURFACE('',#950,2.);
#22=CYLINDRICAL_SURFACE('',#953,2.);
#23=CYLINDRICAL_SURFACE('',#954,12.);
#24=CYLINDRICAL_SURFACE('',#975,6.);
#25=PLANE('',#914);
#26=PLANE('',#915);
#27=PLANE('',#919);
#28=PLANE('',#920);
#29=PLANE('',#924);
#30=PLANE('',#927);
#31=PLANE('',#930);
#32=PLANE('',#931);
#33=PLANE('',#933);
#34=PLANE('',#937);
#35=PLANE('',#947);
#36=PLANE('',#956);
#37=PLANE('',#960);
#38=PLANE('',#961);
#39=PLANE('',#964);
#40=PLANE('',#967);
#41=PLANE('',#970);
#42=PLANE('',#971);
#43=PLANE('',#972);
#44=PLANE('',#973);
#45=PLANE('',#976);
#46=CIRCLE('',#912,0.5);
#47=CIRCLE('',#913,0.249999999999994);
#48=CIRCLE('',#917,0.5);
#49=CIRCLE('',#918,0.249999999999994);
#50=CIRCLE('',#922,0.25);
#51=CIRCLE('',#923,0.5);
#52=CIRCLE('',#926,0.5);
#53=CIRCLE('',#929,0.5);
#54=CIRCLE('',#932,4.);
#55=CIRCLE('',#934,14.);
#56=CIRCLE('',#936,0.5);
#57=CIRCLE('',#939,2.);
#58=CIRCLE('',#940,2.);
#59=CIRCLE('',#942,2.);
#60=CIRCLE('',#943,12.);
#61=CIRCLE('',#945,2.);
#62=CIRCLE('',#946,4.);
#63=CIRCLE('',#948,2.);
#64=CIRCLE('',#949,2.);
#65=CIRCLE('',#951,1.99999999999999);
#66=CIRCLE('',#952,1.99999999999999);
#67=CIRCLE('',#955,7.99999999999999);
#68=CIRCLE('',#958,6.);
#69=CIRCLE('',#959,6.25);
#70=CIRCLE('',#963,0.249999999999994);
#71=CIRCLE('',#966,0.249999999999994);
#72=CIRCLE('',#969,0.25);
#73=CIRCLE('',#974,6.);
#74=CONICAL_SURFACE('',#911,0.374999999999997,0.785398163397459);
#75=CONICAL_SURFACE('',#916,0.374999999999997,0.785398163397459);
#76=CONICAL_SURFACE('',#921,0.375,0.785398163397447);
#77=CONICAL_SURFACE('',#957,6.125,0.785398163397462);
#78=CONICAL_SURFACE('',#962,0.374999999999997,0.785398163397459);
#79=CONICAL_SURFACE('',#965,0.374999999999997,0.785398163397459);
#80=CONICAL_SURFACE('',#968,0.375,0.785398163397447);
#81=FACE_OUTER_BOUND('',#137,.T.);
#82=FACE_OUTER_BOUND('',#138,.T.);
#83=FACE_OUTER_BOUND('',#139,.T.);
#84=FACE_OUTER_BOUND('',#140,.T.);
#85=FACE_OUTER_BOUND('',#141,.T.);
#86=FACE_OUTER_BOUND('',#142,.T.);
#87=FACE_OUTER_BOUND('',#143,.T.);
#88=FACE_OUTER_BOUND('',#144,.T.);
#89=FACE_OUTER_BOUND('',#145,.T.);
#90=FACE_OUTER_BOUND('',#146,.T.);
#91=FACE_OUTER_BOUND('',#147,.T.);
#92=FACE_OUTER_BOUND('',#148,.T.);
#93=FACE_OUTER_BOUND('',#149,.T.);
#94=FACE_OUTER_BOUND('',#150,.T.);
#95=FACE_OUTER_BOUND('',#151,.T.);
#96=FACE_OUTER_BOUND('',#152,.T.);
#97=FACE_OUTER_BOUND('',#153,.T.);
#98=FACE_OUTER_BOUND('',#154,.T.);
#99=FACE_OUTER_BOUND('',#155,.T.);
#100=FACE_OUTER_BOUND('',#156,.T.);
#101=FACE_OUTER_BOUND('',#157,.T.);
#102=FACE_OUTER_BOUND('',#158,.T.);
#103=FACE_OUTER_BOUND('',#159,.T.);
#104=FACE_OUTER_BOUND('',#160,.T.);
#105=FACE_OUTER_BOUND('',#161,.T.);
#106=FACE_OUTER_BOUND('',#162,.T.);
#107=FACE_OUTER_BOUND('',#163,.T.);
#108=FACE_OUTER_BOUND('',#164,.T.);
#109=FACE_OUTER_BOUND('',#165,.T.);
#110=FACE_OUTER_BOUND('',#166,.T.);
#111=FACE_OUTER_BOUND('',#167,.T.);
#112=FACE_OUTER_BOUND('',#168,.T.);
#113=FACE_OUTER_BOUND('',#169,.T.);
#114=FACE_OUTER_BOUND('',#170,.T.);
#115=FACE_OUTER_BOUND('',#171,.T.);
#116=FACE_OUTER_BOUND('',#172,.T.);
#117=FACE_OUTER_BOUND('',#173,.T.);
#118=FACE_OUTER_BOUND('',#174,.T.);
#119=FACE_OUTER_BOUND('',#175,.T.);
#120=FACE_OUTER_BOUND('',#176,.T.);
#121=FACE_OUTER_BOUND('',#177,.T.);
#122=FACE_OUTER_BOUND('',#178,.T.);
#123=FACE_OUTER_BOUND('',#179,.T.);
#124=FACE_OUTER_BOUND('',#180,.T.);
#125=FACE_OUTER_BOUND('',#181,.T.);
#126=FACE_OUTER_BOUND('',#182,.T.);
#127=FACE_OUTER_BOUND('',#183,.T.);
#128=FACE_OUTER_BOUND('',#184,.T.);
#129=FACE_OUTER_BOUND('',#185,.T.);
#130=FACE_OUTER_BOUND('',#186,.T.);
#131=FACE_OUTER_BOUND('',#187,.T.);
#132=FACE_OUTER_BOUND('',#188,.T.);
#133=FACE_OUTER_BOUND('',#189,.T.);
#134=FACE_OUTER_BOUND('',#190,.T.);
#135=FACE_OUTER_BOUND('',#191,.T.);
#136=FACE_OUTER_BOUND('',#192,.T.);
#137=EDGE_LOOP('',(#563,#564,#565,#566));
#138=EDGE_LOOP('',(#567,#568,#569,#570));
#139=EDGE_LOOP('',(#571,#572,#573,#574));
#140=EDGE_LOOP('',(#575,#576,#577,#578));
#141=EDGE_LOOP('',(#579,#580,#581,#582));
#142=EDGE_LOOP('',(#583,#584,#585,#586));
#143=EDGE_LOOP('',(#587,#588,#589,#590));
#144=EDGE_LOOP('',(#591,#592,#593,#594));
#145=EDGE_LOOP('',(#595,#596,#597,#598));
#146=EDGE_LOOP('',(#599,#600,#601,#602));
#147=EDGE_LOOP('',(#603,#604,#605,#606));
#148=EDGE_LOOP('',(#607,#608,#609,#610));
#149=EDGE_LOOP('',(#611,#612,#613,#614));
#150=EDGE_LOOP('',(#615,#616,#617,#618));
#151=EDGE_LOOP('',(#619,#620,#621,#622));
#152=EDGE_LOOP('',(#623,#624,#625,#626));
#153=EDGE_LOOP('',(#627,#628,#629,#630));
#154=EDGE_LOOP('',(#631,#632,#633));
#155=EDGE_LOOP('',(#634,#635,#636));
#156=EDGE_LOOP('',(#637,#638,#639,#640,#641,#642,#643,#644,#645));
#157=EDGE_LOOP('',(#646,#647,#648,#649,#650));
#158=EDGE_LOOP('',(#651,#652,#653,#654,#655,#656,#657));
#159=EDGE_LOOP('',(#658,#659,#660,#661));
#160=EDGE_LOOP('',(#662,#663,#664,#665,#666,#667,#668));
#161=EDGE_LOOP('',(#669,#670,#671));
#162=EDGE_LOOP('',(#672,#673,#674,#675));
#163=EDGE_LOOP('',(#676,#677,#678,#679,#680));
#164=EDGE_LOOP('',(#681,#682,#683,#684,#685,#686,#687,#688,#689));
#165=EDGE_LOOP('',(#690,#691,#692,#693,#694,#695,#696,#697));
#166=EDGE_LOOP('',(#698,#699,#700,#701,#702,#703));
#167=EDGE_LOOP('',(#704,#705,#706,#707,#708,#709,#710,#711));
#168=EDGE_LOOP('',(#712,#713,#714));
#169=EDGE_LOOP('',(#715,#716,#717,#718,#719));
#170=EDGE_LOOP('',(#720,#721,#722,#723));
#171=EDGE_LOOP('',(#724,#725,#726,#727));
#172=EDGE_LOOP('',(#728,#729,#730,#731,#732));
#173=EDGE_LOOP('',(#733,#734,#735,#736));
#174=EDGE_LOOP('',(#737,#738,#739,#740));
#175=EDGE_LOOP('',(#741,#742,#743,#744));
#176=EDGE_LOOP('',(#745,#746,#747,#748));
#177=EDGE_LOOP('',(#749,#750,#751,#752));
#178=EDGE_LOOP('',(#753,#754,#755,#756));
#179=EDGE_LOOP('',(#757,#758,#759,#760));
#180=EDGE_LOOP('',(#761,#762,#763,#764));
#181=EDGE_LOOP('',(#765,#766,#767,#768));
#182=EDGE_LOOP('',(#769,#770,#771,#772));
#183=EDGE_LOOP('',(#773,#774,#775,#776));
#184=EDGE_LOOP('',(#777,#778,#779,#780));
#185=EDGE_LOOP('',(#781,#782,#783,#784));
#186=EDGE_LOOP('',(#785,#786,#787,#788));
#187=EDGE_LOOP('',(#789,#790,#791,#792));
#188=EDGE_LOOP('',(#793,#794,#795,#796,#797));
#189=EDGE_LOOP('',(#798,#799,#800,#801,#802,#803,#804,#805,#806,#807));
#190=EDGE_LOOP('',(#808,#809,#810,#811,#812,#813));
#191=EDGE_LOOP('',(#814,#815,#816,#817));
#192=EDGE_LOOP('',(#818,#819,#820,#821,#822));
#193=LINE('',#1217,#255);
#194=LINE('',#1228,#256);
#195=LINE('',#1232,#257);
#196=LINE('',#1237,#258);
#197=LINE('',#1238,#259);
#198=LINE('',#1239,#260);
#199=LINE('',#1258,#261);
#200=LINE('',#1285,#262);
#201=LINE('',#1296,#263);
#202=LINE('',#1298,#264);
#203=LINE('',#1299,#265);
#204=LINE('',#1304,#266);
#205=LINE('',#1309,#267);
#206=LINE('',#1311,#268);
#207=LINE('',#1313,#269);
#208=LINE('',#1314,#270);
#209=LINE('',#1333,#271);
#210=LINE('',#1360,#272);
#211=LINE('',#1370,#273);
#212=LINE('',#1371,#274);
#213=LINE('',#1375,#275);
#214=LINE('',#1421,#276);
#215=LINE('',#1447,#277);
#216=LINE('',#1498,#278);
#217=LINE('',#1583,#279);
#218=LINE('',#1585,#280);
#219=LINE('',#1587,#281);
#220=LINE('',#1598,#282);
#221=LINE('',#1601,#283);
#222=LINE('',#1605,#284);
#223=LINE('',#1606,#285);
#224=LINE('',#1609,#286);
#225=LINE('',#1613,#287);
#226=LINE('',#1614,#288);
#227=LINE('',#1621,#289);
#228=LINE('',#1625,#290);
#229=LINE('',#1637,#291);
#230=LINE('',#1638,#292);
#231=LINE('',#1773,#293);
#232=LINE('',#1896,#294);
#233=LINE('',#1956,#295);
#234=LINE('',#1958,#296);
#235=LINE('',#1959,#297);
#236=LINE('',#1960,#298);
#237=LINE('',#1964,#299);
#238=LINE('',#1968,#300);
#239=LINE('',#1970,#301);
#240=LINE('',#1971,#302);
#241=LINE('',#1974,#303);
#242=LINE('',#1975,#304);
#243=LINE('',#1978,#305);
#244=LINE('',#1982,#306);
#245=LINE('',#1983,#307);
#246=LINE('',#1986,#308);
#247=LINE('',#1990,#309);
#248=LINE('',#1991,#310);
#249=LINE('',#1994,#311);
#250=LINE('',#1997,#312);
#251=LINE('',#2000,#313);
#252=LINE('',#2001,#314);
#253=LINE('',#2006,#315);
#254=LINE('',#2008,#316);
#255=VECTOR('',#979,10.);
#256=VECTOR('',#982,10.);
#257=VECTOR('',#985,10.);
#258=VECTOR('',#990,10.);
#259=VECTOR('',#991,10.);
#260=VECTOR('',#992,10.);
#261=VECTOR('',#993,10.);
#262=VECTOR('',#994,10.);
#263=VECTOR('',#997,10.);
#264=VECTOR('',#998,10.);
#265=VECTOR('',#999,10.);
#266=VECTOR('',#1004,10.);
#267=VECTOR('',#1009,10.);
#268=VECTOR('',#1010,10.);
#269=VECTOR('',#1011,10.);
#270=VECTOR('',#1012,10.);
#271=VECTOR('',#1013,10.);
#272=VECTOR('',#1014,10.);
#273=VECTOR('',#1017,10.);
#274=VECTOR('',#1018,10.);
#275=VECTOR('',#1021,10.);
#276=VECTOR('',#1026,10.);
#277=VECTOR('',#1027,10.);
#278=VECTOR('',#1028,10.);
#279=VECTOR('',#1031,10.);
#280=VECTOR('',#1032,10.);
#281=VECTOR('',#1033,10.);
#282=VECTOR('',#1034,10.);
#283=VECTOR('',#1037,10.);
#284=VECTOR('',#1042,10.);
#285=VECTOR('',#1043,10.);
#286=VECTOR('',#1046,10.);
#287=VECTOR('',#1051,10.);
#288=VECTOR('',#1052,10.);
#289=VECTOR('',#1063,10.);
#290=VECTOR('',#1068,10.);
#291=VECTOR('',#1069,10.);
#292=VECTOR('',#1070,10.);
#293=VECTOR('',#1097,10.);
#294=VECTOR('',#1104,10.);
#295=VECTOR('',#1111,10.);
#296=VECTOR('',#1112,10.);
#297=VECTOR('',#1113,10.);
#298=VECTOR('',#1114,10.);
#299=VECTOR('',#1117,10.);
#300=VECTOR('',#1124,10.);
#301=VECTOR('',#1125,10.);
#302=VECTOR('',#1126,10.);
#303=VECTOR('',#1129,10.);
#304=VECTOR('',#1130,10.);
#305=VECTOR('',#1133,10.);
#306=VECTOR('',#1138,10.);
#307=VECTOR('',#1139,10.);
#308=VECTOR('',#1142,10.);
#309=VECTOR('',#1147,10.);
#310=VECTOR('',#1148,10.);
#311=VECTOR('',#1151,10.);
#312=VECTOR('',#1156,10.);
#313=VECTOR('',#1159,10.);
#314=VECTOR('',#1160,10.);
#315=VECTOR('',#1167,10.);
#316=VECTOR('',#1170,10.);
#317=B_SPLINE_CURVE_WITH_KNOTS('',3,(#1204,#1205,#1206,#1207),
 .UNSPECIFIED.,.F.,.F.,(4,4),(-1.,0.),.UNSPECIFIED.);
#318=B_SPLINE_CURVE_WITH_KNOTS('',3,(#1209,#1210,#1211,#1212,#1213,#1214,
#1215),.UNSPECIFIED.,.F.,.F.,(4,1,1,1,4),(-1.36989549229284,-1.26737234594547,
-1.16484919959809,-1.06232605325071,-1.01106448007702),.UNSPECIFIED.);
#319=B_SPLINE_CURVE_WITH_KNOTS('',3,(#1218,#1219,#1220,#1221,#1222,#1223,
#1224),.UNSPECIFIED.,.F.,.F.,(4,1,1,1,4),(1.01106448007702,1.06232605325071,
1.16484919959809,1.26737234594547,1.36989549229284),.UNSPECIFIED.);
#320=B_SPLINE_CURVE_WITH_KNOTS('',3,(#1259,#1260,#1261,#1262),
 .UNSPECIFIED.,.F.,.F.,(4,4),(-0.238194090010853,-0.0751386502990279),
 .UNSPECIFIED.);
#321=B_SPLINE_CURVE_WITH_KNOTS('',3,(#1263,#1264,#1265,#1266),
 .UNSPECIFIED.,.F.,.F.,(4,4),(0.0751386502990279,0.238194090010853),
 .UNSPECIFIED.);
#322=B_SPLINE_CURVE_WITH_KNOTS('',3,(#1286,#1287,#1288,#1289),
 .UNSPECIFIED.,.F.,.F.,(4,4),(-0.363390644674826,-0.238194090010852),
 .UNSPECIFIED.);
#323=B_SPLINE_CURVE_WITH_KNOTS('',3,(#1290,#1291,#1292,#1293),
 .UNSPECIFIED.,.F.,.F.,(4,4),(0.238194090010852,0.363390644674826),
 .UNSPECIFIED.);
#324=B_SPLINE_CURVE_WITH_KNOTS('',3,(#1334,#1335,#1336,#1337),
 .UNSPECIFIED.,.F.,.F.,(4,4),(-0.238194097059765,-0.0751385850296771),
 .UNSPECIFIED.);
#325=B_SPLINE_CURVE_WITH_KNOTS('',3,(#1338,#1339,#1340,#1341),
 .UNSPECIFIED.,.F.,.F.,(4,4),(0.0751385850296771,0.238194097059765),
 .UNSPECIFIED.);
#326=B_SPLINE_CURVE_WITH_KNOTS('',3,(#1361,#1362,#1363,#1364),
 .UNSPECIFIED.,.F.,.F.,(4,4),(-0.363390745296517,-0.238194097059765),
 .UNSPECIFIED.);
#327=B_SPLINE_CURVE_WITH_KNOTS('',3,(#1365,#1366,#1367,#1368),
 .UNSPECIFIED.,.F.,.F.,(4,4),(0.238194097059765,0.363390745296517),
 .UNSPECIFIED.);
#328=B_SPLINE_CURVE_WITH_KNOTS('',3,(#1408,#1409,#1410,#1411),
 .UNSPECIFIED.,.F.,.F.,(4,4),(0.,1.),.UNSPECIFIED.);
#329=B_SPLINE_CURVE_WITH_KNOTS('',3,(#1413,#1414,#1415,#1416,#1417,#1418,
#1419),.UNSPECIFIED.,.F.,.F.,(4,1,1,1,4),(0.0292210791349998,0.183005798673353,
0.285528945032254,0.336790518211705,0.388052091391156),.UNSPECIFIED.);
#330=B_SPLINE_CURVE_WITH_KNOTS('',3,(#1422,#1423,#1424,#1425,#1426,#1427,
#1428),.UNSPECIFIED.,.F.,.F.,(4,1,1,1,4),(-0.388052091391156,-0.336790518211705,
-0.285528945032254,-0.183005798673353,-0.0292210791349998),
 .UNSPECIFIED.);
#331=B_SPLINE_CURVE_WITH_KNOTS('',3,(#1448,#1449,#1450,#1451),
 .UNSPECIFIED.,.F.,.F.,(4,4),(-1.45,-1.44139747310607),.UNSPECIFIED.);
#332=B_SPLINE_CURVE_WITH_KNOTS('',3,(#1452,#1453,#1454,#1455),
 .UNSPECIFIED.,.F.,.F.,(4,4),(1.44139747310607,1.45),.UNSPECIFIED.);
#333=B_SPLINE_CURVE_WITH_KNOTS('',3,(#1472,#1473,#1474,#1475),
 .UNSPECIFIED.,.F.,.F.,(4,4),(-0.785398163397537,-0.587660539083344),
 .UNSPECIFIED.);
#334=B_SPLINE_CURVE_WITH_KNOTS('',3,(#1476,#1477,#1478,#1479),
 .UNSPECIFIED.,.F.,.F.,(4,4),(0.587660539083344,0.785398163397537),
 .UNSPECIFIED.);
#335=B_SPLINE_CURVE_WITH_KNOTS('',3,(#1499,#1500,#1501,#1502),
 .UNSPECIFIED.,.F.,.F.,(4,4),(-0.785398163397471,-0.587659570074661),
 .UNSPECIFIED.);
#336=B_SPLINE_CURVE_WITH_KNOTS('',3,(#1503,#1504,#1505,#1506),
 .UNSPECIFIED.,.F.,.F.,(4,4),(0.587659570074661,0.785398163397471),
 .UNSPECIFIED.);
#337=B_SPLINE_CURVE_WITH_KNOTS('',3,(#1523,#1524,#1525,#1526),
 .UNSPECIFIED.,.F.,.F.,(4,4),(-1.45,-1.44139749455173),.UNSPECIFIED.);
#338=B_SPLINE_CURVE_WITH_KNOTS('',3,(#1527,#1528,#1529,#1530),
 .UNSPECIFIED.,.F.,.F.,(4,4),(1.44139749455173,1.45),.UNSPECIFIED.);
#339=B_SPLINE_CURVE_WITH_KNOTS('',3,(#1548,#1549,#1550,#1551),
 .UNSPECIFIED.,.F.,.F.,(4,4),(0.,1.),.UNSPECIFIED.);
#340=B_SPLINE_CURVE_WITH_KNOTS('',3,(#1552,#1553,#1554,#1555),
 .UNSPECIFIED.,.F.,.F.,(4,4),(-1.,0.),.UNSPECIFIED.);
#341=B_SPLINE_CURVE_WITH_KNOTS('',3,(#1573,#1574,#1575,#1576),
 .UNSPECIFIED.,.F.,.F.,(4,4),(0.,1.),.UNSPECIFIED.);
#342=B_SPLINE_CURVE_WITH_KNOTS('',3,(#1577,#1578,#1579,#1580),
 .UNSPECIFIED.,.F.,.F.,(4,4),(-1.,0.),.UNSPECIFIED.);
#343=B_SPLINE_CURVE_WITH_KNOTS('',3,(#1589,#1590,#1591,#1592),
 .UNSPECIFIED.,.F.,.F.,(4,4),(-1.94121895734821,-0.0224810389912519),
 .UNSPECIFIED.);
#344=B_SPLINE_CURVE_WITH_KNOTS('',3,(#1594,#1595,#1596,#1597),
 .UNSPECIFIED.,.F.,.F.,(4,4),(0.,0.158080886904208),.UNSPECIFIED.);
#345=B_SPLINE_CURVE_WITH_KNOTS('',3,(#1627,#1628,#1629,#1630),
 .UNSPECIFIED.,.F.,.F.,(4,4),(0.,0.158080886994192),.UNSPECIFIED.);
#346=B_SPLINE_CURVE_WITH_KNOTS('',3,(#1632,#1633,#1634,#1635),
 .UNSPECIFIED.,.F.,.F.,(4,4),(0.0224810190188506,1.94121895704078),
 .UNSPECIFIED.);
#347=B_SPLINE_CURVE_WITH_KNOTS('',3,(#1676,#1677,#1678,#1679),
 .UNSPECIFIED.,.F.,.F.,(4,4),(0.0499721358645282,0.111136523822799),
 .UNSPECIFIED.);
#348=B_SPLINE_CURVE_WITH_KNOTS('',3,(#1683,#1684,#1685,#1686),
 .UNSPECIFIED.,.F.,.F.,(4,4),(-1.94121895704078,6.89590288371989E-8),
 .UNSPECIFIED.);
#349=B_SPLINE_CURVE_WITH_KNOTS('',3,(#1687,#1688,#1689,#1690,#1691,#1692,
#1693,#1694,#1695,#1696,#1697,#1698,#1699,#1700,#1701,#1702,#1703,#1704,
#1705,#1706,#1707,#1708,#1709,#1710,#1711,#1712,#1713,#1714,#1715,#1716,
#1717,#1718,#1719,#1720,#1721,#1722,#1723,#1724,#1725,#1726,#1727,#1728,
#1729,#1730,#1731,#1732,#1733,#1734,#1735,#1736,#1737,#1738,#1739,#1740,
#1741),.UNSPECIFIED.,.F.,.F.,(4,3,3,3,3,3,3,3,3,3,3,3,3,3,3,3,3,3,4),(0.,
0.0220763554294019,0.0445321257939783,0.0671174903906908,0.0766743163244998,
0.0991675039251007,0.121756676771431,0.14402735039182,0.149355159323013,
0.153655610165404,0.17575796152713,0.198247919375495,0.22085168796515,0.232015180302035,
0.24972516271446,0.27243413053602,0.291315634444073,0.314867217103953,0.338418799763833),
 .UNSPECIFIED.);
#350=B_SPLINE_CURVE_WITH_KNOTS('',3,(#1768,#1769,#1770,#1771),
 .UNSPECIFIED.,.F.,.F.,(4,4),(-0.158080886994192,0.),.UNSPECIFIED.);
#351=B_SPLINE_CURVE_WITH_KNOTS('',3,(#1800,#1801,#1802,#1803,#1804,#1805,
#1806,#1807,#1808,#1809,#1810,#1811,#1812,#1813,#1814,#1815,#1816,#1817,
#1818,#1819,#1820,#1821,#1822,#1823,#1824,#1825,#1826,#1827,#1828,#1829,
#1830,#1831,#1832,#1833,#1834,#1835,#1836,#1837,#1838,#1839,#1840,#1841,
#1842,#1843,#1844,#1845,#1846,#1847,#1848,#1849,#1850,#1851,#1852,#1853,
#1854),.UNSPECIFIED.,.F.,.F.,(4,3,3,3,3,3,3,3,3,3,3,3,3,3,3,3,3,3,4),(0.0124214087453134,
0.0351677027883235,0.0581806779515506,0.0811936531147777,0.104026855454715,
0.127860385367439,0.149952495753649,0.151693915280163,0.161532052716436,
0.18401073684455,0.206579458960354,0.228759729815053,0.240209203985235,
0.251696634150606,0.274161123447865,0.295668252361319,0.318145823275914,
0.340475594414487,0.35108749758846),.UNSPECIFIED.);
#352=B_SPLINE_CURVE_WITH_KNOTS('',3,(#1856,#1857,#1858,#1859),
 .UNSPECIFIED.,.F.,.F.,(4,4),(-6.89590559065802E-8,1.94121895734821),
 .UNSPECIFIED.);
#353=B_SPLINE_CURVE_WITH_KNOTS('',3,(#1861,#1862,#1863,#1864),
 .UNSPECIFIED.,.F.,.F.,(4,4),(0.,0.0611657610830887),.UNSPECIFIED.);
#354=B_SPLINE_CURVE_WITH_KNOTS('',3,(#1890,#1891,#1892,#1893),
 .UNSPECIFIED.,.F.,.F.,(4,4),(-0.158080886904208,0.),.UNSPECIFIED.);
#355=B_SPLINE_CURVE_WITH_KNOTS('',3,(#1898,#1899,#1900,#1901,#1902),
 .UNSPECIFIED.,.F.,.F.,(4,1,4),(0.0199909002942197,0.175841881178266,0.292730116841301),
 .UNSPECIFIED.);
#356=B_SPLINE_CURVE_WITH_KNOTS('',3,(#1923,#1924,#1925,#1926,#1927),
 .UNSPECIFIED.,.F.,.F.,(4,1,4),(-0.292365525937398,-0.175841881178266,-0.020354035680797),
 .UNSPECIFIED.);
#357=VERTEX_POINT('',#1202);
#358=VERTEX_POINT('',#1203);
#359=VERTEX_POINT('',#1208);
#360=VERTEX_POINT('',#1216);
#361=VERTEX_POINT('',#1226);
#362=VERTEX_POINT('',#1227);
#363=VERTEX_POINT('',#1229);
#364=VERTEX_POINT('',#1231);
#365=VERTEX_POINT('',#1235);
#366=VERTEX_POINT('',#1236);
#367=VERTEX_POINT('',#1256);
#368=VERTEX_POINT('',#1257);
#369=VERTEX_POINT('',#1283);
#370=VERTEX_POINT('',#1284);
#371=VERTEX_POINT('',#1295);
#372=VERTEX_POINT('',#1297);
#373=VERTEX_POINT('',#1301);
#374=VERTEX_POINT('',#1303);
#375=VERTEX_POINT('',#1307);
#376=VERTEX_POINT('',#1308);
#377=VERTEX_POINT('',#1310);
#378=VERTEX_POINT('',#1312);
#379=VERTEX_POINT('',#1331);
#380=VERTEX_POINT('',#1332);
#381=VERTEX_POINT('',#1358);
#382=VERTEX_POINT('',#1359);
#383=VERTEX_POINT('',#1373);
#384=VERTEX_POINT('',#1374);
#385=VERTEX_POINT('',#1406);
#386=VERTEX_POINT('',#1407);
#387=VERTEX_POINT('',#1412);
#388=VERTEX_POINT('',#1420);
#389=VERTEX_POINT('',#1445);
#390=VERTEX_POINT('',#1446);
#391=VERTEX_POINT('',#1496);
#392=VERTEX_POINT('',#1497);
#393=VERTEX_POINT('',#1547);
#394=VERTEX_POINT('',#1572);
#395=VERTEX_POINT('',#1582);
#396=VERTEX_POINT('',#1584);
#397=VERTEX_POINT('',#1586);
#398=VERTEX_POINT('',#1588);
#399=VERTEX_POINT('',#1593);
#400=VERTEX_POINT('',#1600);
#401=VERTEX_POINT('',#1604);
#402=VERTEX_POINT('',#1608);
#403=VERTEX_POINT('',#1612);
#404=VERTEX_POINT('',#1620);
#405=VERTEX_POINT('',#1624);
#406=VERTEX_POINT('',#1626);
#407=VERTEX_POINT('',#1631);
#408=VERTEX_POINT('',#1636);
#409=VERTEX_POINT('',#1640);
#410=VERTEX_POINT('',#1644);
#411=VERTEX_POINT('',#1675);
#412=VERTEX_POINT('',#1680);
#413=VERTEX_POINT('',#1682);
#414=VERTEX_POINT('',#1766);
#415=VERTEX_POINT('',#1798);
#416=VERTEX_POINT('',#1799);
#417=VERTEX_POINT('',#1855);
#418=VERTEX_POINT('',#1889);
#419=VERTEX_POINT('',#1954);
#420=VERTEX_POINT('',#1955);
#421=VERTEX_POINT('',#1957);
#422=VERTEX_POINT('',#1962);
#423=VERTEX_POINT('',#1963);
#424=VERTEX_POINT('',#1969);
#425=VERTEX_POINT('',#1973);
#426=VERTEX_POINT('',#1977);
#427=VERTEX_POINT('',#1981);
#428=VERTEX_POINT('',#1985);
#429=VERTEX_POINT('',#1989);
#430=VERTEX_POINT('',#1993);
#431=VERTEX_POINT('',#1999);
#432=VERTEX_POINT('',#2004);
#433=EDGE_CURVE('',#357,#358,#317,.T.);
#434=EDGE_CURVE('',#358,#359,#318,.T.);
#435=EDGE_CURVE('',#359,#360,#193,.T.);
#436=EDGE_CURVE('',#360,#357,#319,.T.);
#437=EDGE_CURVE('',#361,#362,#194,.T.);
#438=EDGE_CURVE('',#362,#363,#46,.T.);
#439=EDGE_CURVE('',#363,#364,#195,.T.);
#440=EDGE_CURVE('',#364,#361,#47,.T.);
#441=EDGE_CURVE('',#365,#366,#196,.T.);
#442=EDGE_CURVE('',#366,#364,#197,.T.);
#443=EDGE_CURVE('',#363,#365,#198,.T.);
#444=EDGE_CURVE('',#367,#368,#199,.T.);
#445=EDGE_CURVE('',#368,#366,#320,.T.);
#446=EDGE_CURVE('',#365,#367,#321,.T.);
#447=EDGE_CURVE('',#369,#370,#200,.T.);
#448=EDGE_CURVE('',#370,#368,#322,.T.);
#449=EDGE_CURVE('',#367,#369,#323,.T.);
#450=EDGE_CURVE('',#369,#371,#201,.T.);
#451=EDGE_CURVE('',#371,#372,#202,.T.);
#452=EDGE_CURVE('',#372,#370,#203,.T.);
#453=EDGE_CURVE('',#371,#373,#48,.T.);
#454=EDGE_CURVE('',#373,#374,#204,.T.);
#455=EDGE_CURVE('',#374,#372,#49,.T.);
#456=EDGE_CURVE('',#375,#376,#205,.T.);
#457=EDGE_CURVE('',#376,#377,#206,.T.);
#458=EDGE_CURVE('',#377,#378,#207,.T.);
#459=EDGE_CURVE('',#378,#375,#208,.T.);
#460=EDGE_CURVE('',#379,#380,#209,.T.);
#461=EDGE_CURVE('',#380,#376,#324,.T.);
#462=EDGE_CURVE('',#375,#379,#325,.T.);
#463=EDGE_CURVE('',#381,#382,#210,.T.);
#464=EDGE_CURVE('',#382,#380,#326,.T.);
#465=EDGE_CURVE('',#379,#381,#327,.T.);
#466=EDGE_CURVE('',#381,#374,#211,.T.);
#467=EDGE_CURVE('',#373,#382,#212,.T.);
#468=EDGE_CURVE('',#383,#384,#213,.T.);
#469=EDGE_CURVE('',#384,#378,#50,.T.);
#470=EDGE_CURVE('',#377,#383,#51,.T.);
#471=EDGE_CURVE('',#385,#386,#328,.T.);
#472=EDGE_CURVE('',#386,#387,#329,.T.);
#473=EDGE_CURVE('',#387,#388,#214,.T.);
#474=EDGE_CURVE('',#388,#385,#330,.T.);
#475=EDGE_CURVE('',#389,#390,#215,.T.);
#476=EDGE_CURVE('',#390,#388,#331,.T.);
#477=EDGE_CURVE('',#387,#389,#332,.T.);
#478=EDGE_CURVE('',#389,#362,#333,.T.);
#479=EDGE_CURVE('',#361,#390,#334,.T.);
#480=EDGE_CURVE('',#391,#392,#216,.T.);
#481=EDGE_CURVE('',#392,#384,#335,.T.);
#482=EDGE_CURVE('',#383,#391,#336,.T.);
#483=EDGE_CURVE('',#391,#360,#337,.T.);
#484=EDGE_CURVE('',#359,#392,#338,.T.);
#485=EDGE_CURVE('',#357,#393,#339,.T.);
#486=EDGE_CURVE('',#393,#358,#340,.T.);
#487=EDGE_CURVE('',#385,#394,#341,.T.);
#488=EDGE_CURVE('',#394,#386,#342,.T.);
#489=EDGE_CURVE('',#395,#391,#217,.T.);
#490=EDGE_CURVE('',#396,#395,#218,.T.);
#491=EDGE_CURVE('',#396,#397,#219,.T.);
#492=EDGE_CURVE('',#398,#397,#343,.T.);
#493=EDGE_CURVE('',#399,#398,#344,.T.);
#494=EDGE_CURVE('',#393,#399,#220,.T.);
#495=EDGE_CURVE('',#377,#400,#221,.T.);
#496=EDGE_CURVE('',#395,#400,#52,.T.);
#497=EDGE_CURVE('',#401,#373,#222,.T.);
#498=EDGE_CURVE('',#400,#401,#223,.T.);
#499=EDGE_CURVE('',#371,#402,#224,.T.);
#500=EDGE_CURVE('',#401,#402,#53,.T.);
#501=EDGE_CURVE('',#403,#363,#225,.T.);
#502=EDGE_CURVE('',#402,#403,#226,.T.);
#503=EDGE_CURVE('',#361,#366,#54,.T.);
#504=EDGE_CURVE('',#370,#381,#55,.T.);
#505=EDGE_CURVE('',#389,#404,#227,.T.);
#506=EDGE_CURVE('',#403,#404,#56,.T.);
#507=EDGE_CURVE('',#405,#394,#228,.T.);
#508=EDGE_CURVE('',#406,#405,#345,.T.);
#509=EDGE_CURVE('',#407,#406,#346,.T.);
#510=EDGE_CURVE('',#407,#408,#229,.T.);
#511=EDGE_CURVE('',#404,#408,#230,.T.);
#512=EDGE_CURVE('',#368,#409,#57,.T.);
#513=EDGE_CURVE('',#409,#394,#58,.T.);
#514=EDGE_CURVE('',#379,#410,#59,.T.);
#515=EDGE_CURVE('',#410,#409,#60,.T.);
#516=EDGE_CURVE('',#393,#410,#61,.T.);
#517=EDGE_CURVE('',#375,#384,#62,.T.);
#518=EDGE_CURVE('',#411,#407,#347,.T.);
#519=EDGE_CURVE('',#406,#412,#63,.T.);
#520=EDGE_CURVE('',#412,#413,#348,.T.);
#521=EDGE_CURVE('',#413,#411,#349,.T.);
#522=EDGE_CURVE('',#405,#414,#64,.T.);
#523=EDGE_CURVE('',#414,#412,#350,.T.);
#524=EDGE_CURVE('',#409,#414,#231,.T.);
#525=EDGE_CURVE('',#415,#416,#351,.T.);
#526=EDGE_CURVE('',#416,#417,#352,.T.);
#527=EDGE_CURVE('',#417,#398,#65,.T.);
#528=EDGE_CURVE('',#397,#415,#353,.T.);
#529=EDGE_CURVE('',#417,#418,#354,.T.);
#530=EDGE_CURVE('',#418,#399,#66,.T.);
#531=EDGE_CURVE('',#418,#410,#232,.T.);
#532=EDGE_CURVE('',#414,#418,#355,.T.);
#533=EDGE_CURVE('',#417,#412,#356,.T.);
#534=EDGE_CURVE('',#413,#416,#67,.T.);
#535=EDGE_CURVE('',#419,#420,#233,.T.);
#536=EDGE_CURVE('',#420,#421,#234,.T.);
#537=EDGE_CURVE('',#421,#396,#235,.T.);
#538=EDGE_CURVE('',#419,#396,#236,.T.);
#539=EDGE_CURVE('',#422,#423,#237,.T.);
#540=EDGE_CURVE('',#423,#421,#68,.T.);
#541=EDGE_CURVE('',#420,#422,#69,.T.);
#542=EDGE_CURVE('',#408,#423,#238,.T.);
#543=EDGE_CURVE('',#422,#424,#239,.T.);
#544=EDGE_CURVE('',#424,#408,#240,.T.);
#545=EDGE_CURVE('',#424,#425,#241,.T.);
#546=EDGE_CURVE('',#425,#404,#242,.T.);
#547=EDGE_CURVE('',#426,#403,#243,.T.);
#548=EDGE_CURVE('',#425,#426,#70,.T.);
#549=EDGE_CURVE('',#427,#402,#244,.T.);
#550=EDGE_CURVE('',#426,#427,#245,.T.);
#551=EDGE_CURVE('',#428,#401,#246,.T.);
#552=EDGE_CURVE('',#427,#428,#71,.T.);
#553=EDGE_CURVE('',#429,#400,#247,.T.);
#554=EDGE_CURVE('',#428,#429,#248,.T.);
#555=EDGE_CURVE('',#430,#395,#249,.T.);
#556=EDGE_CURVE('',#429,#430,#72,.T.);
#557=EDGE_CURVE('',#430,#419,#250,.T.);
#558=EDGE_CURVE('',#421,#431,#251,.T.);
#559=EDGE_CURVE('',#415,#431,#252,.T.);
#560=EDGE_CURVE('',#431,#432,#73,.T.);
#561=EDGE_CURVE('',#432,#411,#253,.T.);
#562=EDGE_CURVE('',#423,#432,#254,.T.);
#563=ORIENTED_EDGE('',*,*,#433,.T.);
#564=ORIENTED_EDGE('',*,*,#434,.T.);
#565=ORIENTED_EDGE('',*,*,#435,.T.);
#566=ORIENTED_EDGE('',*,*,#436,.T.);
#567=ORIENTED_EDGE('',*,*,#437,.T.);
#568=ORIENTED_EDGE('',*,*,#438,.T.);
#569=ORIENTED_EDGE('',*,*,#439,.T.);
#570=ORIENTED_EDGE('',*,*,#440,.T.);
#571=ORIENTED_EDGE('',*,*,#441,.T.);
#572=ORIENTED_EDGE('',*,*,#442,.T.);
#573=ORIENTED_EDGE('',*,*,#439,.F.);
#574=ORIENTED_EDGE('',*,*,#443,.T.);
#575=ORIENTED_EDGE('',*,*,#444,.T.);
#576=ORIENTED_EDGE('',*,*,#445,.T.);
#577=ORIENTED_EDGE('',*,*,#441,.F.);
#578=ORIENTED_EDGE('',*,*,#446,.T.);
#579=ORIENTED_EDGE('',*,*,#447,.T.);
#580=ORIENTED_EDGE('',*,*,#448,.T.);
#581=ORIENTED_EDGE('',*,*,#444,.F.);
#582=ORIENTED_EDGE('',*,*,#449,.T.);
#583=ORIENTED_EDGE('',*,*,#447,.F.);
#584=ORIENTED_EDGE('',*,*,#450,.T.);
#585=ORIENTED_EDGE('',*,*,#451,.T.);
#586=ORIENTED_EDGE('',*,*,#452,.T.);
#587=ORIENTED_EDGE('',*,*,#451,.F.);
#588=ORIENTED_EDGE('',*,*,#453,.T.);
#589=ORIENTED_EDGE('',*,*,#454,.T.);
#590=ORIENTED_EDGE('',*,*,#455,.T.);
#591=ORIENTED_EDGE('',*,*,#456,.T.);
#592=ORIENTED_EDGE('',*,*,#457,.T.);
#593=ORIENTED_EDGE('',*,*,#458,.T.);
#594=ORIENTED_EDGE('',*,*,#459,.T.);
#595=ORIENTED_EDGE('',*,*,#460,.T.);
#596=ORIENTED_EDGE('',*,*,#461,.T.);
#597=ORIENTED_EDGE('',*,*,#456,.F.);
#598=ORIENTED_EDGE('',*,*,#462,.T.);
#599=ORIENTED_EDGE('',*,*,#463,.T.);
#600=ORIENTED_EDGE('',*,*,#464,.T.);
#601=ORIENTED_EDGE('',*,*,#460,.F.);
#602=ORIENTED_EDGE('',*,*,#465,.T.);
#603=ORIENTED_EDGE('',*,*,#463,.F.);
#604=ORIENTED_EDGE('',*,*,#466,.T.);
#605=ORIENTED_EDGE('',*,*,#454,.F.);
#606=ORIENTED_EDGE('',*,*,#467,.T.);
#607=ORIENTED_EDGE('',*,*,#468,.T.);
#608=ORIENTED_EDGE('',*,*,#469,.T.);
#609=ORIENTED_EDGE('',*,*,#458,.F.);
#610=ORIENTED_EDGE('',*,*,#470,.T.);
#611=ORIENTED_EDGE('',*,*,#471,.T.);
#612=ORIENTED_EDGE('',*,*,#472,.T.);
#613=ORIENTED_EDGE('',*,*,#473,.T.);
#614=ORIENTED_EDGE('',*,*,#474,.T.);
#615=ORIENTED_EDGE('',*,*,#475,.T.);
#616=ORIENTED_EDGE('',*,*,#476,.T.);
#617=ORIENTED_EDGE('',*,*,#473,.F.);
#618=ORIENTED_EDGE('',*,*,#477,.T.);
#619=ORIENTED_EDGE('',*,*,#475,.F.);
#620=ORIENTED_EDGE('',*,*,#478,.T.);
#621=ORIENTED_EDGE('',*,*,#437,.F.);
#622=ORIENTED_EDGE('',*,*,#479,.T.);
#623=ORIENTED_EDGE('',*,*,#480,.T.);
#624=ORIENTED_EDGE('',*,*,#481,.T.);
#625=ORIENTED_EDGE('',*,*,#468,.F.);
#626=ORIENTED_EDGE('',*,*,#482,.T.);
#627=ORIENTED_EDGE('',*,*,#480,.F.);
#628=ORIENTED_EDGE('',*,*,#483,.T.);
#629=ORIENTED_EDGE('',*,*,#435,.F.);
#630=ORIENTED_EDGE('',*,*,#484,.T.);
#631=ORIENTED_EDGE('',*,*,#433,.F.);
#632=ORIENTED_EDGE('',*,*,#485,.T.);
#633=ORIENTED_EDGE('',*,*,#486,.T.);
#634=ORIENTED_EDGE('',*,*,#471,.F.);
#635=ORIENTED_EDGE('',*,*,#487,.T.);
#636=ORIENTED_EDGE('',*,*,#488,.T.);
#637=ORIENTED_EDGE('',*,*,#485,.F.);
#638=ORIENTED_EDGE('',*,*,#436,.F.);
#639=ORIENTED_EDGE('',*,*,#483,.F.);
#640=ORIENTED_EDGE('',*,*,#489,.F.);
#641=ORIENTED_EDGE('',*,*,#490,.F.);
#642=ORIENTED_EDGE('',*,*,#491,.T.);
#643=ORIENTED_EDGE('',*,*,#492,.F.);
#644=ORIENTED_EDGE('',*,*,#493,.F.);
#645=ORIENTED_EDGE('',*,*,#494,.F.);
#646=ORIENTED_EDGE('',*,*,#482,.F.);
#647=ORIENTED_EDGE('',*,*,#470,.F.);
#648=ORIENTED_EDGE('',*,*,#495,.T.);
#649=ORIENTED_EDGE('',*,*,#496,.F.);
#650=ORIENTED_EDGE('',*,*,#489,.T.);
#651=ORIENTED_EDGE('',*,*,#457,.F.);
#652=ORIENTED_EDGE('',*,*,#461,.F.);
#653=ORIENTED_EDGE('',*,*,#464,.F.);
#654=ORIENTED_EDGE('',*,*,#467,.F.);
#655=ORIENTED_EDGE('',*,*,#497,.F.);
#656=ORIENTED_EDGE('',*,*,#498,.F.);
#657=ORIENTED_EDGE('',*,*,#495,.F.);
#658=ORIENTED_EDGE('',*,*,#453,.F.);
#659=ORIENTED_EDGE('',*,*,#499,.T.);
#660=ORIENTED_EDGE('',*,*,#500,.F.);
#661=ORIENTED_EDGE('',*,*,#497,.T.);
#662=ORIENTED_EDGE('',*,*,#450,.F.);
#663=ORIENTED_EDGE('',*,*,#449,.F.);
#664=ORIENTED_EDGE('',*,*,#446,.F.);
#665=ORIENTED_EDGE('',*,*,#443,.F.);
#666=ORIENTED_EDGE('',*,*,#501,.F.);
#667=ORIENTED_EDGE('',*,*,#502,.F.);
#668=ORIENTED_EDGE('',*,*,#499,.F.);
#669=ORIENTED_EDGE('',*,*,#442,.F.);
#670=ORIENTED_EDGE('',*,*,#503,.F.);
#671=ORIENTED_EDGE('',*,*,#440,.F.);
#672=ORIENTED_EDGE('',*,*,#466,.F.);
#673=ORIENTED_EDGE('',*,*,#504,.F.);
#674=ORIENTED_EDGE('',*,*,#452,.F.);
#675=ORIENTED_EDGE('',*,*,#455,.F.);
#676=ORIENTED_EDGE('',*,*,#438,.F.);
#677=ORIENTED_EDGE('',*,*,#478,.F.);
#678=ORIENTED_EDGE('',*,*,#505,.T.);
#679=ORIENTED_EDGE('',*,*,#506,.F.);
#680=ORIENTED_EDGE('',*,*,#501,.T.);
#681=ORIENTED_EDGE('',*,*,#477,.F.);
#682=ORIENTED_EDGE('',*,*,#472,.F.);
#683=ORIENTED_EDGE('',*,*,#488,.F.);
#684=ORIENTED_EDGE('',*,*,#507,.F.);
#685=ORIENTED_EDGE('',*,*,#508,.F.);
#686=ORIENTED_EDGE('',*,*,#509,.F.);
#687=ORIENTED_EDGE('',*,*,#510,.T.);
#688=ORIENTED_EDGE('',*,*,#511,.F.);
#689=ORIENTED_EDGE('',*,*,#505,.F.);
#690=ORIENTED_EDGE('',*,*,#445,.F.);
#691=ORIENTED_EDGE('',*,*,#512,.T.);
#692=ORIENTED_EDGE('',*,*,#513,.T.);
#693=ORIENTED_EDGE('',*,*,#487,.F.);
#694=ORIENTED_EDGE('',*,*,#474,.F.);
#695=ORIENTED_EDGE('',*,*,#476,.F.);
#696=ORIENTED_EDGE('',*,*,#479,.F.);
#697=ORIENTED_EDGE('',*,*,#503,.T.);
#698=ORIENTED_EDGE('',*,*,#465,.F.);
#699=ORIENTED_EDGE('',*,*,#514,.T.);
#700=ORIENTED_EDGE('',*,*,#515,.T.);
#701=ORIENTED_EDGE('',*,*,#512,.F.);
#702=ORIENTED_EDGE('',*,*,#448,.F.);
#703=ORIENTED_EDGE('',*,*,#504,.T.);
#704=ORIENTED_EDGE('',*,*,#486,.F.);
#705=ORIENTED_EDGE('',*,*,#516,.T.);
#706=ORIENTED_EDGE('',*,*,#514,.F.);
#707=ORIENTED_EDGE('',*,*,#462,.F.);
#708=ORIENTED_EDGE('',*,*,#517,.T.);
#709=ORIENTED_EDGE('',*,*,#481,.F.);
#710=ORIENTED_EDGE('',*,*,#484,.F.);
#711=ORIENTED_EDGE('',*,*,#434,.F.);
#712=ORIENTED_EDGE('',*,*,#469,.F.);
#713=ORIENTED_EDGE('',*,*,#517,.F.);
#714=ORIENTED_EDGE('',*,*,#459,.F.);
#715=ORIENTED_EDGE('',*,*,#518,.T.);
#716=ORIENTED_EDGE('',*,*,#509,.T.);
#717=ORIENTED_EDGE('',*,*,#519,.T.);
#718=ORIENTED_EDGE('',*,*,#520,.T.);
#719=ORIENTED_EDGE('',*,*,#521,.T.);
#720=ORIENTED_EDGE('',*,*,#522,.T.);
#721=ORIENTED_EDGE('',*,*,#523,.T.);
#722=ORIENTED_EDGE('',*,*,#519,.F.);
#723=ORIENTED_EDGE('',*,*,#508,.T.);
#724=ORIENTED_EDGE('',*,*,#513,.F.);
#725=ORIENTED_EDGE('',*,*,#524,.T.);
#726=ORIENTED_EDGE('',*,*,#522,.F.);
#727=ORIENTED_EDGE('',*,*,#507,.T.);
#728=ORIENTED_EDGE('',*,*,#525,.T.);
#729=ORIENTED_EDGE('',*,*,#526,.T.);
#730=ORIENTED_EDGE('',*,*,#527,.T.);
#731=ORIENTED_EDGE('',*,*,#492,.T.);
#732=ORIENTED_EDGE('',*,*,#528,.T.);
#733=ORIENTED_EDGE('',*,*,#527,.F.);
#734=ORIENTED_EDGE('',*,*,#529,.T.);
#735=ORIENTED_EDGE('',*,*,#530,.T.);
#736=ORIENTED_EDGE('',*,*,#493,.T.);
#737=ORIENTED_EDGE('',*,*,#516,.F.);
#738=ORIENTED_EDGE('',*,*,#494,.T.);
#739=ORIENTED_EDGE('',*,*,#530,.F.);
#740=ORIENTED_EDGE('',*,*,#531,.T.);
#741=ORIENTED_EDGE('',*,*,#515,.F.);
#742=ORIENTED_EDGE('',*,*,#531,.F.);
#743=ORIENTED_EDGE('',*,*,#532,.F.);
#744=ORIENTED_EDGE('',*,*,#524,.F.);
#745=ORIENTED_EDGE('',*,*,#523,.F.);
#746=ORIENTED_EDGE('',*,*,#532,.T.);
#747=ORIENTED_EDGE('',*,*,#529,.F.);
#748=ORIENTED_EDGE('',*,*,#533,.T.);
#749=ORIENTED_EDGE('',*,*,#520,.F.);
#750=ORIENTED_EDGE('',*,*,#533,.F.);
#751=ORIENTED_EDGE('',*,*,#526,.F.);
#752=ORIENTED_EDGE('',*,*,#534,.F.);
#753=ORIENTED_EDGE('',*,*,#535,.T.);
#754=ORIENTED_EDGE('',*,*,#536,.T.);
#755=ORIENTED_EDGE('',*,*,#537,.T.);
#756=ORIENTED_EDGE('',*,*,#538,.F.);
#757=ORIENTED_EDGE('',*,*,#539,.T.);
#758=ORIENTED_EDGE('',*,*,#540,.T.);
#759=ORIENTED_EDGE('',*,*,#536,.F.);
#760=ORIENTED_EDGE('',*,*,#541,.T.);
#761=ORIENTED_EDGE('',*,*,#542,.T.);
#762=ORIENTED_EDGE('',*,*,#539,.F.);
#763=ORIENTED_EDGE('',*,*,#543,.T.);
#764=ORIENTED_EDGE('',*,*,#544,.T.);
#765=ORIENTED_EDGE('',*,*,#545,.T.);
#766=ORIENTED_EDGE('',*,*,#546,.T.);
#767=ORIENTED_EDGE('',*,*,#511,.T.);
#768=ORIENTED_EDGE('',*,*,#544,.F.);
#769=ORIENTED_EDGE('',*,*,#547,.T.);
#770=ORIENTED_EDGE('',*,*,#506,.T.);
#771=ORIENTED_EDGE('',*,*,#546,.F.);
#772=ORIENTED_EDGE('',*,*,#548,.T.);
#773=ORIENTED_EDGE('',*,*,#549,.T.);
#774=ORIENTED_EDGE('',*,*,#502,.T.);
#775=ORIENTED_EDGE('',*,*,#547,.F.);
#776=ORIENTED_EDGE('',*,*,#550,.T.);
#777=ORIENTED_EDGE('',*,*,#551,.T.);
#778=ORIENTED_EDGE('',*,*,#500,.T.);
#779=ORIENTED_EDGE('',*,*,#549,.F.);
#780=ORIENTED_EDGE('',*,*,#552,.T.);
#781=ORIENTED_EDGE('',*,*,#553,.T.);
#782=ORIENTED_EDGE('',*,*,#498,.T.);
#783=ORIENTED_EDGE('',*,*,#551,.F.);
#784=ORIENTED_EDGE('',*,*,#554,.T.);
#785=ORIENTED_EDGE('',*,*,#555,.T.);
#786=ORIENTED_EDGE('',*,*,#496,.T.);
#787=ORIENTED_EDGE('',*,*,#553,.F.);
#788=ORIENTED_EDGE('',*,*,#556,.T.);
#789=ORIENTED_EDGE('',*,*,#490,.T.);
#790=ORIENTED_EDGE('',*,*,#555,.F.);
#791=ORIENTED_EDGE('',*,*,#557,.T.);
#792=ORIENTED_EDGE('',*,*,#538,.T.);
#793=ORIENTED_EDGE('',*,*,#528,.F.);
#794=ORIENTED_EDGE('',*,*,#491,.F.);
#795=ORIENTED_EDGE('',*,*,#537,.F.);
#796=ORIENTED_EDGE('',*,*,#558,.T.);
#797=ORIENTED_EDGE('',*,*,#559,.F.);
#798=ORIENTED_EDGE('',*,*,#535,.F.);
#799=ORIENTED_EDGE('',*,*,#557,.F.);
#800=ORIENTED_EDGE('',*,*,#556,.F.);
#801=ORIENTED_EDGE('',*,*,#554,.F.);
#802=ORIENTED_EDGE('',*,*,#552,.F.);
#803=ORIENTED_EDGE('',*,*,#550,.F.);
#804=ORIENTED_EDGE('',*,*,#548,.F.);
#805=ORIENTED_EDGE('',*,*,#545,.F.);
#806=ORIENTED_EDGE('',*,*,#543,.F.);
#807=ORIENTED_EDGE('',*,*,#541,.F.);
#808=ORIENTED_EDGE('',*,*,#521,.F.);
#809=ORIENTED_EDGE('',*,*,#534,.T.);
#810=ORIENTED_EDGE('',*,*,#525,.F.);
#811=ORIENTED_EDGE('',*,*,#559,.T.);
#812=ORIENTED_EDGE('',*,*,#560,.T.);
#813=ORIENTED_EDGE('',*,*,#561,.T.);
#814=ORIENTED_EDGE('',*,*,#540,.F.);
#815=ORIENTED_EDGE('',*,*,#562,.T.);
#816=ORIENTED_EDGE('',*,*,#560,.F.);
#817=ORIENTED_EDGE('',*,*,#558,.F.);
#818=ORIENTED_EDGE('',*,*,#518,.F.);
#819=ORIENTED_EDGE('',*,*,#561,.F.);
#820=ORIENTED_EDGE('',*,*,#562,.F.);
#821=ORIENTED_EDGE('',*,*,#542,.F.);
#822=ORIENTED_EDGE('',*,*,#510,.F.);
#823=B_SPLINE_SURFACE_WITH_KNOTS('',3,3,((#1174,#1175,#1176,#1177,#1178,
#1179,#1180),(#1181,#1182,#1183,#1184,#1185,#1186,#1187),(#1188,#1189,#1190,
#1191,#1192,#1193,#1194),(#1195,#1196,#1197,#1198,#1199,#1200,#1201)),
 .UNSPECIFIED.,.F.,.F.,.F.,(4,4),(4,1,1,1,4),(0.,1.),(1.01106448007702,
1.06232605325071,1.16484919959809,1.26737234594547,1.36989549229284),
 .UNSPECIFIED.);
#824=B_SPLINE_SURFACE_WITH_KNOTS('',3,3,((#1240,#1241,#1242,#1243),(#1244,
#1245,#1246,#1247),(#1248,#1249,#1250,#1251),(#1252,#1253,#1254,#1255)),
 .UNSPECIFIED.,.F.,.F.,.F.,(4,4),(4,4),(0.,1.),(0.0751386502990279,0.238194090010853),
 .UNSPECIFIED.);
#825=B_SPLINE_SURFACE_WITH_KNOTS('',3,3,((#1267,#1268,#1269,#1270),(#1271,
#1272,#1273,#1274),(#1275,#1276,#1277,#1278),(#1279,#1280,#1281,#1282)),
 .UNSPECIFIED.,.F.,.F.,.F.,(4,4),(4,4),(0.,1.),(0.238194090010852,0.363390644674826),
 .UNSPECIFIED.);
#826=B_SPLINE_SURFACE_WITH_KNOTS('',3,3,((#1315,#1316,#1317,#1318),(#1319,
#1320,#1321,#1322),(#1323,#1324,#1325,#1326),(#1327,#1328,#1329,#1330)),
 .UNSPECIFIED.,.F.,.F.,.F.,(4,4),(4,4),(0.,1.),(0.0751385850296771,0.238194097059765),
 .UNSPECIFIED.);
#827=B_SPLINE_SURFACE_WITH_KNOTS('',3,3,((#1342,#1343,#1344,#1345),(#1346,
#1347,#1348,#1349),(#1350,#1351,#1352,#1353),(#1354,#1355,#1356,#1357)),
 .UNSPECIFIED.,.F.,.F.,.F.,(4,4),(4,4),(0.,1.),(0.238194097059765,0.363390745296517),
 .UNSPECIFIED.);
#828=B_SPLINE_SURFACE_WITH_KNOTS('',3,3,((#1378,#1379,#1380,#1381,#1382,
#1383,#1384),(#1385,#1386,#1387,#1388,#1389,#1390,#1391),(#1392,#1393,#1394,
#1395,#1396,#1397,#1398),(#1399,#1400,#1401,#1402,#1403,#1404,#1405)),
 .UNSPECIFIED.,.F.,.F.,.F.,(4,4),(4,1,1,1,4),(0.,1.),(0.0292210791349998,
0.183005798673353,0.285528945032254,0.336790518211705,0.388052091391156),
 .UNSPECIFIED.);
#829=B_SPLINE_SURFACE_WITH_KNOTS('',3,3,((#1429,#1430,#1431,#1432),(#1433,
#1434,#1435,#1436),(#1437,#1438,#1439,#1440),(#1441,#1442,#1443,#1444)),
 .UNSPECIFIED.,.F.,.F.,.F.,(4,4),(4,4),(0.,1.),(1.44139747310607,1.45),
 .UNSPECIFIED.);
#830=B_SPLINE_SURFACE_WITH_KNOTS('',3,3,((#1456,#1457,#1458,#1459),(#1460,
#1461,#1462,#1463),(#1464,#1465,#1466,#1467),(#1468,#1469,#1470,#1471)),
 .UNSPECIFIED.,.F.,.F.,.F.,(4,4),(4,4),(0.,1.),(-0.785398163397537,-0.587660539083344),
 .UNSPECIFIED.);
#831=B_SPLINE_SURFACE_WITH_KNOTS('',3,3,((#1480,#1481,#1482,#1483),(#1484,
#1485,#1486,#1487),(#1488,#1489,#1490,#1491),(#1492,#1493,#1494,#1495)),
 .UNSPECIFIED.,.F.,.F.,.F.,(4,4),(4,4),(0.,1.),(0.587659570074661,0.785398163397471),
 .UNSPECIFIED.);
#832=B_SPLINE_SURFACE_WITH_KNOTS('',3,3,((#1507,#1508,#1509,#1510),(#1511,
#1512,#1513,#1514),(#1515,#1516,#1517,#1518),(#1519,#1520,#1521,#1522)),
 .UNSPECIFIED.,.F.,.F.,.F.,(4,4),(4,4),(0.,1.),(-1.45,-1.44139749455173),
 .UNSPECIFIED.);
#833=B_SPLINE_SURFACE_WITH_KNOTS('',3,3,((#1531,#1532,#1533,#1534),(#1535,
#1536,#1537,#1538),(#1539,#1540,#1541,#1542),(#1543,#1544,#1545,#1546)),
 .UNSPECIFIED.,.F.,.F.,.F.,(4,4),(4,4),(0.,1.),(0.,1.),.UNSPECIFIED.);
#834=B_SPLINE_SURFACE_WITH_KNOTS('',3,3,((#1556,#1557,#1558,#1559),(#1560,
#1561,#1562,#1563),(#1564,#1565,#1566,#1567),(#1568,#1569,#1570,#1571)),
 .UNSPECIFIED.,.F.,.F.,.F.,(4,4),(4,4),(0.,1.),(0.,1.),.UNSPECIFIED.);
#835=B_SPLINE_SURFACE_WITH_KNOTS('',3,3,((#1651,#1652,#1653,#1654),(#1655,
#1656,#1657,#1658),(#1659,#1660,#1661,#1662),(#1663,#1664,#1665,#1666),
(#1667,#1668,#1669,#1670),(#1671,#1672,#1673,#1674)),.UNSPECIFIED.,.F.,
 .F.,.F.,(4,1,1,4),(4,4),(0.,0.285714285714286,0.571428571428571,1.),(-0.0375113579182856,
1.94121895704078),.UNSPECIFIED.);
#836=B_SPLINE_SURFACE_WITH_KNOTS('',3,3,((#1742,#1743,#1744,#1745),(#1746,
#1747,#1748,#1749),(#1750,#1751,#1752,#1753),(#1754,#1755,#1756,#1757),
(#1758,#1759,#1760,#1761),(#1762,#1763,#1764,#1765)),.UNSPECIFIED.,.F.,
 .F.,.F.,(4,1,1,4),(4,4),(0.,0.285714285714286,0.571428571428571,1.),(0.,
0.158080886994192),.UNSPECIFIED.);
#837=B_SPLINE_SURFACE_WITH_KNOTS('',3,3,((#1774,#1775,#1776,#1777),(#1778,
#1779,#1780,#1781),(#1782,#1783,#1784,#1785),(#1786,#1787,#1788,#1789),
(#1790,#1791,#1792,#1793),(#1794,#1795,#1796,#1797)),.UNSPECIFIED.,.F.,
 .F.,.F.,(4,1,1,4),(4,4),(0.,0.285714285714286,0.571428571428571,1.),(-0.0375113571387998,
1.94121895734821),.UNSPECIFIED.);
#838=B_SPLINE_SURFACE_WITH_KNOTS('',3,3,((#1865,#1866,#1867,#1868),(#1869,
#1870,#1871,#1872),(#1873,#1874,#1875,#1876),(#1877,#1878,#1879,#1880),
(#1881,#1882,#1883,#1884),(#1885,#1886,#1887,#1888)),.UNSPECIFIED.,.F.,
 .F.,.F.,(4,1,1,4),(4,4),(0.,0.285714285714286,0.571428571428571,1.),(0.,
0.158080886904208),.UNSPECIFIED.);
#839=B_SPLINE_SURFACE_WITH_KNOTS('',3,3,((#1903,#1904,#1905,#1906,#1907),
(#1908,#1909,#1910,#1911,#1912),(#1913,#1914,#1915,#1916,#1917),(#1918,
#1919,#1920,#1921,#1922)),.UNSPECIFIED.,.F.,.F.,.F.,(4,4),(4,1,4),(0.,1.),
(0.0199909002942197,0.175841881178266,0.292730116841301),.UNSPECIFIED.);
#840=B_SPLINE_SURFACE_WITH_KNOTS('',3,3,((#1928,#1929,#1930,#1931),(#1932,
#1933,#1934,#1935),(#1936,#1937,#1938,#1939),(#1940,#1941,#1942,#1943),
(#1944,#1945,#1946,#1947),(#1948,#1949,#1950,#1951)),.UNSPECIFIED.,.F.,
 .F.,.F.,(4,1,1,4),(4,4),(0.107143540842477,0.443877649713877,0.668367055628143,
0.89285646154241),(0.,0.951453223463275),.UNSPECIFIED.);
#841=ADVANCED_FACE('',(#81),#823,.T.);
#842=ADVANCED_FACE('',(#82),#74,.T.);
#843=ADVANCED_FACE('',(#83),#25,.T.);
#844=ADVANCED_FACE('',(#84),#824,.T.);
#845=ADVANCED_FACE('',(#85),#825,.T.);
#846=ADVANCED_FACE('',(#86),#26,.T.);
#847=ADVANCED_FACE('',(#87),#75,.T.);
#848=ADVANCED_FACE('',(#88),#27,.T.);
#849=ADVANCED_FACE('',(#89),#826,.T.);
#850=ADVANCED_FACE('',(#90),#827,.T.);
#851=ADVANCED_FACE('',(#91),#28,.T.);
#852=ADVANCED_FACE('',(#92),#76,.T.);
#853=ADVANCED_FACE('',(#93),#828,.T.);
#854=ADVANCED_FACE('',(#94),#829,.T.);
#855=ADVANCED_FACE('',(#95),#830,.T.);
#856=ADVANCED_FACE('',(#96),#831,.T.);
#857=ADVANCED_FACE('',(#97),#832,.T.);
#858=ADVANCED_FACE('',(#98),#833,.F.);
#859=ADVANCED_FACE('',(#99),#834,.F.);
#860=ADVANCED_FACE('',(#100),#29,.T.);
#861=ADVANCED_FACE('',(#101),#18,.T.);
#862=ADVANCED_FACE('',(#102),#30,.T.);
#863=ADVANCED_FACE('',(#103),#19,.T.);
#864=ADVANCED_FACE('',(#104),#31,.T.);
#865=ADVANCED_FACE('',(#105),#32,.T.);
#866=ADVANCED_FACE('',(#106),#33,.T.);
#867=ADVANCED_FACE('',(#107),#20,.T.);
#868=ADVANCED_FACE('',(#108),#34,.T.);
#869=ADVANCED_FACE('',(#109),#15,.F.);
#870=ADVANCED_FACE('',(#110),#16,.F.);
#871=ADVANCED_FACE('',(#111),#17,.F.);
#872=ADVANCED_FACE('',(#112),#35,.T.);
#873=ADVANCED_FACE('',(#113),#835,.F.);
#874=ADVANCED_FACE('',(#114),#836,.F.);
#875=ADVANCED_FACE('',(#115),#21,.T.);
#876=ADVANCED_FACE('',(#116),#837,.F.);
#877=ADVANCED_FACE('',(#117),#838,.F.);
#878=ADVANCED_FACE('',(#118),#22,.T.);
#879=ADVANCED_FACE('',(#119),#23,.T.);
#880=ADVANCED_FACE('',(#120),#839,.F.);
#881=ADVANCED_FACE('',(#121),#840,.T.);
#882=ADVANCED_FACE('',(#122),#36,.T.);
#883=ADVANCED_FACE('',(#123),#77,.F.);
#884=ADVANCED_FACE('',(#124),#37,.T.);
#885=ADVANCED_FACE('',(#125),#38,.T.);
#886=ADVANCED_FACE('',(#126),#78,.T.);
#887=ADVANCED_FACE('',(#127),#39,.T.);
#888=ADVANCED_FACE('',(#128),#79,.T.);
#889=ADVANCED_FACE('',(#129),#40,.T.);
#890=ADVANCED_FACE('',(#130),#80,.T.);
#891=ADVANCED_FACE('',(#131),#41,.T.);
#892=ADVANCED_FACE('',(#132),#42,.F.);
#893=ADVANCED_FACE('',(#133),#43,.T.);
#894=ADVANCED_FACE('',(#134),#44,.T.);
#895=ADVANCED_FACE('',(#135),#24,.F.);
#896=ADVANCED_FACE('',(#136),#45,.F.);
#897=CLOSED_SHELL('',(#841,#842,#843,#844,#845,#846,#847,#848,#849,#850,
#851,#852,#853,#854,#855,#856,#857,#858,#859,#860,#861,#862,#863,#864,#865,
#866,#867,#868,#869,#870,#871,#872,#873,#874,#875,#876,#877,#878,#879,#880,
#881,#882,#883,#884,#885,#886,#887,#888,#889,#890,#891,#892,#893,#894,#895,
#896));
#898=DERIVED_UNIT_ELEMENT(#900,1.);
#899=DERIVED_UNIT_ELEMENT(#2015,-3.);
#900=(
MASS_UNIT()
NAMED_UNIT(*)
SI_UNIT(.KILO.,.GRAM.)
);
#901=DERIVED_UNIT((#898,#899));
#902=MEASURE_REPRESENTATION_ITEM('density measure',
POSITIVE_RATIO_MEASURE(7850.),#901);
#903=PROPERTY_DEFINITION_REPRESENTATION(#908,#905);
#904=PROPERTY_DEFINITION_REPRESENTATION(#909,#906);
#905=REPRESENTATION('material name',(#907),#2012);
#906=REPRESENTATION('density',(#902),#2012);
#907=DESCRIPTIVE_REPRESENTATION_ITEM('Steel','Steel');
#908=PROPERTY_DEFINITION('material property','material name',#2022);
#909=PROPERTY_DEFINITION('material property','density of part',#2022);
#910=AXIS2_PLACEMENT_3D('',#1173,#977,#978);
#911=AXIS2_PLACEMENT_3D('',#1225,#980,#981);
#912=AXIS2_PLACEMENT_3D('',#1230,#983,#984);
#913=AXIS2_PLACEMENT_3D('',#1233,#986,#987);
#914=AXIS2_PLACEMENT_3D('',#1234,#988,#989);
#915=AXIS2_PLACEMENT_3D('',#1294,#995,#996);
#916=AXIS2_PLACEMENT_3D('',#1300,#1000,#1001);
#917=AXIS2_PLACEMENT_3D('',#1302,#1002,#1003);
#918=AXIS2_PLACEMENT_3D('',#1305,#1005,#1006);
#919=AXIS2_PLACEMENT_3D('',#1306,#1007,#1008);
#920=AXIS2_PLACEMENT_3D('',#1369,#1015,#1016);
#921=AXIS2_PLACEMENT_3D('',#1372,#1019,#1020);
#922=AXIS2_PLACEMENT_3D('',#1376,#1022,#1023);
#923=AXIS2_PLACEMENT_3D('',#1377,#1024,#1025);
#924=AXIS2_PLACEMENT_3D('',#1581,#1029,#1030);
#925=AXIS2_PLACEMENT_3D('',#1599,#1035,#1036);
#926=AXIS2_PLACEMENT_3D('',#1602,#1038,#1039);
#927=AXIS2_PLACEMENT_3D('',#1603,#1040,#1041);
#928=AXIS2_PLACEMENT_3D('',#1607,#1044,#1045);
#929=AXIS2_PLACEMENT_3D('',#1610,#1047,#1048);
#930=AXIS2_PLACEMENT_3D('',#1611,#1049,#1050);
#931=AXIS2_PLACEMENT_3D('',#1615,#1053,#1054);
#932=AXIS2_PLACEMENT_3D('',#1616,#1055,#1056);
#933=AXIS2_PLACEMENT_3D('',#1617,#1057,#1058);
#934=AXIS2_PLACEMENT_3D('',#1618,#1059,#1060);
#935=AXIS2_PLACEMENT_3D('',#1619,#1061,#1062);
#936=AXIS2_PLACEMENT_3D('',#1622,#1064,#1065);
#937=AXIS2_PLACEMENT_3D('',#1623,#1066,#1067);
#938=AXIS2_PLACEMENT_3D('',#1639,#1071,#1072);
#939=AXIS2_PLACEMENT_3D('',#1641,#1073,#1074);
#940=AXIS2_PLACEMENT_3D('',#1642,#1075,#1076);
#941=AXIS2_PLACEMENT_3D('',#1643,#1077,#1078);
#942=AXIS2_PLACEMENT_3D('',#1645,#1079,#1080);
#943=AXIS2_PLACEMENT_3D('',#1646,#1081,#1082);
#944=AXIS2_PLACEMENT_3D('',#1647,#1083,#1084);
#945=AXIS2_PLACEMENT_3D('',#1648,#1085,#1086);
#946=AXIS2_PLACEMENT_3D('',#1649,#1087,#1088);
#947=AXIS2_PLACEMENT_3D('',#1650,#1089,#1090);
#948=AXIS2_PLACEMENT_3D('',#1681,#1091,#1092);
#949=AXIS2_PLACEMENT_3D('',#1767,#1093,#1094);
#950=AXIS2_PLACEMENT_3D('',#1772,#1095,#1096);
#951=AXIS2_PLACEMENT_3D('',#1860,#1098,#1099);
#952=AXIS2_PLACEMENT_3D('',#1894,#1100,#1101);
#953=AXIS2_PLACEMENT_3D('',#1895,#1102,#1103);
#954=AXIS2_PLACEMENT_3D('',#1897,#1105,#1106);
#955=AXIS2_PLACEMENT_3D('',#1952,#1107,#1108);
#956=AXIS2_PLACEMENT_3D('',#1953,#1109,#1110);
#957=AXIS2_PLACEMENT_3D('',#1961,#1115,#1116);
#958=AXIS2_PLACEMENT_3D('',#1965,#1118,#1119);
#959=AXIS2_PLACEMENT_3D('',#1966,#1120,#1121);
#960=AXIS2_PLACEMENT_3D('',#1967,#1122,#1123);
#961=AXIS2_PLACEMENT_3D('',#1972,#1127,#1128);
#962=AXIS2_PLACEMENT_3D('',#1976,#1131,#1132);
#963=AXIS2_PLACEMENT_3D('',#1979,#1134,#1135);
#964=AXIS2_PLACEMENT_3D('',#1980,#1136,#1137);
#965=AXIS2_PLACEMENT_3D('',#1984,#1140,#1141);
#966=AXIS2_PLACEMENT_3D('',#1987,#1143,#1144);
#967=AXIS2_PLACEMENT_3D('',#1988,#1145,#1146);
#968=AXIS2_PLACEMENT_3D('',#1992,#1149,#1150);
#969=AXIS2_PLACEMENT_3D('',#1995,#1152,#1153);
#970=AXIS2_PLACEMENT_3D('',#1996,#1154,#1155);
#971=AXIS2_PLACEMENT_3D('',#1998,#1157,#1158);
#972=AXIS2_PLACEMENT_3D('',#2002,#1161,#1162);
#973=AXIS2_PLACEMENT_3D('',#2003,#1163,#1164);
#974=AXIS2_PLACEMENT_3D('',#2005,#1165,#1166);
#975=AXIS2_PLACEMENT_3D('',#2007,#1168,#1169);
#976=AXIS2_PLACEMENT_3D('',#2009,#1171,#1172);
#977=DIRECTION('axis',(0.,0.,1.));
#978=DIRECTION('refdir',(1.,0.,0.));
#979=DIRECTION('',(0.,0.702082455635753,0.712095657540805));
#980=DIRECTION('center_axis',(0.,0.,1.));
#981=DIRECTION('ref_axis',(0.707106781186535,-0.70710678118656,0.));
#982=DIRECTION('',(0.693327768910848,-0.138912219970433,0.707106781186542));
#983=DIRECTION('center_axis',(0.,0.,-1.));
#984=DIRECTION('ref_axis',(0.707106781186535,-0.70710678118656,0.));
#985=DIRECTION('',(0.,0.707106781186577,-0.707106781186518));
#986=DIRECTION('center_axis',(0.,0.,1.));
#987=DIRECTION('ref_axis',(0.707106781186535,-0.70710678118656,0.));
#988=DIRECTION('center_axis',(0.,-0.707106781186541,-0.707106781186554));
#989=DIRECTION('ref_axis',(-1.,0.,0.));
#990=DIRECTION('',(0.,0.707106781186554,-0.707106781186541));
#991=DIRECTION('',(1.,0.,0.));
#992=DIRECTION('',(-1.,0.,0.));
#993=DIRECTION('',(0.,0.695456275790264,-0.718568415993867));
#994=DIRECTION('',(0.,0.707106781186554,-0.707106781186541));
#995=DIRECTION('center_axis',(0.,-0.707106781186541,-0.707106781186554));
#996=DIRECTION('ref_axis',(-1.,0.,0.));
#997=DIRECTION('',(-1.,0.,0.));
#998=DIRECTION('',(0.,0.707106781186554,-0.707106781186541));
#999=DIRECTION('',(1.,0.,0.));
#1000=DIRECTION('center_axis',(0.,0.,1.));
#1001=DIRECTION('ref_axis',(-0.707106781186548,-0.707106781186548,0.));
#1002=DIRECTION('center_axis',(0.,0.,-1.));
#1003=DIRECTION('ref_axis',(-0.707106781186548,-0.707106781186548,0.));
#1004=DIRECTION('',(0.707106781186577,0.,-0.707106781186518));
#1005=DIRECTION('center_axis',(0.,0.,1.));
#1006=DIRECTION('ref_axis',(-0.707106781186548,-0.707106781186548,0.));
#1007=DIRECTION('center_axis',(-0.707106781186543,0.,-0.707106781186552));
#1008=DIRECTION('ref_axis',(-0.707106781186552,0.,0.707106781186543));
#1009=DIRECTION('',(-0.707106781186552,0.,0.707106781186543));
#1010=DIRECTION('',(0.,1.,0.));
#1011=DIRECTION('',(0.707106781186552,0.,-0.707106781186543));
#1012=DIRECTION('',(0.,-1.,0.));
#1013=DIRECTION('',(-0.695456248969494,0.,0.71856844195197));
#1014=DIRECTION('',(-0.707106781186552,0.,0.707106781186543));
#1015=DIRECTION('center_axis',(-0.707106781186543,0.,-0.707106781186552));
#1016=DIRECTION('ref_axis',(-0.707106781186552,0.,0.707106781186543));
#1017=DIRECTION('',(0.,-1.,0.));
#1018=DIRECTION('',(0.,1.,0.));
#1019=DIRECTION('center_axis',(0.,0.,1.));
#1020=DIRECTION('ref_axis',(-0.707106781186535,0.70710678118656,0.));
#1021=DIRECTION('',(0.138912891810961,-0.693327634303381,-0.707106781186543));
#1022=DIRECTION('center_axis',(0.,0.,1.));
#1023=DIRECTION('ref_axis',(-0.707106781186535,0.70710678118656,0.));
#1024=DIRECTION('center_axis',(0.,0.,-1.));
#1025=DIRECTION('ref_axis',(-0.707106781186535,0.70710678118656,0.));
#1026=DIRECTION('',(-0.702082455635764,4.98909611535857E-14,-0.712095657540794));
#1027=DIRECTION('',(-0.706483288035204,5.01987348139494E-14,-0.707729725055383));
#1028=DIRECTION('',(2.50993672045977E-14,-0.706483282318676,-0.707729730761842));
#1029=DIRECTION('center_axis',(0.,1.,0.));
#1030=DIRECTION('ref_axis',(1.,0.,0.));
#1031=DIRECTION('',(0.,0.,-1.));
#1032=DIRECTION('',(-1.,0.,0.));
#1033=DIRECTION('',(0.,0.,-1.));
#1034=DIRECTION('',(0.,0.,-1.));
#1035=DIRECTION('center_axis',(0.,0.,1.));
#1036=DIRECTION('ref_axis',(-0.707106781186535,0.70710678118656,0.));
#1037=DIRECTION('',(0.,0.,1.));
#1038=DIRECTION('center_axis',(0.,0.,1.));
#1039=DIRECTION('ref_axis',(-0.707106781186535,0.70710678118656,0.));
#1040=DIRECTION('center_axis',(-1.,0.,0.));
#1041=DIRECTION('ref_axis',(0.,-1.,0.));
#1042=DIRECTION('',(0.,0.,-1.));
#1043=DIRECTION('',(0.,-1.,0.));
#1044=DIRECTION('center_axis',(0.,0.,1.));
#1045=DIRECTION('ref_axis',(-0.707106781186548,-0.707106781186548,0.));
#1046=DIRECTION('',(0.,0.,1.));
#1047=DIRECTION('center_axis',(0.,0.,1.));
#1048=DIRECTION('ref_axis',(-0.707106781186548,-0.707106781186548,0.));
#1049=DIRECTION('center_axis',(0.,-1.,0.));
#1050=DIRECTION('ref_axis',(1.,0.,0.));
#1051=DIRECTION('',(0.,0.,-1.));
#1052=DIRECTION('',(1.,0.,0.));
#1053=DIRECTION('center_axis',(0.,0.,-1.));
#1054=DIRECTION('ref_axis',(1.,0.,0.));
#1055=DIRECTION('center_axis',(0.,0.,-1.));
#1056=DIRECTION('ref_axis',(0.67082035881926,-0.741619879853284,0.));
#1057=DIRECTION('center_axis',(0.,0.,-1.));
#1058=DIRECTION('ref_axis',(1.,0.,0.));
#1059=DIRECTION('center_axis',(0.,0.,-1.));
#1060=DIRECTION('ref_axis',(-0.707106772714714,-0.707106789658381,0.));
#1061=DIRECTION('center_axis',(0.,0.,1.));
#1062=DIRECTION('ref_axis',(0.707106781186535,-0.70710678118656,0.));
#1063=DIRECTION('',(0.,0.,1.));
#1064=DIRECTION('center_axis',(0.,0.,1.));
#1065=DIRECTION('ref_axis',(0.707106781186535,-0.70710678118656,0.));
#1066=DIRECTION('center_axis',(1.,0.,0.));
#1067=DIRECTION('ref_axis',(0.,-1.,0.));
#1068=DIRECTION('',(0.,0.,1.));
#1069=DIRECTION('',(0.,0.,1.));
#1070=DIRECTION('',(0.,1.,0.));
#1071=DIRECTION('center_axis',(0.,0.,1.));
#1072=DIRECTION('ref_axis',(1.,0.,0.));
#1073=DIRECTION('center_axis',(-0.994987427821353,0.100000092387202,0.));
#1074=DIRECTION('ref_axis',(0.,0.,1.));
#1075=DIRECTION('center_axis',(0.,0.,1.));
#1076=DIRECTION('ref_axis',(0.67082035881926,-0.741619879853284,0.));
#1077=DIRECTION('center_axis',(0.,0.,1.));
#1078=DIRECTION('ref_axis',(1.,0.,0.));
#1079=DIRECTION('center_axis',(-0.10000011622906,0.994987425425153,0.));
#1080=DIRECTION('ref_axis',(0.,0.,1.));
#1081=DIRECTION('center_axis',(0.,0.,1.));
#1082=DIRECTION('ref_axis',(-0.707106772714714,-0.707106789658381,0.));
#1083=DIRECTION('center_axis',(0.,0.,-1.));
#1084=DIRECTION('ref_axis',(-1.,0.,0.));
#1085=DIRECTION('center_axis',(0.,0.,1.));
#1086=DIRECTION('ref_axis',(-0.741619887890374,0.670820349933922,0.));
#1087=DIRECTION('center_axis',(0.,0.,-1.));
#1088=DIRECTION('ref_axis',(-0.741619887890374,0.670820349933922,0.));
#1089=DIRECTION('center_axis',(0.,0.,-1.));
#1090=DIRECTION('ref_axis',(1.,0.,0.));
#1091=DIRECTION('center_axis',(0.,0.197284098800479,-0.98034635938554));
#1092=DIRECTION('ref_axis',(1.,0.,0.));
#1093=DIRECTION('center_axis',(0.,0.,-1.));
#1094=DIRECTION('ref_axis',(1.,0.,0.));
#1095=DIRECTION('center_axis',(0.,0.,1.));
#1096=DIRECTION('ref_axis',(0.67082035881926,-0.741619879853284,0.));
#1097=DIRECTION('',(0.,0.,-1.));
#1098=DIRECTION('center_axis',(0.197284099147792,0.,-0.980346359315647));
#1099=DIRECTION('ref_axis',(-0.975476898352459,-0.0995464339832002,-0.196304172808158));
#1100=DIRECTION('center_axis',(0.,0.,-1.));
#1101=DIRECTION('ref_axis',(-0.994987425425154,-0.100000116229051,0.));
#1102=DIRECTION('center_axis',(0.,0.,1.));
#1103=DIRECTION('ref_axis',(-0.741619887890374,0.670820349933922,0.));
#1104=DIRECTION('',(0.,0.,1.));
#1105=DIRECTION('center_axis',(0.,0.,1.));
#1106=DIRECTION('ref_axis',(-7.40148683083438E-16,-1.,0.));
#1107=DIRECTION('center_axis',(0.,0.,-1.));
#1108=DIRECTION('ref_axis',(-2.22044604925032E-15,-1.,0.));
#1109=DIRECTION('center_axis',(0.707106781186544,1.16303145087687E-16,0.707106781186551));
#1110=DIRECTION('ref_axis',(0.707106781186551,0.,-0.707106781186544));
#1111=DIRECTION('',(1.64477485129653E-16,-1.,0.));
#1112=DIRECTION('',(0.707106781186547,0.,-0.707106781186547));
#1113=DIRECTION('',(-1.64477485129653E-16,1.,0.));
#1114=DIRECTION('',(0.577350269189636,0.577350269189616,-0.577350269189626));
#1115=DIRECTION('center_axis',(0.,0.,1.));
#1116=DIRECTION('ref_axis',(-1.,-2.96059473233375E-15,0.));
#1117=DIRECTION('',(0.,0.707106781186554,-0.707106781186541));
#1118=DIRECTION('center_axis',(0.,0.,-1.));
#1119=DIRECTION('ref_axis',(-1.,-2.96059473233375E-15,0.));
#1120=DIRECTION('center_axis',(0.,0.,1.));
#1121=DIRECTION('ref_axis',(-1.,-2.96059473233375E-15,0.));
#1122=DIRECTION('center_axis',(0.,0.70710678118657,0.707106781186526));
#1123=DIRECTION('ref_axis',(1.,0.,0.));
#1124=DIRECTION('',(-1.,0.,0.));
#1125=DIRECTION('',(1.,0.,0.));
#1126=DIRECTION('',(0.577350269189643,0.577350269189602,-0.577350269189633));
#1127=DIRECTION('center_axis',(0.707106781186543,0.,0.707106781186552));
#1128=DIRECTION('ref_axis',(0.707106781186552,0.,-0.707106781186543));
#1129=DIRECTION('',(0.,-1.,0.));
#1130=DIRECTION('',(0.707106781186552,0.,-0.707106781186543));
#1131=DIRECTION('center_axis',(0.,0.,-1.));
#1132=DIRECTION('ref_axis',(0.707106781186535,-0.70710678118656,0.));
#1133=DIRECTION('',(0.,-0.707106781186577,-0.707106781186518));
#1134=DIRECTION('center_axis',(0.,0.,-1.));
#1135=DIRECTION('ref_axis',(0.707106781186535,-0.70710678118656,0.));
#1136=DIRECTION('center_axis',(0.,-0.707106781186568,0.707106781186527));
#1137=DIRECTION('ref_axis',(1.,0.,0.));
#1138=DIRECTION('',(0.,-0.707106781186527,-0.707106781186568));
#1139=DIRECTION('',(-1.,0.,0.));
#1140=DIRECTION('center_axis',(0.,0.,-1.));
#1141=DIRECTION('ref_axis',(-0.707106781186548,-0.707106781186548,0.));
#1142=DIRECTION('',(-0.707106781186577,0.,-0.707106781186518));
#1143=DIRECTION('center_axis',(0.,0.,-1.));
#1144=DIRECTION('ref_axis',(-0.707106781186548,-0.707106781186548,0.));
#1145=DIRECTION('center_axis',(-0.707106781186543,0.,0.707106781186552));
#1146=DIRECTION('ref_axis',(0.707106781186552,0.,0.707106781186543));
#1147=DIRECTION('',(-0.707106781186552,0.,-0.707106781186543));
#1148=DIRECTION('',(0.,1.,0.));
#1149=DIRECTION('center_axis',(0.,0.,-1.));
#1150=DIRECTION('ref_axis',(-0.707106781186535,0.70710678118656,0.));
#1151=DIRECTION('',(0.,0.707106781186565,-0.70710678118653));
#1152=DIRECTION('center_axis',(0.,0.,-1.));
#1153=DIRECTION('ref_axis',(-0.707106781186535,0.70710678118656,0.));
#1154=DIRECTION('center_axis',(0.,0.707106781186555,0.70710678118654));
#1155=DIRECTION('ref_axis',(1.,0.,0.));
#1156=DIRECTION('',(1.,0.,0.));
#1157=DIRECTION('center_axis',(-1.,-1.64477485129653E-16,0.));
#1158=DIRECTION('ref_axis',(-1.64477485129653E-16,1.,0.));
#1159=DIRECTION('',(0.,0.,-1.));
#1160=DIRECTION('',(1.64477485129653E-16,-1.,0.));
#1161=DIRECTION('center_axis',(0.,0.,1.));
#1162=DIRECTION('ref_axis',(1.,0.,0.));
#1163=DIRECTION('center_axis',(0.,0.,-1.));
#1164=DIRECTION('ref_axis',(1.,0.,0.));
#1165=DIRECTION('center_axis',(0.,0.,1.));
#1166=DIRECTION('ref_axis',(-1.,-2.96059473233375E-15,0.));
#1167=DIRECTION('',(1.,0.,0.));
#1168=DIRECTION('center_axis',(0.,0.,-1.));
#1169=DIRECTION('ref_axis',(-1.,-2.96059473233375E-15,0.));
#1170=DIRECTION('',(0.,0.,-1.));
#1171=DIRECTION('center_axis',(0.,-1.,0.));
#1172=DIRECTION('ref_axis',(-1.,0.,0.));
#1173=CARTESIAN_POINT('',(0.,0.,0.));
#1174=CARTESIAN_POINT('Ctrl Pts',(-67.4139758693893,-78.2499760962375,-6.00354011274423));
#1175=CARTESIAN_POINT('Ctrl Pts',(-67.2433307984959,-78.2498476339362,-6.01261111064395));
#1176=CARTESIAN_POINT('Ctrl Pts',(-66.6949985409194,-78.2476933185066,-6.10018054994772));
#1177=CARTESIAN_POINT('Ctrl Pts',(-65.8855161932294,-78.2301624735094,-6.48908959189777));
#1178=CARTESIAN_POINT('Ctrl Pts',(-65.1016080547648,-78.1672267024475,-7.15826255119818));
#1179=CARTESIAN_POINT('Ctrl Pts',(-64.5822939601439,-78.0811108386899,-7.71053118103659));
#1180=CARTESIAN_POINT('Ctrl Pts',(-64.3355644654113,-78.0372217981905,-7.96450953966476));
#1181=CARTESIAN_POINT('Ctrl Pts',(-67.4139758693893,-78.1666511182552,-5.91902674182949));
#1182=CARTESIAN_POINT('Ctrl Pts',(-67.2379154380617,-78.166565476721,-5.92507407376263));
#1183=CARTESIAN_POINT('Ctrl Pts',(-66.6710729061357,-78.1651292664346,-6.00364403547167));
#1184=CARTESIAN_POINT('Ctrl Pts',(-65.8279156067313,-78.1534420364365,-6.38187472815189));
#1185=CARTESIAN_POINT('Ctrl Pts',(-65.0049627806718,-78.1114848557285,-7.04347256459389));
#1186=CARTESIAN_POINT('Ctrl Pts',(-64.4683176696015,-78.0540742798901,-7.59324552503004));
#1187=CARTESIAN_POINT('Ctrl Pts',(-64.2188617405481,-78.0248149195572,-7.84682552240479));
#1188=CARTESIAN_POINT('Ctrl Pts',(-67.4139758693893,-78.0833261402729,-5.83451337091474));
#1189=CARTESIAN_POINT('Ctrl Pts',(-67.2325000776276,-78.0832833195058,-5.83753703688132));
#1190=CARTESIAN_POINT('Ctrl Pts',(-66.647147271352,-78.0825652143626,-5.90710752099561));
#1191=CARTESIAN_POINT('Ctrl Pts',(-65.7703150202331,-78.0767215993635,-6.27465986440601));
#1192=CARTESIAN_POINT('Ctrl Pts',(-64.9083175065788,-78.0557430090095,-6.9286825779896));
#1193=CARTESIAN_POINT('Ctrl Pts',(-64.3543413790591,-78.0270377210903,-7.47595986902349));
#1194=CARTESIAN_POINT('Ctrl Pts',(-64.102159015685,-78.0124080409239,-7.72914150514482));
#1195=CARTESIAN_POINT('Ctrl Pts',(-67.4139758693893,-78.0000011622906,-5.75));
#1196=CARTESIAN_POINT('Ctrl Pts',(-67.2270847171935,-78.0000011622906,-5.75));
#1197=CARTESIAN_POINT('Ctrl Pts',(-66.6232216365683,-78.0000011622906,-5.81057100651956));
#1198=CARTESIAN_POINT('Ctrl Pts',(-65.7127144337349,-78.0000011622906,-6.16744500066013));
#1199=CARTESIAN_POINT('Ctrl Pts',(-64.8116722324857,-78.0000011622906,-6.81389259138531));
#1200=CARTESIAN_POINT('Ctrl Pts',(-64.2403650885167,-78.0000011622906,-7.35867421301694));
#1201=CARTESIAN_POINT('Ctrl Pts',(-63.9854562908218,-78.0000011622906,-7.61145748788485));
#1202=CARTESIAN_POINT('',(-63.9854562908218,-78.0000011622906,-7.61145748788485));
#1203=CARTESIAN_POINT('',(-64.3355644654113,-78.0372217981905,-7.96450953966476));
#1204=CARTESIAN_POINT('Ctrl Pts',(-63.9854562908218,-78.0000011622906,-7.61145748788485));
#1205=CARTESIAN_POINT('Ctrl Pts',(-64.102159015685,-78.0124080409239,-7.72914150514482));
#1206=CARTESIAN_POINT('Ctrl Pts',(-64.2188617405481,-78.0248149195572,-7.84682552240479));
#1207=CARTESIAN_POINT('Ctrl Pts',(-64.3355644654113,-78.0372217981905,-7.96450953966476));
#1208=CARTESIAN_POINT('',(-67.4139758693893,-78.2499760962375,-6.00354011274423));
#1209=CARTESIAN_POINT('Ctrl Pts',(-64.3355644654113,-78.0372217981905,-7.96450953966476));
#1210=CARTESIAN_POINT('Ctrl Pts',(-64.5822939601439,-78.0811108386899,-7.71053118103659));
#1211=CARTESIAN_POINT('Ctrl Pts',(-65.1016080547648,-78.1672267024475,-7.15826255119818));
#1212=CARTESIAN_POINT('Ctrl Pts',(-65.8855161932294,-78.2301624735094,-6.48908959189777));
#1213=CARTESIAN_POINT('Ctrl Pts',(-66.6949985409194,-78.2476933185066,-6.10018054994772));
#1214=CARTESIAN_POINT('Ctrl Pts',(-67.2433307984959,-78.2498476339362,-6.01261111064395));
#1215=CARTESIAN_POINT('Ctrl Pts',(-67.4139758693893,-78.2499760962375,-6.00354011274423));
#1216=CARTESIAN_POINT('',(-67.4139758693893,-78.0000011622906,-5.75));
#1217=CARTESIAN_POINT('',(-67.4139758693893,-78.2499760962375,-6.00354011274423));
#1218=CARTESIAN_POINT('Ctrl Pts',(-67.4139758693893,-78.0000011622906,-5.75));
#1219=CARTESIAN_POINT('Ctrl Pts',(-67.2270847171935,-78.0000011622906,-5.75));
#1220=CARTESIAN_POINT('Ctrl Pts',(-66.6232216365683,-78.0000011622906,-5.81057100651956));
#1221=CARTESIAN_POINT('Ctrl Pts',(-65.7127144337349,-78.0000011622906,-6.16744500066013));
#1222=CARTESIAN_POINT('Ctrl Pts',(-64.8116722324857,-78.0000011622906,-6.81389259138531));
#1223=CARTESIAN_POINT('Ctrl Pts',(-64.2403650885167,-78.0000011622906,-7.35867421301694));
#1224=CARTESIAN_POINT('Ctrl Pts',(-63.9854562908218,-78.0000011622906,-7.61145748788485));
#1225=CARTESIAN_POINT('Origin',(-53.500000923872,-92.5000011622906,-5.875));
#1226=CARTESIAN_POINT('',(-53.2548725403811,-92.549114048656,-6.));
#1227=CARTESIAN_POINT('',(-53.0097441568902,-92.5982269350213,-5.75));
#1228=CARTESIAN_POINT('',(-53.2548725403811,-92.549114048656,-6.));
#1229=CARTESIAN_POINT('',(-53.500000923872,-93.0000011622906,-5.75));
#1230=CARTESIAN_POINT('Origin',(-53.500000923872,-92.5000011622906,-5.75));
#1231=CARTESIAN_POINT('',(-53.500000923872,-92.7500011622905,-6.));
#1232=CARTESIAN_POINT('',(-53.500000923872,-93.0000011622906,-5.75));
#1233=CARTESIAN_POINT('Origin',(-53.500000923872,-92.5000011622906,-6.));
#1234=CARTESIAN_POINT('Origin',(-64.250000923872,-92.8750011622906,-5.875));
#1235=CARTESIAN_POINT('',(-53.7513874268623,-93.0000011622906,-5.75));
#1236=CARTESIAN_POINT('',(-53.7513874268623,-92.7500011622906,-6.));
#1237=CARTESIAN_POINT('',(-53.7513874268623,-93.0000011622906,-5.75));
#1238=CARTESIAN_POINT('',(-64.250000923872,-92.7500011622906,-6.));
#1239=CARTESIAN_POINT('',(-64.250000923872,-93.0000011622906,-5.75));
#1240=CARTESIAN_POINT('Ctrl Pts',(-53.7513874268623,-92.7500011622906,-6.));
#1241=CARTESIAN_POINT('Ctrl Pts',(-54.294905559235,-92.7500011622906,-6.));
#1242=CARTESIAN_POINT('Ctrl Pts',(-54.8384236916078,-92.7502953683929,-6.01308374623257));
#1243=CARTESIAN_POINT('Ctrl Pts',(-55.3819418239805,-92.7501347050468,-6.00817028423196));
#1244=CARTESIAN_POINT('Ctrl Pts',(-53.7513874268623,-92.8333344956239,-5.91666666666667));
#1245=CARTESIAN_POINT('Ctrl Pts',(-54.294905559235,-92.8333344956239,-5.91666666666667));
#1246=CARTESIAN_POINT('Ctrl Pts',(-54.8384236916078,-92.8335306330255,-5.92538916415505));
#1247=CARTESIAN_POINT('Ctrl Pts',(-55.3819418239805,-92.833423524128,-5.9221135228213));
#1248=CARTESIAN_POINT('Ctrl Pts',(-53.7513874268623,-92.9166678289572,-5.83333333333333));
#1249=CARTESIAN_POINT('Ctrl Pts',(-54.294905559235,-92.9166678289572,-5.83333333333333));
#1250=CARTESIAN_POINT('Ctrl Pts',(-54.8384236916078,-92.916765897658,-5.83769458207752));
#1251=CARTESIAN_POINT('Ctrl Pts',(-55.3819418239805,-92.9167123432093,-5.83605676141065));
#1252=CARTESIAN_POINT('Ctrl Pts',(-53.7513874268623,-93.0000011622906,-5.75));
#1253=CARTESIAN_POINT('Ctrl Pts',(-54.294905559235,-93.0000011622906,-5.75));
#1254=CARTESIAN_POINT('Ctrl Pts',(-54.8384236916078,-93.0000011622906,-5.75));
#1255=CARTESIAN_POINT('Ctrl Pts',(-55.3819418239805,-93.0000011622906,-5.75));
#1256=CARTESIAN_POINT('',(-55.3819418239805,-93.0000011622906,-5.75));
#1257=CARTESIAN_POINT('',(-55.3819418239805,-92.7501347050468,-6.00817028423196));
#1258=CARTESIAN_POINT('',(-55.3819418239805,-93.0000011622906,-5.75));
#1259=CARTESIAN_POINT('Ctrl Pts',(-55.3819418239805,-92.7501347050468,-6.00817028423196));
#1260=CARTESIAN_POINT('Ctrl Pts',(-54.8384236916078,-92.7502953683929,-6.01308374623257));
#1261=CARTESIAN_POINT('Ctrl Pts',(-54.294905559235,-92.7500011622906,-6.));
#1262=CARTESIAN_POINT('Ctrl Pts',(-53.7513874268623,-92.7500011622906,-6.));
#1263=CARTESIAN_POINT('Ctrl Pts',(-53.7513874268623,-93.0000011622906,-5.75));
#1264=CARTESIAN_POINT('Ctrl Pts',(-54.294905559235,-93.0000011622906,-5.75));
#1265=CARTESIAN_POINT('Ctrl Pts',(-54.8384236916078,-93.0000011622906,-5.75));
#1266=CARTESIAN_POINT('Ctrl Pts',(-55.3819418239805,-93.0000011622906,-5.75));
#1267=CARTESIAN_POINT('Ctrl Pts',(-55.3819418239805,-92.7501347050468,-6.00817028423196));
#1268=CARTESIAN_POINT('Ctrl Pts',(-55.7992636728604,-92.7500113451795,-6.00439765012029));
#1269=CARTESIAN_POINT('Ctrl Pts',(-56.2165855217403,-92.7500011622906,-6.));
#1270=CARTESIAN_POINT('Ctrl Pts',(-56.6339073706202,-92.7500011622906,-6.));
#1271=CARTESIAN_POINT('Ctrl Pts',(-55.3819418239805,-92.833423524128,-5.9221135228213));
#1272=CARTESIAN_POINT('Ctrl Pts',(-55.7992636728604,-92.8333412842165,-5.91959843341353));
#1273=CARTESIAN_POINT('Ctrl Pts',(-56.2165855217403,-92.8333344956239,-5.91666666666667));
#1274=CARTESIAN_POINT('Ctrl Pts',(-56.6339073706202,-92.8333344956239,-5.91666666666667));
#1275=CARTESIAN_POINT('Ctrl Pts',(-55.3819418239805,-92.9167123432093,-5.83605676141065));
#1276=CARTESIAN_POINT('Ctrl Pts',(-55.7992636728604,-92.9166712232536,-5.83479921670676));
#1277=CARTESIAN_POINT('Ctrl Pts',(-56.2165855217403,-92.9166678289572,-5.83333333333333));
#1278=CARTESIAN_POINT('Ctrl Pts',(-56.6339073706202,-92.9166678289572,-5.83333333333333));
#1279=CARTESIAN_POINT('Ctrl Pts',(-55.3819418239805,-93.0000011622906,-5.75));
#1280=CARTESIAN_POINT('Ctrl Pts',(-55.7992636728604,-93.0000011622906,-5.75));
#1281=CARTESIAN_POINT('Ctrl Pts',(-56.2165855217403,-93.0000011622906,-5.75));
#1282=CARTESIAN_POINT('Ctrl Pts',(-56.6339073706202,-93.0000011622906,-5.75));
#1283=CARTESIAN_POINT('',(-56.6339073706202,-93.0000011622906,-5.75));
#1284=CARTESIAN_POINT('',(-56.6339073706202,-92.7500011622906,-6.));
#1285=CARTESIAN_POINT('',(-56.6339073706202,-93.0000011622906,-5.75));
#1286=CARTESIAN_POINT('Ctrl Pts',(-56.6339073706202,-92.7500011622906,-6.));
#1287=CARTESIAN_POINT('Ctrl Pts',(-56.2165855217403,-92.7500011622906,-6.));
#1288=CARTESIAN_POINT('Ctrl Pts',(-55.7992636728604,-92.7500113451795,-6.00439765012029));
#1289=CARTESIAN_POINT('Ctrl Pts',(-55.3819418239805,-92.7501347050468,-6.00817028423196));
#1290=CARTESIAN_POINT('Ctrl Pts',(-55.3819418239805,-93.0000011622906,-5.75));
#1291=CARTESIAN_POINT('Ctrl Pts',(-55.7992636728604,-93.0000011622906,-5.75));
#1292=CARTESIAN_POINT('Ctrl Pts',(-56.2165855217403,-93.0000011622906,-5.75));
#1293=CARTESIAN_POINT('Ctrl Pts',(-56.6339073706202,-93.0000011622906,-5.75));
#1294=CARTESIAN_POINT('Origin',(-64.250000923872,-92.8750011622906,-5.875));
#1295=CARTESIAN_POINT('',(-67.500000923872,-93.0000011622906,-5.75));
#1296=CARTESIAN_POINT('',(-64.250000923872,-93.0000011622906,-5.75));
#1297=CARTESIAN_POINT('',(-67.500000923872,-92.7500011622906,-6.));
#1298=CARTESIAN_POINT('',(-67.500000923872,-93.0000011622906,-5.75));
#1299=CARTESIAN_POINT('',(-64.250000923872,-92.7500011622906,-6.));
#1300=CARTESIAN_POINT('Origin',(-67.500000923872,-92.5000011622906,-5.875));
#1301=CARTESIAN_POINT('',(-68.000000923872,-92.5000011622906,-5.75));
#1302=CARTESIAN_POINT('Origin',(-67.500000923872,-92.5000011622906,-5.75));
#1303=CARTESIAN_POINT('',(-67.750000923872,-92.5000011622906,-6.));
#1304=CARTESIAN_POINT('',(-68.000000923872,-92.5000011622906,-5.75));
#1305=CARTESIAN_POINT('Origin',(-67.500000923872,-92.5000011622906,-6.));
#1306=CARTESIAN_POINT('Origin',(-67.875000923872,-81.7500011622906,-5.875));
#1307=CARTESIAN_POINT('',(-67.750000923872,-78.7513870125873,-6.));
#1308=CARTESIAN_POINT('',(-68.000000923872,-78.7513870125873,-5.75));
#1309=CARTESIAN_POINT('',(-67.750000923872,-78.7513870125873,-6.));
#1310=CARTESIAN_POINT('',(-68.000000923872,-78.5000011622906,-5.75));
#1311=CARTESIAN_POINT('',(-68.000000923872,-81.7500011622906,-5.75));
#1312=CARTESIAN_POINT('',(-67.750000923872,-78.5000011622906,-6.));
#1313=CARTESIAN_POINT('',(-68.000000923872,-78.5000011622906,-5.75));
#1314=CARTESIAN_POINT('',(-67.750000923872,-81.7500011622906,-6.));
#1315=CARTESIAN_POINT('Ctrl Pts',(-68.000000923872,-78.7513870125873,-5.75));
#1316=CARTESIAN_POINT('Ctrl Pts',(-68.000000923872,-79.294905386021,-5.75));
#1317=CARTESIAN_POINT('Ctrl Pts',(-68.000000923872,-79.8384237594546,-5.75));
#1318=CARTESIAN_POINT('Ctrl Pts',(-68.000000923872,-80.3819421328882,-5.75));
#1319=CARTESIAN_POINT('Ctrl Pts',(-67.9166675905387,-78.7513870125873,-5.83333333333333));
#1320=CARTESIAN_POINT('Ctrl Pts',(-67.9166675905387,-79.294905386021,-5.83333333333333));
#1321=CARTESIAN_POINT('Ctrl Pts',(-67.9167656596626,-79.8384237594546,-5.83769459127652));
#1322=CARTESIAN_POINT('Ctrl Pts',(-67.916712104994,-80.3819421328882,-5.83605676762821));
#1323=CARTESIAN_POINT('Ctrl Pts',(-67.8333342572053,-78.7513870125873,-5.91666666666667));
#1324=CARTESIAN_POINT('Ctrl Pts',(-67.8333342572053,-79.294905386021,-5.91666666666667));
#1325=CARTESIAN_POINT('Ctrl Pts',(-67.8335303954533,-79.8384237594546,-5.92538918255305));
#1326=CARTESIAN_POINT('Ctrl Pts',(-67.8334232861161,-80.3819421328882,-5.92211353525643));
#1327=CARTESIAN_POINT('Ctrl Pts',(-67.750000923872,-78.7513870125873,-6.));
#1328=CARTESIAN_POINT('Ctrl Pts',(-67.750000923872,-79.294905386021,-6.));
#1329=CARTESIAN_POINT('Ctrl Pts',(-67.7502951312439,-79.8384237594546,-6.01308377382957));
#1330=CARTESIAN_POINT('Ctrl Pts',(-67.7501344672381,-80.3819421328882,-6.00817030288464));
#1331=CARTESIAN_POINT('',(-67.7501344672381,-80.3819421328882,-6.00817030288464));
#1332=CARTESIAN_POINT('',(-68.000000923872,-80.3819421328882,-5.75));
#1333=CARTESIAN_POINT('',(-67.7501344672381,-80.3819421328882,-6.00817030288464));
#1334=CARTESIAN_POINT('Ctrl Pts',(-68.000000923872,-80.3819421328882,-5.75));
#1335=CARTESIAN_POINT('Ctrl Pts',(-68.000000923872,-79.8384237594546,-5.75));
#1336=CARTESIAN_POINT('Ctrl Pts',(-68.000000923872,-79.294905386021,-5.75));
#1337=CARTESIAN_POINT('Ctrl Pts',(-68.000000923872,-78.7513870125873,-5.75));
#1338=CARTESIAN_POINT('Ctrl Pts',(-67.750000923872,-78.7513870125873,-6.));
#1339=CARTESIAN_POINT('Ctrl Pts',(-67.750000923872,-79.294905386021,-6.));
#1340=CARTESIAN_POINT('Ctrl Pts',(-67.7502951312439,-79.8384237594546,-6.01308377382957));
#1341=CARTESIAN_POINT('Ctrl Pts',(-67.7501344672381,-80.3819421328882,-6.00817030288464));
#1342=CARTESIAN_POINT('Ctrl Pts',(-68.000000923872,-80.3819421328882,-5.75));
#1343=CARTESIAN_POINT('Ctrl Pts',(-68.000000923872,-80.7992642936774,-5.75));
#1344=CARTESIAN_POINT('Ctrl Pts',(-68.000000923872,-81.2165864544666,-5.75));
#1345=CARTESIAN_POINT('Ctrl Pts',(-68.000000923872,-81.6339086152557,-5.75));
#1346=CARTESIAN_POINT('Ctrl Pts',(-67.916712104994,-80.3819421328882,-5.83605676762821));
#1347=CARTESIAN_POINT('Ctrl Pts',(-67.9166709848569,-80.7992642936774,-5.83479922025298));
#1348=CARTESIAN_POINT('Ctrl Pts',(-67.9166675905387,-81.2165864544666,-5.83333333333333));
#1349=CARTESIAN_POINT('Ctrl Pts',(-67.9166675905387,-81.6339086152557,-5.83333333333333));
#1350=CARTESIAN_POINT('Ctrl Pts',(-67.8334232861161,-80.3819421328882,-5.92211353525643));
#1351=CARTESIAN_POINT('Ctrl Pts',(-67.8333410458419,-80.7992642936774,-5.91959844050596));
#1352=CARTESIAN_POINT('Ctrl Pts',(-67.8333342572053,-81.2165864544666,-5.91666666666667));
#1353=CARTESIAN_POINT('Ctrl Pts',(-67.8333342572053,-81.6339086152557,-5.91666666666667));
#1354=CARTESIAN_POINT('Ctrl Pts',(-67.7501344672381,-80.3819421328882,-6.00817030288464));
#1355=CARTESIAN_POINT('Ctrl Pts',(-67.7500111068269,-80.7992642936774,-6.00439766075893));
#1356=CARTESIAN_POINT('Ctrl Pts',(-67.750000923872,-81.2165864544666,-6.));
#1357=CARTESIAN_POINT('Ctrl Pts',(-67.750000923872,-81.6339086152557,-6.));
#1358=CARTESIAN_POINT('',(-67.750000923872,-81.6339086152557,-6.));
#1359=CARTESIAN_POINT('',(-68.000000923872,-81.6339086152557,-5.75));
#1360=CARTESIAN_POINT('',(-67.750000923872,-81.6339086152557,-6.));
#1361=CARTESIAN_POINT('Ctrl Pts',(-68.000000923872,-81.6339086152557,-5.75));
#1362=CARTESIAN_POINT('Ctrl Pts',(-68.000000923872,-81.2165864544666,-5.75));
#1363=CARTESIAN_POINT('Ctrl Pts',(-68.000000923872,-80.7992642936774,-5.75));
#1364=CARTESIAN_POINT('Ctrl Pts',(-68.000000923872,-80.3819421328882,-5.75));
#1365=CARTESIAN_POINT('Ctrl Pts',(-67.7501344672381,-80.3819421328882,-6.00817030288464));
#1366=CARTESIAN_POINT('Ctrl Pts',(-67.7500111068269,-80.7992642936774,-6.00439766075893));
#1367=CARTESIAN_POINT('Ctrl Pts',(-67.750000923872,-81.2165864544666,-6.));
#1368=CARTESIAN_POINT('Ctrl Pts',(-67.750000923872,-81.6339086152557,-6.));
#1369=CARTESIAN_POINT('Origin',(-67.875000923872,-81.7500011622906,-5.875));
#1370=CARTESIAN_POINT('',(-67.750000923872,-81.7500011622906,-6.));
#1371=CARTESIAN_POINT('',(-68.000000923872,-81.7500011622906,-5.75));
#1372=CARTESIAN_POINT('Origin',(-67.500000923872,-78.5000011622906,-5.875));
#1373=CARTESIAN_POINT('',(-67.5982271716658,-78.0097444904906,-5.75));
#1374=CARTESIAN_POINT('',(-67.5491140477689,-78.2548728263906,-6.));
#1375=CARTESIAN_POINT('',(-67.5982271716658,-78.0097444904906,-5.75));
#1376=CARTESIAN_POINT('Origin',(-67.500000923872,-78.5000011622906,-6.));
#1377=CARTESIAN_POINT('Origin',(-67.500000923872,-78.5000011622906,-5.75));
#1378=CARTESIAN_POINT('Ctrl Pts',(-53.0372215597201,-89.335564489082,-7.9645095399645));
#1379=CARTESIAN_POINT('Ctrl Pts',(-53.1030551204768,-89.7056587312138,-7.58354200199937));
#1380=CARTESIAN_POINT('Ctrl Pts',(-53.2013863120472,-90.355487230697,-6.88509293614478));
#1381=CARTESIAN_POINT('Ctrl Pts',(-53.236636987136,-91.1883079175113,-6.32666037448912));
#1382=CARTESIAN_POINT('Ctrl Pts',(-53.2488740316857,-91.8894900383845,-6.06444585473529));
#1383=CARTESIAN_POINT('Ctrl Pts',(-53.2498473955176,-92.2433308224387,-6.01261111064497));
#1384=CARTESIAN_POINT('Ctrl Pts',(-53.2499758578189,-92.4139758933513,-6.00354011274423));
#1385=CARTESIAN_POINT('Ctrl Pts',(-53.0248146811041,-89.2188617642157,-7.84682552270404));
#1386=CARTESIAN_POINT('Ctrl Pts',(-53.0687037216085,-89.5930456578231,-7.46645552661833));
#1387=CARTESIAN_POINT('Ctrl Pts',(-53.1342578493222,-90.2716900285876,-6.77210300189747));
#1388=CARTESIAN_POINT('Ctrl Pts',(-53.1577582993813,-91.143949840393,-6.22329693982361));
#1389=CARTESIAN_POINT('Ctrl Pts',(-53.1659163290812,-91.872187863925,-5.97104309927633));
#1390=CARTESIAN_POINT('Ctrl Pts',(-53.1665652383024,-92.237915462004,-5.92507407376331));
#1391=CARTESIAN_POINT('Ctrl Pts',(-53.1666508798366,-92.4139758933513,-5.91902674182949));
#1392=CARTESIAN_POINT('Ctrl Pts',(-53.012407802488,-89.1021590393493,-7.72914150544358));
#1393=CARTESIAN_POINT('Ctrl Pts',(-53.0343523227402,-89.4804325844324,-7.34936905123729));
#1394=CARTESIAN_POINT('Ctrl Pts',(-53.0671293865971,-90.1878928264782,-6.65911306765015));
#1395=CARTESIAN_POINT('Ctrl Pts',(-53.0788796116267,-91.0995917632747,-6.1199335051581));
#1396=CARTESIAN_POINT('Ctrl Pts',(-53.0829586264766,-91.8548856894655,-5.87764034381737));
#1397=CARTESIAN_POINT('Ctrl Pts',(-53.0832830810872,-92.2325001015692,-5.83753703688166));
#1398=CARTESIAN_POINT('Ctrl Pts',(-53.0833259018543,-92.4139758933513,-5.83451337091474));
#1399=CARTESIAN_POINT('Ctrl Pts',(-53.000000923872,-88.985456314483,-7.61145748818311));
#1400=CARTESIAN_POINT('Ctrl Pts',(-53.000000923872,-89.3678195110417,-7.23228257585625));
#1401=CARTESIAN_POINT('Ctrl Pts',(-53.000000923872,-90.1040956243688,-6.54612313340283));
#1402=CARTESIAN_POINT('Ctrl Pts',(-53.000000923872,-91.0552336861565,-6.01657007049259));
#1403=CARTESIAN_POINT('Ctrl Pts',(-53.000000923872,-91.837583515006,-5.7842375883584));
#1404=CARTESIAN_POINT('Ctrl Pts',(-53.000000923872,-92.2270847411345,-5.75));
#1405=CARTESIAN_POINT('Ctrl Pts',(-53.000000923872,-92.4139758933513,-5.75));
#1406=CARTESIAN_POINT('',(-53.0372215597201,-89.3355644890821,-7.9645095399645));
#1407=CARTESIAN_POINT('',(-53.000000923872,-88.985456314483,-7.61145748818313));
#1408=CARTESIAN_POINT('Ctrl Pts',(-53.0372215597201,-89.335564489082,-7.9645095399645));
#1409=CARTESIAN_POINT('Ctrl Pts',(-53.0248146811041,-89.2188617642157,-7.84682552270404));
#1410=CARTESIAN_POINT('Ctrl Pts',(-53.012407802488,-89.1021590393493,-7.72914150544358));
#1411=CARTESIAN_POINT('Ctrl Pts',(-53.000000923872,-88.985456314483,-7.61145748818311));
#1412=CARTESIAN_POINT('',(-53.000000923872,-92.4139758933513,-5.75));
#1413=CARTESIAN_POINT('Ctrl Pts',(-53.000000923872,-88.985456314483,-7.61145748818311));
#1414=CARTESIAN_POINT('Ctrl Pts',(-53.000000923872,-89.3678195110417,-7.23228257585625));
#1415=CARTESIAN_POINT('Ctrl Pts',(-53.000000923872,-90.1040956243688,-6.54612313340283));
#1416=CARTESIAN_POINT('Ctrl Pts',(-53.000000923872,-91.0552336861565,-6.01657007049259));
#1417=CARTESIAN_POINT('Ctrl Pts',(-53.000000923872,-91.837583515006,-5.7842375883584));
#1418=CARTESIAN_POINT('Ctrl Pts',(-53.000000923872,-92.2270847411345,-5.75));
#1419=CARTESIAN_POINT('Ctrl Pts',(-53.000000923872,-92.4139758933513,-5.75));
#1420=CARTESIAN_POINT('',(-53.2499758578189,-92.4139758933513,-6.00354011274423));
#1421=CARTESIAN_POINT('',(-53.000000923872,-92.4139758933513,-5.75));
#1422=CARTESIAN_POINT('Ctrl Pts',(-53.2499758578189,-92.4139758933513,-6.00354011274423));
#1423=CARTESIAN_POINT('Ctrl Pts',(-53.2498473955176,-92.2433308224387,-6.01261111064497));
#1424=CARTESIAN_POINT('Ctrl Pts',(-53.2488740316857,-91.8894900383845,-6.06444585473529));
#1425=CARTESIAN_POINT('Ctrl Pts',(-53.236636987136,-91.1883079175113,-6.32666037448912));
#1426=CARTESIAN_POINT('Ctrl Pts',(-53.2013863120472,-90.355487230697,-6.88509293614478));
#1427=CARTESIAN_POINT('Ctrl Pts',(-53.1030551204768,-89.7056587312138,-7.58354200199937));
#1428=CARTESIAN_POINT('Ctrl Pts',(-53.0372215597201,-89.335564489082,-7.9645095399645));
#1429=CARTESIAN_POINT('Ctrl Pts',(-53.2499758578189,-92.4139758933513,-6.00354011274423));
#1430=CARTESIAN_POINT('Ctrl Pts',(-53.2499974445426,-92.4426509829977,-6.00201582800166));
#1431=CARTESIAN_POINT('Ctrl Pts',(-53.2499995835866,-92.4713260726441,-6.00098068740221));
#1432=CARTESIAN_POINT('Ctrl Pts',(-53.2500005354707,-92.5000011622905,-6.00044068186349));
#1433=CARTESIAN_POINT('Ctrl Pts',(-53.1666508798366,-92.4139758933513,-5.91902674182949));
#1434=CARTESIAN_POINT('Ctrl Pts',(-53.1666652709858,-92.4426509829977,-5.91801055200111));
#1435=CARTESIAN_POINT('Ctrl Pts',(-53.1666666970151,-92.4713260726441,-5.91732045826814));
#1436=CARTESIAN_POINT('Ctrl Pts',(-53.1666673316045,-92.5000011622905,-5.91696045457566));
#1437=CARTESIAN_POINT('Ctrl Pts',(-53.0833259018543,-92.4139758933513,-5.83451337091474));
#1438=CARTESIAN_POINT('Ctrl Pts',(-53.0833330974289,-92.4426509829977,-5.83400527600055));
#1439=CARTESIAN_POINT('Ctrl Pts',(-53.0833338104435,-92.4713260726441,-5.83366022913407));
#1440=CARTESIAN_POINT('Ctrl Pts',(-53.0833341277382,-92.5000011622906,-5.83348022728783));
#1441=CARTESIAN_POINT('Ctrl Pts',(-53.000000923872,-92.4139758933513,-5.75));
#1442=CARTESIAN_POINT('Ctrl Pts',(-53.000000923872,-92.4426509829977,-5.75));
#1443=CARTESIAN_POINT('Ctrl Pts',(-53.000000923872,-92.4713260726441,-5.75));
#1444=CARTESIAN_POINT('Ctrl Pts',(-53.000000923872,-92.5000011622906,-5.75));
#1445=CARTESIAN_POINT('',(-53.000000923872,-92.5000011622906,-5.75));
#1446=CARTESIAN_POINT('',(-53.2500005354707,-92.5000011622905,-6.00044068186349));
#1447=CARTESIAN_POINT('',(-53.000000923872,-92.5000011622906,-5.75));
#1448=CARTESIAN_POINT('Ctrl Pts',(-53.2500005354707,-92.5000011622905,-6.00044068186349));
#1449=CARTESIAN_POINT('Ctrl Pts',(-53.2499995835866,-92.4713260726441,-6.00098068740221));
#1450=CARTESIAN_POINT('Ctrl Pts',(-53.2499974445426,-92.4426509829977,-6.00201582800166));
#1451=CARTESIAN_POINT('Ctrl Pts',(-53.2499758578189,-92.4139758933513,-6.00354011274423));
#1452=CARTESIAN_POINT('Ctrl Pts',(-53.000000923872,-92.4139758933513,-5.75));
#1453=CARTESIAN_POINT('Ctrl Pts',(-53.000000923872,-92.4426509829977,-5.75));
#1454=CARTESIAN_POINT('Ctrl Pts',(-53.000000923872,-92.4713260726441,-5.75));
#1455=CARTESIAN_POINT('Ctrl Pts',(-53.000000923872,-92.5000011622906,-5.75));
#1456=CARTESIAN_POINT('Ctrl Pts',(-53.2500005354707,-92.5000011622905,-6.00044068186349));
#1457=CARTESIAN_POINT('Ctrl Pts',(-53.2500010824715,-92.5164793232506,-6.00013036729094));
#1458=CARTESIAN_POINT('Ctrl Pts',(-53.2516353852234,-92.5329570139215,-6.));
#1459=CARTESIAN_POINT('Ctrl Pts',(-53.2548725403811,-92.549114048656,-6.));
#1460=CARTESIAN_POINT('Ctrl Pts',(-53.1666673316045,-92.5000011622905,-5.91696045457566));
#1461=CARTESIAN_POINT('Ctrl Pts',(-53.1666676962717,-92.5219720265036,-5.91675357819396));
#1462=CARTESIAN_POINT('Ctrl Pts',(-53.1688468723405,-92.5439422977984,-5.91666666666667));
#1463=CARTESIAN_POINT('Ctrl Pts',(-53.1731630792175,-92.5654850107777,-5.91666666666667));
#1464=CARTESIAN_POINT('Ctrl Pts',(-53.0833341277382,-92.5000011622905,-5.83348022728783));
#1465=CARTESIAN_POINT('Ctrl Pts',(-53.0833343100718,-92.5274647297566,-5.83337678909698));
#1466=CARTESIAN_POINT('Ctrl Pts',(-53.0860583594577,-92.5549275816754,-5.83333333333333));
#1467=CARTESIAN_POINT('Ctrl Pts',(-53.0914536180538,-92.5818559728995,-5.83333333333333));
#1468=CARTESIAN_POINT('Ctrl Pts',(-53.000000923872,-92.5000011622905,-5.75));
#1469=CARTESIAN_POINT('Ctrl Pts',(-53.000000923872,-92.5329574330096,-5.75));
#1470=CARTESIAN_POINT('Ctrl Pts',(-53.0032698465748,-92.5659128655523,-5.75));
#1471=CARTESIAN_POINT('Ctrl Pts',(-53.0097441568902,-92.5982269350213,-5.75));
#1472=CARTESIAN_POINT('Ctrl Pts',(-53.000000923872,-92.5000011622905,-5.75));
#1473=CARTESIAN_POINT('Ctrl Pts',(-53.000000923872,-92.5329574330096,-5.75));
#1474=CARTESIAN_POINT('Ctrl Pts',(-53.0032698465748,-92.5659128655523,-5.75));
#1475=CARTESIAN_POINT('Ctrl Pts',(-53.0097441568902,-92.5982269350213,-5.75));
#1476=CARTESIAN_POINT('Ctrl Pts',(-53.2548725403811,-92.549114048656,-6.));
#1477=CARTESIAN_POINT('Ctrl Pts',(-53.2516353852234,-92.5329570139215,-6.));
#1478=CARTESIAN_POINT('Ctrl Pts',(-53.2500010824715,-92.5164793232506,-6.00013036729094));
#1479=CARTESIAN_POINT('Ctrl Pts',(-53.2500005354707,-92.5000011622905,-6.00044068186349));
#1480=CARTESIAN_POINT('Ctrl Pts',(-67.5491140477689,-78.2548728263906,-6.));
#1481=CARTESIAN_POINT('Ctrl Pts',(-67.5329569369941,-78.2516356397129,-6.));
#1482=CARTESIAN_POINT('Ctrl Pts',(-67.5164791655833,-78.2500013208932,-6.0001303683902));
#1483=CARTESIAN_POINT('Ctrl Pts',(-67.500000923872,-78.2500007738821,-6.00044068590211));
#1484=CARTESIAN_POINT('Ctrl Pts',(-67.5654850890678,-78.1731633810906,-5.91666666666667));
#1485=CARTESIAN_POINT('Ctrl Pts',(-67.5439422747014,-78.168847132187,-5.91666666666667));
#1486=CARTESIAN_POINT('Ctrl Pts',(-67.521971895753,-78.1666679346923,-5.9167535789268));
#1487=CARTESIAN_POINT('Ctrl Pts',(-67.500000923872,-78.1666675700183,-5.91696045726808));
#1488=CARTESIAN_POINT('Ctrl Pts',(-67.5818561303668,-78.0914539357906,-5.83333333333333));
#1489=CARTESIAN_POINT('Ctrl Pts',(-67.5549276124088,-78.0860586246611,-5.83333333333333));
#1490=CARTESIAN_POINT('Ctrl Pts',(-67.5274646259227,-78.0833345484915,-5.8333767894634));
#1491=CARTESIAN_POINT('Ctrl Pts',(-67.500000923872,-78.0833343661544,-5.83348022863404));
#1492=CARTESIAN_POINT('Ctrl Pts',(-67.5982271716658,-78.0097444904906,-5.75));
#1493=CARTESIAN_POINT('Ctrl Pts',(-67.5659129501161,-78.0032701171353,-5.75));
#1494=CARTESIAN_POINT('Ctrl Pts',(-67.5329573560924,-78.0000011622906,-5.75));
#1495=CARTESIAN_POINT('Ctrl Pts',(-67.500000923872,-78.0000011622906,-5.75));
#1496=CARTESIAN_POINT('',(-67.500000923872,-78.0000011622906,-5.75));
#1497=CARTESIAN_POINT('',(-67.500000923872,-78.2500007738821,-6.00044068590211));
#1498=CARTESIAN_POINT('',(-67.500000923872,-78.0000011622906,-5.75));
#1499=CARTESIAN_POINT('Ctrl Pts',(-67.500000923872,-78.2500007738821,-6.00044068590211));
#1500=CARTESIAN_POINT('Ctrl Pts',(-67.5164791655833,-78.2500013208932,-6.0001303683902));
#1501=CARTESIAN_POINT('Ctrl Pts',(-67.5329569369941,-78.2516356397129,-6.));
#1502=CARTESIAN_POINT('Ctrl Pts',(-67.5491140477689,-78.2548728263906,-6.));
#1503=CARTESIAN_POINT('Ctrl Pts',(-67.5982271716658,-78.0097444904906,-5.75));
#1504=CARTESIAN_POINT('Ctrl Pts',(-67.5659129501161,-78.0032701171353,-5.75));
#1505=CARTESIAN_POINT('Ctrl Pts',(-67.5329573560924,-78.0000011622906,-5.75));
#1506=CARTESIAN_POINT('Ctrl Pts',(-67.500000923872,-78.0000011622906,-5.75));
#1507=CARTESIAN_POINT('Ctrl Pts',(-67.500000923872,-78.2500007738821,-6.00044068590211));
#1508=CARTESIAN_POINT('Ctrl Pts',(-67.4713259057111,-78.2499998219874,-6.00098069256337));
#1509=CARTESIAN_POINT('Ctrl Pts',(-67.4426508875502,-78.2499976829074,-6.00201583180163));
#1510=CARTESIAN_POINT('Ctrl Pts',(-67.4139758693893,-78.2499760962375,-6.00354011274423));
#1511=CARTESIAN_POINT('Ctrl Pts',(-67.500000923872,-78.1666675700183,-5.91696045726808));
#1512=CARTESIAN_POINT('Ctrl Pts',(-67.4713259057111,-78.1666669354218,-5.91732046170891));
#1513=CARTESIAN_POINT('Ctrl Pts',(-67.4426508875502,-78.1666655093685,-5.91801055453442));
#1514=CARTESIAN_POINT('Ctrl Pts',(-67.4139758693893,-78.1666511182552,-5.91902674182949));
#1515=CARTESIAN_POINT('Ctrl Pts',(-67.500000923872,-78.0833343661544,-5.83348022863404));
#1516=CARTESIAN_POINT('Ctrl Pts',(-67.4713259057111,-78.0833340488562,-5.83366023085446));
#1517=CARTESIAN_POINT('Ctrl Pts',(-67.4426508875502,-78.0833333358295,-5.83400527726721));
#1518=CARTESIAN_POINT('Ctrl Pts',(-67.4139758693893,-78.0833261402729,-5.83451337091474));
#1519=CARTESIAN_POINT('Ctrl Pts',(-67.500000923872,-78.0000011622906,-5.75));
#1520=CARTESIAN_POINT('Ctrl Pts',(-67.4713259057111,-78.0000011622906,-5.75));
#1521=CARTESIAN_POINT('Ctrl Pts',(-67.4426508875502,-78.0000011622906,-5.75));
#1522=CARTESIAN_POINT('Ctrl Pts',(-67.4139758693893,-78.0000011622906,-5.75));
#1523=CARTESIAN_POINT('Ctrl Pts',(-67.500000923872,-78.0000011622906,-5.75));
#1524=CARTESIAN_POINT('Ctrl Pts',(-67.4713259057111,-78.0000011622906,-5.75));
#1525=CARTESIAN_POINT('Ctrl Pts',(-67.4426508875502,-78.0000011622906,-5.75));
#1526=CARTESIAN_POINT('Ctrl Pts',(-67.4139758693893,-78.0000011622906,-5.75));
#1527=CARTESIAN_POINT('Ctrl Pts',(-67.4139758693893,-78.2499760962375,-6.00354011274423));
#1528=CARTESIAN_POINT('Ctrl Pts',(-67.4426508875502,-78.2499976829074,-6.00201583180163));
#1529=CARTESIAN_POINT('Ctrl Pts',(-67.4713259057111,-78.2499998219874,-6.00098069256337));
#1530=CARTESIAN_POINT('Ctrl Pts',(-67.500000923872,-78.2500007738821,-6.00044068590211));
#1531=CARTESIAN_POINT('Ctrl Pts',(-63.9854562908218,-78.0000011622906,-7.61145748788485));
#1532=CARTESIAN_POINT('Ctrl Pts',(-63.973595611965,-78.0000011622906,-7.7409716585899));
#1533=CARTESIAN_POINT('Ctrl Pts',(-63.9617349331083,-78.0000011622906,-7.87048582929495));
#1534=CARTESIAN_POINT('Ctrl Pts',(-63.9498742542515,-78.0000011622906,-8.));
#1535=CARTESIAN_POINT('Ctrl Pts',(-64.102159015685,-78.0124080409239,-7.72914150514482));
#1536=CARTESIAN_POINT('Ctrl Pts',(-64.0519230794066,-78.0041616588985,-7.81942725612942));
#1537=CARTESIAN_POINT('Ctrl Pts',(-64.0008991325717,-78.0000011622906,-7.90971362806145));
#1538=CARTESIAN_POINT('Ctrl Pts',(-63.9498742542515,-78.0000011622906,-8.));
#1539=CARTESIAN_POINT('Ctrl Pts',(-64.2188617405481,-78.0248149195572,-7.84682552240479));
#1540=CARTESIAN_POINT('Ctrl Pts',(-64.1302505468481,-78.0083221555063,-7.89788285366895));
#1541=CARTESIAN_POINT('Ctrl Pts',(-64.0400633320352,-78.0000011622906,-7.94894142682795));
#1542=CARTESIAN_POINT('Ctrl Pts',(-63.9498742542515,-78.0000011622906,-8.));
#1543=CARTESIAN_POINT('Ctrl Pts',(-64.3355644654113,-78.0372217981905,-7.96450953966476));
#1544=CARTESIAN_POINT('Ctrl Pts',(-64.2085780142896,-78.0124826521142,-7.97633845120847));
#1545=CARTESIAN_POINT('Ctrl Pts',(-64.0792275314987,-78.0000011622906,-7.98816922559446));
#1546=CARTESIAN_POINT('Ctrl Pts',(-63.9498742542515,-78.0000011622906,-8.));
#1547=CARTESIAN_POINT('',(-63.9498742542515,-78.0000011622906,-8.));
#1548=CARTESIAN_POINT('Ctrl Pts',(-63.9854562908218,-78.0000011622906,-7.61145748788485));
#1549=CARTESIAN_POINT('Ctrl Pts',(-63.973595611965,-78.0000011622906,-7.7409716585899));
#1550=CARTESIAN_POINT('Ctrl Pts',(-63.9617349331083,-78.0000011622906,-7.87048582929495));
#1551=CARTESIAN_POINT('Ctrl Pts',(-63.9498742542515,-78.0000011622906,-8.));
#1552=CARTESIAN_POINT('Ctrl Pts',(-63.9498742542515,-78.0000011622906,-8.));
#1553=CARTESIAN_POINT('Ctrl Pts',(-64.0792275314987,-78.0000011622906,-7.98816922559446));
#1554=CARTESIAN_POINT('Ctrl Pts',(-64.2085780142896,-78.0124826521142,-7.97633845120847));
#1555=CARTESIAN_POINT('Ctrl Pts',(-64.3355644654113,-78.0372217981905,-7.96450953966476));
#1556=CARTESIAN_POINT('Ctrl Pts',(-53.0372215597201,-89.3355644890821,-7.9645095399645));
#1557=CARTESIAN_POINT('Ctrl Pts',(-53.0124824136782,-89.2085780380545,-7.97633845140833));
#1558=CARTESIAN_POINT('Ctrl Pts',(-53.000000923872,-89.0792275553621,-7.98816922569439));
#1559=CARTESIAN_POINT('Ctrl Pts',(-53.000000923872,-88.9498742782135,-8.));
#1560=CARTESIAN_POINT('Ctrl Pts',(-53.0248146811041,-89.2188617642157,-7.84682552270404));
#1561=CARTESIAN_POINT('Ctrl Pts',(-53.0083219170762,-89.1302505706118,-7.89788285386847));
#1562=CARTESIAN_POINT('Ctrl Pts',(-53.000000923872,-89.0400633558981,-7.94894142692772));
#1563=CARTESIAN_POINT('Ctrl Pts',(-53.000000923872,-88.9498742782135,-8.));
#1564=CARTESIAN_POINT('Ctrl Pts',(-53.012407802488,-89.1021590393493,-7.72914150544359));
#1565=CARTESIAN_POINT('Ctrl Pts',(-53.0041614204741,-89.0519231031692,-7.81942725632861));
#1566=CARTESIAN_POINT('Ctrl Pts',(-53.000000923872,-89.0008991564341,-7.90971362816105));
#1567=CARTESIAN_POINT('Ctrl Pts',(-53.000000923872,-88.9498742782135,-8.));
#1568=CARTESIAN_POINT('Ctrl Pts',(-53.000000923872,-88.985456314483,-7.61145748818313));
#1569=CARTESIAN_POINT('Ctrl Pts',(-53.000000923872,-88.9735956357265,-7.74097165878875));
#1570=CARTESIAN_POINT('Ctrl Pts',(-53.000000923872,-88.96173495697,-7.87048582939438));
#1571=CARTESIAN_POINT('Ctrl Pts',(-53.000000923872,-88.9498742782135,-8.));
#1572=CARTESIAN_POINT('',(-53.000000923872,-88.9498742782135,-8.));
#1573=CARTESIAN_POINT('Ctrl Pts',(-53.0372215597201,-89.3355644890821,-7.9645095399645));
#1574=CARTESIAN_POINT('Ctrl Pts',(-53.0124824136782,-89.2085780380545,-7.97633845140833));
#1575=CARTESIAN_POINT('Ctrl Pts',(-53.000000923872,-89.0792275553621,-7.98816922569439));
#1576=CARTESIAN_POINT('Ctrl Pts',(-53.000000923872,-88.9498742782135,-8.));
#1577=CARTESIAN_POINT('Ctrl Pts',(-53.000000923872,-88.9498742782135,-8.));
#1578=CARTESIAN_POINT('Ctrl Pts',(-53.000000923872,-88.96173495697,-7.87048582939438));
#1579=CARTESIAN_POINT('Ctrl Pts',(-53.000000923872,-88.9735956357265,-7.74097165878875));
#1580=CARTESIAN_POINT('Ctrl Pts',(-53.000000923872,-88.985456314483,-7.61145748818313));
#1581=CARTESIAN_POINT('Origin',(-62.,-78.0000011622906,-6.));
#1582=CARTESIAN_POINT('',(-67.500000923872,-78.0000011622906,-3.25));
#1583=CARTESIAN_POINT('',(-67.500000923872,-78.0000011622906,-6.));
#1584=CARTESIAN_POINT('',(-60.,-78.0000011622906,-3.25));
#1585=CARTESIAN_POINT('',(-61.250000461936,-78.0000011622906,-3.25));
#1586=CARTESIAN_POINT('',(-60.,-78.0000011622906,-46.3878853031487));
#1587=CARTESIAN_POINT('',(-60.,-78.0000011622906,7.5));
#1588=CARTESIAN_POINT('',(-63.7934219190192,-78.0000011622906,-27.5792323280617));
#1589=CARTESIAN_POINT('Ctrl Pts',(-63.7934219190192,-78.0000011622906,-27.5792323280617));
#1590=CARTESIAN_POINT('Ctrl Pts',(-62.5316336463637,-78.0000011622906,-33.8493247704865));
#1591=CARTESIAN_POINT('Ctrl Pts',(-61.269614918809,-78.0000011622906,-40.1193732031617));
#1592=CARTESIAN_POINT('Ctrl Pts',(-60.0000051762054,-78.0000011622906,-46.3878863515251));
#1593=CARTESIAN_POINT('',(-63.9498742542515,-78.0000011622906,-26.0087935690862));
#1594=CARTESIAN_POINT('Ctrl Pts',(-63.9498742542515,-78.0000011622906,-26.0087935690862));
#1595=CARTESIAN_POINT('Ctrl Pts',(-63.9498742542515,-78.0000011622906,-26.5357298587669));
#1596=CARTESIAN_POINT('Ctrl Pts',(-63.8973780702876,-78.0000011622906,-27.0626522547346));
#1597=CARTESIAN_POINT('Ctrl Pts',(-63.7934219190497,-78.0000011622906,-27.5792323279104));
#1598=CARTESIAN_POINT('',(-63.9498742542515,-78.0000011622906,-27.));
#1599=CARTESIAN_POINT('Origin',(-67.500000923872,-78.5000011622906,-6.));
#1600=CARTESIAN_POINT('',(-68.000000923872,-78.5000011622906,-3.25));
#1601=CARTESIAN_POINT('',(-68.000000923872,-78.5000011622906,-6.));
#1602=CARTESIAN_POINT('Origin',(-67.500000923872,-78.5000011622906,-3.25));
#1603=CARTESIAN_POINT('Origin',(-68.000000923872,-78.0000011622906,-6.));
#1604=CARTESIAN_POINT('',(-68.000000923872,-92.5000011622906,-3.25));
#1605=CARTESIAN_POINT('',(-68.000000923872,-92.5000011622906,-6.));
#1606=CARTESIAN_POINT('',(-68.000000923872,-81.7500011622906,-3.25));
#1607=CARTESIAN_POINT('Origin',(-67.500000923872,-92.5000011622906,-6.));
#1608=CARTESIAN_POINT('',(-67.500000923872,-93.0000011622906,-3.25));
#1609=CARTESIAN_POINT('',(-67.500000923872,-93.0000011622906,-6.));
#1610=CARTESIAN_POINT('Origin',(-67.500000923872,-92.5000011622906,-3.25));
#1611=CARTESIAN_POINT('Origin',(-68.000000923872,-93.0000011622906,-6.));
#1612=CARTESIAN_POINT('',(-53.500000923872,-93.0000011622906,-3.25));
#1613=CARTESIAN_POINT('',(-53.500000923872,-93.0000011622906,-6.));
#1614=CARTESIAN_POINT('',(-64.250000923872,-93.0000011622906,-3.25));
#1615=CARTESIAN_POINT('Origin',(-60.500000923872,-85.5000011622906,-6.));
#1616=CARTESIAN_POINT('Origin',(-55.000000923872,-88.9498742782135,-6.));
#1617=CARTESIAN_POINT('Origin',(-60.500000923872,-85.5000011622906,-6.));
#1618=CARTESIAN_POINT('Origin',(-54.,-79.,-6.));
#1619=CARTESIAN_POINT('Origin',(-53.500000923872,-92.5000011622906,-6.));
#1620=CARTESIAN_POINT('',(-53.000000923872,-92.5000011622906,-3.25));
#1621=CARTESIAN_POINT('',(-53.000000923872,-92.5000011622906,-6.));
#1622=CARTESIAN_POINT('Origin',(-53.500000923872,-92.5000011622906,-3.25));
#1623=CARTESIAN_POINT('Origin',(-53.000000923872,-83.,-6.));
#1624=CARTESIAN_POINT('',(-53.000000923872,-88.9498742782135,-26.0087935684629));
#1625=CARTESIAN_POINT('',(-53.000000923872,-88.9498742782135,-27.));
#1626=CARTESIAN_POINT('',(-53.000000923872,-88.7934219431824,-27.5792323283416));
#1627=CARTESIAN_POINT('Ctrl Pts',(-53.000000923872,-88.7934219432071,-27.5792323282188));
#1628=CARTESIAN_POINT('Ctrl Pts',(-53.000000923872,-88.8973780943174,-27.0626522547114));
#1629=CARTESIAN_POINT('Ctrl Pts',(-53.000000923872,-88.9498742782135,-26.5357298584436));
#1630=CARTESIAN_POINT('Ctrl Pts',(-53.000000923872,-88.9498742782135,-26.0087935684629));
#1631=CARTESIAN_POINT('',(-53.000000923872,-85.,-46.3878854991667));
#1632=CARTESIAN_POINT('Ctrl Pts',(-53.000000923872,-85.0000051761996,-46.3878865475419));
#1633=CARTESIAN_POINT('Ctrl Pts',(-53.000000923872,-86.2696149227967,-40.1193733331061));
#1634=CARTESIAN_POINT('Ctrl Pts',(-53.000000923872,-87.5316336598619,-33.8493248354843));
#1635=CARTESIAN_POINT('Ctrl Pts',(-53.000000923872,-88.7934219431824,-27.5792323283416));
#1636=CARTESIAN_POINT('',(-53.000000923872,-85.,-3.25));
#1637=CARTESIAN_POINT('',(-53.000000923872,-85.,7.5));
#1638=CARTESIAN_POINT('',(-53.000000923872,-84.2500005811453,-3.25));
#1639=CARTESIAN_POINT('Origin',(-55.000000923872,-88.9498742782135,-8.));
#1640=CARTESIAN_POINT('',(-55.2000011086464,-90.9398491338562,-8.));
#1641=CARTESIAN_POINT('Origin',(-55.4000012934208,-92.9298239894989,-8.));
#1642=CARTESIAN_POINT('Origin',(-55.000000923872,-88.9498742782135,-8.));
#1643=CARTESIAN_POINT('Origin',(-54.,-79.,-8.));
#1644=CARTESIAN_POINT('',(-65.9398491051018,-80.2000013947487,-8.));
#1645=CARTESIAN_POINT('Origin',(-67.9298239559521,-80.4000016272068,-8.));
#1646=CARTESIAN_POINT('Origin',(-54.,-79.,-8.));
#1647=CARTESIAN_POINT('Origin',(-63.9498742542515,-80.0000011622906,-8.));
#1648=CARTESIAN_POINT('Origin',(-63.9498742542515,-80.0000011622906,-8.));
#1649=CARTESIAN_POINT('Origin',(-63.9498742542515,-80.0000011622906,-6.));
#1650=CARTESIAN_POINT('Origin',(-60.500000923872,-85.5000011622906,-6.));
#1651=CARTESIAN_POINT('Ctrl Pts',(-53.000000923872,-84.8808936168473,-46.9758669452386));
#1652=CARTESIAN_POINT('Ctrl Pts',(-53.000000923872,-86.1906966730316,-40.5114592601668));
#1653=CARTESIAN_POINT('Ctrl Pts',(-53.000000923872,-87.4921818531259,-34.0453691965538));
#1654=CARTESIAN_POINT('Ctrl Pts',(-53.000000923872,-88.7934219431824,-27.5792323283416));
#1655=CARTESIAN_POINT('Ctrl Pts',(-53.000000923872,-85.2049715280089,-47.0415308481298));
#1656=CARTESIAN_POINT('Ctrl Pts',(-53.000031582601,-86.507935410081,-40.575376943914));
#1657=CARTESIAN_POINT('Ctrl Pts',(-52.9999911999561,-87.8065014303397,-34.108670567609));
#1658=CARTESIAN_POINT('Ctrl Pts',(-53.000000923872,-89.1053602902113,-27.6420065459391));
#1659=CARTESIAN_POINT('Ctrl Pts',(-53.167565919732,-85.851753513976,-47.1725802904261));
#1660=CARTESIAN_POINT('Ctrl Pts',(-53.1602979048757,-87.1411340965649,-40.7029543756864));
#1661=CARTESIAN_POINT('Ctrl Pts',(-53.1573828434863,-88.4339497289091,-34.235033525778));
#1662=CARTESIAN_POINT('Ctrl Pts',(-53.1549699574959,-89.7280755751131,-27.7673212601061));
#1663=CARTESIAN_POINT('Ctrl Pts',(-53.9756491776237,-86.7142615251241,-47.3473396317335));
#1664=CARTESIAN_POINT('Ctrl Pts',(-53.9362150283126,-87.9968226111992,-40.8753737695863));
#1665=CARTESIAN_POINT('Ctrl Pts',(-53.9200067865934,-89.2858966431941,-34.4066090249224));
#1666=CARTESIAN_POINT('Ctrl Pts',(-53.9067782274189,-90.5771994541854,-27.9381982544217));
#1667=CARTESIAN_POINT('Ctrl Pts',(-54.8396294819619,-86.8943148427552,-47.3838216107791));
#1668=CARTESIAN_POINT('Ctrl Pts',(-54.7740491438739,-88.1967423314991,-40.9156770772345));
#1669=CARTESIAN_POINT('Ctrl Pts',(-54.7466073327405,-89.49356171455,-34.448432665753));
#1670=CARTESIAN_POINT('Ctrl Pts',(-54.724176505025,-90.7909542586592,-27.9812140962903));
#1671=CARTESIAN_POINT('Ctrl Pts',(-55.328872879431,-86.8143797404572,-47.367625348664));
#1672=CARTESIAN_POINT('Ctrl Pts',(-55.2559724362995,-88.1365120523924,-40.903566006816));
#1673=CARTESIAN_POINT('Ctrl Pts',(-55.2245331799679,-89.440582640299,-34.4377635989817));
#1674=CARTESIAN_POINT('Ctrl Pts',(-55.1990937443041,-90.7443757446761,-27.9718406742663));
#1675=CARTESIAN_POINT('',(-53.0036965219432,-85.,-47.));
#1676=CARTESIAN_POINT('Ctrl Pts',(-53.003758999974,-84.9999728334742,-46.9999944955825));
#1677=CARTESIAN_POINT('Ctrl Pts',(-53.0012557434111,-84.9999894984379,-46.795904277628));
#1678=CARTESIAN_POINT('Ctrl Pts',(-53.0000012422039,-85.0000015327707,-46.5917716970061));
#1679=CARTESIAN_POINT('Ctrl Pts',(-53.000000923872,-85.0000051736206,-46.3878865602752));
#1680=CARTESIAN_POINT('',(-55.1990937443053,-90.7443757446883,-27.9718406742049));
#1681=CARTESIAN_POINT('Origin',(-55.000000923872,-88.7934219431824,-27.5792323283416));
#1682=CARTESIAN_POINT('',(-55.3247791668216,-86.8895475256288,-47.));
#1683=CARTESIAN_POINT('Ctrl Pts',(-55.1990937443041,-90.7443757446761,-27.9718406742663));
#1684=CARTESIAN_POINT('Ctrl Pts',(-55.2240509181787,-89.4652989745622,-34.3151874695397));
#1685=CARTESIAN_POINT('Ctrl Pts',(-55.2547825886978,-88.1859551418479,-40.6584182739586));
#1686=CARTESIAN_POINT('Ctrl Pts',(-55.3247713622947,-86.8895523744117,-47.0000010773659));
#1687=CARTESIAN_POINT('Ctrl Pts',(-55.324771354836,-86.8895525125702,-47.0000004015389));
#1688=CARTESIAN_POINT('Ctrl Pts',(-55.2521988047205,-86.9017357275571,-46.9999997990185));
#1689=CARTESIAN_POINT('Ctrl Pts',(-55.1791893078376,-86.9095965078451,-46.9999576578881));
#1690=CARTESIAN_POINT('Ctrl Pts',(-55.1060665966323,-86.9132944794083,-46.9999041238916));
#1691=CARTESIAN_POINT('Ctrl Pts',(-55.0316871631015,-86.9170560061016,-46.9998496698339));
#1692=CARTESIAN_POINT('Ctrl Pts',(-54.9571896994762,-86.9165103239553,-46.9997834112002));
#1693=CARTESIAN_POINT('Ctrl Pts',(-54.8829060279795,-86.9117727227298,-46.9997263778313));
#1694=CARTESIAN_POINT('Ctrl Pts',(-54.8081936588603,-86.9070077803896,-46.9996690153179));
#1695=CARTESIAN_POINT('Ctrl Pts',(-54.7336965978557,-86.8980022312549,-46.9996209515544));
#1696=CARTESIAN_POINT('Ctrl Pts',(-54.6597575718788,-86.8848225255145,-46.9995932631623));
#1697=CARTESIAN_POINT('Ctrl Pts',(-54.6284708331613,-86.8792456328732,-46.9995815470289));
#1698=CARTESIAN_POINT('Ctrl Pts',(-54.5972841570684,-86.8729207534519,-46.9995733560894));
#1699=CARTESIAN_POINT('Ctrl Pts',(-54.5662244319321,-86.8658503094798,-46.9995689993594));
#1700=CARTESIAN_POINT('Ctrl Pts',(-54.4931214760813,-86.8492091334467,-46.9995587452492));
#1701=CARTESIAN_POINT('Ctrl Pts',(-54.421164881437,-86.8285424302595,-46.9995698947492));
#1702=CARTESIAN_POINT('Ctrl Pts',(-54.3506758470254,-86.803993711982,-46.9995991863887));
#1703=CARTESIAN_POINT('Ctrl Pts',(-54.2798860145497,-86.7793402368866,-46.9996286030245));
#1704=CARTESIAN_POINT('Ctrl Pts',(-54.2105753382283,-86.7507713259564,-46.9996762726093));
#1705=CARTESIAN_POINT('Ctrl Pts',(-54.1430759939454,-86.7183813831949,-46.9997285559265));
#1706=CARTESIAN_POINT('Ctrl Pts',(-54.0765283661797,-86.686448126996,-46.9997801020676));
#1707=CARTESIAN_POINT('Ctrl Pts',(-54.0117404919744,-86.6508005057581,-46.999836067056));
#1708=CARTESIAN_POINT('Ctrl Pts',(-53.9490507695465,-86.6114838272559,-46.9998742200328));
#1709=CARTESIAN_POINT('Ctrl Pts',(-53.9340535194076,-86.6020781058826,-46.9998833473621));
#1710=CARTESIAN_POINT('Ctrl Pts',(-53.9191764725046,-86.5924622074718,-46.9998914160242));
#1711=CARTESIAN_POINT('Ctrl Pts',(-53.9044245192512,-86.5826363920911,-46.9998980485693));
#1712=CARTESIAN_POINT('Ctrl Pts',(-53.892517175986,-86.5747052825907,-46.9999034021649));
#1713=CARTESIAN_POINT('Ctrl Pts',(-53.8806913365318,-86.5666374037985,-46.9999078194333));
#1714=CARTESIAN_POINT('Ctrl Pts',(-53.868948702531,-86.5584345973926,-46.9999114472283));
#1715=CARTESIAN_POINT('Ctrl Pts',(-53.8085969319588,-86.5162759224119,-46.9999300924362));
#1716=CARTESIAN_POINT('Ctrl Pts',(-53.7507764749683,-86.4707914494337,-46.9999275830777));
#1717=CARTESIAN_POINT('Ctrl Pts',(-53.6956547152311,-86.4223181371002,-46.9999209373226));
#1718=CARTESIAN_POINT('Ctrl Pts',(-53.6395662913014,-86.3729947536596,-46.9999141750216));
#1719=CARTESIAN_POINT('Ctrl Pts',(-53.5862713659919,-86.3205761708016,-46.999903006069));
#1720=CARTESIAN_POINT('Ctrl Pts',(-53.5359714262983,-86.26536981915,-46.9998957233418));
#1721=CARTESIAN_POINT('Ctrl Pts',(-53.4854169430673,-86.2098840949959,-46.9998884037602));
#1722=CARTESIAN_POINT('Ctrl Pts',(-53.4378871608488,-86.1515815991245,-46.9998848645776));
#1723=CARTESIAN_POINT('Ctrl Pts',(-53.3936220124515,-86.0907370238236,-46.9998859446636));
#1724=CARTESIAN_POINT('Ctrl Pts',(-53.3717604523773,-86.0606872581211,-46.9998864780938));
#1725=CARTESIAN_POINT('Ctrl Pts',(-53.3506957907291,-86.0300169350071,-46.9998880357291));
#1726=CARTESIAN_POINT('Ctrl Pts',(-53.3304608711555,-85.9987566205178,-46.9998902075069));
#1727=CARTESIAN_POINT('Ctrl Pts',(-53.2983597992909,-85.9491646466888,-46.9998936528577));
#1728=CARTESIAN_POINT('Ctrl Pts',(-53.2684601236245,-85.8982643279942,-46.9998986676977));
#1729=CARTESIAN_POINT('Ctrl Pts',(-53.2408605630003,-85.8461987235659,-46.9999025902214));
#1730=CARTESIAN_POINT('Ctrl Pts',(-53.2054704920501,-85.7794365942742,-46.9999076199533));
#1731=CARTESIAN_POINT('Ctrl Pts',(-53.1738603926637,-85.7107589874118,-46.999910954855));
#1732=CARTESIAN_POINT('Ctrl Pts',(-53.1460773244052,-85.640513974423,-46.9999164045423));
#1733=CARTESIAN_POINT('Ctrl Pts',(-53.1229769300578,-85.582108348166,-46.9999209357167));
#1734=CARTESIAN_POINT('Ctrl Pts',(-53.1025229603354,-85.5226183119366,-46.9999267603955));
#1735=CARTESIAN_POINT('Ctrl Pts',(-53.0847676723587,-85.4622334262439,-46.9999339463021));
#1736=CARTESIAN_POINT('Ctrl Pts',(-53.0626208632474,-85.3869131870907,-46.9999429095418));
#1737=CARTESIAN_POINT('Ctrl Pts',(-53.0447530226524,-85.310479752991,-46.9999540074082));
#1738=CARTESIAN_POINT('Ctrl Pts',(-53.0312227175793,-85.2333127160187,-46.9999653261196));
#1739=CARTESIAN_POINT('Ctrl Pts',(-53.0176924125063,-85.1561456790464,-46.999976644831));
#1740=CARTESIAN_POINT('Ctrl Pts',(-53.0084993763754,-85.0782439772578,-46.9999879691713));
#1741=CARTESIAN_POINT('Ctrl Pts',(-53.003758999974,-84.9999728334742,-46.9999944955825));
#1742=CARTESIAN_POINT('Ctrl Pts',(-53.000000923872,-88.7934219432071,-27.5792323282188));
#1743=CARTESIAN_POINT('Ctrl Pts',(-53.000000923872,-88.8973780943174,-27.0626522547114));
#1744=CARTESIAN_POINT('Ctrl Pts',(-53.000000923872,-88.9498742782135,-26.5357298584436));
#1745=CARTESIAN_POINT('Ctrl Pts',(-53.000000923872,-88.9498742782135,-26.0087935684629));
#1746=CARTESIAN_POINT('Ctrl Pts',(-53.000000923872,-89.105360290236,-27.6420065458162));
#1747=CARTESIAN_POINT('Ctrl Pts',(-53.0000007004714,-89.2135273322329,-27.1047801639126));
#1748=CARTESIAN_POINT('Ctrl Pts',(-53.0000009389623,-89.2681493956675,-26.5568098312624));
#1749=CARTESIAN_POINT('Ctrl Pts',(-53.000000923872,-89.2681531050343,-26.0087935684629));
#1750=CARTESIAN_POINT('Ctrl Pts',(-53.1551398597691,-89.7279762342524,-27.7673012687048));
#1751=CARTESIAN_POINT('Ctrl Pts',(-53.1551942107628,-89.8445507373199,-27.1888496472405));
#1752=CARTESIAN_POINT('Ctrl Pts',(-53.1552222990643,-89.90341211323,-26.5989008107108));
#1753=CARTESIAN_POINT('Ctrl Pts',(-53.155225969515,-89.9034231908756,-26.0087935684629));
#1754=CARTESIAN_POINT('Ctrl Pts',(-53.9067795710581,-90.5771999032065,-27.9381983446545));
#1755=CARTESIAN_POINT('Ctrl Pts',(-53.9070775322831,-90.7051412190704,-27.3035944431118));
#1756=CARTESIAN_POINT('Ctrl Pts',(-53.9072316932607,-90.7697607178824,-26.6562068326348));
#1757=CARTESIAN_POINT('Ctrl Pts',(-53.9072518138596,-90.7697762105103,-26.0087935684629));
#1758=CARTESIAN_POINT('Ctrl Pts',(-54.7241765050246,-90.7909542586839,-27.9812140961674));
#1759=CARTESIAN_POINT('Ctrl Pts',(-54.724681743785,-90.9216436799571,-27.3322457388557));
#1760=CARTESIAN_POINT('Ctrl Pts',(-54.7249418487357,-90.9875849549,-26.6708185112074));
#1761=CARTESIAN_POINT('Ctrl Pts',(-54.7249759618038,-90.9875910019867,-26.0087935684629));
#1762=CARTESIAN_POINT('Ctrl Pts',(-55.1990937443036,-90.7443757447008,-27.9718406741435));
#1763=CARTESIAN_POINT('Ctrl Pts',(-55.199666748394,-90.8742622885231,-27.3261164299574));
#1764=CARTESIAN_POINT('Ctrl Pts',(-55.1999624253652,-90.9398530216759,-26.6674638735691));
#1765=CARTESIAN_POINT('Ctrl Pts',(-55.2000011086464,-90.9398491338562,-26.0087935684629));
#1766=CARTESIAN_POINT('',(-55.2000011086464,-90.9398491338562,-26.0087935684629));
#1767=CARTESIAN_POINT('Origin',(-55.000000923872,-88.9498742782135,-26.0087935684629));
#1768=CARTESIAN_POINT('Ctrl Pts',(-55.2000011086464,-90.9398491338562,-26.0087935684629));
#1769=CARTESIAN_POINT('Ctrl Pts',(-55.1999624253652,-90.9398530216759,-26.6674638735691));
#1770=CARTESIAN_POINT('Ctrl Pts',(-55.199666748394,-90.8742622885231,-27.3261164299574));
#1771=CARTESIAN_POINT('Ctrl Pts',(-55.1990937443036,-90.7443757447008,-27.9718406741435));
#1772=CARTESIAN_POINT('Origin',(-55.000000923872,-88.9498742782135,-27.));
#1773=CARTESIAN_POINT('',(-55.2000011086464,-90.9398491338562,-27.));
#1774=CARTESIAN_POINT('Ctrl Pts',(-61.8143796881055,-80.3288731961014,-47.3676253409295));
#1775=CARTESIAN_POINT('Ctrl Pts',(-63.136512015427,-80.2559727366754,-40.9035660023237));
#1776=CARTESIAN_POINT('Ctrl Pts',(-64.4405826079943,-80.2245334723774,-34.4377635965803));
#1777=CARTESIAN_POINT('Ctrl Pts',(-65.7443757157091,-80.1990940302554,-27.9718406737536));
#1778=CARTESIAN_POINT('Ctrl Pts',(-61.8676697701852,-80.0027109258261,-47.3784228519031));
#1779=CARTESIAN_POINT('Ctrl Pts',(-63.1768327904012,-79.9347339223994,-40.9116759788579));
#1780=CARTESIAN_POINT('Ctrl Pts',(-64.4758502712518,-79.905906319745,-34.4448656608369));
#1781=CARTESIAN_POINT('Ctrl Pts',(-65.7754280662199,-79.8824825336324,-27.978089623362));
#1782=CARTESIAN_POINT('Ctrl Pts',(-61.8120317225897,-79.3242153360147,-47.3671496016843));
#1783=CARTESIAN_POINT('Ctrl Pts',(-63.1013852159564,-79.2733559924494,-40.8964510685748));
#1784=CARTESIAN_POINT('Ctrl Pts',(-64.3929038839051,-79.2522062811052,-34.4281598631129));
#1785=CARTESIAN_POINT('Ctrl Pts',(-65.6862484364436,-79.2350117335516,-27.9601431876365));
#1786=CARTESIAN_POINT('Ctrl Pts',(-61.1726501947469,-78.3232819803808,-47.2375996217666));
#1787=CARTESIAN_POINT('Ctrl Pts',(-62.4555863738807,-78.3088649907865,-40.7663115794714));
#1788=CARTESIAN_POINT('Ctrl Pts',(-63.7455423812342,-78.3030953185233,-34.2977856688926));
#1789=CARTESIAN_POINT('Ctrl Pts',(-65.0374040721104,-78.2983272988938,-27.8295702786703));
#1790=CARTESIAN_POINT('Ctrl Pts',(-60.3670104555766,-78.0000011622906,-47.0743627944804));
#1791=CARTESIAN_POINT('Ctrl Pts',(-61.6664774229678,-78.000285877528,-40.6073193750964));
#1792=CARTESIAN_POINT('Ctrl Pts',(-62.9636836772818,-77.9999132941338,-34.1403258586691));
#1793=CARTESIAN_POINT('Ctrl Pts',(-64.2613294462188,-78.0000011622906,-27.6733936559733));
#1794=CARTESIAN_POINT('Ctrl Pts',(-59.8808935778766,-78.0000011622906,-46.9758669371538));
#1795=CARTESIAN_POINT('Ctrl Pts',(-61.1906966435808,-78.0000011622906,-40.5114592556164));
#1796=CARTESIAN_POINT('Ctrl Pts',(-62.4921818269353,-78.0000011622906,-34.0453691942607));
#1797=CARTESIAN_POINT('Ctrl Pts',(-63.7934219190192,-78.0000011622906,-27.5792323280617));
#1798=CARTESIAN_POINT('',(-60.,-78.0036967627847,-47.));
#1799=CARTESIAN_POINT('',(-61.8895474725947,-80.3247794826586,-47.));
#1800=CARTESIAN_POINT('Ctrl Pts',(-59.9999515889742,-78.0038585340249,-46.9999901910719));
#1801=CARTESIAN_POINT('Ctrl Pts',(-60.0754166370969,-78.0085455140203,-46.9999789484894));
#1802=CARTESIAN_POINT('Ctrl Pts',(-60.1504711188117,-78.0174597569899,-46.9999594157348));
#1803=CARTESIAN_POINT('Ctrl Pts',(-60.2248059011767,-78.0304196279066,-46.9999391486389));
#1804=CARTESIAN_POINT('Ctrl Pts',(-60.3000121961932,-78.0435314423833,-46.9999186439284));
#1805=CARTESIAN_POINT('Ctrl Pts',(-60.3744827185972,-78.0607845781173,-46.9998975702117));
#1806=CARTESIAN_POINT('Ctrl Pts',(-60.447888224713,-78.0820435062434,-46.9998819248176));
#1807=CARTESIAN_POINT('Ctrl Pts',(-60.5212937308287,-78.1033024343695,-46.9998662794234));
#1808=CARTESIAN_POINT('Ctrl Pts',(-60.5936351364691,-78.1285675140917,-46.999856247954));
#1809=CARTESIAN_POINT('Ctrl Pts',(-60.6645604877905,-78.1577505598544,-46.9998532440801));
#1810=CARTESIAN_POINT('Ctrl Pts',(-60.7349317796175,-78.1867056315109,-46.9998502636722));
#1811=CARTESIAN_POINT('Ctrl Pts',(-60.8035563917942,-78.2193726133461,-46.9998545842459));
#1812=CARTESIAN_POINT('Ctrl Pts',(-60.8701175892215,-78.2555998605728,-46.9998652100669));
#1813=CARTESIAN_POINT('Ctrl Pts',(-60.9395948472204,-78.2934142313991,-46.9998763014073));
#1814=CARTESIAN_POINT('Ctrl Pts',(-61.0068251639411,-78.3351077251225,-46.9998945120397));
#1815=CARTESIAN_POINT('Ctrl Pts',(-61.0714203829566,-78.3805615759136,-46.999913060561));
#1816=CARTESIAN_POINT('Ctrl Pts',(-61.1312958908707,-78.4226942978742,-46.9999302538169));
#1817=CARTESIAN_POINT('Ctrl Pts',(-61.1889077240121,-78.4680587759381,-46.9999478224719));
#1818=CARTESIAN_POINT('Ctrl Pts',(-61.2439124412385,-78.5165973555078,-46.9999534239264));
#1819=CARTESIAN_POINT('Ctrl Pts',(-61.248248210296,-78.5204234286522,-46.9999538654633));
#1820=CARTESIAN_POINT('Ctrl Pts',(-61.2525677594591,-78.5242692407176,-46.9999542284473));
#1821=CARTESIAN_POINT('Ctrl Pts',(-61.2568709094783,-78.5281347719506,-46.9999545045983));
#1822=CARTESIAN_POINT('Ctrl Pts',(-61.2811815254171,-78.549973063617,-46.9999560647118));
#1823=CARTESIAN_POINT('Ctrl Pts',(-61.3049688664501,-78.5724406620327,-46.9999548802997));
#1824=CARTESIAN_POINT('Ctrl Pts',(-61.3282135217919,-78.5955154315,-46.9999520737404));
#1825=CARTESIAN_POINT('Ctrl Pts',(-61.3813241098967,-78.6482378555915,-46.9999456611688));
#1826=CARTESIAN_POINT('Ctrl Pts',(-61.4313136831338,-78.7038392699802,-46.9999323123176));
#1827=CARTESIAN_POINT('Ctrl Pts',(-61.4780238381654,-78.7619853259507,-46.9999232046182));
#1828=CARTESIAN_POINT('Ctrl Pts',(-61.52492108993,-78.8203642849613,-46.9999140604381));
#1829=CARTESIAN_POINT('Ctrl Pts',(-61.5685131356196,-78.8813091469161,-46.999909300135));
#1830=CARTESIAN_POINT('Ctrl Pts',(-61.6086001636007,-78.9445152314346,-46.9999122290008));
#1831=CARTESIAN_POINT('Ctrl Pts',(-61.6479972164696,-79.0066334172624,-46.9999151074552));
#1832=CARTESIAN_POINT('Ctrl Pts',(-61.6840092467699,-79.0709365166041,-46.9999254891756));
#1833=CARTESIAN_POINT('Ctrl Pts',(-61.7164019715655,-79.1371550695682,-46.9999374674964));
#1834=CARTESIAN_POINT('Ctrl Pts',(-61.7331231229112,-79.1713371414065,-46.9999436507155));
#1835=CARTESIAN_POINT('Ctrl Pts',(-61.7488790959177,-79.2060298570041,-46.9999501040222));
#1836=CARTESIAN_POINT('Ctrl Pts',(-61.7636323714711,-79.2411971392063,-46.9999549416975));
#1837=CARTESIAN_POINT('Ctrl Pts',(-61.7784345554065,-79.2764810039847,-46.9999597954102));
#1838=CARTESIAN_POINT('Ctrl Pts',(-61.7921887557635,-79.3121506670474,-46.9999632284987));
#1839=CARTESIAN_POINT('Ctrl Pts',(-61.8048697861246,-79.348164386208,-46.9999629021065));
#1840=CARTESIAN_POINT('Ctrl Pts',(-61.8296684457661,-79.4185917835451,-46.9999622638231));
#1841=CARTESIAN_POINT('Ctrl Pts',(-61.8503661756319,-79.4903342109453,-46.9999478876191));
#1842=CARTESIAN_POINT('Ctrl Pts',(-61.8669431070962,-79.5630507937365,-46.9999363988896));
#1843=CARTESIAN_POINT('Ctrl Pts',(-61.882813585934,-79.6326684422634,-46.9999253997709));
#1844=CARTESIAN_POINT('Ctrl Pts',(-61.894906774881,-79.7031798433578,-46.9999169993135));
#1845=CARTESIAN_POINT('Ctrl Pts',(-61.903161701731,-79.7742913109466,-46.9999169524733));
#1846=CARTESIAN_POINT('Ctrl Pts',(-61.9117891063656,-79.8486114613489,-46.9999169035195));
#1847=CARTESIAN_POINT('Ctrl Pts',(-61.9161858544396,-79.9232550634572,-46.9999261688816));
#1848=CARTESIAN_POINT('Ctrl Pts',(-61.9163449925381,-79.9978786239841,-46.9999412519276));
#1849=CARTESIAN_POINT('Ctrl Pts',(-61.9165030842345,-80.0720115022405,-46.999956235796));
#1850=CARTESIAN_POINT('Ctrl Pts',(-61.9124791304879,-80.1461255401681,-46.9999769650355));
#1851=CARTESIAN_POINT('Ctrl Pts',(-61.9042165704101,-80.219886392363,-46.9999899161771));
#1852=CARTESIAN_POINT('Ctrl Pts',(-61.900289907348,-80.2549401784795,-46.9999960710212));
#1853=CARTESIAN_POINT('Ctrl Pts',(-61.8954052304384,-80.2899141461961,-47.0000003212037));
#1854=CARTESIAN_POINT('Ctrl Pts',(-61.8895524595383,-80.3247716706719,-47.0000004015391));
#1855=CARTESIAN_POINT('',(-65.7443757157241,-80.199094030257,-27.971840673678));
#1856=CARTESIAN_POINT('Ctrl Pts',(-61.8895523213797,-80.3247716781307,-47.0000010773663));
#1857=CARTESIAN_POINT('Ctrl Pts',(-63.1859551040431,-80.2547828887966,-40.6584182745815));
#1858=CARTESIAN_POINT('Ctrl Pts',(-64.4652989418131,-80.2240512104757,-34.3151874696921));
#1859=CARTESIAN_POINT('Ctrl Pts',(-65.7443757157091,-80.1990940302554,-27.9718406737536));
#1860=CARTESIAN_POINT('Origin',(-63.7934219190192,-80.0000011622906,-27.5792323280617));
#1861=CARTESIAN_POINT('Ctrl Pts',(-60.0000051736264,-78.0000011622906,-46.3878863642584));
#1862=CARTESIAN_POINT('Ctrl Pts',(-60.0000009970082,-78.000003133637,-46.5917714525043));
#1863=CARTESIAN_POINT('Ctrl Pts',(-59.9999811653799,-78.0012937509567,-46.7959025200579));
#1864=CARTESIAN_POINT('Ctrl Pts',(-59.9999515889742,-78.0038585340249,-46.9999901910719));
#1865=CARTESIAN_POINT('Ctrl Pts',(-63.9498742542515,-78.0000011622906,-26.0087935690862));
#1866=CARTESIAN_POINT('Ctrl Pts',(-63.9498742542515,-78.0000011622906,-26.5357298587669));
#1867=CARTESIAN_POINT('Ctrl Pts',(-63.8973780702876,-78.0000011622906,-27.0626522547346));
#1868=CARTESIAN_POINT('Ctrl Pts',(-63.7934219190497,-78.0000011622906,-27.5792323279104));
#1869=CARTESIAN_POINT('Ctrl Pts',(-64.2681530856365,-78.0000011622906,-26.0087935690862));
#1870=CARTESIAN_POINT('Ctrl Pts',(-64.2681493762708,-78.0000011773809,-26.5568098319272));
#1871=CARTESIAN_POINT('Ctrl Pts',(-64.2135273127258,-78.0000009388899,-27.1047801646173));
#1872=CARTESIAN_POINT('Ctrl Pts',(-64.105360270516,-78.0000011622906,-27.6420065465181));
#1873=CARTESIAN_POINT('Ctrl Pts',(-64.9034231805249,-78.1552262124596,-26.0087935690862));
#1874=CARTESIAN_POINT('Ctrl Pts',(-64.9034121028827,-78.1552225420101,-26.5989008120541));
#1875=CARTESIAN_POINT('Ctrl Pts',(-64.8445507267779,-78.1551944537034,-27.1888496492959));
#1876=CARTESIAN_POINT('Ctrl Pts',(-64.7279762233281,-78.1551401026979,-27.767301271411));
#1877=CARTESIAN_POINT('Ctrl Pts',(-65.769776205644,-78.9072520770988,-26.0087935690862));
#1878=CARTESIAN_POINT('Ctrl Pts',(-65.7697607130211,-78.9072319565058,-26.6562068344436));
#1879=CARTESIAN_POINT('Ctrl Pts',(-65.705141213952,-78.9070777955006,-27.3035944461075));
#1880=CARTESIAN_POINT('Ctrl Pts',(-65.577199897585,-78.9067798342121,-27.9381983487473));
#1881=CARTESIAN_POINT('Ctrl Pts',(-65.9875909852994,-79.7249762422381,-26.0087935690862));
#1882=CARTESIAN_POINT('Ctrl Pts',(-65.9875849382153,-79.7249421291804,-26.6708185122722));
#1883=CARTESIAN_POINT('Ctrl Pts',(-65.9216436631069,-79.7246820241849,-27.3322457403272));
#1884=CARTESIAN_POINT('Ctrl Pts',(-65.7909542415057,-79.7241767853203,-27.981214098015));
#1885=CARTESIAN_POINT('Ctrl Pts',(-65.9398491051018,-80.2000013947487,-26.0087935690862));
#1886=CARTESIAN_POINT('Ctrl Pts',(-65.9398529929212,-80.1999627114795,-26.6674638738171));
#1887=CARTESIAN_POINT('Ctrl Pts',(-65.8742622596956,-80.1996670344593,-27.3261164298309));
#1888=CARTESIAN_POINT('Ctrl Pts',(-65.7443757157396,-80.1990940302548,-27.9718406736023));
#1889=CARTESIAN_POINT('',(-65.9398491051018,-80.2000013947487,-26.0087935690862));
#1890=CARTESIAN_POINT('Ctrl Pts',(-65.7443757157396,-80.1990940302548,-27.9718406736023));
#1891=CARTESIAN_POINT('Ctrl Pts',(-65.8742622596956,-80.1996670344593,-27.3261164298309));
#1892=CARTESIAN_POINT('Ctrl Pts',(-65.9398529929212,-80.1999627114795,-26.6674638738171));
#1893=CARTESIAN_POINT('Ctrl Pts',(-65.9398491051018,-80.2000013947487,-26.0087935690862));
#1894=CARTESIAN_POINT('Origin',(-63.9498742542515,-80.0000011622906,-26.0087935690862));
#1895=CARTESIAN_POINT('Origin',(-63.9498742542515,-80.0000011622906,-27.));
#1896=CARTESIAN_POINT('',(-65.9398491051018,-80.2000013947487,-27.));
#1897=CARTESIAN_POINT('Origin',(-54.,-79.,-27.));
#1898=CARTESIAN_POINT('Ctrl Pts',(-55.2000011086464,-90.9398491338562,-26.0087935684629));
#1899=CARTESIAN_POINT('Ctrl Pts',(-58.3182151680281,-90.6536190617688,-26.0095631011615));
#1900=CARTESIAN_POINT('Ctrl Pts',(-63.5202841874803,-87.8179143854499,-26.0101432447058));
#1901=CARTESIAN_POINT('Ctrl Pts',(-65.710160968084,-82.5278342292793,-26.0093694773425));
#1902=CARTESIAN_POINT('Ctrl Pts',(-65.9398491051018,-80.2000013947487,-26.0087935690862));
#1903=CARTESIAN_POINT('Ctrl Pts',(-55.2000011086464,-90.9398491338562,-26.0087935684629));
#1904=CARTESIAN_POINT('Ctrl Pts',(-58.3182151680281,-90.6536190617688,-26.0095631011615));
#1905=CARTESIAN_POINT('Ctrl Pts',(-63.5202841874803,-87.8179143854499,-26.0101432447058));
#1906=CARTESIAN_POINT('Ctrl Pts',(-65.710160968084,-82.5278342292793,-26.0093694773425));
#1907=CARTESIAN_POINT('Ctrl Pts',(-65.9398491051018,-80.2000013947487,-26.0087935690862));
#1908=CARTESIAN_POINT('Ctrl Pts',(-55.1990386073521,-90.9399913395234,-26.6674251845236));
#1909=CARTESIAN_POINT('Ctrl Pts',(-58.317661475952,-90.6539863633706,-26.6677057039854));
#1910=CARTESIAN_POINT('Ctrl Pts',(-63.5205413960489,-87.8180568426509,-26.667917150691));
#1911=CARTESIAN_POINT('Ctrl Pts',(-65.7104660057623,-82.5271733524112,-26.6676351250177));
#1912=CARTESIAN_POINT('Ctrl Pts',(-65.9399913107619,-80.1990388937563,-26.6674251847508));
#1913=CARTESIAN_POINT('Ctrl Pts',(-55.1915436289346,-90.8751359978129,-27.3260377358934));
#1914=CARTESIAN_POINT('Ctrl Pts',(-58.2936117128616,-90.591018108882,-27.3258293128711));
#1915=CARTESIAN_POINT('Ctrl Pts',(-63.4691171144011,-87.7703174697413,-27.3256721158067));
#1916=CARTESIAN_POINT('Ctrl Pts',(-65.6470984656717,-82.5073134783324,-27.3258817609772));
#1917=CARTESIAN_POINT('Ctrl Pts',(-65.8751359692795,-80.191543914091,-27.3260377357245));
#1918=CARTESIAN_POINT('Ctrl Pts',(-55.1776616760275,-90.7465421681262,-27.9718453470717));
#1919=CARTESIAN_POINT('Ctrl Pts',(-58.2465325214459,-90.4659347384561,-27.9711764390902));
#1920=CARTESIAN_POINT('Ctrl Pts',(-63.3670069036966,-87.675620739294,-27.9706719988131));
#1921=CARTESIAN_POINT('Ctrl Pts',(-65.5212870950172,-82.468640021521,-27.9713447589079));
#1922=CARTESIAN_POINT('Ctrl Pts',(-65.74654214005,-80.1776619584108,-27.9718453465299));
#1923=CARTESIAN_POINT('Ctrl Pts',(-65.7444139650263,-80.199097864333,-27.971840668515));
#1924=CARTESIAN_POINT('Ctrl Pts',(-65.5155222197053,-82.4825568239372,-27.971342962354));
#1925=CARTESIAN_POINT('Ctrl Pts',(-63.3630355527967,-87.6724222893582,-27.9706735667793));
#1926=CARTESIAN_POINT('Ctrl Pts',(-58.2601624526437,-90.4585001935787,-27.971175097915));
#1927=CARTESIAN_POINT('Ctrl Pts',(-55.1991108992825,-90.7445593160678,-27.9718406775712));
#1928=CARTESIAN_POINT('Ctrl Pts',(-61.9803594692242,-79.560234541923,-47.));
#1929=CARTESIAN_POINT('Ctrl Pts',(-63.2350912343882,-79.7731978345849,-40.6569785102448));
#1930=CARTESIAN_POINT('Ctrl Pts',(-64.4898229995521,-79.9861611272469,-34.3139570204897));
#1931=CARTESIAN_POINT('Ctrl Pts',(-65.7445547647161,-80.1991244199089,-27.9709355307345));
#1932=CARTESIAN_POINT('Ctrl Pts',(-61.865861695183,-81.1912182226827,-47.));
#1933=CARTESIAN_POINT('Ctrl Pts',(-63.0811354942139,-81.6253912040544,-40.6569785102448));
#1934=CARTESIAN_POINT('Ctrl Pts',(-64.2951721260487,-82.0590100540991,-34.3139570204897));
#1935=CARTESIAN_POINT('Ctrl Pts',(-65.5104459250796,-82.4931830354709,-27.9709355307345));
#1936=CARTESIAN_POINT('Ctrl Pts',(-60.8133385534403,-83.8421710545009,-47.));
#1937=CARTESIAN_POINT('Ctrl Pts',(-61.863978199552,-84.625030530633,-40.6569785102448));
#1938=CARTESIAN_POINT('Ctrl Pts',(-62.9145872759055,-85.4078334412901,-34.3139570204897));
#1939=CARTESIAN_POINT('Ctrl Pts',(-63.9652269220172,-86.1906929174221,-27.9709355307345));
#1940=CARTESIAN_POINT('Ctrl Pts',(-57.7862753352472,-86.2992579688605,-47.));
#1941=CARTESIAN_POINT('Ctrl Pts',(-58.4311471447427,-87.4227308911616,-40.6569785102449));
#1942=CARTESIAN_POINT('Ctrl Pts',(-59.0754182514193,-88.5458656527639,-34.3139570204896));
#1943=CARTESIAN_POINT('Ctrl Pts',(-59.7202900609148,-89.6693385750651,-27.9709355307345));
#1944=CARTESIAN_POINT('Ctrl Pts',(-55.647556725882,-86.9040276761188,-47.));
#1945=CARTESIAN_POINT('Ctrl Pts',(-56.0079356410144,-88.1322607036832,-40.6569785102448));
#1946=CARTESIAN_POINT('Ctrl Pts',(-56.368117633002,-89.3602492437208,-34.3139570204897));
#1947=CARTESIAN_POINT('Ctrl Pts',(-56.7284965481343,-90.5884822712852,-27.9709355307345));
#1948=CARTESIAN_POINT('Ctrl Pts',(-54.5602342694359,-86.9803594883532,-47.));
#1949=CARTESIAN_POINT('Ctrl Pts',(-54.7731975576154,-88.2350912568305,-40.6569785102448));
#1950=CARTESIAN_POINT('Ctrl Pts',(-54.986160845795,-89.4898230253077,-34.3139570204897));
#1951=CARTESIAN_POINT('Ctrl Pts',(-55.1991241339745,-90.744554793785,-27.9709355307345));
#1952=CARTESIAN_POINT('Origin',(-54.,-79.,-47.));
#1953=CARTESIAN_POINT('Origin',(-60.125,-82.2500005811453,-3.125));
#1954=CARTESIAN_POINT('',(-60.25,-78.2500011622906,-3.));
#1955=CARTESIAN_POINT('',(-60.25,-79.,-3.));
#1956=CARTESIAN_POINT('',(-60.25,-82.2500005811453,-3.));
#1957=CARTESIAN_POINT('',(-60.,-79.,-3.25000000000001));
#1958=CARTESIAN_POINT('',(-60.25,-79.,-3.));
#1959=CARTESIAN_POINT('',(-60.,-82.2500005811453,-3.25));
#1960=CARTESIAN_POINT('',(-60.25,-78.2500011622906,-3.));
#1961=CARTESIAN_POINT('Origin',(-54.,-79.,-3.125));
#1962=CARTESIAN_POINT('',(-54.,-85.25,-3.));
#1963=CARTESIAN_POINT('',(-54.,-85.,-3.25));
#1964=CARTESIAN_POINT('',(-54.,-85.25,-3.));
#1965=CARTESIAN_POINT('Origin',(-54.,-79.,-3.25));
#1966=CARTESIAN_POINT('Origin',(-54.,-79.,-3.));
#1967=CARTESIAN_POINT('Origin',(-3.25000046193599,-85.125,-3.125));
#1968=CARTESIAN_POINT('',(-3.25000046193599,-85.,-3.25));
#1969=CARTESIAN_POINT('',(-53.250000923872,-85.25,-3.));
#1970=CARTESIAN_POINT('',(-3.25000046193599,-85.25,-3.));
#1971=CARTESIAN_POINT('',(-53.250000923872,-85.25,-3.));
#1972=CARTESIAN_POINT('Origin',(-53.125000923872,-84.2500005811453,-3.125));
#1973=CARTESIAN_POINT('',(-53.250000923872,-92.5000011622906,-3.));
#1974=CARTESIAN_POINT('',(-53.250000923872,-84.2500005811453,-3.));
#1975=CARTESIAN_POINT('',(-53.250000923872,-92.5000011622906,-3.));
#1976=CARTESIAN_POINT('Origin',(-53.500000923872,-92.5000011622906,-3.125));
#1977=CARTESIAN_POINT('',(-53.500000923872,-92.7500011622905,-3.));
#1978=CARTESIAN_POINT('',(-53.500000923872,-92.7500011622905,-3.));
#1979=CARTESIAN_POINT('Origin',(-53.500000923872,-92.5000011622906,-3.));
#1980=CARTESIAN_POINT('Origin',(-64.250000923872,-92.8750011622906,-3.125));
#1981=CARTESIAN_POINT('',(-67.500000923872,-92.7500011622906,-3.));
#1982=CARTESIAN_POINT('',(-67.500000923872,-92.7500011622906,-3.));
#1983=CARTESIAN_POINT('',(-64.250000923872,-92.7500011622906,-3.));
#1984=CARTESIAN_POINT('Origin',(-67.500000923872,-92.5000011622906,-3.125));
#1985=CARTESIAN_POINT('',(-67.750000923872,-92.5000011622906,-3.));
#1986=CARTESIAN_POINT('',(-67.750000923872,-92.5000011622906,-3.));
#1987=CARTESIAN_POINT('Origin',(-67.500000923872,-92.5000011622906,-3.));
#1988=CARTESIAN_POINT('Origin',(-67.875000923872,-81.7500011622906,-3.125));
#1989=CARTESIAN_POINT('',(-67.750000923872,-78.5000011622906,-3.));
#1990=CARTESIAN_POINT('',(-67.750000923872,-78.5000011622906,-3.));
#1991=CARTESIAN_POINT('',(-67.750000923872,-81.7500011622906,-3.));
#1992=CARTESIAN_POINT('Origin',(-67.500000923872,-78.5000011622906,-3.125));
#1993=CARTESIAN_POINT('',(-67.500000923872,-78.2500011622906,-3.));
#1994=CARTESIAN_POINT('',(-67.500000923872,-78.2500011622906,-3.));
#1995=CARTESIAN_POINT('Origin',(-67.500000923872,-78.5000011622906,-3.));
#1996=CARTESIAN_POINT('Origin',(-61.250000461936,-78.1250011622906,-3.125));
#1997=CARTESIAN_POINT('',(-61.250000461936,-78.2500011622906,-3.));
#1998=CARTESIAN_POINT('Origin',(-60.,-79.,21.));
#1999=CARTESIAN_POINT('',(-60.,-79.,-47.));
#2000=CARTESIAN_POINT('',(-60.,-79.,-26.));
#2001=CARTESIAN_POINT('',(-60.,-80.7500002905726,-47.));
#2002=CARTESIAN_POINT('Origin',(-60.500000923872,-85.5000011622906,-3.));
#2003=CARTESIAN_POINT('Origin',(-57.500000461936,-82.5000005811453,-47.));
#2004=CARTESIAN_POINT('',(-54.,-85.,-47.));
#2005=CARTESIAN_POINT('Origin',(-54.,-79.,-47.));
#2006=CARTESIAN_POINT('',(-1.75000023096799,-85.,-47.));
#2007=CARTESIAN_POINT('Origin',(-54.,-79.,21.));
#2008=CARTESIAN_POINT('',(-54.,-85.,-26.));
#2009=CARTESIAN_POINT('Origin',(54.,-85.,21.));
#2010=UNCERTAINTY_MEASURE_WITH_UNIT(LENGTH_MEASURE(0.01),#2014,
'DISTANCE_ACCURACY_VALUE',
'Maximum model space distance between geometric entities at asserted c
onnectivities');
#2011=UNCERTAINTY_MEASURE_WITH_UNIT(LENGTH_MEASURE(0.01),#2014,
'DISTANCE_ACCURACY_VALUE',
'Maximum model space distance between geometric entities at asserted c
onnectivities');
#2012=(
GEOMETRIC_REPRESENTATION_CONTEXT(3)
GLOBAL_UNCERTAINTY_ASSIGNED_CONTEXT((#2010))
GLOBAL_UNIT_ASSIGNED_CONTEXT((#2014,#2016,#2017))
REPRESENTATION_CONTEXT('','3D')
);
#2013=(
GEOMETRIC_REPRESENTATION_CONTEXT(3)
GLOBAL_UNCERTAINTY_ASSIGNED_CONTEXT((#2011))
GLOBAL_UNIT_ASSIGNED_CONTEXT((#2014,#2016,#2017))
REPRESENTATION_CONTEXT('','3D')
);
#2014=(
LENGTH_UNIT()
NAMED_UNIT(*)
SI_UNIT(.MILLI.,.METRE.)
);
#2015=(
LENGTH_UNIT()
NAMED_UNIT(*)
SI_UNIT($,.METRE.)
);
#2016=(
NAMED_UNIT(*)
PLANE_ANGLE_UNIT()
SI_UNIT($,.RADIAN.)
);
#2017=(
NAMED_UNIT(*)
SI_UNIT($,.STERADIAN.)
SOLID_ANGLE_UNIT()
);
#2018=SHAPE_DEFINITION_REPRESENTATION(#2019,#2020);
#2019=PRODUCT_DEFINITION_SHAPE('',$,#2022);
#2020=SHAPE_REPRESENTATION('',(#910),#2012);
#2021=PRODUCT_DEFINITION_CONTEXT('part definition',#2026,'design');
#2022=PRODUCT_DEFINITION('2026-07-22-08-04-45-410','Leg',#2023,#2021);
#2023=PRODUCT_DEFINITION_FORMATION('',$,#2028);
#2024=PRODUCT_RELATED_PRODUCT_CATEGORY('Leg','Leg',(#2028));
#2025=APPLICATION_PROTOCOL_DEFINITION('international standard',
'automotive_design',2009,#2026);
#2026=APPLICATION_CONTEXT(
'Core Data for Automotive Mechanical Design Process');
#2027=PRODUCT_CONTEXT('part definition',#2026,'mechanical');
#2028=PRODUCT('2026-07-22-08-04-45-410','Leg',$,(#2027));
#2029=PRESENTATION_STYLE_ASSIGNMENT((#2030));
#2030=SURFACE_STYLE_USAGE(.BOTH.,#2031);
#2031=SURFACE_SIDE_STYLE('',(#2032));
#2032=SURFACE_STYLE_FILL_AREA(#2033);
#2033=FILL_AREA_STYLE('Steel - Satin',(#2034));
#2034=FILL_AREA_STYLE_COLOUR('Steel - Satin',#2035);
#2035=COLOUR_RGB('Steel - Satin',0.627450980392157,0.627450980392157,0.627450980392157);
ENDSEC;
END-ISO-10303-21;
