ISO-10303-21;
HEADER;
/* Generated by software containing ST-Developer
 * from STEP Tools, Inc. (www.steptools.com) 
 */

FILE_DESCRIPTION(
/* description */ (''),
/* implementation_level */ '2;1');

FILE_NAME(
/* name */ 'Shroud Leg.step',
/* time_stamp */ '2026-08-22T09:00:42-07:00',
/* author */ (''),
/* organization */ (''),
/* preprocessor_version */ 'ST-DEVELOPER v20.1',
/* originating_system */ 'Autodesk Translation Framework v15.8.0.0',
/* authorisation */ '');

FILE_SCHEMA (('AUTOMOTIVE_DESIGN { 1 0 10303 214 3 1 1 }'));
ENDSEC;

DATA;
#10=MECHANICAL_DESIGN_GEOMETRIC_PRESENTATION_REPRESENTATION('',(#13),#1844);
#11=SHAPE_REPRESENTATION_RELATIONSHIP('SRR','None',#1851,#12);
#12=ADVANCED_BREP_SHAPE_REPRESENTATION('',(#14),#1843);
#13=STYLED_ITEM('',(#1860),#14);
#14=MANIFOLD_SOLID_BREP('Leg',#839);
#15=TOROIDAL_SURFACE('',#891,4.,2.);
#16=TOROIDAL_SURFACE('',#893,14.,2.);
#17=TOROIDAL_SURFACE('',#895,4.,2.);
#18=CONICAL_SURFACE('',#865,0.374999999999997,0.785398163397459);
#19=CONICAL_SURFACE('',#870,0.374999999999997,0.785398163397459);
#20=CONICAL_SURFACE('',#875,0.375,0.785398163397447);
#21=CONICAL_SURFACE('',#899,6.125,0.785398163397462);
#22=CONICAL_SURFACE('',#904,0.374999999999997,0.785398163397459);
#23=CONICAL_SURFACE('',#907,0.374999999999997,0.785398163397459);
#24=CONICAL_SURFACE('',#910,0.375,0.785398163397447);
#25=CYLINDRICAL_SURFACE('',#859,2.);
#26=CYLINDRICAL_SURFACE('',#861,12.);
#27=CYLINDRICAL_SURFACE('',#863,2.);
#28=CYLINDRICAL_SURFACE('',#878,0.5);
#29=CYLINDRICAL_SURFACE('',#881,0.5);
#30=CYLINDRICAL_SURFACE('',#888,0.5);
#31=CYLINDRICAL_SURFACE('',#915,6.);
#32=CIRCLE('',#854,6.);
#33=CIRCLE('',#855,2.);
#34=CIRCLE('',#856,12.);
#35=CIRCLE('',#857,2.);
#36=CIRCLE('',#860,2.);
#37=CIRCLE('',#862,12.);
#38=CIRCLE('',#864,2.);
#39=CIRCLE('',#866,0.5);
#40=CIRCLE('',#867,0.249999999999994);
#41=CIRCLE('',#871,0.5);
#42=CIRCLE('',#872,0.249999999999994);
#43=CIRCLE('',#876,0.25);
#44=CIRCLE('',#877,0.5);
#45=CIRCLE('',#879,0.5);
#46=CIRCLE('',#882,0.5);
#47=CIRCLE('',#885,4.);
#48=CIRCLE('',#887,14.);
#49=CIRCLE('',#889,0.5);
#50=CIRCLE('',#892,2.);
#51=CIRCLE('',#894,2.);
#52=CIRCLE('',#896,4.);
#53=CIRCLE('',#900,6.);
#54=CIRCLE('',#901,6.25);
#55=CIRCLE('',#905,0.249999999999994);
#56=CIRCLE('',#908,0.249999999999994);
#57=CIRCLE('',#911,0.25);
#58=LINE('',#1222,#124);
#59=LINE('',#1223,#125);
#60=LINE('',#1225,#126);
#61=LINE('',#1227,#127);
#62=LINE('',#1322,#128);
#63=LINE('',#1324,#129);
#64=LINE('',#1332,#130);
#65=LINE('',#1352,#131);
#66=LINE('',#1354,#132);
#67=LINE('',#1355,#133);
#68=LINE('',#1358,#134);
#69=LINE('',#1362,#135);
#70=LINE('',#1366,#136);
#71=LINE('',#1409,#137);
#72=LINE('',#1413,#138);
#73=LINE('',#1417,#139);
#74=LINE('',#1422,#140);
#75=LINE('',#1423,#141);
#76=LINE('',#1424,#142);
#77=LINE('',#1443,#143);
#78=LINE('',#1470,#144);
#79=LINE('',#1481,#145);
#80=LINE('',#1483,#146);
#81=LINE('',#1484,#147);
#82=LINE('',#1489,#148);
#83=LINE('',#1494,#149);
#84=LINE('',#1496,#150);
#85=LINE('',#1498,#151);
#86=LINE('',#1499,#152);
#87=LINE('',#1518,#153);
#88=LINE('',#1545,#154);
#89=LINE('',#1555,#155);
#90=LINE('',#1556,#156);
#91=LINE('',#1560,#157);
#92=LINE('',#1606,#158);
#93=LINE('',#1632,#159);
#94=LINE('',#1682,#160);
#95=LINE('',#1757,#161);
#96=LINE('',#1761,#162);
#97=LINE('',#1762,#163);
#98=LINE('',#1765,#164);
#99=LINE('',#1769,#165);
#100=LINE('',#1770,#166);
#101=LINE('',#1777,#167);
#102=LINE('',#1781,#168);
#103=LINE('',#1782,#169);
#104=LINE('',#1793,#170);
#105=LINE('',#1795,#171);
#106=LINE('',#1796,#172);
#107=LINE('',#1797,#173);
#108=LINE('',#1801,#174);
#109=LINE('',#1805,#175);
#110=LINE('',#1807,#176);
#111=LINE('',#1808,#177);
#112=LINE('',#1811,#178);
#113=LINE('',#1812,#179);
#114=LINE('',#1815,#180);
#115=LINE('',#1819,#181);
#116=LINE('',#1820,#182);
#117=LINE('',#1823,#183);
#118=LINE('',#1827,#184);
#119=LINE('',#1828,#185);
#120=LINE('',#1831,#186);
#121=LINE('',#1834,#187);
#122=LINE('',#1836,#188);
#123=LINE('',#1839,#189);
#124=VECTOR('',#921,10.);
#125=VECTOR('',#922,26.0000002626432);
#126=VECTOR('',#923,26.0000002626435);
#127=VECTOR('',#924,10.);
#128=VECTOR('',#927,10.);
#129=VECTOR('',#928,10.);
#130=VECTOR('',#937,10.);
#131=VECTOR('',#938,10.);
#132=VECTOR('',#939,10.);
#133=VECTOR('',#940,10.);
#134=VECTOR('',#943,10.);
#135=VECTOR('',#948,10.);
#136=VECTOR('',#953,10.);
#137=VECTOR('',#956,10.);
#138=VECTOR('',#959,10.);
#139=VECTOR('',#962,10.);
#140=VECTOR('',#967,10.);
#141=VECTOR('',#968,10.);
#142=VECTOR('',#969,10.);
#143=VECTOR('',#970,10.);
#144=VECTOR('',#971,10.);
#145=VECTOR('',#974,10.);
#146=VECTOR('',#975,10.);
#147=VECTOR('',#976,10.);
#148=VECTOR('',#981,10.);
#149=VECTOR('',#986,10.);
#150=VECTOR('',#987,10.);
#151=VECTOR('',#988,10.);
#152=VECTOR('',#989,10.);
#153=VECTOR('',#990,10.);
#154=VECTOR('',#991,10.);
#155=VECTOR('',#994,10.);
#156=VECTOR('',#995,10.);
#157=VECTOR('',#998,10.);
#158=VECTOR('',#1003,10.);
#159=VECTOR('',#1004,10.);
#160=VECTOR('',#1005,10.);
#161=VECTOR('',#1008,10.);
#162=VECTOR('',#1013,10.);
#163=VECTOR('',#1014,10.);
#164=VECTOR('',#1017,10.);
#165=VECTOR('',#1022,10.);
#166=VECTOR('',#1023,10.);
#167=VECTOR('',#1034,10.);
#168=VECTOR('',#1039,10.);
#169=VECTOR('',#1040,10.);
#170=VECTOR('',#1057,10.);
#171=VECTOR('',#1058,10.);
#172=VECTOR('',#1059,10.);
#173=VECTOR('',#1060,10.);
#174=VECTOR('',#1063,10.);
#175=VECTOR('',#1070,10.);
#176=VECTOR('',#1071,10.);
#177=VECTOR('',#1072,10.);
#178=VECTOR('',#1075,10.);
#179=VECTOR('',#1076,10.);
#180=VECTOR('',#1079,10.);
#181=VECTOR('',#1084,10.);
#182=VECTOR('',#1085,10.);
#183=VECTOR('',#1088,10.);
#184=VECTOR('',#1093,10.);
#185=VECTOR('',#1094,10.);
#186=VECTOR('',#1097,10.);
#187=VECTOR('',#1102,10.);
#188=VECTOR('',#1105,10.);
#189=VECTOR('',#1110,10.);
#190=B_SPLINE_SURFACE_WITH_KNOTS('',3,3,((#1156,#1157,#1158,#1159),(#1160,
#1161,#1162,#1163),(#1164,#1165,#1166,#1167),(#1168,#1169,#1170,#1171),
(#1172,#1173,#1174,#1175),(#1176,#1177,#1178,#1179),(#1180,#1181,#1182,
#1183),(#1184,#1185,#1186,#1187),(#1188,#1189,#1190,#1191),(#1192,#1193,
#1194,#1195),(#1196,#1197,#1198,#1199),(#1200,#1201,#1202,#1203),(#1204,
#1205,#1206,#1207),(#1208,#1209,#1210,#1211),(#1212,#1213,#1214,#1215),
(#1216,#1217,#1218,#1219)),.UNSPECIFIED.,.F.,.F.,.F.,(4,1,2,2,1,1,2,2,1,
4),(4,4),(0.,0.0436309849552245,0.0872619699104491,0.0875289884986397,0.500000010434277,
0.706235521402095,0.912471032369914,0.912738051183821,0.95636902559191,
1.),(0.,1.),.UNSPECIFIED.);
#191=B_SPLINE_SURFACE_WITH_KNOTS('',3,3,((#1229,#1230,#1231,#1232),(#1233,
#1234,#1235,#1236),(#1237,#1238,#1239,#1240),(#1241,#1242,#1243,#1244),
(#1245,#1246,#1247,#1248),(#1249,#1250,#1251,#1252),(#1253,#1254,#1255,
#1256),(#1257,#1258,#1259,#1260),(#1261,#1262,#1263,#1264),(#1265,#1266,
#1267,#1268),(#1269,#1270,#1271,#1272),(#1273,#1274,#1275,#1276),(#1277,
#1278,#1279,#1280),(#1281,#1282,#1283,#1284),(#1285,#1286,#1287,#1288),
(#1289,#1290,#1291,#1292),(#1293,#1294,#1295,#1296),(#1297,#1298,#1299,
#1300),(#1301,#1302,#1303,#1304),(#1305,#1306,#1307,#1308),(#1309,#1310,
#1311,#1312),(#1313,#1314,#1315,#1316),(#1317,#1318,#1319,#1320)),
 .UNSPECIFIED.,.F.,.F.,.F.,(4,1,2,1,2,2,1,1,1,2,2,1,2,1,4),(4,4),(0.,0.0636478218673363,
0.127295643734673,0.165131366081487,0.202967088428301,0.234998525969194,
0.367499263177657,0.50000000038612,0.599375553292467,0.765001474803046,
0.797022928672999,0.834863642083042,0.872704355493085,0.936352177746543,
1.),(0.,1.),.UNSPECIFIED.);
#192=B_SPLINE_SURFACE_WITH_KNOTS('',3,3,((#1368,#1369,#1370,#1371,#1372,
#1373,#1374),(#1375,#1376,#1377,#1378,#1379,#1380,#1381),(#1382,#1383,#1384,
#1385,#1386,#1387,#1388),(#1389,#1390,#1391,#1392,#1393,#1394,#1395)),
 .UNSPECIFIED.,.F.,.F.,.F.,(4,4),(4,1,1,1,4),(0.,1.),(1.01106448007702,
1.06232605325071,1.16484919959809,1.26737234594547,1.36989549229284),
 .UNSPECIFIED.);
#193=B_SPLINE_SURFACE_WITH_KNOTS('',3,3,((#1425,#1426,#1427,#1428),(#1429,
#1430,#1431,#1432),(#1433,#1434,#1435,#1436),(#1437,#1438,#1439,#1440)),
 .UNSPECIFIED.,.F.,.F.,.F.,(4,4),(4,4),(0.,1.),(0.0751386502990279,0.238194090010853),
 .UNSPECIFIED.);
#194=B_SPLINE_SURFACE_WITH_KNOTS('',3,3,((#1452,#1453,#1454,#1455),(#1456,
#1457,#1458,#1459),(#1460,#1461,#1462,#1463),(#1464,#1465,#1466,#1467)),
 .UNSPECIFIED.,.F.,.F.,.F.,(4,4),(4,4),(0.,1.),(0.238194090010852,0.363390644674826),
 .UNSPECIFIED.);
#195=B_SPLINE_SURFACE_WITH_KNOTS('',3,3,((#1500,#1501,#1502,#1503),(#1504,
#1505,#1506,#1507),(#1508,#1509,#1510,#1511),(#1512,#1513,#1514,#1515)),
 .UNSPECIFIED.,.F.,.F.,.F.,(4,4),(4,4),(0.,1.),(0.0751385850296771,0.238194097059765),
 .UNSPECIFIED.);
#196=B_SPLINE_SURFACE_WITH_KNOTS('',3,3,((#1527,#1528,#1529,#1530),(#1531,
#1532,#1533,#1534),(#1535,#1536,#1537,#1538),(#1539,#1540,#1541,#1542)),
 .UNSPECIFIED.,.F.,.F.,.F.,(4,4),(4,4),(0.,1.),(0.238194097059765,0.363390745296517),
 .UNSPECIFIED.);
#197=B_SPLINE_SURFACE_WITH_KNOTS('',3,3,((#1563,#1564,#1565,#1566,#1567,
#1568,#1569),(#1570,#1571,#1572,#1573,#1574,#1575,#1576),(#1577,#1578,#1579,
#1580,#1581,#1582,#1583),(#1584,#1585,#1586,#1587,#1588,#1589,#1590)),
 .UNSPECIFIED.,.F.,.F.,.F.,(4,4),(4,1,1,1,4),(0.,1.),(0.0292210791349998,
0.183005798673353,0.285528945032254,0.336790518211705,0.388052091391156),
 .UNSPECIFIED.);
#198=B_SPLINE_SURFACE_WITH_KNOTS('',3,3,((#1614,#1615,#1616,#1617),(#1618,
#1619,#1620,#1621),(#1622,#1623,#1624,#1625),(#1626,#1627,#1628,#1629)),
 .UNSPECIFIED.,.F.,.F.,.F.,(4,4),(4,4),(0.,1.),(1.44139747310607,1.45),
 .UNSPECIFIED.);
#199=B_SPLINE_SURFACE_WITH_KNOTS('',3,3,((#1641,#1642,#1643,#1644),(#1645,
#1646,#1647,#1648),(#1649,#1650,#1651,#1652),(#1653,#1654,#1655,#1656)),
 .UNSPECIFIED.,.F.,.F.,.F.,(4,4),(4,4),(0.,1.),(-0.785398163397537,-0.587660539083344),
 .UNSPECIFIED.);
#200=B_SPLINE_SURFACE_WITH_KNOTS('',3,3,((#1665,#1666,#1667,#1668),(#1669,
#1670,#1671,#1672),(#1673,#1674,#1675,#1676),(#1677,#1678,#1679,#1680)),
 .UNSPECIFIED.,.F.,.F.,.F.,(4,4),(4,4),(0.,1.),(0.587659570074661,0.785398163397471),
 .UNSPECIFIED.);
#201=B_SPLINE_SURFACE_WITH_KNOTS('',3,3,((#1691,#1692,#1693,#1694),(#1695,
#1696,#1697,#1698),(#1699,#1700,#1701,#1702),(#1703,#1704,#1705,#1706)),
 .UNSPECIFIED.,.F.,.F.,.F.,(4,4),(4,4),(0.,1.),(-1.45,-1.44139749455173),
 .UNSPECIFIED.);
#202=B_SPLINE_SURFACE_WITH_KNOTS('',3,3,((#1711,#1712,#1713,#1714),(#1715,
#1716,#1717,#1718),(#1719,#1720,#1721,#1722),(#1723,#1724,#1725,#1726)),
 .UNSPECIFIED.,.F.,.F.,.F.,(4,4),(4,4),(0.,1.),(0.,1.),.UNSPECIFIED.);
#203=B_SPLINE_SURFACE_WITH_KNOTS('',3,3,((#1731,#1732,#1733,#1734),(#1735,
#1736,#1737,#1738),(#1739,#1740,#1741,#1742),(#1743,#1744,#1745,#1746)),
 .UNSPECIFIED.,.F.,.F.,.F.,(4,4),(4,4),(0.,1.),(0.,1.),.UNSPECIFIED.);
#204=FACE_OUTER_BOUND('',#256,.T.);
#205=FACE_OUTER_BOUND('',#257,.T.);
#206=FACE_OUTER_BOUND('',#258,.T.);
#207=FACE_OUTER_BOUND('',#259,.T.);
#208=FACE_OUTER_BOUND('',#260,.T.);
#209=FACE_OUTER_BOUND('',#261,.T.);
#210=FACE_OUTER_BOUND('',#262,.T.);
#211=FACE_OUTER_BOUND('',#263,.T.);
#212=FACE_OUTER_BOUND('',#264,.T.);
#213=FACE_OUTER_BOUND('',#265,.T.);
#214=FACE_OUTER_BOUND('',#266,.T.);
#215=FACE_OUTER_BOUND('',#267,.T.);
#216=FACE_OUTER_BOUND('',#268,.T.);
#217=FACE_OUTER_BOUND('',#269,.T.);
#218=FACE_OUTER_BOUND('',#270,.T.);
#219=FACE_OUTER_BOUND('',#271,.T.);
#220=FACE_OUTER_BOUND('',#272,.T.);
#221=FACE_OUTER_BOUND('',#273,.T.);
#222=FACE_OUTER_BOUND('',#274,.T.);
#223=FACE_OUTER_BOUND('',#275,.T.);
#224=FACE_OUTER_BOUND('',#276,.T.);
#225=FACE_OUTER_BOUND('',#277,.T.);
#226=FACE_OUTER_BOUND('',#278,.T.);
#227=FACE_OUTER_BOUND('',#279,.T.);
#228=FACE_OUTER_BOUND('',#280,.T.);
#229=FACE_OUTER_BOUND('',#281,.T.);
#230=FACE_OUTER_BOUND('',#282,.T.);
#231=FACE_OUTER_BOUND('',#283,.T.);
#232=FACE_OUTER_BOUND('',#284,.T.);
#233=FACE_OUTER_BOUND('',#285,.T.);
#234=FACE_OUTER_BOUND('',#286,.T.);
#235=FACE_OUTER_BOUND('',#287,.T.);
#236=FACE_OUTER_BOUND('',#288,.T.);
#237=FACE_OUTER_BOUND('',#289,.T.);
#238=FACE_OUTER_BOUND('',#290,.T.);
#239=FACE_OUTER_BOUND('',#291,.T.);
#240=FACE_OUTER_BOUND('',#292,.T.);
#241=FACE_OUTER_BOUND('',#293,.T.);
#242=FACE_OUTER_BOUND('',#294,.T.);
#243=FACE_OUTER_BOUND('',#295,.T.);
#244=FACE_OUTER_BOUND('',#296,.T.);
#245=FACE_OUTER_BOUND('',#297,.T.);
#246=FACE_OUTER_BOUND('',#298,.T.);
#247=FACE_OUTER_BOUND('',#299,.T.);
#248=FACE_OUTER_BOUND('',#300,.T.);
#249=FACE_OUTER_BOUND('',#301,.T.);
#250=FACE_OUTER_BOUND('',#302,.T.);
#251=FACE_OUTER_BOUND('',#303,.T.);
#252=FACE_OUTER_BOUND('',#304,.T.);
#253=FACE_OUTER_BOUND('',#305,.T.);
#254=FACE_OUTER_BOUND('',#306,.T.);
#255=FACE_OUTER_BOUND('',#307,.T.);
#256=EDGE_LOOP('',(#526,#527));
#257=EDGE_LOOP('',(#528,#529,#530,#531,#532,#533));
#258=EDGE_LOOP('',(#534,#535,#536,#537,#538,#539,#540,#541));
#259=EDGE_LOOP('',(#542,#543,#544,#545,#546,#547,#548,#549));
#260=EDGE_LOOP('',(#550,#551,#552,#553));
#261=EDGE_LOOP('',(#554,#555,#556,#557));
#262=EDGE_LOOP('',(#558,#559,#560,#561));
#263=EDGE_LOOP('',(#562,#563,#564,#565));
#264=EDGE_LOOP('',(#566,#567,#568,#569));
#265=EDGE_LOOP('',(#570,#571,#572,#573));
#266=EDGE_LOOP('',(#574,#575,#576,#577));
#267=EDGE_LOOP('',(#578,#579,#580,#581));
#268=EDGE_LOOP('',(#582,#583,#584,#585));
#269=EDGE_LOOP('',(#586,#587,#588,#589));
#270=EDGE_LOOP('',(#590,#591,#592,#593));
#271=EDGE_LOOP('',(#594,#595,#596,#597));
#272=EDGE_LOOP('',(#598,#599,#600,#601));
#273=EDGE_LOOP('',(#602,#603,#604,#605));
#274=EDGE_LOOP('',(#606,#607,#608,#609));
#275=EDGE_LOOP('',(#610,#611,#612,#613));
#276=EDGE_LOOP('',(#614,#615,#616,#617));
#277=EDGE_LOOP('',(#618,#619,#620,#621));
#278=EDGE_LOOP('',(#622,#623,#624,#625));
#279=EDGE_LOOP('',(#626,#627,#628,#629));
#280=EDGE_LOOP('',(#630,#631,#632));
#281=EDGE_LOOP('',(#633,#634,#635));
#282=EDGE_LOOP('',(#636,#637,#638,#639,#640));
#283=EDGE_LOOP('',(#641,#642,#643,#644,#645,#646,#647));
#284=EDGE_LOOP('',(#648,#649,#650,#651));
#285=EDGE_LOOP('',(#652,#653,#654,#655,#656,#657,#658));
#286=EDGE_LOOP('',(#659,#660,#661));
#287=EDGE_LOOP('',(#662,#663,#664,#665));
#288=EDGE_LOOP('',(#666,#667,#668,#669,#670));
#289=EDGE_LOOP('',(#671,#672,#673,#674,#675,#676,#677,#678));
#290=EDGE_LOOP('',(#679,#680,#681,#682,#683,#684,#685,#686));
#291=EDGE_LOOP('',(#687,#688,#689,#690,#691,#692));
#292=EDGE_LOOP('',(#693,#694,#695,#696,#697,#698,#699,#700));
#293=EDGE_LOOP('',(#701,#702,#703));
#294=EDGE_LOOP('',(#704,#705,#706,#707));
#295=EDGE_LOOP('',(#708,#709,#710,#711));
#296=EDGE_LOOP('',(#712,#713,#714,#715));
#297=EDGE_LOOP('',(#716,#717,#718,#719));
#298=EDGE_LOOP('',(#720,#721,#722,#723));
#299=EDGE_LOOP('',(#724,#725,#726,#727));
#300=EDGE_LOOP('',(#728,#729,#730,#731));
#301=EDGE_LOOP('',(#732,#733,#734,#735));
#302=EDGE_LOOP('',(#736,#737,#738,#739));
#303=EDGE_LOOP('',(#740,#741,#742,#743));
#304=EDGE_LOOP('',(#744,#745,#746,#747));
#305=EDGE_LOOP('',(#748,#749,#750,#751,#752,#753,#754,#755,#756,#757));
#306=EDGE_LOOP('',(#758,#759,#760,#761));
#307=EDGE_LOOP('',(#762,#763,#764,#765));
#308=B_SPLINE_CURVE_WITH_KNOTS('',3,(#1117,#1118,#1119,#1120,#1121,#1122,
#1123,#1124,#1125,#1126,#1127,#1128,#1129,#1130,#1131,#1132),
 .UNSPECIFIED.,.F.,.F.,(4,1,2,2,1,1,2,2,1,4),(0.,0.0436309849552245,0.0872619699104491,
0.0875289884986397,0.500000010434277,0.706235521402095,0.912471032369914,
0.912738051183821,0.95636902559191,1.),.UNSPECIFIED.);
#309=B_SPLINE_CURVE_WITH_KNOTS('',3,(#1133,#1134,#1135,#1136,#1137,#1138,
#1139,#1140,#1141,#1142,#1143,#1144,#1145,#1146,#1147,#1148,#1149,#1150,
#1151,#1152,#1153,#1154,#1155),.UNSPECIFIED.,.F.,.F.,(4,1,2,1,2,2,1,1,1,
2,2,1,2,1,4),(0.,0.0636478218673363,0.127295643734673,0.165131366081487,
0.202967088428301,0.234998525969194,0.367499263177657,0.50000000038612,
0.599375553292467,0.765001474803046,0.797022928672999,0.834863642083042,
0.872704355493085,0.936352177746543,1.),.UNSPECIFIED.);
#310=B_SPLINE_CURVE_WITH_KNOTS('',3,(#1334,#1335,#1336,#1337),
 .UNSPECIFIED.,.F.,.F.,(4,4),(0.,1.),.UNSPECIFIED.);
#311=B_SPLINE_CURVE_WITH_KNOTS('',3,(#1339,#1340,#1341,#1342,#1343,#1344,
#1345),.UNSPECIFIED.,.F.,.F.,(4,1,1,1,4),(1.01106448007702,1.06232605325071,
1.16484919959809,1.26737234594547,1.36989549229284),.UNSPECIFIED.);
#312=B_SPLINE_CURVE_WITH_KNOTS('',3,(#1347,#1348,#1349,#1350),
 .UNSPECIFIED.,.F.,.F.,(4,4),(-1.45,-1.44139749455173),.UNSPECIFIED.);
#313=B_SPLINE_CURVE_WITH_KNOTS('',3,(#1397,#1398,#1399,#1400),
 .UNSPECIFIED.,.F.,.F.,(4,4),(-1.,0.),.UNSPECIFIED.);
#314=B_SPLINE_CURVE_WITH_KNOTS('',3,(#1402,#1403,#1404,#1405,#1406,#1407,
#1408),.UNSPECIFIED.,.F.,.F.,(4,1,1,1,4),(-1.36989549229284,-1.26737234594547,
-1.16484919959809,-1.06232605325071,-1.01106448007702),.UNSPECIFIED.);
#315=B_SPLINE_CURVE_WITH_KNOTS('',3,(#1444,#1445,#1446,#1447),
 .UNSPECIFIED.,.F.,.F.,(4,4),(-0.238194090010853,-0.0751386502990279),
 .UNSPECIFIED.);
#316=B_SPLINE_CURVE_WITH_KNOTS('',3,(#1448,#1449,#1450,#1451),
 .UNSPECIFIED.,.F.,.F.,(4,4),(0.0751386502990279,0.238194090010853),
 .UNSPECIFIED.);
#317=B_SPLINE_CURVE_WITH_KNOTS('',3,(#1471,#1472,#1473,#1474),
 .UNSPECIFIED.,.F.,.F.,(4,4),(-0.363390644674826,-0.238194090010852),
 .UNSPECIFIED.);
#318=B_SPLINE_CURVE_WITH_KNOTS('',3,(#1475,#1476,#1477,#1478),
 .UNSPECIFIED.,.F.,.F.,(4,4),(0.238194090010852,0.363390644674826),
 .UNSPECIFIED.);
#319=B_SPLINE_CURVE_WITH_KNOTS('',3,(#1519,#1520,#1521,#1522),
 .UNSPECIFIED.,.F.,.F.,(4,4),(-0.238194097059765,-0.0751385850296771),
 .UNSPECIFIED.);
#320=B_SPLINE_CURVE_WITH_KNOTS('',3,(#1523,#1524,#1525,#1526),
 .UNSPECIFIED.,.F.,.F.,(4,4),(0.0751385850296771,0.238194097059765),
 .UNSPECIFIED.);
#321=B_SPLINE_CURVE_WITH_KNOTS('',3,(#1546,#1547,#1548,#1549),
 .UNSPECIFIED.,.F.,.F.,(4,4),(-0.363390745296517,-0.238194097059765),
 .UNSPECIFIED.);
#322=B_SPLINE_CURVE_WITH_KNOTS('',3,(#1550,#1551,#1552,#1553),
 .UNSPECIFIED.,.F.,.F.,(4,4),(0.238194097059765,0.363390745296517),
 .UNSPECIFIED.);
#323=B_SPLINE_CURVE_WITH_KNOTS('',3,(#1593,#1594,#1595,#1596),
 .UNSPECIFIED.,.F.,.F.,(4,4),(0.,1.),.UNSPECIFIED.);
#324=B_SPLINE_CURVE_WITH_KNOTS('',3,(#1598,#1599,#1600,#1601,#1602,#1603,
#1604),.UNSPECIFIED.,.F.,.F.,(4,1,1,1,4),(0.0292210791349998,0.183005798673353,
0.285528945032254,0.336790518211705,0.388052091391156),.UNSPECIFIED.);
#325=B_SPLINE_CURVE_WITH_KNOTS('',3,(#1607,#1608,#1609,#1610,#1611,#1612,
#1613),.UNSPECIFIED.,.F.,.F.,(4,1,1,1,4),(-0.388052091391156,-0.336790518211705,
-0.285528945032254,-0.183005798673353,-0.0292210791349998),
 .UNSPECIFIED.);
#326=B_SPLINE_CURVE_WITH_KNOTS('',3,(#1633,#1634,#1635,#1636),
 .UNSPECIFIED.,.F.,.F.,(4,4),(-1.45,-1.44139747310607),.UNSPECIFIED.);
#327=B_SPLINE_CURVE_WITH_KNOTS('',3,(#1637,#1638,#1639,#1640),
 .UNSPECIFIED.,.F.,.F.,(4,4),(1.44139747310607,1.45),.UNSPECIFIED.);
#328=B_SPLINE_CURVE_WITH_KNOTS('',3,(#1657,#1658,#1659,#1660),
 .UNSPECIFIED.,.F.,.F.,(4,4),(-0.785398163397537,-0.587660539083344),
 .UNSPECIFIED.);
#329=B_SPLINE_CURVE_WITH_KNOTS('',3,(#1661,#1662,#1663,#1664),
 .UNSPECIFIED.,.F.,.F.,(4,4),(0.587660539083344,0.785398163397537),
 .UNSPECIFIED.);
#330=B_SPLINE_CURVE_WITH_KNOTS('',3,(#1683,#1684,#1685,#1686),
 .UNSPECIFIED.,.F.,.F.,(4,4),(-0.785398163397471,-0.587659570074661),
 .UNSPECIFIED.);
#331=B_SPLINE_CURVE_WITH_KNOTS('',3,(#1687,#1688,#1689,#1690),
 .UNSPECIFIED.,.F.,.F.,(4,4),(0.587659570074661,0.785398163397471),
 .UNSPECIFIED.);
#332=B_SPLINE_CURVE_WITH_KNOTS('',3,(#1707,#1708,#1709,#1710),
 .UNSPECIFIED.,.F.,.F.,(4,4),(1.44139749455173,1.45),.UNSPECIFIED.);
#333=B_SPLINE_CURVE_WITH_KNOTS('',3,(#1727,#1728,#1729,#1730),
 .UNSPECIFIED.,.F.,.F.,(4,4),(-1.,0.),.UNSPECIFIED.);
#334=B_SPLINE_CURVE_WITH_KNOTS('',3,(#1747,#1748,#1749,#1750),
 .UNSPECIFIED.,.F.,.F.,(4,4),(0.,1.),.UNSPECIFIED.);
#335=B_SPLINE_CURVE_WITH_KNOTS('',3,(#1751,#1752,#1753,#1754),
 .UNSPECIFIED.,.F.,.F.,(4,4),(-1.,0.),.UNSPECIFIED.);
#336=VERTEX_POINT('',#1115);
#337=VERTEX_POINT('',#1116);
#338=VERTEX_POINT('',#1220);
#339=VERTEX_POINT('',#1221);
#340=VERTEX_POINT('',#1224);
#341=VERTEX_POINT('',#1226);
#342=VERTEX_POINT('',#1321);
#343=VERTEX_POINT('',#1323);
#344=VERTEX_POINT('',#1325);
#345=VERTEX_POINT('',#1327);
#346=VERTEX_POINT('',#1331);
#347=VERTEX_POINT('',#1333);
#348=VERTEX_POINT('',#1338);
#349=VERTEX_POINT('',#1346);
#350=VERTEX_POINT('',#1351);
#351=VERTEX_POINT('',#1353);
#352=VERTEX_POINT('',#1357);
#353=VERTEX_POINT('',#1361);
#354=VERTEX_POINT('',#1365);
#355=VERTEX_POINT('',#1396);
#356=VERTEX_POINT('',#1401);
#357=VERTEX_POINT('',#1411);
#358=VERTEX_POINT('',#1412);
#359=VERTEX_POINT('',#1414);
#360=VERTEX_POINT('',#1416);
#361=VERTEX_POINT('',#1420);
#362=VERTEX_POINT('',#1421);
#363=VERTEX_POINT('',#1441);
#364=VERTEX_POINT('',#1442);
#365=VERTEX_POINT('',#1468);
#366=VERTEX_POINT('',#1469);
#367=VERTEX_POINT('',#1480);
#368=VERTEX_POINT('',#1482);
#369=VERTEX_POINT('',#1486);
#370=VERTEX_POINT('',#1488);
#371=VERTEX_POINT('',#1492);
#372=VERTEX_POINT('',#1493);
#373=VERTEX_POINT('',#1495);
#374=VERTEX_POINT('',#1497);
#375=VERTEX_POINT('',#1516);
#376=VERTEX_POINT('',#1517);
#377=VERTEX_POINT('',#1543);
#378=VERTEX_POINT('',#1544);
#379=VERTEX_POINT('',#1558);
#380=VERTEX_POINT('',#1559);
#381=VERTEX_POINT('',#1591);
#382=VERTEX_POINT('',#1592);
#383=VERTEX_POINT('',#1597);
#384=VERTEX_POINT('',#1605);
#385=VERTEX_POINT('',#1630);
#386=VERTEX_POINT('',#1631);
#387=VERTEX_POINT('',#1681);
#388=VERTEX_POINT('',#1756);
#389=VERTEX_POINT('',#1760);
#390=VERTEX_POINT('',#1764);
#391=VERTEX_POINT('',#1768);
#392=VERTEX_POINT('',#1776);
#393=VERTEX_POINT('',#1780);
#394=VERTEX_POINT('',#1791);
#395=VERTEX_POINT('',#1792);
#396=VERTEX_POINT('',#1794);
#397=VERTEX_POINT('',#1799);
#398=VERTEX_POINT('',#1800);
#399=VERTEX_POINT('',#1806);
#400=VERTEX_POINT('',#1810);
#401=VERTEX_POINT('',#1814);
#402=VERTEX_POINT('',#1818);
#403=VERTEX_POINT('',#1822);
#404=VERTEX_POINT('',#1826);
#405=VERTEX_POINT('',#1830);
#406=EDGE_CURVE('',#336,#337,#308,.T.);
#407=EDGE_CURVE('',#337,#336,#309,.T.);
#408=EDGE_CURVE('',#338,#339,#58,.T.);
#409=EDGE_CURVE('',#339,#336,#59,.T.);
#410=EDGE_CURVE('',#340,#337,#60,.T.);
#411=EDGE_CURVE('',#340,#341,#61,.T.);
#412=EDGE_CURVE('',#341,#338,#32,.T.);
#413=EDGE_CURVE('',#342,#340,#62,.T.);
#414=EDGE_CURVE('',#339,#343,#63,.T.);
#415=EDGE_CURVE('',#343,#344,#33,.T.);
#416=EDGE_CURVE('',#344,#345,#34,.T.);
#417=EDGE_CURVE('',#345,#342,#35,.T.);
#418=EDGE_CURVE('',#346,#342,#64,.T.);
#419=EDGE_CURVE('',#347,#346,#310,.T.);
#420=EDGE_CURVE('',#348,#347,#311,.T.);
#421=EDGE_CURVE('',#349,#348,#312,.T.);
#422=EDGE_CURVE('',#350,#349,#65,.T.);
#423=EDGE_CURVE('',#351,#350,#66,.T.);
#424=EDGE_CURVE('',#351,#340,#67,.T.);
#425=EDGE_CURVE('',#345,#352,#68,.T.);
#426=EDGE_CURVE('',#346,#352,#36,.T.);
#427=EDGE_CURVE('',#353,#344,#69,.T.);
#428=EDGE_CURVE('',#352,#353,#37,.T.);
#429=EDGE_CURVE('',#343,#354,#70,.T.);
#430=EDGE_CURVE('',#353,#354,#38,.T.);
#431=EDGE_CURVE('',#347,#355,#313,.T.);
#432=EDGE_CURVE('',#355,#356,#314,.T.);
#433=EDGE_CURVE('',#356,#348,#71,.T.);
#434=EDGE_CURVE('',#357,#358,#72,.T.);
#435=EDGE_CURVE('',#358,#359,#39,.T.);
#436=EDGE_CURVE('',#359,#360,#73,.T.);
#437=EDGE_CURVE('',#360,#357,#40,.T.);
#438=EDGE_CURVE('',#361,#362,#74,.T.);
#439=EDGE_CURVE('',#362,#360,#75,.T.);
#440=EDGE_CURVE('',#359,#361,#76,.T.);
#441=EDGE_CURVE('',#363,#364,#77,.T.);
#442=EDGE_CURVE('',#364,#362,#315,.T.);
#443=EDGE_CURVE('',#361,#363,#316,.T.);
#444=EDGE_CURVE('',#365,#366,#78,.T.);
#445=EDGE_CURVE('',#366,#364,#317,.T.);
#446=EDGE_CURVE('',#363,#365,#318,.T.);
#447=EDGE_CURVE('',#365,#367,#79,.T.);
#448=EDGE_CURVE('',#367,#368,#80,.T.);
#449=EDGE_CURVE('',#368,#366,#81,.T.);
#450=EDGE_CURVE('',#367,#369,#41,.T.);
#451=EDGE_CURVE('',#369,#370,#82,.T.);
#452=EDGE_CURVE('',#370,#368,#42,.T.);
#453=EDGE_CURVE('',#371,#372,#83,.T.);
#454=EDGE_CURVE('',#372,#373,#84,.T.);
#455=EDGE_CURVE('',#373,#374,#85,.T.);
#456=EDGE_CURVE('',#374,#371,#86,.T.);
#457=EDGE_CURVE('',#375,#376,#87,.T.);
#458=EDGE_CURVE('',#376,#372,#319,.T.);
#459=EDGE_CURVE('',#371,#375,#320,.T.);
#460=EDGE_CURVE('',#377,#378,#88,.T.);
#461=EDGE_CURVE('',#378,#376,#321,.T.);
#462=EDGE_CURVE('',#375,#377,#322,.T.);
#463=EDGE_CURVE('',#377,#370,#89,.T.);
#464=EDGE_CURVE('',#369,#378,#90,.T.);
#465=EDGE_CURVE('',#379,#380,#91,.T.);
#466=EDGE_CURVE('',#380,#374,#43,.T.);
#467=EDGE_CURVE('',#373,#379,#44,.T.);
#468=EDGE_CURVE('',#381,#382,#323,.T.);
#469=EDGE_CURVE('',#382,#383,#324,.T.);
#470=EDGE_CURVE('',#383,#384,#92,.T.);
#471=EDGE_CURVE('',#384,#381,#325,.T.);
#472=EDGE_CURVE('',#385,#386,#93,.T.);
#473=EDGE_CURVE('',#386,#384,#326,.T.);
#474=EDGE_CURVE('',#383,#385,#327,.T.);
#475=EDGE_CURVE('',#385,#358,#328,.T.);
#476=EDGE_CURVE('',#357,#386,#329,.T.);
#477=EDGE_CURVE('',#349,#387,#94,.T.);
#478=EDGE_CURVE('',#387,#380,#330,.T.);
#479=EDGE_CURVE('',#379,#349,#331,.T.);
#480=EDGE_CURVE('',#356,#387,#332,.T.);
#481=EDGE_CURVE('',#346,#355,#333,.T.);
#482=EDGE_CURVE('',#381,#354,#334,.T.);
#483=EDGE_CURVE('',#354,#382,#335,.T.);
#484=EDGE_CURVE('',#373,#388,#95,.T.);
#485=EDGE_CURVE('',#350,#388,#45,.T.);
#486=EDGE_CURVE('',#389,#369,#96,.T.);
#487=EDGE_CURVE('',#388,#389,#97,.T.);
#488=EDGE_CURVE('',#367,#390,#98,.T.);
#489=EDGE_CURVE('',#389,#390,#46,.T.);
#490=EDGE_CURVE('',#391,#359,#99,.T.);
#491=EDGE_CURVE('',#390,#391,#100,.T.);
#492=EDGE_CURVE('',#357,#362,#47,.T.);
#493=EDGE_CURVE('',#366,#377,#48,.T.);
#494=EDGE_CURVE('',#385,#392,#101,.T.);
#495=EDGE_CURVE('',#391,#392,#49,.T.);
#496=EDGE_CURVE('',#339,#393,#102,.T.);
#497=EDGE_CURVE('',#392,#393,#103,.T.);
#498=EDGE_CURVE('',#364,#353,#50,.T.);
#499=EDGE_CURVE('',#375,#352,#51,.T.);
#500=EDGE_CURVE('',#371,#380,#52,.T.);
#501=EDGE_CURVE('',#394,#395,#104,.T.);
#502=EDGE_CURVE('',#395,#396,#105,.T.);
#503=EDGE_CURVE('',#396,#351,#106,.T.);
#504=EDGE_CURVE('',#394,#351,#107,.T.);
#505=EDGE_CURVE('',#397,#398,#108,.T.);
#506=EDGE_CURVE('',#398,#396,#53,.T.);
#507=EDGE_CURVE('',#395,#397,#54,.T.);
#508=EDGE_CURVE('',#393,#398,#109,.T.);
#509=EDGE_CURVE('',#397,#399,#110,.T.);
#510=EDGE_CURVE('',#399,#393,#111,.T.);
#511=EDGE_CURVE('',#399,#400,#112,.T.);
#512=EDGE_CURVE('',#400,#392,#113,.T.);
#513=EDGE_CURVE('',#401,#391,#114,.T.);
#514=EDGE_CURVE('',#400,#401,#55,.T.);
#515=EDGE_CURVE('',#402,#390,#115,.T.);
#516=EDGE_CURVE('',#401,#402,#116,.T.);
#517=EDGE_CURVE('',#403,#389,#117,.T.);
#518=EDGE_CURVE('',#402,#403,#56,.T.);
#519=EDGE_CURVE('',#404,#388,#118,.T.);
#520=EDGE_CURVE('',#403,#404,#119,.T.);
#521=EDGE_CURVE('',#405,#350,#120,.T.);
#522=EDGE_CURVE('',#404,#405,#57,.T.);
#523=EDGE_CURVE('',#405,#394,#121,.T.);
#524=EDGE_CURVE('',#396,#341,#122,.T.);
#525=EDGE_CURVE('',#398,#338,#123,.T.);
#526=ORIENTED_EDGE('',*,*,#406,.F.);
#527=ORIENTED_EDGE('',*,*,#407,.F.);
#528=ORIENTED_EDGE('',*,*,#408,.T.);
#529=ORIENTED_EDGE('',*,*,#409,.T.);
#530=ORIENTED_EDGE('',*,*,#406,.T.);
#531=ORIENTED_EDGE('',*,*,#410,.F.);
#532=ORIENTED_EDGE('',*,*,#411,.T.);
#533=ORIENTED_EDGE('',*,*,#412,.T.);
#534=ORIENTED_EDGE('',*,*,#413,.T.);
#535=ORIENTED_EDGE('',*,*,#410,.T.);
#536=ORIENTED_EDGE('',*,*,#407,.T.);
#537=ORIENTED_EDGE('',*,*,#409,.F.);
#538=ORIENTED_EDGE('',*,*,#414,.T.);
#539=ORIENTED_EDGE('',*,*,#415,.T.);
#540=ORIENTED_EDGE('',*,*,#416,.T.);
#541=ORIENTED_EDGE('',*,*,#417,.T.);
#542=ORIENTED_EDGE('',*,*,#418,.F.);
#543=ORIENTED_EDGE('',*,*,#419,.F.);
#544=ORIENTED_EDGE('',*,*,#420,.F.);
#545=ORIENTED_EDGE('',*,*,#421,.F.);
#546=ORIENTED_EDGE('',*,*,#422,.F.);
#547=ORIENTED_EDGE('',*,*,#423,.F.);
#548=ORIENTED_EDGE('',*,*,#424,.T.);
#549=ORIENTED_EDGE('',*,*,#413,.F.);
#550=ORIENTED_EDGE('',*,*,#425,.T.);
#551=ORIENTED_EDGE('',*,*,#426,.F.);
#552=ORIENTED_EDGE('',*,*,#418,.T.);
#553=ORIENTED_EDGE('',*,*,#417,.F.);
#554=ORIENTED_EDGE('',*,*,#427,.F.);
#555=ORIENTED_EDGE('',*,*,#428,.F.);
#556=ORIENTED_EDGE('',*,*,#425,.F.);
#557=ORIENTED_EDGE('',*,*,#416,.F.);
#558=ORIENTED_EDGE('',*,*,#429,.T.);
#559=ORIENTED_EDGE('',*,*,#430,.F.);
#560=ORIENTED_EDGE('',*,*,#427,.T.);
#561=ORIENTED_EDGE('',*,*,#415,.F.);
#562=ORIENTED_EDGE('',*,*,#431,.T.);
#563=ORIENTED_EDGE('',*,*,#432,.T.);
#564=ORIENTED_EDGE('',*,*,#433,.T.);
#565=ORIENTED_EDGE('',*,*,#420,.T.);
#566=ORIENTED_EDGE('',*,*,#434,.T.);
#567=ORIENTED_EDGE('',*,*,#435,.T.);
#568=ORIENTED_EDGE('',*,*,#436,.T.);
#569=ORIENTED_EDGE('',*,*,#437,.T.);
#570=ORIENTED_EDGE('',*,*,#438,.T.);
#571=ORIENTED_EDGE('',*,*,#439,.T.);
#572=ORIENTED_EDGE('',*,*,#436,.F.);
#573=ORIENTED_EDGE('',*,*,#440,.T.);
#574=ORIENTED_EDGE('',*,*,#441,.T.);
#575=ORIENTED_EDGE('',*,*,#442,.T.);
#576=ORIENTED_EDGE('',*,*,#438,.F.);
#577=ORIENTED_EDGE('',*,*,#443,.T.);
#578=ORIENTED_EDGE('',*,*,#444,.T.);
#579=ORIENTED_EDGE('',*,*,#445,.T.);
#580=ORIENTED_EDGE('',*,*,#441,.F.);
#581=ORIENTED_EDGE('',*,*,#446,.T.);
#582=ORIENTED_EDGE('',*,*,#444,.F.);
#583=ORIENTED_EDGE('',*,*,#447,.T.);
#584=ORIENTED_EDGE('',*,*,#448,.T.);
#585=ORIENTED_EDGE('',*,*,#449,.T.);
#586=ORIENTED_EDGE('',*,*,#448,.F.);
#587=ORIENTED_EDGE('',*,*,#450,.T.);
#588=ORIENTED_EDGE('',*,*,#451,.T.);
#589=ORIENTED_EDGE('',*,*,#452,.T.);
#590=ORIENTED_EDGE('',*,*,#453,.T.);
#591=ORIENTED_EDGE('',*,*,#454,.T.);
#592=ORIENTED_EDGE('',*,*,#455,.T.);
#593=ORIENTED_EDGE('',*,*,#456,.T.);
#594=ORIENTED_EDGE('',*,*,#457,.T.);
#595=ORIENTED_EDGE('',*,*,#458,.T.);
#596=ORIENTED_EDGE('',*,*,#453,.F.);
#597=ORIENTED_EDGE('',*,*,#459,.T.);
#598=ORIENTED_EDGE('',*,*,#460,.T.);
#599=ORIENTED_EDGE('',*,*,#461,.T.);
#600=ORIENTED_EDGE('',*,*,#457,.F.);
#601=ORIENTED_EDGE('',*,*,#462,.T.);
#602=ORIENTED_EDGE('',*,*,#460,.F.);
#603=ORIENTED_EDGE('',*,*,#463,.T.);
#604=ORIENTED_EDGE('',*,*,#451,.F.);
#605=ORIENTED_EDGE('',*,*,#464,.T.);
#606=ORIENTED_EDGE('',*,*,#465,.T.);
#607=ORIENTED_EDGE('',*,*,#466,.T.);
#608=ORIENTED_EDGE('',*,*,#455,.F.);
#609=ORIENTED_EDGE('',*,*,#467,.T.);
#610=ORIENTED_EDGE('',*,*,#468,.T.);
#611=ORIENTED_EDGE('',*,*,#469,.T.);
#612=ORIENTED_EDGE('',*,*,#470,.T.);
#613=ORIENTED_EDGE('',*,*,#471,.T.);
#614=ORIENTED_EDGE('',*,*,#472,.T.);
#615=ORIENTED_EDGE('',*,*,#473,.T.);
#616=ORIENTED_EDGE('',*,*,#470,.F.);
#617=ORIENTED_EDGE('',*,*,#474,.T.);
#618=ORIENTED_EDGE('',*,*,#472,.F.);
#619=ORIENTED_EDGE('',*,*,#475,.T.);
#620=ORIENTED_EDGE('',*,*,#434,.F.);
#621=ORIENTED_EDGE('',*,*,#476,.T.);
#622=ORIENTED_EDGE('',*,*,#477,.T.);
#623=ORIENTED_EDGE('',*,*,#478,.T.);
#624=ORIENTED_EDGE('',*,*,#465,.F.);
#625=ORIENTED_EDGE('',*,*,#479,.T.);
#626=ORIENTED_EDGE('',*,*,#477,.F.);
#627=ORIENTED_EDGE('',*,*,#421,.T.);
#628=ORIENTED_EDGE('',*,*,#433,.F.);
#629=ORIENTED_EDGE('',*,*,#480,.T.);
#630=ORIENTED_EDGE('',*,*,#431,.F.);
#631=ORIENTED_EDGE('',*,*,#419,.T.);
#632=ORIENTED_EDGE('',*,*,#481,.T.);
#633=ORIENTED_EDGE('',*,*,#468,.F.);
#634=ORIENTED_EDGE('',*,*,#482,.T.);
#635=ORIENTED_EDGE('',*,*,#483,.T.);
#636=ORIENTED_EDGE('',*,*,#479,.F.);
#637=ORIENTED_EDGE('',*,*,#467,.F.);
#638=ORIENTED_EDGE('',*,*,#484,.T.);
#639=ORIENTED_EDGE('',*,*,#485,.F.);
#640=ORIENTED_EDGE('',*,*,#422,.T.);
#641=ORIENTED_EDGE('',*,*,#454,.F.);
#642=ORIENTED_EDGE('',*,*,#458,.F.);
#643=ORIENTED_EDGE('',*,*,#461,.F.);
#644=ORIENTED_EDGE('',*,*,#464,.F.);
#645=ORIENTED_EDGE('',*,*,#486,.F.);
#646=ORIENTED_EDGE('',*,*,#487,.F.);
#647=ORIENTED_EDGE('',*,*,#484,.F.);
#648=ORIENTED_EDGE('',*,*,#450,.F.);
#649=ORIENTED_EDGE('',*,*,#488,.T.);
#650=ORIENTED_EDGE('',*,*,#489,.F.);
#651=ORIENTED_EDGE('',*,*,#486,.T.);
#652=ORIENTED_EDGE('',*,*,#447,.F.);
#653=ORIENTED_EDGE('',*,*,#446,.F.);
#654=ORIENTED_EDGE('',*,*,#443,.F.);
#655=ORIENTED_EDGE('',*,*,#440,.F.);
#656=ORIENTED_EDGE('',*,*,#490,.F.);
#657=ORIENTED_EDGE('',*,*,#491,.F.);
#658=ORIENTED_EDGE('',*,*,#488,.F.);
#659=ORIENTED_EDGE('',*,*,#439,.F.);
#660=ORIENTED_EDGE('',*,*,#492,.F.);
#661=ORIENTED_EDGE('',*,*,#437,.F.);
#662=ORIENTED_EDGE('',*,*,#463,.F.);
#663=ORIENTED_EDGE('',*,*,#493,.F.);
#664=ORIENTED_EDGE('',*,*,#449,.F.);
#665=ORIENTED_EDGE('',*,*,#452,.F.);
#666=ORIENTED_EDGE('',*,*,#435,.F.);
#667=ORIENTED_EDGE('',*,*,#475,.F.);
#668=ORIENTED_EDGE('',*,*,#494,.T.);
#669=ORIENTED_EDGE('',*,*,#495,.F.);
#670=ORIENTED_EDGE('',*,*,#490,.T.);
#671=ORIENTED_EDGE('',*,*,#496,.T.);
#672=ORIENTED_EDGE('',*,*,#497,.F.);
#673=ORIENTED_EDGE('',*,*,#494,.F.);
#674=ORIENTED_EDGE('',*,*,#474,.F.);
#675=ORIENTED_EDGE('',*,*,#469,.F.);
#676=ORIENTED_EDGE('',*,*,#483,.F.);
#677=ORIENTED_EDGE('',*,*,#429,.F.);
#678=ORIENTED_EDGE('',*,*,#414,.F.);
#679=ORIENTED_EDGE('',*,*,#442,.F.);
#680=ORIENTED_EDGE('',*,*,#498,.T.);
#681=ORIENTED_EDGE('',*,*,#430,.T.);
#682=ORIENTED_EDGE('',*,*,#482,.F.);
#683=ORIENTED_EDGE('',*,*,#471,.F.);
#684=ORIENTED_EDGE('',*,*,#473,.F.);
#685=ORIENTED_EDGE('',*,*,#476,.F.);
#686=ORIENTED_EDGE('',*,*,#492,.T.);
#687=ORIENTED_EDGE('',*,*,#462,.F.);
#688=ORIENTED_EDGE('',*,*,#499,.T.);
#689=ORIENTED_EDGE('',*,*,#428,.T.);
#690=ORIENTED_EDGE('',*,*,#498,.F.);
#691=ORIENTED_EDGE('',*,*,#445,.F.);
#692=ORIENTED_EDGE('',*,*,#493,.T.);
#693=ORIENTED_EDGE('',*,*,#481,.F.);
#694=ORIENTED_EDGE('',*,*,#426,.T.);
#695=ORIENTED_EDGE('',*,*,#499,.F.);
#696=ORIENTED_EDGE('',*,*,#459,.F.);
#697=ORIENTED_EDGE('',*,*,#500,.T.);
#698=ORIENTED_EDGE('',*,*,#478,.F.);
#699=ORIENTED_EDGE('',*,*,#480,.F.);
#700=ORIENTED_EDGE('',*,*,#432,.F.);
#701=ORIENTED_EDGE('',*,*,#466,.F.);
#702=ORIENTED_EDGE('',*,*,#500,.F.);
#703=ORIENTED_EDGE('',*,*,#456,.F.);
#704=ORIENTED_EDGE('',*,*,#501,.T.);
#705=ORIENTED_EDGE('',*,*,#502,.T.);
#706=ORIENTED_EDGE('',*,*,#503,.T.);
#707=ORIENTED_EDGE('',*,*,#504,.F.);
#708=ORIENTED_EDGE('',*,*,#505,.T.);
#709=ORIENTED_EDGE('',*,*,#506,.T.);
#710=ORIENTED_EDGE('',*,*,#502,.F.);
#711=ORIENTED_EDGE('',*,*,#507,.T.);
#712=ORIENTED_EDGE('',*,*,#508,.T.);
#713=ORIENTED_EDGE('',*,*,#505,.F.);
#714=ORIENTED_EDGE('',*,*,#509,.T.);
#715=ORIENTED_EDGE('',*,*,#510,.T.);
#716=ORIENTED_EDGE('',*,*,#511,.T.);
#717=ORIENTED_EDGE('',*,*,#512,.T.);
#718=ORIENTED_EDGE('',*,*,#497,.T.);
#719=ORIENTED_EDGE('',*,*,#510,.F.);
#720=ORIENTED_EDGE('',*,*,#513,.T.);
#721=ORIENTED_EDGE('',*,*,#495,.T.);
#722=ORIENTED_EDGE('',*,*,#512,.F.);
#723=ORIENTED_EDGE('',*,*,#514,.T.);
#724=ORIENTED_EDGE('',*,*,#515,.T.);
#725=ORIENTED_EDGE('',*,*,#491,.T.);
#726=ORIENTED_EDGE('',*,*,#513,.F.);
#727=ORIENTED_EDGE('',*,*,#516,.T.);
#728=ORIENTED_EDGE('',*,*,#517,.T.);
#729=ORIENTED_EDGE('',*,*,#489,.T.);
#730=ORIENTED_EDGE('',*,*,#515,.F.);
#731=ORIENTED_EDGE('',*,*,#518,.T.);
#732=ORIENTED_EDGE('',*,*,#519,.T.);
#733=ORIENTED_EDGE('',*,*,#487,.T.);
#734=ORIENTED_EDGE('',*,*,#517,.F.);
#735=ORIENTED_EDGE('',*,*,#520,.T.);
#736=ORIENTED_EDGE('',*,*,#521,.T.);
#737=ORIENTED_EDGE('',*,*,#485,.T.);
#738=ORIENTED_EDGE('',*,*,#519,.F.);
#739=ORIENTED_EDGE('',*,*,#522,.T.);
#740=ORIENTED_EDGE('',*,*,#423,.T.);
#741=ORIENTED_EDGE('',*,*,#521,.F.);
#742=ORIENTED_EDGE('',*,*,#523,.T.);
#743=ORIENTED_EDGE('',*,*,#504,.T.);
#744=ORIENTED_EDGE('',*,*,#424,.F.);
#745=ORIENTED_EDGE('',*,*,#503,.F.);
#746=ORIENTED_EDGE('',*,*,#524,.T.);
#747=ORIENTED_EDGE('',*,*,#411,.F.);
#748=ORIENTED_EDGE('',*,*,#501,.F.);
#749=ORIENTED_EDGE('',*,*,#523,.F.);
#750=ORIENTED_EDGE('',*,*,#522,.F.);
#751=ORIENTED_EDGE('',*,*,#520,.F.);
#752=ORIENTED_EDGE('',*,*,#518,.F.);
#753=ORIENTED_EDGE('',*,*,#516,.F.);
#754=ORIENTED_EDGE('',*,*,#514,.F.);
#755=ORIENTED_EDGE('',*,*,#511,.F.);
#756=ORIENTED_EDGE('',*,*,#509,.F.);
#757=ORIENTED_EDGE('',*,*,#507,.F.);
#758=ORIENTED_EDGE('',*,*,#524,.F.);
#759=ORIENTED_EDGE('',*,*,#506,.F.);
#760=ORIENTED_EDGE('',*,*,#525,.T.);
#761=ORIENTED_EDGE('',*,*,#412,.F.);
#762=ORIENTED_EDGE('',*,*,#525,.F.);
#763=ORIENTED_EDGE('',*,*,#508,.F.);
#764=ORIENTED_EDGE('',*,*,#496,.F.);
#765=ORIENTED_EDGE('',*,*,#408,.F.);
#766=PLANE('',#853);
#767=PLANE('',#858);
#768=PLANE('',#868);
#769=PLANE('',#869);
#770=PLANE('',#873);
#771=PLANE('',#874);
#772=PLANE('',#880);
#773=PLANE('',#883);
#774=PLANE('',#884);
#775=PLANE('',#886);
#776=PLANE('',#890);
#777=PLANE('',#897);
#778=PLANE('',#898);
#779=PLANE('',#902);
#780=PLANE('',#903);
#781=PLANE('',#906);
#782=PLANE('',#909);
#783=PLANE('',#912);
#784=PLANE('',#913);
#785=PLANE('',#914);
#786=PLANE('',#916);
#787=ADVANCED_FACE('',(#204),#766,.F.);
#788=ADVANCED_FACE('',(#205),#190,.F.);
#789=ADVANCED_FACE('',(#206),#191,.F.);
#790=ADVANCED_FACE('',(#207),#767,.T.);
#791=ADVANCED_FACE('',(#208),#25,.T.);
#792=ADVANCED_FACE('',(#209),#26,.T.);
#793=ADVANCED_FACE('',(#210),#27,.T.);
#794=ADVANCED_FACE('',(#211),#192,.T.);
#795=ADVANCED_FACE('',(#212),#18,.T.);
#796=ADVANCED_FACE('',(#213),#768,.T.);
#797=ADVANCED_FACE('',(#214),#193,.T.);
#798=ADVANCED_FACE('',(#215),#194,.T.);
#799=ADVANCED_FACE('',(#216),#769,.T.);
#800=ADVANCED_FACE('',(#217),#19,.T.);
#801=ADVANCED_FACE('',(#218),#770,.T.);
#802=ADVANCED_FACE('',(#219),#195,.T.);
#803=ADVANCED_FACE('',(#220),#196,.T.);
#804=ADVANCED_FACE('',(#221),#771,.T.);
#805=ADVANCED_FACE('',(#222),#20,.T.);
#806=ADVANCED_FACE('',(#223),#197,.T.);
#807=ADVANCED_FACE('',(#224),#198,.T.);
#808=ADVANCED_FACE('',(#225),#199,.T.);
#809=ADVANCED_FACE('',(#226),#200,.T.);
#810=ADVANCED_FACE('',(#227),#201,.T.);
#811=ADVANCED_FACE('',(#228),#202,.F.);
#812=ADVANCED_FACE('',(#229),#203,.F.);
#813=ADVANCED_FACE('',(#230),#28,.T.);
#814=ADVANCED_FACE('',(#231),#772,.T.);
#815=ADVANCED_FACE('',(#232),#29,.T.);
#816=ADVANCED_FACE('',(#233),#773,.T.);
#817=ADVANCED_FACE('',(#234),#774,.T.);
#818=ADVANCED_FACE('',(#235),#775,.T.);
#819=ADVANCED_FACE('',(#236),#30,.T.);
#820=ADVANCED_FACE('',(#237),#776,.T.);
#821=ADVANCED_FACE('',(#238),#15,.F.);
#822=ADVANCED_FACE('',(#239),#16,.F.);
#823=ADVANCED_FACE('',(#240),#17,.F.);
#824=ADVANCED_FACE('',(#241),#777,.T.);
#825=ADVANCED_FACE('',(#242),#778,.T.);
#826=ADVANCED_FACE('',(#243),#21,.F.);
#827=ADVANCED_FACE('',(#244),#779,.T.);
#828=ADVANCED_FACE('',(#245),#780,.T.);
#829=ADVANCED_FACE('',(#246),#22,.T.);
#830=ADVANCED_FACE('',(#247),#781,.T.);
#831=ADVANCED_FACE('',(#248),#23,.T.);
#832=ADVANCED_FACE('',(#249),#782,.T.);
#833=ADVANCED_FACE('',(#250),#24,.T.);
#834=ADVANCED_FACE('',(#251),#783,.T.);
#835=ADVANCED_FACE('',(#252),#784,.F.);
#836=ADVANCED_FACE('',(#253),#785,.T.);
#837=ADVANCED_FACE('',(#254),#31,.F.);
#838=ADVANCED_FACE('',(#255),#786,.F.);
#839=CLOSED_SHELL('',(#787,#788,#789,#790,#791,#792,#793,#794,#795,#796,
#797,#798,#799,#800,#801,#802,#803,#804,#805,#806,#807,#808,#809,#810,#811,
#812,#813,#814,#815,#816,#817,#818,#819,#820,#821,#822,#823,#824,#825,#826,
#827,#828,#829,#830,#831,#832,#833,#834,#835,#836,#837,#838));
#840=DERIVED_UNIT_ELEMENT(#842,1.);
#841=DERIVED_UNIT_ELEMENT(#1846,-3.);
#842=(
MASS_UNIT()
NAMED_UNIT(*)
SI_UNIT(.KILO.,.GRAM.)
);
#843=DERIVED_UNIT((#840,#841));
#844=MEASURE_REPRESENTATION_ITEM('density measure',
POSITIVE_RATIO_MEASURE(7850.),#843);
#845=PROPERTY_DEFINITION_REPRESENTATION(#850,#847);
#846=PROPERTY_DEFINITION_REPRESENTATION(#851,#848);
#847=REPRESENTATION('material name',(#849),#1843);
#848=REPRESENTATION('density',(#844),#1843);
#849=DESCRIPTIVE_REPRESENTATION_ITEM('Steel','Steel');
#850=PROPERTY_DEFINITION('material property','material name',#1853);
#851=PROPERTY_DEFINITION('material property','density of part',#1853);
#852=AXIS2_PLACEMENT_3D('',#1113,#917,#918);
#853=AXIS2_PLACEMENT_3D('',#1114,#919,#920);
#854=AXIS2_PLACEMENT_3D('',#1228,#925,#926);
#855=AXIS2_PLACEMENT_3D('',#1326,#929,#930);
#856=AXIS2_PLACEMENT_3D('',#1328,#931,#932);
#857=AXIS2_PLACEMENT_3D('',#1329,#933,#934);
#858=AXIS2_PLACEMENT_3D('',#1330,#935,#936);
#859=AXIS2_PLACEMENT_3D('',#1356,#941,#942);
#860=AXIS2_PLACEMENT_3D('',#1359,#944,#945);
#861=AXIS2_PLACEMENT_3D('',#1360,#946,#947);
#862=AXIS2_PLACEMENT_3D('',#1363,#949,#950);
#863=AXIS2_PLACEMENT_3D('',#1364,#951,#952);
#864=AXIS2_PLACEMENT_3D('',#1367,#954,#955);
#865=AXIS2_PLACEMENT_3D('',#1410,#957,#958);
#866=AXIS2_PLACEMENT_3D('',#1415,#960,#961);
#867=AXIS2_PLACEMENT_3D('',#1418,#963,#964);
#868=AXIS2_PLACEMENT_3D('',#1419,#965,#966);
#869=AXIS2_PLACEMENT_3D('',#1479,#972,#973);
#870=AXIS2_PLACEMENT_3D('',#1485,#977,#978);
#871=AXIS2_PLACEMENT_3D('',#1487,#979,#980);
#872=AXIS2_PLACEMENT_3D('',#1490,#982,#983);
#873=AXIS2_PLACEMENT_3D('',#1491,#984,#985);
#874=AXIS2_PLACEMENT_3D('',#1554,#992,#993);
#875=AXIS2_PLACEMENT_3D('',#1557,#996,#997);
#876=AXIS2_PLACEMENT_3D('',#1561,#999,#1000);
#877=AXIS2_PLACEMENT_3D('',#1562,#1001,#1002);
#878=AXIS2_PLACEMENT_3D('',#1755,#1006,#1007);
#879=AXIS2_PLACEMENT_3D('',#1758,#1009,#1010);
#880=AXIS2_PLACEMENT_3D('',#1759,#1011,#1012);
#881=AXIS2_PLACEMENT_3D('',#1763,#1015,#1016);
#882=AXIS2_PLACEMENT_3D('',#1766,#1018,#1019);
#883=AXIS2_PLACEMENT_3D('',#1767,#1020,#1021);
#884=AXIS2_PLACEMENT_3D('',#1771,#1024,#1025);
#885=AXIS2_PLACEMENT_3D('',#1772,#1026,#1027);
#886=AXIS2_PLACEMENT_3D('',#1773,#1028,#1029);
#887=AXIS2_PLACEMENT_3D('',#1774,#1030,#1031);
#888=AXIS2_PLACEMENT_3D('',#1775,#1032,#1033);
#889=AXIS2_PLACEMENT_3D('',#1778,#1035,#1036);
#890=AXIS2_PLACEMENT_3D('',#1779,#1037,#1038);
#891=AXIS2_PLACEMENT_3D('',#1783,#1041,#1042);
#892=AXIS2_PLACEMENT_3D('',#1784,#1043,#1044);
#893=AXIS2_PLACEMENT_3D('',#1785,#1045,#1046);
#894=AXIS2_PLACEMENT_3D('',#1786,#1047,#1048);
#895=AXIS2_PLACEMENT_3D('',#1787,#1049,#1050);
#896=AXIS2_PLACEMENT_3D('',#1788,#1051,#1052);
#897=AXIS2_PLACEMENT_3D('',#1789,#1053,#1054);
#898=AXIS2_PLACEMENT_3D('',#1790,#1055,#1056);
#899=AXIS2_PLACEMENT_3D('',#1798,#1061,#1062);
#900=AXIS2_PLACEMENT_3D('',#1802,#1064,#1065);
#901=AXIS2_PLACEMENT_3D('',#1803,#1066,#1067);
#902=AXIS2_PLACEMENT_3D('',#1804,#1068,#1069);
#903=AXIS2_PLACEMENT_3D('',#1809,#1073,#1074);
#904=AXIS2_PLACEMENT_3D('',#1813,#1077,#1078);
#905=AXIS2_PLACEMENT_3D('',#1816,#1080,#1081);
#906=AXIS2_PLACEMENT_3D('',#1817,#1082,#1083);
#907=AXIS2_PLACEMENT_3D('',#1821,#1086,#1087);
#908=AXIS2_PLACEMENT_3D('',#1824,#1089,#1090);
#909=AXIS2_PLACEMENT_3D('',#1825,#1091,#1092);
#910=AXIS2_PLACEMENT_3D('',#1829,#1095,#1096);
#911=AXIS2_PLACEMENT_3D('',#1832,#1098,#1099);
#912=AXIS2_PLACEMENT_3D('',#1833,#1100,#1101);
#913=AXIS2_PLACEMENT_3D('',#1835,#1103,#1104);
#914=AXIS2_PLACEMENT_3D('',#1837,#1106,#1107);
#915=AXIS2_PLACEMENT_3D('',#1838,#1108,#1109);
#916=AXIS2_PLACEMENT_3D('',#1840,#1111,#1112);
#917=DIRECTION('axis',(0.,0.,1.));
#918=DIRECTION('refdir',(1.,0.,0.));
#919=DIRECTION('center_axis',(6.11183279082018E-29,5.91966452964993E-29,
1.));
#920=DIRECTION('ref_axis',(1.,0.,-6.11183279082018E-29));
#921=DIRECTION('',(1.,0.,0.));
#922=DIRECTION('',(-0.000142138385919315,0.,-0.99999998989834));
#923=DIRECTION('',(0.,-0.000142138479105967,-0.999999989898326));
#924=DIRECTION('',(1.64477485129653E-16,-1.,0.));
#925=DIRECTION('center_axis',(0.,0.,1.));
#926=DIRECTION('ref_axis',(-1.,-2.96059473233375E-15,0.));
#927=DIRECTION('',(1.,0.,0.));
#928=DIRECTION('',(0.,-1.,0.));
#929=DIRECTION('center_axis',(0.,0.,-1.));
#930=DIRECTION('ref_axis',(0.67082035881926,-0.741619879853284,0.));
#931=DIRECTION('center_axis',(0.,0.,-1.));
#932=DIRECTION('ref_axis',(-7.40148683083438E-16,-1.,0.));
#933=DIRECTION('center_axis',(0.,0.,-1.));
#934=DIRECTION('ref_axis',(-0.741619887890374,0.670820349933922,0.));
#935=DIRECTION('center_axis',(0.,1.,0.));
#936=DIRECTION('ref_axis',(1.,0.,0.));
#937=DIRECTION('',(0.,0.,-1.));
#938=DIRECTION('',(0.,0.,-1.));
#939=DIRECTION('',(-1.,0.,0.));
#940=DIRECTION('',(0.,0.,-1.));
#941=DIRECTION('center_axis',(0.,0.,1.));
#942=DIRECTION('ref_axis',(-0.741619887890374,0.670820349933922,0.));
#943=DIRECTION('',(0.,0.,1.));
#944=DIRECTION('center_axis',(0.,0.,1.));
#945=DIRECTION('ref_axis',(-0.741619887890374,0.670820349933922,0.));
#946=DIRECTION('center_axis',(0.,0.,1.));
#947=DIRECTION('ref_axis',(-7.40148683083438E-16,-1.,0.));
#948=DIRECTION('',(0.,0.,-1.));
#949=DIRECTION('center_axis',(0.,0.,1.));
#950=DIRECTION('ref_axis',(-0.707106772714714,-0.707106789658381,0.));
#951=DIRECTION('center_axis',(0.,0.,1.));
#952=DIRECTION('ref_axis',(0.67082035881926,-0.741619879853284,0.));
#953=DIRECTION('',(0.,0.,1.));
#954=DIRECTION('center_axis',(0.,0.,1.));
#955=DIRECTION('ref_axis',(0.67082035881926,-0.741619879853284,0.));
#956=DIRECTION('',(0.,0.702082455635753,0.712095657540805));
#957=DIRECTION('center_axis',(0.,0.,1.));
#958=DIRECTION('ref_axis',(0.707106781186535,-0.70710678118656,0.));
#959=DIRECTION('',(0.693327768910848,-0.138912219970433,0.707106781186542));
#960=DIRECTION('center_axis',(0.,0.,-1.));
#961=DIRECTION('ref_axis',(0.707106781186535,-0.70710678118656,0.));
#962=DIRECTION('',(0.,0.707106781186577,-0.707106781186518));
#963=DIRECTION('center_axis',(0.,0.,1.));
#964=DIRECTION('ref_axis',(0.707106781186535,-0.70710678118656,0.));
#965=DIRECTION('center_axis',(0.,-0.707106781186541,-0.707106781186554));
#966=DIRECTION('ref_axis',(-1.,0.,0.));
#967=DIRECTION('',(0.,0.707106781186554,-0.707106781186541));
#968=DIRECTION('',(1.,0.,0.));
#969=DIRECTION('',(-1.,0.,0.));
#970=DIRECTION('',(0.,0.695456275790264,-0.718568415993867));
#971=DIRECTION('',(0.,0.707106781186554,-0.707106781186541));
#972=DIRECTION('center_axis',(0.,-0.707106781186541,-0.707106781186554));
#973=DIRECTION('ref_axis',(-1.,0.,0.));
#974=DIRECTION('',(-1.,0.,0.));
#975=DIRECTION('',(0.,0.707106781186554,-0.707106781186541));
#976=DIRECTION('',(1.,0.,0.));
#977=DIRECTION('center_axis',(0.,0.,1.));
#978=DIRECTION('ref_axis',(-0.707106781186548,-0.707106781186548,0.));
#979=DIRECTION('center_axis',(0.,0.,-1.));
#980=DIRECTION('ref_axis',(-0.707106781186548,-0.707106781186548,0.));
#981=DIRECTION('',(0.707106781186577,0.,-0.707106781186518));
#982=DIRECTION('center_axis',(0.,0.,1.));
#983=DIRECTION('ref_axis',(-0.707106781186548,-0.707106781186548,0.));
#984=DIRECTION('center_axis',(-0.707106781186543,0.,-0.707106781186552));
#985=DIRECTION('ref_axis',(-0.707106781186552,0.,0.707106781186543));
#986=DIRECTION('',(-0.707106781186552,0.,0.707106781186543));
#987=DIRECTION('',(0.,1.,0.));
#988=DIRECTION('',(0.707106781186552,0.,-0.707106781186543));
#989=DIRECTION('',(0.,-1.,0.));
#990=DIRECTION('',(-0.695456248969494,0.,0.71856844195197));
#991=DIRECTION('',(-0.707106781186552,0.,0.707106781186543));
#992=DIRECTION('center_axis',(-0.707106781186543,0.,-0.707106781186552));
#993=DIRECTION('ref_axis',(-0.707106781186552,0.,0.707106781186543));
#994=DIRECTION('',(0.,-1.,0.));
#995=DIRECTION('',(0.,1.,0.));
#996=DIRECTION('center_axis',(0.,0.,1.));
#997=DIRECTION('ref_axis',(-0.707106781186535,0.70710678118656,0.));
#998=DIRECTION('',(0.138912891810961,-0.693327634303381,-0.707106781186543));
#999=DIRECTION('center_axis',(0.,0.,1.));
#1000=DIRECTION('ref_axis',(-0.707106781186535,0.70710678118656,0.));
#1001=DIRECTION('center_axis',(0.,0.,-1.));
#1002=DIRECTION('ref_axis',(-0.707106781186535,0.70710678118656,0.));
#1003=DIRECTION('',(-0.702082455635764,4.98909611535857E-14,-0.712095657540794));
#1004=DIRECTION('',(-0.706483288035204,5.01987348139494E-14,-0.707729725055383));
#1005=DIRECTION('',(2.50993672045977E-14,-0.706483282318676,-0.707729730761842));
#1006=DIRECTION('center_axis',(0.,0.,1.));
#1007=DIRECTION('ref_axis',(-0.707106781186535,0.70710678118656,0.));
#1008=DIRECTION('',(0.,0.,1.));
#1009=DIRECTION('center_axis',(0.,0.,1.));
#1010=DIRECTION('ref_axis',(-0.707106781186535,0.70710678118656,0.));
#1011=DIRECTION('center_axis',(-1.,0.,0.));
#1012=DIRECTION('ref_axis',(0.,-1.,0.));
#1013=DIRECTION('',(0.,0.,-1.));
#1014=DIRECTION('',(0.,-1.,0.));
#1015=DIRECTION('center_axis',(0.,0.,1.));
#1016=DIRECTION('ref_axis',(-0.707106781186548,-0.707106781186548,0.));
#1017=DIRECTION('',(0.,0.,1.));
#1018=DIRECTION('center_axis',(0.,0.,1.));
#1019=DIRECTION('ref_axis',(-0.707106781186548,-0.707106781186548,0.));
#1020=DIRECTION('center_axis',(0.,-1.,0.));
#1021=DIRECTION('ref_axis',(1.,0.,0.));
#1022=DIRECTION('',(0.,0.,-1.));
#1023=DIRECTION('',(1.,0.,0.));
#1024=DIRECTION('center_axis',(0.,0.,-1.));
#1025=DIRECTION('ref_axis',(1.,0.,0.));
#1026=DIRECTION('center_axis',(0.,0.,-1.));
#1027=DIRECTION('ref_axis',(0.67082035881926,-0.741619879853284,0.));
#1028=DIRECTION('center_axis',(0.,0.,-1.));
#1029=DIRECTION('ref_axis',(1.,0.,0.));
#1030=DIRECTION('center_axis',(0.,0.,-1.));
#1031=DIRECTION('ref_axis',(-0.707106772714714,-0.707106789658381,0.));
#1032=DIRECTION('center_axis',(0.,0.,1.));
#1033=DIRECTION('ref_axis',(0.707106781186535,-0.70710678118656,0.));
#1034=DIRECTION('',(0.,0.,1.));
#1035=DIRECTION('center_axis',(0.,0.,1.));
#1036=DIRECTION('ref_axis',(0.707106781186535,-0.70710678118656,0.));
#1037=DIRECTION('center_axis',(1.,0.,0.));
#1038=DIRECTION('ref_axis',(0.,-1.,0.));
#1039=DIRECTION('',(0.,0.,1.));
#1040=DIRECTION('',(0.,1.,0.));
#1041=DIRECTION('center_axis',(0.,0.,1.));
#1042=DIRECTION('ref_axis',(1.,0.,0.));
#1043=DIRECTION('center_axis',(-0.994987427821353,0.100000092387202,0.));
#1044=DIRECTION('ref_axis',(0.,0.,1.));
#1045=DIRECTION('center_axis',(0.,0.,1.));
#1046=DIRECTION('ref_axis',(1.,0.,0.));
#1047=DIRECTION('center_axis',(-0.10000011622906,0.994987425425153,0.));
#1048=DIRECTION('ref_axis',(0.,0.,1.));
#1049=DIRECTION('center_axis',(0.,0.,-1.));
#1050=DIRECTION('ref_axis',(-1.,0.,0.));
#1051=DIRECTION('center_axis',(0.,0.,-1.));
#1052=DIRECTION('ref_axis',(-0.741619887890374,0.670820349933922,0.));
#1053=DIRECTION('center_axis',(0.,0.,-1.));
#1054=DIRECTION('ref_axis',(1.,0.,0.));
#1055=DIRECTION('center_axis',(0.707106781186544,1.16303145087687E-16,0.707106781186551));
#1056=DIRECTION('ref_axis',(0.707106781186551,0.,-0.707106781186544));
#1057=DIRECTION('',(1.64477485129653E-16,-1.,0.));
#1058=DIRECTION('',(0.707106781186547,0.,-0.707106781186547));
#1059=DIRECTION('',(-1.64477485129653E-16,1.,0.));
#1060=DIRECTION('',(0.577350269189636,0.577350269189616,-0.577350269189626));
#1061=DIRECTION('center_axis',(0.,0.,1.));
#1062=DIRECTION('ref_axis',(-1.,-2.96059473233375E-15,0.));
#1063=DIRECTION('',(0.,0.707106781186554,-0.707106781186541));
#1064=DIRECTION('center_axis',(0.,0.,-1.));
#1065=DIRECTION('ref_axis',(-1.,-2.96059473233375E-15,0.));
#1066=DIRECTION('center_axis',(0.,0.,1.));
#1067=DIRECTION('ref_axis',(-1.,-2.96059473233375E-15,0.));
#1068=DIRECTION('center_axis',(0.,0.70710678118657,0.707106781186526));
#1069=DIRECTION('ref_axis',(1.,0.,0.));
#1070=DIRECTION('',(-1.,0.,0.));
#1071=DIRECTION('',(1.,0.,0.));
#1072=DIRECTION('',(0.577350269189643,0.577350269189602,-0.577350269189633));
#1073=DIRECTION('center_axis',(0.707106781186543,0.,0.707106781186552));
#1074=DIRECTION('ref_axis',(0.707106781186552,0.,-0.707106781186543));
#1075=DIRECTION('',(0.,-1.,0.));
#1076=DIRECTION('',(0.707106781186552,0.,-0.707106781186543));
#1077=DIRECTION('center_axis',(0.,0.,-1.));
#1078=DIRECTION('ref_axis',(0.707106781186535,-0.70710678118656,0.));
#1079=DIRECTION('',(0.,-0.707106781186577,-0.707106781186518));
#1080=DIRECTION('center_axis',(0.,0.,-1.));
#1081=DIRECTION('ref_axis',(0.707106781186535,-0.70710678118656,0.));
#1082=DIRECTION('center_axis',(0.,-0.707106781186568,0.707106781186527));
#1083=DIRECTION('ref_axis',(1.,0.,0.));
#1084=DIRECTION('',(0.,-0.707106781186527,-0.707106781186568));
#1085=DIRECTION('',(-1.,0.,0.));
#1086=DIRECTION('center_axis',(0.,0.,-1.));
#1087=DIRECTION('ref_axis',(-0.707106781186548,-0.707106781186548,0.));
#1088=DIRECTION('',(-0.707106781186577,0.,-0.707106781186518));
#1089=DIRECTION('center_axis',(0.,0.,-1.));
#1090=DIRECTION('ref_axis',(-0.707106781186548,-0.707106781186548,0.));
#1091=DIRECTION('center_axis',(-0.707106781186543,0.,0.707106781186552));
#1092=DIRECTION('ref_axis',(0.707106781186552,0.,0.707106781186543));
#1093=DIRECTION('',(-0.707106781186552,0.,-0.707106781186543));
#1094=DIRECTION('',(0.,1.,0.));
#1095=DIRECTION('center_axis',(0.,0.,-1.));
#1096=DIRECTION('ref_axis',(-0.707106781186535,0.70710678118656,0.));
#1097=DIRECTION('',(0.,0.707106781186565,-0.70710678118653));
#1098=DIRECTION('center_axis',(0.,0.,-1.));
#1099=DIRECTION('ref_axis',(-0.707106781186535,0.70710678118656,0.));
#1100=DIRECTION('center_axis',(0.,0.707106781186555,0.70710678118654));
#1101=DIRECTION('ref_axis',(1.,0.,0.));
#1102=DIRECTION('',(1.,0.,0.));
#1103=DIRECTION('center_axis',(-1.,-1.64477485129653E-16,0.));
#1104=DIRECTION('ref_axis',(-1.64477485129653E-16,1.,0.));
#1105=DIRECTION('',(0.,0.,-1.));
#1106=DIRECTION('center_axis',(0.,0.,1.));
#1107=DIRECTION('ref_axis',(1.,0.,0.));
#1108=DIRECTION('center_axis',(0.,0.,-1.));
#1109=DIRECTION('ref_axis',(-1.,-2.96059473233375E-15,0.));
#1110=DIRECTION('',(0.,0.,-1.));
#1111=DIRECTION('center_axis',(0.,-1.,0.));
#1112=DIRECTION('ref_axis',(-1.,0.,0.));
#1113=CARTESIAN_POINT('',(0.,0.,0.));
#1114=CARTESIAN_POINT('Origin',(-58.0439776851402,-83.0440107585539,-53.));
#1115=CARTESIAN_POINT('',(-53.0036965219432,-85.,-53.));
#1116=CARTESIAN_POINT('',(-60.,-78.0036967627847,-53.));
#1117=CARTESIAN_POINT('Ctrl Pts',(-53.0036965219432,-85.,-53.));
#1118=CARTESIAN_POINT('Ctrl Pts',(-53.1697471016194,-85.,-53.));
#1119=CARTESIAN_POINT('Ctrl Pts',(-53.5018729390028,-85.0000649095623,-52.9999999999203));
#1120=CARTESIAN_POINT('Ctrl Pts',(-53.8339812509583,-85.0000850417765,-52.9999999998575));
#1121=CARTESIAN_POINT('Ctrl Pts',(-54.001071520019,-85.0001450363524,-52.9999999998341));
#1122=CARTESIAN_POINT('Ctrl Pts',(-54.0020868824817,-85.0001426166548,-52.9999999998342));
#1123=CARTESIAN_POINT('Ctrl Pts',(-55.5746186612409,-85.0037234165334,-52.9999999998008));
#1124=CARTESIAN_POINT('Ctrl Pts',(-57.9109583006889,-84.0244260208445,-52.9999999997795));
#1125=CARTESIAN_POINT('Ctrl Pts',(-59.6845935312071,-81.3517675986133,-52.9999999996512));
#1126=CARTESIAN_POINT('Ctrl Pts',(-59.9996068121107,-79.7878897329495,-52.9999999994722));
#1127=CARTESIAN_POINT('Ctrl Pts',(-59.9999793205405,-79.0019712668276,-52.9999999994806));
#1128=CARTESIAN_POINT('Ctrl Pts',(-59.9999795926385,-79.000955025078,-52.9999999994803));
#1129=CARTESIAN_POINT('Ctrl Pts',(-59.9999819880865,-78.8338966788755,-52.9999999995536));
#1130=CARTESIAN_POINT('Ctrl Pts',(-59.9999901376184,-78.5018189561948,-52.9999999997503));
#1131=CARTESIAN_POINT('Ctrl Pts',(-60.,-78.1697473023206,-53.));
#1132=CARTESIAN_POINT('Ctrl Pts',(-60.,-78.0036967627847,-53.));
#1133=CARTESIAN_POINT('Ctrl Pts',(-60.,-78.0036967627847,-53.));
#1134=CARTESIAN_POINT('Ctrl Pts',(-60.3526017504676,-78.0247342022368,-53.));
#1135=CARTESIAN_POINT('Ctrl Pts',(-61.0455729783521,-78.2496570062973,-53.));
#1136=CARTESIAN_POINT('Ctrl Pts',(-61.5386985442068,-78.7877935720111,-52.9999999999999));
#1137=CARTESIAN_POINT('Ctrl Pts',(-61.79530675787,-79.2881153960156,-52.9999999999999));
#1138=CARTESIAN_POINT('Ctrl Pts',(-61.9269104191134,-79.69229564213,-52.9999999999999));
#1139=CARTESIAN_POINT('Ctrl Pts',(-61.9246784665594,-80.1176775592307,-52.9999999999998));
#1140=CARTESIAN_POINT('Ctrl Pts',(-61.8603529602046,-80.5004779302988,-52.9999999999998));
#1141=CARTESIAN_POINT('Ctrl Pts',(-61.8250186023081,-80.6750990086441,-52.9999999999999));
#1142=CARTESIAN_POINT('Ctrl Pts',(-61.6137600186113,-81.5646824381832,-52.9999999999999));
#1143=CARTESIAN_POINT('Ctrl Pts',(-61.0743692792269,-82.9503375417441,-52.9999999999999));
#1144=CARTESIAN_POINT('Ctrl Pts',(-59.8414717755586,-84.5809351636161,-52.9999999999999));
#1145=CARTESIAN_POINT('Ctrl Pts',(-58.1168943702716,-85.9808163067628,-52.9999999999999));
#1146=CARTESIAN_POINT('Ctrl Pts',(-56.7443041355273,-86.5715619707153,-52.9999999999998));
#1147=CARTESIAN_POINT('Ctrl Pts',(-55.6756302109763,-86.8251456090022,-52.9999999999998));
#1148=CARTESIAN_POINT('Ctrl Pts',(-55.5010896668735,-86.8604951687959,-52.9999999999998));
#1149=CARTESIAN_POINT('Ctrl Pts',(-55.1182765965587,-86.9247795965272,-52.9999999999998));
#1150=CARTESIAN_POINT('Ctrl Pts',(-54.6953124362132,-86.9273383416561,-52.9999999999999));
#1151=CARTESIAN_POINT('Ctrl Pts',(-54.2899159893106,-86.7959200086358,-52.9999999999999));
#1152=CARTESIAN_POINT('Ctrl Pts',(-53.7895980199973,-86.5400835832526,-52.9999999999999));
#1153=CARTESIAN_POINT('Ctrl Pts',(-53.2503595350141,-86.0477324213299,-53.));
#1154=CARTESIAN_POINT('Ctrl Pts',(-53.0247468942201,-85.3528186292473,-53.));
#1155=CARTESIAN_POINT('Ctrl Pts',(-53.0036965219432,-85.,-53.));
#1156=CARTESIAN_POINT('Ctrl Pts',(-53.000000923872,-85.,-27.));
#1157=CARTESIAN_POINT('Ctrl Pts',(-53.0012327898957,-85.,-35.6666666666667));
#1158=CARTESIAN_POINT('Ctrl Pts',(-53.0024646559195,-85.,-44.3333333333333));
#1159=CARTESIAN_POINT('Ctrl Pts',(-53.0036965219432,-85.,-53.));
#1160=CARTESIAN_POINT('Ctrl Pts',(-53.1661589986393,-85.,-27.));
#1161=CARTESIAN_POINT('Ctrl Pts',(-53.1673550356505,-85.0000000083311,-35.6666666666667));
#1162=CARTESIAN_POINT('Ctrl Pts',(-53.1685510646081,-84.9999999916689,-44.3333333333334));
#1163=CARTESIAN_POINT('Ctrl Pts',(-53.1697471016194,-85.,-53.));
#1164=CARTESIAN_POINT('Ctrl Pts',(-53.4984998727983,-85.0000650846295,-26.9999999999595));
#1165=CARTESIAN_POINT('Ctrl Pts',(-53.4996242379567,-85.0000650667104,-35.6666666666262));
#1166=CARTESIAN_POINT('Ctrl Pts',(-53.5007485738443,-85.0000649274814,-44.3333333332536));
#1167=CARTESIAN_POINT('Ctrl Pts',(-53.5018729390028,-85.0000649095623,-52.9999999999203));
#1168=CARTESIAN_POINT('Ctrl Pts',(-53.8308231880321,-85.0000852713208,-26.9999999999277));
#1169=CARTESIAN_POINT('Ctrl Pts',(-53.8318759028399,-85.0000852938799,-35.6666666665944));
#1170=CARTESIAN_POINT('Ctrl Pts',(-53.8329285361505,-85.0000850192174,-44.3333333331908));
#1171=CARTESIAN_POINT('Ctrl Pts',(-53.8339812509583,-85.0000850417765,-52.9999999998575));
#1172=CARTESIAN_POINT('Ctrl Pts',(-53.9980216549008,-85.0001454274718,-26.9999999999157));
#1173=CARTESIAN_POINT('Ctrl Pts',(-53.9990382863925,-85.0001453496927,-35.6666666665823));
#1174=CARTESIAN_POINT('Ctrl Pts',(-54.0000548885273,-85.0001451141314,-44.3333333331674));
#1175=CARTESIAN_POINT('Ctrl Pts',(-54.001071520019,-85.0001450363524,-52.9999999998341));
#1176=CARTESIAN_POINT('Ctrl Pts',(-53.9990376735832,-85.0001432601311,-26.9999999999157));
#1177=CARTESIAN_POINT('Ctrl Pts',(-54.0000542074983,-85.0001434743271,-35.6666666665824));
#1178=CARTESIAN_POINT('Ctrl Pts',(-54.0010703485667,-85.0001424024587,-44.3333333331675));
#1179=CARTESIAN_POINT('Ctrl Pts',(-54.0020868824817,-85.0001426166548,-52.9999999998342));
#1180=CARTESIAN_POINT('Ctrl Pts',(-55.572589866063,-85.00453398094,-26.9999999998988));
#1181=CARTESIAN_POINT('Ctrl Pts',(-55.5732644407096,-85.004257296506,-35.6666666665654));
#1182=CARTESIAN_POINT('Ctrl Pts',(-55.5739440865943,-85.0040001009674,-44.3333333331342));
#1183=CARTESIAN_POINT('Ctrl Pts',(-55.5746186612409,-85.0037234165334,-52.9999999998008));
#1184=CARTESIAN_POINT('Ctrl Pts',(-57.910893973946,-84.0250913613871,-26.9999999998881));
#1185=CARTESIAN_POINT('Ctrl Pts',(-57.9109153264231,-84.0248698172316,-35.6666666665548));
#1186=CARTESIAN_POINT('Ctrl Pts',(-57.9109369482118,-84.024647565,-44.3333333331128));
#1187=CARTESIAN_POINT('Ctrl Pts',(-57.9109583006889,-84.0244260208445,-52.9999999997795));
#1188=CARTESIAN_POINT('Ctrl Pts',(-59.6853769647548,-81.350386309474,-26.9999999998226));
#1189=CARTESIAN_POINT('Ctrl Pts',(-59.6851152635206,-81.3508445433845,-35.6666666664892));
#1190=CARTESIAN_POINT('Ctrl Pts',(-59.6848552324413,-81.3513093647029,-44.3333333329846));
#1191=CARTESIAN_POINT('Ctrl Pts',(-59.6845935312071,-81.3517675986133,-52.9999999996512));
#1192=CARTESIAN_POINT('Ctrl Pts',(-60.0000064225082,-79.7853491405666,-26.9999999997324));
#1193=CARTESIAN_POINT('Ctrl Pts',(-59.999872262714,-79.7861945163664,-35.6666666663991));
#1194=CARTESIAN_POINT('Ctrl Pts',(-59.9997409719048,-79.7870443571496,-44.3333333328055));
#1195=CARTESIAN_POINT('Ctrl Pts',(-59.9996068121107,-79.7878897329495,-52.9999999994722));
#1196=CARTESIAN_POINT('Ctrl Pts',(-59.9999795418289,-78.9989217856954,-26.9999999997354));
#1197=CARTESIAN_POINT('Ctrl Pts',(-59.9999794591906,-78.9999382429666,-35.666666666402));
#1198=CARTESIAN_POINT('Ctrl Pts',(-59.9999794031788,-79.0009548095563,-44.3333333328139));
#1199=CARTESIAN_POINT('Ctrl Pts',(-59.9999793205405,-79.0019712668276,-52.9999999994806));
#1200=CARTESIAN_POINT('Ctrl Pts',(-59.9999795557905,-78.9979048860077,-26.9999999997352));
#1201=CARTESIAN_POINT('Ctrl Pts',(-59.9999795549888,-78.9989215385651,-35.6666666664019));
#1202=CARTESIAN_POINT('Ctrl Pts',(-59.9999795934401,-78.9999383725207,-44.3333333328136));
#1203=CARTESIAN_POINT('Ctrl Pts',(-59.9999795926385,-79.000955025078,-52.9999999994803));
#1204=CARTESIAN_POINT('Ctrl Pts',(-59.9999819553053,-78.8307384100506,-26.9999999997726));
#1205=CARTESIAN_POINT('Ctrl Pts',(-59.9999819555374,-78.8317911198479,-35.6666666664393));
#1206=CARTESIAN_POINT('Ctrl Pts',(-59.9999819878544,-78.8328439690782,-44.333333332887));
#1207=CARTESIAN_POINT('Ctrl Pts',(-59.9999819880865,-78.8338966788755,-52.9999999995536));
#1208=CARTESIAN_POINT('Ctrl Pts',(-59.9999901197795,-78.4984457607044,-26.9999999998728));
#1209=CARTESIAN_POINT('Ctrl Pts',(-59.9999901195954,-78.4995701313525,-35.6666666665395));
#1210=CARTESIAN_POINT('Ctrl Pts',(-59.9999901378026,-78.5006945855467,-44.3333333330837));
#1211=CARTESIAN_POINT('Ctrl Pts',(-59.9999901376184,-78.5018189561948,-52.9999999997503));
#1212=CARTESIAN_POINT('Ctrl Pts',(-60.,-78.1661591968916,-27.));
#1213=CARTESIAN_POINT('Ctrl Pts',(-60.0000000000855,-78.1673552325544,-35.6666666666667));
#1214=CARTESIAN_POINT('Ctrl Pts',(-59.9999999999144,-78.1685512666578,-44.3333333333333));
#1215=CARTESIAN_POINT('Ctrl Pts',(-60.,-78.1697473023206,-53.));
#1216=CARTESIAN_POINT('Ctrl Pts',(-60.,-78.0000011622906,-27.));
#1217=CARTESIAN_POINT('Ctrl Pts',(-60.,-78.0012330291219,-35.6666666666667));
#1218=CARTESIAN_POINT('Ctrl Pts',(-60.,-78.0024648959533,-44.3333333333333));
#1219=CARTESIAN_POINT('Ctrl Pts',(-60.,-78.0036967627847,-53.));
#1220=CARTESIAN_POINT('',(-54.,-85.,-27.));
#1221=CARTESIAN_POINT('',(-53.000000923872,-85.,-27.));
#1222=CARTESIAN_POINT('',(-5.00000059604645,-85.,-27.));
#1223=CARTESIAN_POINT('',(-53.000000923872,-85.,-27.));
#1224=CARTESIAN_POINT('',(-60.,-78.0000011622906,-27.));
#1225=CARTESIAN_POINT('',(-60.,-78.0000011622906,-27.));
#1226=CARTESIAN_POINT('',(-60.,-79.,-27.));
#1227=CARTESIAN_POINT('',(-60.,-78.0000008046627,-27.));
#1228=CARTESIAN_POINT('Origin',(-54.,-79.,-27.));
#1229=CARTESIAN_POINT('Ctrl Pts',(-60.,-78.0000011622906,-27.));
#1230=CARTESIAN_POINT('Ctrl Pts',(-60.,-78.0012330291219,-35.6666666666667));
#1231=CARTESIAN_POINT('Ctrl Pts',(-60.,-78.0024648959533,-44.3333333333333));
#1232=CARTESIAN_POINT('Ctrl Pts',(-60.,-78.0036967627847,-53.));
#1233=CARTESIAN_POINT('Ctrl Pts',(-60.6583123757086,-78.0000011622906,-27.));
#1234=CARTESIAN_POINT('Ctrl Pts',(-60.5562104508603,-78.0079665885039,-35.6666666666667));
#1235=CARTESIAN_POINT('Ctrl Pts',(-60.4547036753159,-78.0167687760235,-44.3333333333333));
#1236=CARTESIAN_POINT('Ctrl Pts',(-60.3526017504676,-78.0247342022368,-53.));
#1237=CARTESIAN_POINT('Ctrl Pts',(-61.974910193329,-77.9998974374802,-27.));
#1238=CARTESIAN_POINT('Ctrl Pts',(-61.6652800801397,-78.0833440696356,-35.6666666666666));
#1239=CARTESIAN_POINT('Ctrl Pts',(-61.3552030915415,-78.1662103741419,-44.3333333333333));
#1240=CARTESIAN_POINT('Ctrl Pts',(-61.0455729783521,-78.2496570062973,-53.));
#1241=CARTESIAN_POINT('Ctrl Pts',(-63.2915233042602,-77.9998960099174,-27.));
#1242=CARTESIAN_POINT('Ctrl Pts',(-62.7072589004003,-78.2622464403422,-35.6666666666666));
#1243=CARTESIAN_POINT('Ctrl Pts',(-62.1229629480667,-78.5254431415863,-44.3333333333332));
#1244=CARTESIAN_POINT('Ctrl Pts',(-61.5386985442068,-78.7877935720111,-52.9999999999999));
#1245=CARTESIAN_POINT('Ctrl Pts',(-64.3411066665274,-77.9995500915797,-26.9999999999999));
#1246=CARTESIAN_POINT('Ctrl Pts',(-63.4922859560767,-78.4292272763887,-35.6666666666666));
#1247=CARTESIAN_POINT('Ctrl Pts',(-62.6441274683206,-78.8584382112066,-44.3333333333332));
#1248=CARTESIAN_POINT('Ctrl Pts',(-61.79530675787,-79.2881153960156,-52.9999999999999));
#1249=CARTESIAN_POINT('Ctrl Pts',(-65.1224766217012,-78.237602359318,-26.9999999999999));
#1250=CARTESIAN_POINT('Ctrl Pts',(-64.057199125496,-78.7228812049644,-35.6666666666666));
#1251=CARTESIAN_POINT('Ctrl Pts',(-62.9921879153186,-79.2070167964836,-44.3333333333332));
#1252=CARTESIAN_POINT('Ctrl Pts',(-61.9269104191134,-79.69229564213,-52.9999999999999));
#1253=CARTESIAN_POINT('Ctrl Pts',(-65.6439312719484,-78.8662228019417,-26.9999999999999));
#1254=CARTESIAN_POINT('Ctrl Pts',(-64.4040195209367,-79.2835525060391,-35.6666666666666));
#1255=CARTESIAN_POINT('Ctrl Pts',(-63.1645902175711,-79.7003478551333,-44.3333333333332));
#1256=CARTESIAN_POINT('Ctrl Pts',(-61.9246784665594,-80.1176775592307,-52.9999999999998));
#1257=CARTESIAN_POINT('Ctrl Pts',(-65.9233050774148,-79.5326904388412,-26.9999999999999));
#1258=CARTESIAN_POINT('Ctrl Pts',(-64.5692024213105,-79.8551589651202,-35.6666666666666));
#1259=CARTESIAN_POINT('Ctrl Pts',(-63.2144556163089,-80.1780094040197,-44.3333333333332));
#1260=CARTESIAN_POINT('Ctrl Pts',(-61.8603529602046,-80.5004779302988,-52.9999999999998));
#1261=CARTESIAN_POINT('Ctrl Pts',(-65.9738147273022,-79.8704119640503,-26.9999999999999));
#1262=CARTESIAN_POINT('Ctrl Pts',(-64.5910015313876,-80.1386123488141,-35.6666666666666));
#1263=CARTESIAN_POINT('Ctrl Pts',(-63.2078317982227,-80.4068986238803,-44.3333333333332));
#1264=CARTESIAN_POINT('Ctrl Pts',(-61.8250186023081,-80.6750990086441,-52.9999999999999));
#1265=CARTESIAN_POINT('Ctrl Pts',(-65.8029266191943,-81.5635423693911,-26.9999999999999));
#1266=CARTESIAN_POINT('Ctrl Pts',(-64.4064102111644,-81.5639341252886,-35.6666666666666));
#1267=CARTESIAN_POINT('Ctrl Pts',(-63.0102764266412,-81.5642906822857,-44.3333333333332));
#1268=CARTESIAN_POINT('Ctrl Pts',(-61.6137600186113,-81.5646824381832,-52.9999999999999));
#1269=CARTESIAN_POINT('Ctrl Pts',(-65.0571723748237,-84.2433839922889,-27.));
#1270=CARTESIAN_POINT('Ctrl Pts',(-63.7295191253272,-83.812316630747,-35.6666666666666));
#1271=CARTESIAN_POINT('Ctrl Pts',(-62.4020225287234,-83.381404903286,-44.3333333333332));
#1272=CARTESIAN_POINT('Ctrl Pts',(-61.0743692792269,-82.9503375417441,-52.9999999999999));
#1273=CARTESIAN_POINT('Ctrl Pts',(-62.8531493407658,-87.367988505453,-26.9999999999999));
#1274=CARTESIAN_POINT('Ctrl Pts',(-61.849143046536,-86.4388242237384,-35.6666666666666));
#1275=CARTESIAN_POINT('Ctrl Pts',(-60.8454780697884,-85.5100994453307,-44.3333333333332));
#1276=CARTESIAN_POINT('Ctrl Pts',(-59.8414717755586,-84.5809351636161,-52.9999999999999));
#1277=CARTESIAN_POINT('Ctrl Pts',(-59.5699881661025,-89.9003471825639,-27.));
#1278=CARTESIAN_POINT('Ctrl Pts',(-59.0855799685997,-88.5938889462194,-35.6666666666666));
#1279=CARTESIAN_POINT('Ctrl Pts',(-58.6013025677745,-87.2872745431073,-44.3333333333332));
#1280=CARTESIAN_POINT('Ctrl Pts',(-58.1168943702716,-85.9808163067628,-52.9999999999999));
#1281=CARTESIAN_POINT('Ctrl Pts',(-56.9050995831926,-90.7695007518509,-26.9999999999999));
#1282=CARTESIAN_POINT('Ctrl Pts',(-56.8512331195265,-89.3697661538819,-35.6666666666666));
#1283=CARTESIAN_POINT('Ctrl Pts',(-56.7981705991934,-87.9712965686843,-44.3333333333332));
#1284=CARTESIAN_POINT('Ctrl Pts',(-56.7443041355273,-86.5715619707153,-52.9999999999998));
#1285=CARTESIAN_POINT('Ctrl Pts',(-54.8707174480939,-90.9739779972775,-26.9999999999999));
#1286=CARTESIAN_POINT('Ctrl Pts',(-55.138893905279,-89.5912509706569,-35.6666666666666));
#1287=CARTESIAN_POINT('Ctrl Pts',(-55.4074537537911,-88.2078726356227,-44.3333333333331));
#1288=CARTESIAN_POINT('Ctrl Pts',(-55.6756302109763,-86.8251456090022,-52.9999999999998));
#1289=CARTESIAN_POINT('Ctrl Pts',(-54.5331481616012,-90.9235916895209,-26.9999999999999));
#1290=CARTESIAN_POINT('Ctrl Pts',(-54.8555007316289,-89.5694445682352,-35.6666666666666));
#1291=CARTESIAN_POINT('Ctrl Pts',(-55.1787370968457,-88.2146422900817,-44.3333333333332));
#1292=CARTESIAN_POINT('Ctrl Pts',(-55.5010896668735,-86.8604951687959,-52.9999999999998));
#1293=CARTESIAN_POINT('Ctrl Pts',(-53.8666477978019,-90.6442857437344,-26.9999999999999));
#1294=CARTESIAN_POINT('Ctrl Pts',(-54.2839202792276,-89.4043511565569,-35.6666666666666));
#1295=CARTESIAN_POINT('Ctrl Pts',(-54.701004115133,-88.1647141837047,-44.3333333333332));
#1296=CARTESIAN_POINT('Ctrl Pts',(-55.1182765965587,-86.9247795965272,-52.9999999999998));
#1297=CARTESIAN_POINT('Ctrl Pts',(-53.2378549252279,-90.1228084001312,-26.9999999999999));
#1298=CARTESIAN_POINT('Ctrl Pts',(-53.7236124783501,-89.057445065231,-35.6666666666666));
#1299=CARTESIAN_POINT('Ctrl Pts',(-54.209554883091,-87.9927016765564,-44.3333333333332));
#1300=CARTESIAN_POINT('Ctrl Pts',(-54.6953124362132,-86.9273383416561,-52.9999999999999));
#1301=CARTESIAN_POINT('Ctrl Pts',(-52.9997390757949,-89.3413232893939,-26.9999999999999));
#1302=CARTESIAN_POINT('Ctrl Pts',(-53.4298784042234,-88.4927169876778,-35.6666666666666));
#1303=CARTESIAN_POINT('Ctrl Pts',(-53.8597766608821,-87.6445263103518,-44.3333333333332));
#1304=CARTESIAN_POINT('Ctrl Pts',(-54.2899159893106,-86.7959200086358,-52.9999999999999));
#1305=CARTESIAN_POINT('Ctrl Pts',(-52.9999797217258,-88.2916157658862,-27.));
#1306=CARTESIAN_POINT('Ctrl Pts',(-53.2628869103943,-87.7076585960022,-35.6666666666666));
#1307=CARTESIAN_POINT('Ctrl Pts',(-53.5266908313288,-87.1240407531366,-44.3333333333333));
#1308=CARTESIAN_POINT('Ctrl Pts',(-53.7895980199973,-86.5400835832526,-52.9999999999999));
#1309=CARTESIAN_POINT('Ctrl Pts',(-52.9998989274442,-86.9749650953026,-27.));
#1310=CARTESIAN_POINT('Ctrl Pts',(-53.0835636757258,-86.6659130612365,-35.6666666666666));
#1311=CARTESIAN_POINT('Ctrl Pts',(-53.1666947867325,-86.356784455396,-44.3333333333333));
#1312=CARTESIAN_POINT('Ctrl Pts',(-53.2503595350141,-86.0477324213299,-53.));
#1313=CARTESIAN_POINT('Ctrl Pts',(-53.000000923872,-85.6583123797023,-27.));
#1314=CARTESIAN_POINT('Ctrl Pts',(-53.0079849952779,-85.556373012985,-35.6666666666667));
#1315=CARTESIAN_POINT('Ctrl Pts',(-53.0167628228141,-85.4547579959645,-44.3333333333333));
#1316=CARTESIAN_POINT('Ctrl Pts',(-53.0247468942201,-85.3528186292473,-53.));
#1317=CARTESIAN_POINT('Ctrl Pts',(-53.000000923872,-85.,-27.));
#1318=CARTESIAN_POINT('Ctrl Pts',(-53.0012327898957,-85.,-35.6666666666667));
#1319=CARTESIAN_POINT('Ctrl Pts',(-53.0024646559195,-85.,-44.3333333333333));
#1320=CARTESIAN_POINT('Ctrl Pts',(-53.0036965219432,-85.,-53.));
#1321=CARTESIAN_POINT('',(-63.9498742542515,-78.0000011622906,-27.));
#1322=CARTESIAN_POINT('',(-63.0000005960464,-78.0000011622906,-27.));
#1323=CARTESIAN_POINT('',(-53.000000923872,-88.9498742782135,-27.));
#1324=CARTESIAN_POINT('',(-53.000000923872,-80.0000008046627,-27.));
#1325=CARTESIAN_POINT('',(-55.2000011086464,-90.9398491338562,-27.));
#1326=CARTESIAN_POINT('Origin',(-55.000000923872,-88.9498742782135,-27.));
#1327=CARTESIAN_POINT('',(-65.9398491051018,-80.2000013947487,-27.));
#1328=CARTESIAN_POINT('Origin',(-54.,-79.,-27.));
#1329=CARTESIAN_POINT('Origin',(-63.9498742542515,-80.0000011622906,-27.));
#1330=CARTESIAN_POINT('Origin',(-62.,-78.0000011622906,-6.));
#1331=CARTESIAN_POINT('',(-63.9498742542515,-78.0000011622906,-8.));
#1332=CARTESIAN_POINT('',(-63.9498742542515,-78.0000011622906,-22.));
#1333=CARTESIAN_POINT('',(-63.9854562908218,-78.0000011622906,-7.61145748788485));
#1334=CARTESIAN_POINT('Ctrl Pts',(-63.9854562908218,-78.0000011622906,-7.61145748788485));
#1335=CARTESIAN_POINT('Ctrl Pts',(-63.973595611965,-78.0000011622906,-7.7409716585899));
#1336=CARTESIAN_POINT('Ctrl Pts',(-63.9617349331083,-78.0000011622906,-7.87048582929495));
#1337=CARTESIAN_POINT('Ctrl Pts',(-63.9498742542515,-78.0000011622906,-8.));
#1338=CARTESIAN_POINT('',(-67.4139758693893,-78.0000011622906,-5.75));
#1339=CARTESIAN_POINT('Ctrl Pts',(-67.4139758693893,-78.0000011622906,-5.75));
#1340=CARTESIAN_POINT('Ctrl Pts',(-67.2270847171935,-78.0000011622906,-5.75));
#1341=CARTESIAN_POINT('Ctrl Pts',(-66.6232216365683,-78.0000011622906,-5.81057100651956));
#1342=CARTESIAN_POINT('Ctrl Pts',(-65.7127144337349,-78.0000011622906,-6.16744500066013));
#1343=CARTESIAN_POINT('Ctrl Pts',(-64.8116722324857,-78.0000011622906,-6.81389259138531));
#1344=CARTESIAN_POINT('Ctrl Pts',(-64.2403650885167,-78.0000011622906,-7.35867421301694));
#1345=CARTESIAN_POINT('Ctrl Pts',(-63.9854562908218,-78.0000011622906,-7.61145748788485));
#1346=CARTESIAN_POINT('',(-67.500000923872,-78.0000011622906,-5.75));
#1347=CARTESIAN_POINT('Ctrl Pts',(-67.500000923872,-78.0000011622906,-5.75));
#1348=CARTESIAN_POINT('Ctrl Pts',(-67.4713259057111,-78.0000011622906,-5.75));
#1349=CARTESIAN_POINT('Ctrl Pts',(-67.4426508875502,-78.0000011622906,-5.75));
#1350=CARTESIAN_POINT('Ctrl Pts',(-67.4139758693893,-78.0000011622906,-5.75));
#1351=CARTESIAN_POINT('',(-67.500000923872,-78.0000011622906,-3.25));
#1352=CARTESIAN_POINT('',(-67.500000923872,-78.0000011622906,-6.));
#1353=CARTESIAN_POINT('',(-60.,-78.0000011622906,-3.25));
#1354=CARTESIAN_POINT('',(-61.250000461936,-78.0000011622906,-3.25));
#1355=CARTESIAN_POINT('',(-60.,-78.0000011622906,7.5));
#1356=CARTESIAN_POINT('Origin',(-63.9498742542515,-80.0000011622906,-27.));
#1357=CARTESIAN_POINT('',(-65.9398491051018,-80.2000013947487,-8.));
#1358=CARTESIAN_POINT('',(-65.9398491051018,-80.2000013947487,-27.));
#1359=CARTESIAN_POINT('Origin',(-63.9498742542515,-80.0000011622906,-8.));
#1360=CARTESIAN_POINT('Origin',(-54.,-79.,-27.));
#1361=CARTESIAN_POINT('',(-55.2000011086464,-90.9398491338562,-8.));
#1362=CARTESIAN_POINT('',(-55.2000011086464,-90.9398491338562,-22.));
#1363=CARTESIAN_POINT('Origin',(-54.,-79.,-8.));
#1364=CARTESIAN_POINT('Origin',(-55.000000923872,-88.9498742782135,-27.));
#1365=CARTESIAN_POINT('',(-53.000000923872,-88.9498742782135,-8.));
#1366=CARTESIAN_POINT('',(-53.000000923872,-88.9498742782135,-27.));
#1367=CARTESIAN_POINT('Origin',(-55.000000923872,-88.9498742782135,-8.));
#1368=CARTESIAN_POINT('Ctrl Pts',(-67.4139758693893,-78.2499760962375,-6.00354011274423));
#1369=CARTESIAN_POINT('Ctrl Pts',(-67.2433307984959,-78.2498476339362,-6.01261111064395));
#1370=CARTESIAN_POINT('Ctrl Pts',(-66.6949985409194,-78.2476933185066,-6.10018054994772));
#1371=CARTESIAN_POINT('Ctrl Pts',(-65.8855161932294,-78.2301624735094,-6.48908959189777));
#1372=CARTESIAN_POINT('Ctrl Pts',(-65.1016080547648,-78.1672267024475,-7.15826255119818));
#1373=CARTESIAN_POINT('Ctrl Pts',(-64.5822939601439,-78.0811108386899,-7.71053118103659));
#1374=CARTESIAN_POINT('Ctrl Pts',(-64.3355644654113,-78.0372217981905,-7.96450953966476));
#1375=CARTESIAN_POINT('Ctrl Pts',(-67.4139758693893,-78.1666511182552,-5.91902674182949));
#1376=CARTESIAN_POINT('Ctrl Pts',(-67.2379154380617,-78.166565476721,-5.92507407376263));
#1377=CARTESIAN_POINT('Ctrl Pts',(-66.6710729061357,-78.1651292664346,-6.00364403547167));
#1378=CARTESIAN_POINT('Ctrl Pts',(-65.8279156067313,-78.1534420364365,-6.38187472815189));
#1379=CARTESIAN_POINT('Ctrl Pts',(-65.0049627806718,-78.1114848557285,-7.04347256459389));
#1380=CARTESIAN_POINT('Ctrl Pts',(-64.4683176696015,-78.0540742798901,-7.59324552503004));
#1381=CARTESIAN_POINT('Ctrl Pts',(-64.2188617405481,-78.0248149195572,-7.84682552240479));
#1382=CARTESIAN_POINT('Ctrl Pts',(-67.4139758693893,-78.0833261402729,-5.83451337091474));
#1383=CARTESIAN_POINT('Ctrl Pts',(-67.2325000776276,-78.0832833195058,-5.83753703688132));
#1384=CARTESIAN_POINT('Ctrl Pts',(-66.647147271352,-78.0825652143626,-5.90710752099561));
#1385=CARTESIAN_POINT('Ctrl Pts',(-65.7703150202331,-78.0767215993635,-6.27465986440601));
#1386=CARTESIAN_POINT('Ctrl Pts',(-64.9083175065788,-78.0557430090095,-6.9286825779896));
#1387=CARTESIAN_POINT('Ctrl Pts',(-64.3543413790591,-78.0270377210903,-7.47595986902349));
#1388=CARTESIAN_POINT('Ctrl Pts',(-64.102159015685,-78.0124080409239,-7.72914150514482));
#1389=CARTESIAN_POINT('Ctrl Pts',(-67.4139758693893,-78.0000011622906,-5.75));
#1390=CARTESIAN_POINT('Ctrl Pts',(-67.2270847171935,-78.0000011622906,-5.75));
#1391=CARTESIAN_POINT('Ctrl Pts',(-66.6232216365683,-78.0000011622906,-5.81057100651956));
#1392=CARTESIAN_POINT('Ctrl Pts',(-65.7127144337349,-78.0000011622906,-6.16744500066013));
#1393=CARTESIAN_POINT('Ctrl Pts',(-64.8116722324857,-78.0000011622906,-6.81389259138531));
#1394=CARTESIAN_POINT('Ctrl Pts',(-64.2403650885167,-78.0000011622906,-7.35867421301694));
#1395=CARTESIAN_POINT('Ctrl Pts',(-63.9854562908218,-78.0000011622906,-7.61145748788485));
#1396=CARTESIAN_POINT('',(-64.3355644654113,-78.0372217981905,-7.96450953966476));
#1397=CARTESIAN_POINT('Ctrl Pts',(-63.9854562908218,-78.0000011622906,-7.61145748788485));
#1398=CARTESIAN_POINT('Ctrl Pts',(-64.102159015685,-78.0124080409239,-7.72914150514482));
#1399=CARTESIAN_POINT('Ctrl Pts',(-64.2188617405481,-78.0248149195572,-7.84682552240479));
#1400=CARTESIAN_POINT('Ctrl Pts',(-64.3355644654113,-78.0372217981905,-7.96450953966476));
#1401=CARTESIAN_POINT('',(-67.4139758693893,-78.2499760962375,-6.00354011274423));
#1402=CARTESIAN_POINT('Ctrl Pts',(-64.3355644654113,-78.0372217981905,-7.96450953966476));
#1403=CARTESIAN_POINT('Ctrl Pts',(-64.5822939601439,-78.0811108386899,-7.71053118103659));
#1404=CARTESIAN_POINT('Ctrl Pts',(-65.1016080547648,-78.1672267024475,-7.15826255119818));
#1405=CARTESIAN_POINT('Ctrl Pts',(-65.8855161932294,-78.2301624735094,-6.48908959189777));
#1406=CARTESIAN_POINT('Ctrl Pts',(-66.6949985409194,-78.2476933185066,-6.10018054994772));
#1407=CARTESIAN_POINT('Ctrl Pts',(-67.2433307984959,-78.2498476339362,-6.01261111064395));
#1408=CARTESIAN_POINT('Ctrl Pts',(-67.4139758693893,-78.2499760962375,-6.00354011274423));
#1409=CARTESIAN_POINT('',(-67.4139758693893,-78.2499760962375,-6.00354011274423));
#1410=CARTESIAN_POINT('Origin',(-53.500000923872,-92.5000011622906,-5.875));
#1411=CARTESIAN_POINT('',(-53.2548725403811,-92.549114048656,-6.));
#1412=CARTESIAN_POINT('',(-53.0097441568902,-92.5982269350213,-5.75));
#1413=CARTESIAN_POINT('',(-53.2548725403811,-92.549114048656,-6.));
#1414=CARTESIAN_POINT('',(-53.500000923872,-93.0000011622906,-5.75));
#1415=CARTESIAN_POINT('Origin',(-53.500000923872,-92.5000011622906,-5.75));
#1416=CARTESIAN_POINT('',(-53.500000923872,-92.7500011622905,-6.));
#1417=CARTESIAN_POINT('',(-53.500000923872,-93.0000011622906,-5.75));
#1418=CARTESIAN_POINT('Origin',(-53.500000923872,-92.5000011622906,-6.));
#1419=CARTESIAN_POINT('Origin',(-64.250000923872,-92.8750011622906,-5.875));
#1420=CARTESIAN_POINT('',(-53.7513874268623,-93.0000011622906,-5.75));
#1421=CARTESIAN_POINT('',(-53.7513874268623,-92.7500011622906,-6.));
#1422=CARTESIAN_POINT('',(-53.7513874268623,-93.0000011622906,-5.75));
#1423=CARTESIAN_POINT('',(-64.250000923872,-92.7500011622906,-6.));
#1424=CARTESIAN_POINT('',(-64.250000923872,-93.0000011622906,-5.75));
#1425=CARTESIAN_POINT('Ctrl Pts',(-53.7513874268623,-92.7500011622906,-6.));
#1426=CARTESIAN_POINT('Ctrl Pts',(-54.294905559235,-92.7500011622906,-6.));
#1427=CARTESIAN_POINT('Ctrl Pts',(-54.8384236916078,-92.7502953683929,-6.01308374623257));
#1428=CARTESIAN_POINT('Ctrl Pts',(-55.3819418239805,-92.7501347050468,-6.00817028423196));
#1429=CARTESIAN_POINT('Ctrl Pts',(-53.7513874268623,-92.8333344956239,-5.91666666666667));
#1430=CARTESIAN_POINT('Ctrl Pts',(-54.294905559235,-92.8333344956239,-5.91666666666667));
#1431=CARTESIAN_POINT('Ctrl Pts',(-54.8384236916078,-92.8335306330255,-5.92538916415505));
#1432=CARTESIAN_POINT('Ctrl Pts',(-55.3819418239805,-92.833423524128,-5.9221135228213));
#1433=CARTESIAN_POINT('Ctrl Pts',(-53.7513874268623,-92.9166678289572,-5.83333333333333));
#1434=CARTESIAN_POINT('Ctrl Pts',(-54.294905559235,-92.9166678289572,-5.83333333333333));
#1435=CARTESIAN_POINT('Ctrl Pts',(-54.8384236916078,-92.916765897658,-5.83769458207752));
#1436=CARTESIAN_POINT('Ctrl Pts',(-55.3819418239805,-92.9167123432093,-5.83605676141065));
#1437=CARTESIAN_POINT('Ctrl Pts',(-53.7513874268623,-93.0000011622906,-5.75));
#1438=CARTESIAN_POINT('Ctrl Pts',(-54.294905559235,-93.0000011622906,-5.75));
#1439=CARTESIAN_POINT('Ctrl Pts',(-54.8384236916078,-93.0000011622906,-5.75));
#1440=CARTESIAN_POINT('Ctrl Pts',(-55.3819418239805,-93.0000011622906,-5.75));
#1441=CARTESIAN_POINT('',(-55.3819418239805,-93.0000011622906,-5.75));
#1442=CARTESIAN_POINT('',(-55.3819418239805,-92.7501347050468,-6.00817028423196));
#1443=CARTESIAN_POINT('',(-55.3819418239805,-93.0000011622906,-5.75));
#1444=CARTESIAN_POINT('Ctrl Pts',(-55.3819418239805,-92.7501347050468,-6.00817028423196));
#1445=CARTESIAN_POINT('Ctrl Pts',(-54.8384236916078,-92.7502953683929,-6.01308374623257));
#1446=CARTESIAN_POINT('Ctrl Pts',(-54.294905559235,-92.7500011622906,-6.));
#1447=CARTESIAN_POINT('Ctrl Pts',(-53.7513874268623,-92.7500011622906,-6.));
#1448=CARTESIAN_POINT('Ctrl Pts',(-53.7513874268623,-93.0000011622906,-5.75));
#1449=CARTESIAN_POINT('Ctrl Pts',(-54.294905559235,-93.0000011622906,-5.75));
#1450=CARTESIAN_POINT('Ctrl Pts',(-54.8384236916078,-93.0000011622906,-5.75));
#1451=CARTESIAN_POINT('Ctrl Pts',(-55.3819418239805,-93.0000011622906,-5.75));
#1452=CARTESIAN_POINT('Ctrl Pts',(-55.3819418239805,-92.7501347050468,-6.00817028423196));
#1453=CARTESIAN_POINT('Ctrl Pts',(-55.7992636728604,-92.7500113451795,-6.00439765012029));
#1454=CARTESIAN_POINT('Ctrl Pts',(-56.2165855217403,-92.7500011622906,-6.));
#1455=CARTESIAN_POINT('Ctrl Pts',(-56.6339073706202,-92.7500011622906,-6.));
#1456=CARTESIAN_POINT('Ctrl Pts',(-55.3819418239805,-92.833423524128,-5.9221135228213));
#1457=CARTESIAN_POINT('Ctrl Pts',(-55.7992636728604,-92.8333412842165,-5.91959843341353));
#1458=CARTESIAN_POINT('Ctrl Pts',(-56.2165855217403,-92.8333344956239,-5.91666666666667));
#1459=CARTESIAN_POINT('Ctrl Pts',(-56.6339073706202,-92.8333344956239,-5.91666666666667));
#1460=CARTESIAN_POINT('Ctrl Pts',(-55.3819418239805,-92.9167123432093,-5.83605676141065));
#1461=CARTESIAN_POINT('Ctrl Pts',(-55.7992636728604,-92.9166712232536,-5.83479921670676));
#1462=CARTESIAN_POINT('Ctrl Pts',(-56.2165855217403,-92.9166678289572,-5.83333333333333));
#1463=CARTESIAN_POINT('Ctrl Pts',(-56.6339073706202,-92.9166678289572,-5.83333333333333));
#1464=CARTESIAN_POINT('Ctrl Pts',(-55.3819418239805,-93.0000011622906,-5.75));
#1465=CARTESIAN_POINT('Ctrl Pts',(-55.7992636728604,-93.0000011622906,-5.75));
#1466=CARTESIAN_POINT('Ctrl Pts',(-56.2165855217403,-93.0000011622906,-5.75));
#1467=CARTESIAN_POINT('Ctrl Pts',(-56.6339073706202,-93.0000011622906,-5.75));
#1468=CARTESIAN_POINT('',(-56.6339073706202,-93.0000011622906,-5.75));
#1469=CARTESIAN_POINT('',(-56.6339073706202,-92.7500011622906,-6.));
#1470=CARTESIAN_POINT('',(-56.6339073706202,-93.0000011622906,-5.75));
#1471=CARTESIAN_POINT('Ctrl Pts',(-56.6339073706202,-92.7500011622906,-6.));
#1472=CARTESIAN_POINT('Ctrl Pts',(-56.2165855217403,-92.7500011622906,-6.));
#1473=CARTESIAN_POINT('Ctrl Pts',(-55.7992636728604,-92.7500113451795,-6.00439765012029));
#1474=CARTESIAN_POINT('Ctrl Pts',(-55.3819418239805,-92.7501347050468,-6.00817028423196));
#1475=CARTESIAN_POINT('Ctrl Pts',(-55.3819418239805,-93.0000011622906,-5.75));
#1476=CARTESIAN_POINT('Ctrl Pts',(-55.7992636728604,-93.0000011622906,-5.75));
#1477=CARTESIAN_POINT('Ctrl Pts',(-56.2165855217403,-93.0000011622906,-5.75));
#1478=CARTESIAN_POINT('Ctrl Pts',(-56.6339073706202,-93.0000011622906,-5.75));
#1479=CARTESIAN_POINT('Origin',(-64.250000923872,-92.8750011622906,-5.875));
#1480=CARTESIAN_POINT('',(-67.500000923872,-93.0000011622906,-5.75));
#1481=CARTESIAN_POINT('',(-64.250000923872,-93.0000011622906,-5.75));
#1482=CARTESIAN_POINT('',(-67.500000923872,-92.7500011622906,-6.));
#1483=CARTESIAN_POINT('',(-67.500000923872,-93.0000011622906,-5.75));
#1484=CARTESIAN_POINT('',(-64.250000923872,-92.7500011622906,-6.));
#1485=CARTESIAN_POINT('Origin',(-67.500000923872,-92.5000011622906,-5.875));
#1486=CARTESIAN_POINT('',(-68.000000923872,-92.5000011622906,-5.75));
#1487=CARTESIAN_POINT('Origin',(-67.500000923872,-92.5000011622906,-5.75));
#1488=CARTESIAN_POINT('',(-67.750000923872,-92.5000011622906,-6.));
#1489=CARTESIAN_POINT('',(-68.000000923872,-92.5000011622906,-5.75));
#1490=CARTESIAN_POINT('Origin',(-67.500000923872,-92.5000011622906,-6.));
#1491=CARTESIAN_POINT('Origin',(-67.875000923872,-81.7500011622906,-5.875));
#1492=CARTESIAN_POINT('',(-67.750000923872,-78.7513870125873,-6.));
#1493=CARTESIAN_POINT('',(-68.000000923872,-78.7513870125873,-5.75));
#1494=CARTESIAN_POINT('',(-67.750000923872,-78.7513870125873,-6.));
#1495=CARTESIAN_POINT('',(-68.000000923872,-78.5000011622906,-5.75));
#1496=CARTESIAN_POINT('',(-68.000000923872,-81.7500011622906,-5.75));
#1497=CARTESIAN_POINT('',(-67.750000923872,-78.5000011622906,-6.));
#1498=CARTESIAN_POINT('',(-68.000000923872,-78.5000011622906,-5.75));
#1499=CARTESIAN_POINT('',(-67.750000923872,-81.7500011622906,-6.));
#1500=CARTESIAN_POINT('Ctrl Pts',(-68.000000923872,-78.7513870125873,-5.75));
#1501=CARTESIAN_POINT('Ctrl Pts',(-68.000000923872,-79.294905386021,-5.75));
#1502=CARTESIAN_POINT('Ctrl Pts',(-68.000000923872,-79.8384237594546,-5.75));
#1503=CARTESIAN_POINT('Ctrl Pts',(-68.000000923872,-80.3819421328882,-5.75));
#1504=CARTESIAN_POINT('Ctrl Pts',(-67.9166675905387,-78.7513870125873,-5.83333333333333));
#1505=CARTESIAN_POINT('Ctrl Pts',(-67.9166675905387,-79.294905386021,-5.83333333333333));
#1506=CARTESIAN_POINT('Ctrl Pts',(-67.9167656596626,-79.8384237594546,-5.83769459127652));
#1507=CARTESIAN_POINT('Ctrl Pts',(-67.916712104994,-80.3819421328882,-5.83605676762821));
#1508=CARTESIAN_POINT('Ctrl Pts',(-67.8333342572053,-78.7513870125873,-5.91666666666667));
#1509=CARTESIAN_POINT('Ctrl Pts',(-67.8333342572053,-79.294905386021,-5.91666666666667));
#1510=CARTESIAN_POINT('Ctrl Pts',(-67.8335303954533,-79.8384237594546,-5.92538918255305));
#1511=CARTESIAN_POINT('Ctrl Pts',(-67.8334232861161,-80.3819421328882,-5.92211353525643));
#1512=CARTESIAN_POINT('Ctrl Pts',(-67.750000923872,-78.7513870125873,-6.));
#1513=CARTESIAN_POINT('Ctrl Pts',(-67.750000923872,-79.294905386021,-6.));
#1514=CARTESIAN_POINT('Ctrl Pts',(-67.7502951312439,-79.8384237594546,-6.01308377382957));
#1515=CARTESIAN_POINT('Ctrl Pts',(-67.7501344672381,-80.3819421328882,-6.00817030288464));
#1516=CARTESIAN_POINT('',(-67.7501344672381,-80.3819421328882,-6.00817030288464));
#1517=CARTESIAN_POINT('',(-68.000000923872,-80.3819421328882,-5.75));
#1518=CARTESIAN_POINT('',(-67.7501344672381,-80.3819421328882,-6.00817030288464));
#1519=CARTESIAN_POINT('Ctrl Pts',(-68.000000923872,-80.3819421328882,-5.75));
#1520=CARTESIAN_POINT('Ctrl Pts',(-68.000000923872,-79.8384237594546,-5.75));
#1521=CARTESIAN_POINT('Ctrl Pts',(-68.000000923872,-79.294905386021,-5.75));
#1522=CARTESIAN_POINT('Ctrl Pts',(-68.000000923872,-78.7513870125873,-5.75));
#1523=CARTESIAN_POINT('Ctrl Pts',(-67.750000923872,-78.7513870125873,-6.));
#1524=CARTESIAN_POINT('Ctrl Pts',(-67.750000923872,-79.294905386021,-6.));
#1525=CARTESIAN_POINT('Ctrl Pts',(-67.7502951312439,-79.8384237594546,-6.01308377382957));
#1526=CARTESIAN_POINT('Ctrl Pts',(-67.7501344672381,-80.3819421328882,-6.00817030288464));
#1527=CARTESIAN_POINT('Ctrl Pts',(-68.000000923872,-80.3819421328882,-5.75));
#1528=CARTESIAN_POINT('Ctrl Pts',(-68.000000923872,-80.7992642936774,-5.75));
#1529=CARTESIAN_POINT('Ctrl Pts',(-68.000000923872,-81.2165864544666,-5.75));
#1530=CARTESIAN_POINT('Ctrl Pts',(-68.000000923872,-81.6339086152557,-5.75));
#1531=CARTESIAN_POINT('Ctrl Pts',(-67.916712104994,-80.3819421328882,-5.83605676762821));
#1532=CARTESIAN_POINT('Ctrl Pts',(-67.9166709848569,-80.7992642936774,-5.83479922025298));
#1533=CARTESIAN_POINT('Ctrl Pts',(-67.9166675905387,-81.2165864544666,-5.83333333333333));
#1534=CARTESIAN_POINT('Ctrl Pts',(-67.9166675905387,-81.6339086152557,-5.83333333333333));
#1535=CARTESIAN_POINT('Ctrl Pts',(-67.8334232861161,-80.3819421328882,-5.92211353525643));
#1536=CARTESIAN_POINT('Ctrl Pts',(-67.8333410458419,-80.7992642936774,-5.91959844050596));
#1537=CARTESIAN_POINT('Ctrl Pts',(-67.8333342572053,-81.2165864544666,-5.91666666666667));
#1538=CARTESIAN_POINT('Ctrl Pts',(-67.8333342572053,-81.6339086152557,-5.91666666666667));
#1539=CARTESIAN_POINT('Ctrl Pts',(-67.7501344672381,-80.3819421328882,-6.00817030288464));
#1540=CARTESIAN_POINT('Ctrl Pts',(-67.7500111068269,-80.7992642936774,-6.00439766075893));
#1541=CARTESIAN_POINT('Ctrl Pts',(-67.750000923872,-81.2165864544666,-6.));
#1542=CARTESIAN_POINT('Ctrl Pts',(-67.750000923872,-81.6339086152557,-6.));
#1543=CARTESIAN_POINT('',(-67.750000923872,-81.6339086152557,-6.));
#1544=CARTESIAN_POINT('',(-68.000000923872,-81.6339086152557,-5.75));
#1545=CARTESIAN_POINT('',(-67.750000923872,-81.6339086152557,-6.));
#1546=CARTESIAN_POINT('Ctrl Pts',(-68.000000923872,-81.6339086152557,-5.75));
#1547=CARTESIAN_POINT('Ctrl Pts',(-68.000000923872,-81.2165864544666,-5.75));
#1548=CARTESIAN_POINT('Ctrl Pts',(-68.000000923872,-80.7992642936774,-5.75));
#1549=CARTESIAN_POINT('Ctrl Pts',(-68.000000923872,-80.3819421328882,-5.75));
#1550=CARTESIAN_POINT('Ctrl Pts',(-67.7501344672381,-80.3819421328882,-6.00817030288464));
#1551=CARTESIAN_POINT('Ctrl Pts',(-67.7500111068269,-80.7992642936774,-6.00439766075893));
#1552=CARTESIAN_POINT('Ctrl Pts',(-67.750000923872,-81.2165864544666,-6.));
#1553=CARTESIAN_POINT('Ctrl Pts',(-67.750000923872,-81.6339086152557,-6.));
#1554=CARTESIAN_POINT('Origin',(-67.875000923872,-81.7500011622906,-5.875));
#1555=CARTESIAN_POINT('',(-67.750000923872,-81.7500011622906,-6.));
#1556=CARTESIAN_POINT('',(-68.000000923872,-81.7500011622906,-5.75));
#1557=CARTESIAN_POINT('Origin',(-67.500000923872,-78.5000011622906,-5.875));
#1558=CARTESIAN_POINT('',(-67.5982271716658,-78.0097444904906,-5.75));
#1559=CARTESIAN_POINT('',(-67.5491140477689,-78.2548728263906,-6.));
#1560=CARTESIAN_POINT('',(-67.5982271716658,-78.0097444904906,-5.75));
#1561=CARTESIAN_POINT('Origin',(-67.500000923872,-78.5000011622906,-6.));
#1562=CARTESIAN_POINT('Origin',(-67.500000923872,-78.5000011622906,-5.75));
#1563=CARTESIAN_POINT('Ctrl Pts',(-53.0372215597201,-89.335564489082,-7.9645095399645));
#1564=CARTESIAN_POINT('Ctrl Pts',(-53.1030551204768,-89.7056587312138,-7.58354200199937));
#1565=CARTESIAN_POINT('Ctrl Pts',(-53.2013863120472,-90.355487230697,-6.88509293614478));
#1566=CARTESIAN_POINT('Ctrl Pts',(-53.236636987136,-91.1883079175113,-6.32666037448912));
#1567=CARTESIAN_POINT('Ctrl Pts',(-53.2488740316857,-91.8894900383845,-6.06444585473529));
#1568=CARTESIAN_POINT('Ctrl Pts',(-53.2498473955176,-92.2433308224387,-6.01261111064497));
#1569=CARTESIAN_POINT('Ctrl Pts',(-53.2499758578189,-92.4139758933513,-6.00354011274423));
#1570=CARTESIAN_POINT('Ctrl Pts',(-53.0248146811041,-89.2188617642157,-7.84682552270404));
#1571=CARTESIAN_POINT('Ctrl Pts',(-53.0687037216085,-89.5930456578231,-7.46645552661833));
#1572=CARTESIAN_POINT('Ctrl Pts',(-53.1342578493222,-90.2716900285876,-6.77210300189747));
#1573=CARTESIAN_POINT('Ctrl Pts',(-53.1577582993813,-91.143949840393,-6.22329693982361));
#1574=CARTESIAN_POINT('Ctrl Pts',(-53.1659163290812,-91.872187863925,-5.97104309927633));
#1575=CARTESIAN_POINT('Ctrl Pts',(-53.1665652383024,-92.237915462004,-5.92507407376331));
#1576=CARTESIAN_POINT('Ctrl Pts',(-53.1666508798366,-92.4139758933513,-5.91902674182949));
#1577=CARTESIAN_POINT('Ctrl Pts',(-53.012407802488,-89.1021590393493,-7.72914150544358));
#1578=CARTESIAN_POINT('Ctrl Pts',(-53.0343523227402,-89.4804325844324,-7.34936905123729));
#1579=CARTESIAN_POINT('Ctrl Pts',(-53.0671293865971,-90.1878928264782,-6.65911306765015));
#1580=CARTESIAN_POINT('Ctrl Pts',(-53.0788796116267,-91.0995917632747,-6.1199335051581));
#1581=CARTESIAN_POINT('Ctrl Pts',(-53.0829586264766,-91.8548856894655,-5.87764034381737));
#1582=CARTESIAN_POINT('Ctrl Pts',(-53.0832830810872,-92.2325001015692,-5.83753703688166));
#1583=CARTESIAN_POINT('Ctrl Pts',(-53.0833259018543,-92.4139758933513,-5.83451337091474));
#1584=CARTESIAN_POINT('Ctrl Pts',(-53.000000923872,-88.985456314483,-7.61145748818311));
#1585=CARTESIAN_POINT('Ctrl Pts',(-53.000000923872,-89.3678195110417,-7.23228257585625));
#1586=CARTESIAN_POINT('Ctrl Pts',(-53.000000923872,-90.1040956243688,-6.54612313340283));
#1587=CARTESIAN_POINT('Ctrl Pts',(-53.000000923872,-91.0552336861565,-6.01657007049259));
#1588=CARTESIAN_POINT('Ctrl Pts',(-53.000000923872,-91.837583515006,-5.7842375883584));
#1589=CARTESIAN_POINT('Ctrl Pts',(-53.000000923872,-92.2270847411345,-5.75));
#1590=CARTESIAN_POINT('Ctrl Pts',(-53.000000923872,-92.4139758933513,-5.75));
#1591=CARTESIAN_POINT('',(-53.0372215597201,-89.3355644890821,-7.9645095399645));
#1592=CARTESIAN_POINT('',(-53.000000923872,-88.985456314483,-7.61145748818313));
#1593=CARTESIAN_POINT('Ctrl Pts',(-53.0372215597201,-89.335564489082,-7.9645095399645));
#1594=CARTESIAN_POINT('Ctrl Pts',(-53.0248146811041,-89.2188617642157,-7.84682552270404));
#1595=CARTESIAN_POINT('Ctrl Pts',(-53.012407802488,-89.1021590393493,-7.72914150544358));
#1596=CARTESIAN_POINT('Ctrl Pts',(-53.000000923872,-88.985456314483,-7.61145748818311));
#1597=CARTESIAN_POINT('',(-53.000000923872,-92.4139758933513,-5.75));
#1598=CARTESIAN_POINT('Ctrl Pts',(-53.000000923872,-88.985456314483,-7.61145748818311));
#1599=CARTESIAN_POINT('Ctrl Pts',(-53.000000923872,-89.3678195110417,-7.23228257585625));
#1600=CARTESIAN_POINT('Ctrl Pts',(-53.000000923872,-90.1040956243688,-6.54612313340283));
#1601=CARTESIAN_POINT('Ctrl Pts',(-53.000000923872,-91.0552336861565,-6.01657007049259));
#1602=CARTESIAN_POINT('Ctrl Pts',(-53.000000923872,-91.837583515006,-5.7842375883584));
#1603=CARTESIAN_POINT('Ctrl Pts',(-53.000000923872,-92.2270847411345,-5.75));
#1604=CARTESIAN_POINT('Ctrl Pts',(-53.000000923872,-92.4139758933513,-5.75));
#1605=CARTESIAN_POINT('',(-53.2499758578189,-92.4139758933513,-6.00354011274423));
#1606=CARTESIAN_POINT('',(-53.000000923872,-92.4139758933513,-5.75));
#1607=CARTESIAN_POINT('Ctrl Pts',(-53.2499758578189,-92.4139758933513,-6.00354011274423));
#1608=CARTESIAN_POINT('Ctrl Pts',(-53.2498473955176,-92.2433308224387,-6.01261111064497));
#1609=CARTESIAN_POINT('Ctrl Pts',(-53.2488740316857,-91.8894900383845,-6.06444585473529));
#1610=CARTESIAN_POINT('Ctrl Pts',(-53.236636987136,-91.1883079175113,-6.32666037448912));
#1611=CARTESIAN_POINT('Ctrl Pts',(-53.2013863120472,-90.355487230697,-6.88509293614478));
#1612=CARTESIAN_POINT('Ctrl Pts',(-53.1030551204768,-89.7056587312138,-7.58354200199937));
#1613=CARTESIAN_POINT('Ctrl Pts',(-53.0372215597201,-89.335564489082,-7.9645095399645));
#1614=CARTESIAN_POINT('Ctrl Pts',(-53.2499758578189,-92.4139758933513,-6.00354011274423));
#1615=CARTESIAN_POINT('Ctrl Pts',(-53.2499974445426,-92.4426509829977,-6.00201582800166));
#1616=CARTESIAN_POINT('Ctrl Pts',(-53.2499995835866,-92.4713260726441,-6.00098068740221));
#1617=CARTESIAN_POINT('Ctrl Pts',(-53.2500005354707,-92.5000011622905,-6.00044068186349));
#1618=CARTESIAN_POINT('Ctrl Pts',(-53.1666508798366,-92.4139758933513,-5.91902674182949));
#1619=CARTESIAN_POINT('Ctrl Pts',(-53.1666652709858,-92.4426509829977,-5.91801055200111));
#1620=CARTESIAN_POINT('Ctrl Pts',(-53.1666666970151,-92.4713260726441,-5.91732045826814));
#1621=CARTESIAN_POINT('Ctrl Pts',(-53.1666673316045,-92.5000011622905,-5.91696045457566));
#1622=CARTESIAN_POINT('Ctrl Pts',(-53.0833259018543,-92.4139758933513,-5.83451337091474));
#1623=CARTESIAN_POINT('Ctrl Pts',(-53.0833330974289,-92.4426509829977,-5.83400527600055));
#1624=CARTESIAN_POINT('Ctrl Pts',(-53.0833338104435,-92.4713260726441,-5.83366022913407));
#1625=CARTESIAN_POINT('Ctrl Pts',(-53.0833341277382,-92.5000011622906,-5.83348022728783));
#1626=CARTESIAN_POINT('Ctrl Pts',(-53.000000923872,-92.4139758933513,-5.75));
#1627=CARTESIAN_POINT('Ctrl Pts',(-53.000000923872,-92.4426509829977,-5.75));
#1628=CARTESIAN_POINT('Ctrl Pts',(-53.000000923872,-92.4713260726441,-5.75));
#1629=CARTESIAN_POINT('Ctrl Pts',(-53.000000923872,-92.5000011622906,-5.75));
#1630=CARTESIAN_POINT('',(-53.000000923872,-92.5000011622906,-5.75));
#1631=CARTESIAN_POINT('',(-53.2500005354707,-92.5000011622905,-6.00044068186349));
#1632=CARTESIAN_POINT('',(-53.000000923872,-92.5000011622906,-5.75));
#1633=CARTESIAN_POINT('Ctrl Pts',(-53.2500005354707,-92.5000011622905,-6.00044068186349));
#1634=CARTESIAN_POINT('Ctrl Pts',(-53.2499995835866,-92.4713260726441,-6.00098068740221));
#1635=CARTESIAN_POINT('Ctrl Pts',(-53.2499974445426,-92.4426509829977,-6.00201582800166));
#1636=CARTESIAN_POINT('Ctrl Pts',(-53.2499758578189,-92.4139758933513,-6.00354011274423));
#1637=CARTESIAN_POINT('Ctrl Pts',(-53.000000923872,-92.4139758933513,-5.75));
#1638=CARTESIAN_POINT('Ctrl Pts',(-53.000000923872,-92.4426509829977,-5.75));
#1639=CARTESIAN_POINT('Ctrl Pts',(-53.000000923872,-92.4713260726441,-5.75));
#1640=CARTESIAN_POINT('Ctrl Pts',(-53.000000923872,-92.5000011622906,-5.75));
#1641=CARTESIAN_POINT('Ctrl Pts',(-53.2500005354707,-92.5000011622905,-6.00044068186349));
#1642=CARTESIAN_POINT('Ctrl Pts',(-53.2500010824715,-92.5164793232506,-6.00013036729094));
#1643=CARTESIAN_POINT('Ctrl Pts',(-53.2516353852234,-92.5329570139215,-6.));
#1644=CARTESIAN_POINT('Ctrl Pts',(-53.2548725403811,-92.549114048656,-6.));
#1645=CARTESIAN_POINT('Ctrl Pts',(-53.1666673316045,-92.5000011622905,-5.91696045457566));
#1646=CARTESIAN_POINT('Ctrl Pts',(-53.1666676962717,-92.5219720265036,-5.91675357819396));
#1647=CARTESIAN_POINT('Ctrl Pts',(-53.1688468723405,-92.5439422977984,-5.91666666666667));
#1648=CARTESIAN_POINT('Ctrl Pts',(-53.1731630792175,-92.5654850107777,-5.91666666666667));
#1649=CARTESIAN_POINT('Ctrl Pts',(-53.0833341277382,-92.5000011622905,-5.83348022728783));
#1650=CARTESIAN_POINT('Ctrl Pts',(-53.0833343100718,-92.5274647297566,-5.83337678909698));
#1651=CARTESIAN_POINT('Ctrl Pts',(-53.0860583594577,-92.5549275816754,-5.83333333333333));
#1652=CARTESIAN_POINT('Ctrl Pts',(-53.0914536180538,-92.5818559728995,-5.83333333333333));
#1653=CARTESIAN_POINT('Ctrl Pts',(-53.000000923872,-92.5000011622905,-5.75));
#1654=CARTESIAN_POINT('Ctrl Pts',(-53.000000923872,-92.5329574330096,-5.75));
#1655=CARTESIAN_POINT('Ctrl Pts',(-53.0032698465748,-92.5659128655523,-5.75));
#1656=CARTESIAN_POINT('Ctrl Pts',(-53.0097441568902,-92.5982269350213,-5.75));
#1657=CARTESIAN_POINT('Ctrl Pts',(-53.000000923872,-92.5000011622905,-5.75));
#1658=CARTESIAN_POINT('Ctrl Pts',(-53.000000923872,-92.5329574330096,-5.75));
#1659=CARTESIAN_POINT('Ctrl Pts',(-53.0032698465748,-92.5659128655523,-5.75));
#1660=CARTESIAN_POINT('Ctrl Pts',(-53.0097441568902,-92.5982269350213,-5.75));
#1661=CARTESIAN_POINT('Ctrl Pts',(-53.2548725403811,-92.549114048656,-6.));
#1662=CARTESIAN_POINT('Ctrl Pts',(-53.2516353852234,-92.5329570139215,-6.));
#1663=CARTESIAN_POINT('Ctrl Pts',(-53.2500010824715,-92.5164793232506,-6.00013036729094));
#1664=CARTESIAN_POINT('Ctrl Pts',(-53.2500005354707,-92.5000011622905,-6.00044068186349));
#1665=CARTESIAN_POINT('Ctrl Pts',(-67.5491140477689,-78.2548728263906,-6.));
#1666=CARTESIAN_POINT('Ctrl Pts',(-67.5329569369941,-78.2516356397129,-6.));
#1667=CARTESIAN_POINT('Ctrl Pts',(-67.5164791655833,-78.2500013208932,-6.0001303683902));
#1668=CARTESIAN_POINT('Ctrl Pts',(-67.500000923872,-78.2500007738821,-6.00044068590211));
#1669=CARTESIAN_POINT('Ctrl Pts',(-67.5654850890678,-78.1731633810906,-5.91666666666667));
#1670=CARTESIAN_POINT('Ctrl Pts',(-67.5439422747014,-78.168847132187,-5.91666666666667));
#1671=CARTESIAN_POINT('Ctrl Pts',(-67.521971895753,-78.1666679346923,-5.9167535789268));
#1672=CARTESIAN_POINT('Ctrl Pts',(-67.500000923872,-78.1666675700183,-5.91696045726808));
#1673=CARTESIAN_POINT('Ctrl Pts',(-67.5818561303668,-78.0914539357906,-5.83333333333333));
#1674=CARTESIAN_POINT('Ctrl Pts',(-67.5549276124088,-78.0860586246611,-5.83333333333333));
#1675=CARTESIAN_POINT('Ctrl Pts',(-67.5274646259227,-78.0833345484915,-5.8333767894634));
#1676=CARTESIAN_POINT('Ctrl Pts',(-67.500000923872,-78.0833343661544,-5.83348022863404));
#1677=CARTESIAN_POINT('Ctrl Pts',(-67.5982271716658,-78.0097444904906,-5.75));
#1678=CARTESIAN_POINT('Ctrl Pts',(-67.5659129501161,-78.0032701171353,-5.75));
#1679=CARTESIAN_POINT('Ctrl Pts',(-67.5329573560924,-78.0000011622906,-5.75));
#1680=CARTESIAN_POINT('Ctrl Pts',(-67.500000923872,-78.0000011622906,-5.75));
#1681=CARTESIAN_POINT('',(-67.500000923872,-78.2500007738821,-6.00044068590211));
#1682=CARTESIAN_POINT('',(-67.500000923872,-78.0000011622906,-5.75));
#1683=CARTESIAN_POINT('Ctrl Pts',(-67.500000923872,-78.2500007738821,-6.00044068590211));
#1684=CARTESIAN_POINT('Ctrl Pts',(-67.5164791655833,-78.2500013208932,-6.0001303683902));
#1685=CARTESIAN_POINT('Ctrl Pts',(-67.5329569369941,-78.2516356397129,-6.));
#1686=CARTESIAN_POINT('Ctrl Pts',(-67.5491140477689,-78.2548728263906,-6.));
#1687=CARTESIAN_POINT('Ctrl Pts',(-67.5982271716658,-78.0097444904906,-5.75));
#1688=CARTESIAN_POINT('Ctrl Pts',(-67.5659129501161,-78.0032701171353,-5.75));
#1689=CARTESIAN_POINT('Ctrl Pts',(-67.5329573560924,-78.0000011622906,-5.75));
#1690=CARTESIAN_POINT('Ctrl Pts',(-67.500000923872,-78.0000011622906,-5.75));
#1691=CARTESIAN_POINT('Ctrl Pts',(-67.500000923872,-78.2500007738821,-6.00044068590211));
#1692=CARTESIAN_POINT('Ctrl Pts',(-67.4713259057111,-78.2499998219874,-6.00098069256337));
#1693=CARTESIAN_POINT('Ctrl Pts',(-67.4426508875502,-78.2499976829074,-6.00201583180163));
#1694=CARTESIAN_POINT('Ctrl Pts',(-67.4139758693893,-78.2499760962375,-6.00354011274423));
#1695=CARTESIAN_POINT('Ctrl Pts',(-67.500000923872,-78.1666675700183,-5.91696045726808));
#1696=CARTESIAN_POINT('Ctrl Pts',(-67.4713259057111,-78.1666669354218,-5.91732046170891));
#1697=CARTESIAN_POINT('Ctrl Pts',(-67.4426508875502,-78.1666655093685,-5.91801055453442));
#1698=CARTESIAN_POINT('Ctrl Pts',(-67.4139758693893,-78.1666511182552,-5.91902674182949));
#1699=CARTESIAN_POINT('Ctrl Pts',(-67.500000923872,-78.0833343661544,-5.83348022863404));
#1700=CARTESIAN_POINT('Ctrl Pts',(-67.4713259057111,-78.0833340488562,-5.83366023085446));
#1701=CARTESIAN_POINT('Ctrl Pts',(-67.4426508875502,-78.0833333358295,-5.83400527726721));
#1702=CARTESIAN_POINT('Ctrl Pts',(-67.4139758693893,-78.0833261402729,-5.83451337091474));
#1703=CARTESIAN_POINT('Ctrl Pts',(-67.500000923872,-78.0000011622906,-5.75));
#1704=CARTESIAN_POINT('Ctrl Pts',(-67.4713259057111,-78.0000011622906,-5.75));
#1705=CARTESIAN_POINT('Ctrl Pts',(-67.4426508875502,-78.0000011622906,-5.75));
#1706=CARTESIAN_POINT('Ctrl Pts',(-67.4139758693893,-78.0000011622906,-5.75));
#1707=CARTESIAN_POINT('Ctrl Pts',(-67.4139758693893,-78.2499760962375,-6.00354011274423));
#1708=CARTESIAN_POINT('Ctrl Pts',(-67.4426508875502,-78.2499976829074,-6.00201583180163));
#1709=CARTESIAN_POINT('Ctrl Pts',(-67.4713259057111,-78.2499998219874,-6.00098069256337));
#1710=CARTESIAN_POINT('Ctrl Pts',(-67.500000923872,-78.2500007738821,-6.00044068590211));
#1711=CARTESIAN_POINT('Ctrl Pts',(-63.9854562908218,-78.0000011622906,-7.61145748788485));
#1712=CARTESIAN_POINT('Ctrl Pts',(-63.973595611965,-78.0000011622906,-7.7409716585899));
#1713=CARTESIAN_POINT('Ctrl Pts',(-63.9617349331083,-78.0000011622906,-7.87048582929495));
#1714=CARTESIAN_POINT('Ctrl Pts',(-63.9498742542515,-78.0000011622906,-8.));
#1715=CARTESIAN_POINT('Ctrl Pts',(-64.102159015685,-78.0124080409239,-7.72914150514482));
#1716=CARTESIAN_POINT('Ctrl Pts',(-64.0519230794066,-78.0041616588985,-7.81942725612942));
#1717=CARTESIAN_POINT('Ctrl Pts',(-64.0008991325717,-78.0000011622906,-7.90971362806145));
#1718=CARTESIAN_POINT('Ctrl Pts',(-63.9498742542515,-78.0000011622906,-8.));
#1719=CARTESIAN_POINT('Ctrl Pts',(-64.2188617405481,-78.0248149195572,-7.84682552240479));
#1720=CARTESIAN_POINT('Ctrl Pts',(-64.1302505468481,-78.0083221555063,-7.89788285366895));
#1721=CARTESIAN_POINT('Ctrl Pts',(-64.0400633320352,-78.0000011622906,-7.94894142682795));
#1722=CARTESIAN_POINT('Ctrl Pts',(-63.9498742542515,-78.0000011622906,-8.));
#1723=CARTESIAN_POINT('Ctrl Pts',(-64.3355644654113,-78.0372217981905,-7.96450953966476));
#1724=CARTESIAN_POINT('Ctrl Pts',(-64.2085780142896,-78.0124826521142,-7.97633845120847));
#1725=CARTESIAN_POINT('Ctrl Pts',(-64.0792275314987,-78.0000011622906,-7.98816922559446));
#1726=CARTESIAN_POINT('Ctrl Pts',(-63.9498742542515,-78.0000011622906,-8.));
#1727=CARTESIAN_POINT('Ctrl Pts',(-63.9498742542515,-78.0000011622906,-8.));
#1728=CARTESIAN_POINT('Ctrl Pts',(-64.0792275314987,-78.0000011622906,-7.98816922559446));
#1729=CARTESIAN_POINT('Ctrl Pts',(-64.2085780142896,-78.0124826521142,-7.97633845120847));
#1730=CARTESIAN_POINT('Ctrl Pts',(-64.3355644654113,-78.0372217981905,-7.96450953966476));
#1731=CARTESIAN_POINT('Ctrl Pts',(-53.0372215597201,-89.3355644890821,-7.9645095399645));
#1732=CARTESIAN_POINT('Ctrl Pts',(-53.0124824136782,-89.2085780380545,-7.97633845140833));
#1733=CARTESIAN_POINT('Ctrl Pts',(-53.000000923872,-89.0792275553621,-7.98816922569439));
#1734=CARTESIAN_POINT('Ctrl Pts',(-53.000000923872,-88.9498742782135,-8.));
#1735=CARTESIAN_POINT('Ctrl Pts',(-53.0248146811041,-89.2188617642157,-7.84682552270404));
#1736=CARTESIAN_POINT('Ctrl Pts',(-53.0083219170762,-89.1302505706118,-7.89788285386847));
#1737=CARTESIAN_POINT('Ctrl Pts',(-53.000000923872,-89.0400633558981,-7.94894142692772));
#1738=CARTESIAN_POINT('Ctrl Pts',(-53.000000923872,-88.9498742782135,-8.));
#1739=CARTESIAN_POINT('Ctrl Pts',(-53.012407802488,-89.1021590393493,-7.72914150544359));
#1740=CARTESIAN_POINT('Ctrl Pts',(-53.0041614204741,-89.0519231031692,-7.81942725632861));
#1741=CARTESIAN_POINT('Ctrl Pts',(-53.000000923872,-89.0008991564341,-7.90971362816105));
#1742=CARTESIAN_POINT('Ctrl Pts',(-53.000000923872,-88.9498742782135,-8.));
#1743=CARTESIAN_POINT('Ctrl Pts',(-53.000000923872,-88.985456314483,-7.61145748818313));
#1744=CARTESIAN_POINT('Ctrl Pts',(-53.000000923872,-88.9735956357265,-7.74097165878875));
#1745=CARTESIAN_POINT('Ctrl Pts',(-53.000000923872,-88.96173495697,-7.87048582939438));
#1746=CARTESIAN_POINT('Ctrl Pts',(-53.000000923872,-88.9498742782135,-8.));
#1747=CARTESIAN_POINT('Ctrl Pts',(-53.0372215597201,-89.3355644890821,-7.9645095399645));
#1748=CARTESIAN_POINT('Ctrl Pts',(-53.0124824136782,-89.2085780380545,-7.97633845140833));
#1749=CARTESIAN_POINT('Ctrl Pts',(-53.000000923872,-89.0792275553621,-7.98816922569439));
#1750=CARTESIAN_POINT('Ctrl Pts',(-53.000000923872,-88.9498742782135,-8.));
#1751=CARTESIAN_POINT('Ctrl Pts',(-53.000000923872,-88.9498742782135,-8.));
#1752=CARTESIAN_POINT('Ctrl Pts',(-53.000000923872,-88.96173495697,-7.87048582939438));
#1753=CARTESIAN_POINT('Ctrl Pts',(-53.000000923872,-88.9735956357265,-7.74097165878875));
#1754=CARTESIAN_POINT('Ctrl Pts',(-53.000000923872,-88.985456314483,-7.61145748818313));
#1755=CARTESIAN_POINT('Origin',(-67.500000923872,-78.5000011622906,-6.));
#1756=CARTESIAN_POINT('',(-68.000000923872,-78.5000011622906,-3.25));
#1757=CARTESIAN_POINT('',(-68.000000923872,-78.5000011622906,-6.));
#1758=CARTESIAN_POINT('Origin',(-67.500000923872,-78.5000011622906,-3.25));
#1759=CARTESIAN_POINT('Origin',(-68.000000923872,-78.0000011622906,-6.));
#1760=CARTESIAN_POINT('',(-68.000000923872,-92.5000011622906,-3.25));
#1761=CARTESIAN_POINT('',(-68.000000923872,-92.5000011622906,-6.));
#1762=CARTESIAN_POINT('',(-68.000000923872,-81.7500011622906,-3.25));
#1763=CARTESIAN_POINT('Origin',(-67.500000923872,-92.5000011622906,-6.));
#1764=CARTESIAN_POINT('',(-67.500000923872,-93.0000011622906,-3.25));
#1765=CARTESIAN_POINT('',(-67.500000923872,-93.0000011622906,-6.));
#1766=CARTESIAN_POINT('Origin',(-67.500000923872,-92.5000011622906,-3.25));
#1767=CARTESIAN_POINT('Origin',(-68.000000923872,-93.0000011622906,-6.));
#1768=CARTESIAN_POINT('',(-53.500000923872,-93.0000011622906,-3.25));
#1769=CARTESIAN_POINT('',(-53.500000923872,-93.0000011622906,-6.));
#1770=CARTESIAN_POINT('',(-64.250000923872,-93.0000011622906,-3.25));
#1771=CARTESIAN_POINT('Origin',(-60.500000923872,-85.5000011622906,-6.));
#1772=CARTESIAN_POINT('Origin',(-55.000000923872,-88.9498742782135,-6.));
#1773=CARTESIAN_POINT('Origin',(-60.500000923872,-85.5000011622906,-6.));
#1774=CARTESIAN_POINT('Origin',(-54.,-79.,-6.));
#1775=CARTESIAN_POINT('Origin',(-53.500000923872,-92.5000011622906,-6.));
#1776=CARTESIAN_POINT('',(-53.000000923872,-92.5000011622906,-3.25));
#1777=CARTESIAN_POINT('',(-53.000000923872,-92.5000011622906,-6.));
#1778=CARTESIAN_POINT('Origin',(-53.500000923872,-92.5000011622906,-3.25));
#1779=CARTESIAN_POINT('Origin',(-53.000000923872,-83.,-6.));
#1780=CARTESIAN_POINT('',(-53.000000923872,-85.,-3.25));
#1781=CARTESIAN_POINT('',(-53.000000923872,-85.,7.5));
#1782=CARTESIAN_POINT('',(-53.000000923872,-84.2500005811453,-3.25));
#1783=CARTESIAN_POINT('Origin',(-55.000000923872,-88.9498742782135,-8.));
#1784=CARTESIAN_POINT('Origin',(-55.4000012934208,-92.9298239894989,-8.));
#1785=CARTESIAN_POINT('Origin',(-54.,-79.,-8.));
#1786=CARTESIAN_POINT('Origin',(-67.9298239559521,-80.4000016272068,-8.));
#1787=CARTESIAN_POINT('Origin',(-63.9498742542515,-80.0000011622906,-8.));
#1788=CARTESIAN_POINT('Origin',(-63.9498742542515,-80.0000011622906,-6.));
#1789=CARTESIAN_POINT('Origin',(-60.500000923872,-85.5000011622906,-6.));
#1790=CARTESIAN_POINT('Origin',(-60.125,-82.2500005811453,-3.125));
#1791=CARTESIAN_POINT('',(-60.25,-78.2500011622906,-3.));
#1792=CARTESIAN_POINT('',(-60.25,-79.,-3.));
#1793=CARTESIAN_POINT('',(-60.25,-82.2500005811453,-3.));
#1794=CARTESIAN_POINT('',(-60.,-79.,-3.25000000000001));
#1795=CARTESIAN_POINT('',(-60.25,-79.,-3.));
#1796=CARTESIAN_POINT('',(-60.,-82.2500005811453,-3.25));
#1797=CARTESIAN_POINT('',(-60.25,-78.2500011622906,-3.));
#1798=CARTESIAN_POINT('Origin',(-54.,-79.,-3.125));
#1799=CARTESIAN_POINT('',(-54.,-85.25,-3.));
#1800=CARTESIAN_POINT('',(-54.,-85.,-3.25));
#1801=CARTESIAN_POINT('',(-54.,-85.25,-3.));
#1802=CARTESIAN_POINT('Origin',(-54.,-79.,-3.25));
#1803=CARTESIAN_POINT('Origin',(-54.,-79.,-3.));
#1804=CARTESIAN_POINT('Origin',(-3.25000046193599,-85.125,-3.125));
#1805=CARTESIAN_POINT('',(-3.25000046193599,-85.,-3.25));
#1806=CARTESIAN_POINT('',(-53.250000923872,-85.25,-3.));
#1807=CARTESIAN_POINT('',(-3.25000046193599,-85.25,-3.));
#1808=CARTESIAN_POINT('',(-53.250000923872,-85.25,-3.));
#1809=CARTESIAN_POINT('Origin',(-53.125000923872,-84.2500005811453,-3.125));
#1810=CARTESIAN_POINT('',(-53.250000923872,-92.5000011622906,-3.));
#1811=CARTESIAN_POINT('',(-53.250000923872,-84.2500005811453,-3.));
#1812=CARTESIAN_POINT('',(-53.250000923872,-92.5000011622906,-3.));
#1813=CARTESIAN_POINT('Origin',(-53.500000923872,-92.5000011622906,-3.125));
#1814=CARTESIAN_POINT('',(-53.500000923872,-92.7500011622905,-3.));
#1815=CARTESIAN_POINT('',(-53.500000923872,-92.7500011622905,-3.));
#1816=CARTESIAN_POINT('Origin',(-53.500000923872,-92.5000011622906,-3.));
#1817=CARTESIAN_POINT('Origin',(-64.250000923872,-92.8750011622906,-3.125));
#1818=CARTESIAN_POINT('',(-67.500000923872,-92.7500011622906,-3.));
#1819=CARTESIAN_POINT('',(-67.500000923872,-92.7500011622906,-3.));
#1820=CARTESIAN_POINT('',(-64.250000923872,-92.7500011622906,-3.));
#1821=CARTESIAN_POINT('Origin',(-67.500000923872,-92.5000011622906,-3.125));
#1822=CARTESIAN_POINT('',(-67.750000923872,-92.5000011622906,-3.));
#1823=CARTESIAN_POINT('',(-67.750000923872,-92.5000011622906,-3.));
#1824=CARTESIAN_POINT('Origin',(-67.500000923872,-92.5000011622906,-3.));
#1825=CARTESIAN_POINT('Origin',(-67.875000923872,-81.7500011622906,-3.125));
#1826=CARTESIAN_POINT('',(-67.750000923872,-78.5000011622906,-3.));
#1827=CARTESIAN_POINT('',(-67.750000923872,-78.5000011622906,-3.));
#1828=CARTESIAN_POINT('',(-67.750000923872,-81.7500011622906,-3.));
#1829=CARTESIAN_POINT('Origin',(-67.500000923872,-78.5000011622906,-3.125));
#1830=CARTESIAN_POINT('',(-67.500000923872,-78.2500011622906,-3.));
#1831=CARTESIAN_POINT('',(-67.500000923872,-78.2500011622906,-3.));
#1832=CARTESIAN_POINT('Origin',(-67.500000923872,-78.5000011622906,-3.));
#1833=CARTESIAN_POINT('Origin',(-61.250000461936,-78.1250011622906,-3.125));
#1834=CARTESIAN_POINT('',(-61.250000461936,-78.2500011622906,-3.));
#1835=CARTESIAN_POINT('Origin',(-60.,-79.,21.));
#1836=CARTESIAN_POINT('',(-60.,-79.,-26.));
#1837=CARTESIAN_POINT('Origin',(-60.500000923872,-85.5000011622906,-3.));
#1838=CARTESIAN_POINT('Origin',(-54.,-79.,21.));
#1839=CARTESIAN_POINT('',(-54.,-85.,-26.));
#1840=CARTESIAN_POINT('Origin',(54.,-85.,21.));
#1841=UNCERTAINTY_MEASURE_WITH_UNIT(LENGTH_MEASURE(0.01),#1845,
'DISTANCE_ACCURACY_VALUE',
'Maximum model space distance between geometric entities at asserted c
onnectivities');
#1842=UNCERTAINTY_MEASURE_WITH_UNIT(LENGTH_MEASURE(0.01),#1845,
'DISTANCE_ACCURACY_VALUE',
'Maximum model space distance between geometric entities at asserted c
onnectivities');
#1843=(
GEOMETRIC_REPRESENTATION_CONTEXT(3)
GLOBAL_UNCERTAINTY_ASSIGNED_CONTEXT((#1841))
GLOBAL_UNIT_ASSIGNED_CONTEXT((#1845,#1847,#1848))
REPRESENTATION_CONTEXT('','3D')
);
#1844=(
GEOMETRIC_REPRESENTATION_CONTEXT(3)
GLOBAL_UNCERTAINTY_ASSIGNED_CONTEXT((#1842))
GLOBAL_UNIT_ASSIGNED_CONTEXT((#1845,#1847,#1848))
REPRESENTATION_CONTEXT('','3D')
);
#1845=(
LENGTH_UNIT()
NAMED_UNIT(*)
SI_UNIT(.MILLI.,.METRE.)
);
#1846=(
LENGTH_UNIT()
NAMED_UNIT(*)
SI_UNIT($,.METRE.)
);
#1847=(
NAMED_UNIT(*)
PLANE_ANGLE_UNIT()
SI_UNIT($,.RADIAN.)
);
#1848=(
NAMED_UNIT(*)
SI_UNIT($,.STERADIAN.)
SOLID_ANGLE_UNIT()
);
#1849=SHAPE_DEFINITION_REPRESENTATION(#1850,#1851);
#1850=PRODUCT_DEFINITION_SHAPE('',$,#1853);
#1851=SHAPE_REPRESENTATION('',(#852),#1843);
#1852=PRODUCT_DEFINITION_CONTEXT('part definition',#1857,'design');
#1853=PRODUCT_DEFINITION('2026-08-22-09-00-41-874','Leg',#1854,#1852);
#1854=PRODUCT_DEFINITION_FORMATION('',$,#1859);
#1855=PRODUCT_RELATED_PRODUCT_CATEGORY('Leg','Leg',(#1859));
#1856=APPLICATION_PROTOCOL_DEFINITION('international standard',
'automotive_design',2009,#1857);
#1857=APPLICATION_CONTEXT(
'Core Data for Automotive Mechanical Design Process');
#1858=PRODUCT_CONTEXT('part definition',#1857,'mechanical');
#1859=PRODUCT('2026-08-22-09-00-41-874','Leg',$,(#1858));
#1860=PRESENTATION_STYLE_ASSIGNMENT((#1861));
#1861=SURFACE_STYLE_USAGE(.BOTH.,#1862);
#1862=SURFACE_SIDE_STYLE('',(#1863));
#1863=SURFACE_STYLE_FILL_AREA(#1864);
#1864=FILL_AREA_STYLE('Steel - Satin',(#1865));
#1865=FILL_AREA_STYLE_COLOUR('Steel - Satin',#1866);
#1866=COLOUR_RGB('Steel - Satin',0.627450980392157,0.627450980392157,0.627450980392157);
ENDSEC;
END-ISO-10303-21;
