ISO-10303-21;
HEADER;
/* Generated by software containing ST-Developer
 * from STEP Tools, Inc. (www.steptools.com) 
 */

FILE_DESCRIPTION(
/* description */ (''),
/* implementation_level */ '2;1');

FILE_NAME(
/* name */ 'Stacking Legs.step',
/* time_stamp */ '2026-08-23T20:11:03-07:00',
/* author */ (''),
/* organization */ (''),
/* preprocessor_version */ 'ST-DEVELOPER v20.1',
/* originating_system */ 'Autodesk Translation Framework v15.8.0.0',
/* authorisation */ '');

FILE_SCHEMA (('AUTOMOTIVE_DESIGN { 1 0 10303 214 3 1 1 }'));
ENDSEC;

DATA;
#10=MECHANICAL_DESIGN_GEOMETRIC_PRESENTATION_REPRESENTATION('',(#13),#11455);
#11=SHAPE_REPRESENTATION_RELATIONSHIP('SRR','None',#11462,#12);
#12=ADVANCED_BREP_SHAPE_REPRESENTATION('',(#14),#11454);
#13=STYLED_ITEM('',(#11472),#14);
#14=MANIFOLD_SOLID_BREP('Body1',#4261);
#15=FACE_BOUND('',#1525,.T.);
#16=FACE_BOUND('',#1527,.T.);
#17=FACE_BOUND('',#1533,.T.);
#18=TOROIDAL_SURFACE('',#4322,4.,2.);
#19=TOROIDAL_SURFACE('',#4324,14.,2.);
#20=TOROIDAL_SURFACE('',#4326,4.,2.);
#21=TOROIDAL_SURFACE('',#4383,4.,2.);
#22=TOROIDAL_SURFACE('',#4385,14.,2.);
#23=TOROIDAL_SURFACE('',#4387,4.,2.);
#24=TOROIDAL_SURFACE('',#4444,4.,2.);
#25=TOROIDAL_SURFACE('',#4446,14.,2.);
#26=TOROIDAL_SURFACE('',#4448,4.,2.);
#27=TOROIDAL_SURFACE('',#4505,4.,2.);
#28=TOROIDAL_SURFACE('',#4507,14.,2.);
#29=TOROIDAL_SURFACE('',#4509,4.,2.);
#30=CONICAL_SURFACE('',#4296,0.374999999999997,0.785398163397459);
#31=CONICAL_SURFACE('',#4301,0.374999999999997,0.785398163397459);
#32=CONICAL_SURFACE('',#4306,0.375,0.785398163397447);
#33=CONICAL_SURFACE('',#4330,6.125,0.785398163397462);
#34=CONICAL_SURFACE('',#4335,0.374999999999997,0.785398163397459);
#35=CONICAL_SURFACE('',#4338,0.374999999999997,0.785398163397459);
#36=CONICAL_SURFACE('',#4341,0.375,0.785398163397447);
#37=CONICAL_SURFACE('',#4357,0.374999999999997,0.785398163397459);
#38=CONICAL_SURFACE('',#4362,0.374999999999997,0.785398163397459);
#39=CONICAL_SURFACE('',#4367,0.375,0.785398163397447);
#40=CONICAL_SURFACE('',#4391,6.125,0.785398163397462);
#41=CONICAL_SURFACE('',#4396,0.374999999999997,0.785398163397459);
#42=CONICAL_SURFACE('',#4399,0.374999999999997,0.785398163397459);
#43=CONICAL_SURFACE('',#4402,0.375,0.785398163397447);
#44=CONICAL_SURFACE('',#4418,0.374999999999997,0.785398163397459);
#45=CONICAL_SURFACE('',#4423,0.374999999999997,0.785398163397459);
#46=CONICAL_SURFACE('',#4428,0.375,0.785398163397447);
#47=CONICAL_SURFACE('',#4452,6.125,0.785398163397462);
#48=CONICAL_SURFACE('',#4457,0.374999999999997,0.785398163397459);
#49=CONICAL_SURFACE('',#4460,0.374999999999997,0.785398163397459);
#50=CONICAL_SURFACE('',#4463,0.375,0.785398163397447);
#51=CONICAL_SURFACE('',#4479,0.374999999999997,0.785398163397459);
#52=CONICAL_SURFACE('',#4484,0.374999999999997,0.785398163397459);
#53=CONICAL_SURFACE('',#4489,0.375,0.785398163397447);
#54=CONICAL_SURFACE('',#4513,6.125,0.785398163397462);
#55=CONICAL_SURFACE('',#4518,0.374999999999997,0.785398163397459);
#56=CONICAL_SURFACE('',#4521,0.374999999999997,0.785398163397459);
#57=CONICAL_SURFACE('',#4524,0.375,0.785398163397447);
#58=CYLINDRICAL_SURFACE('',#4290,2.);
#59=CYLINDRICAL_SURFACE('',#4292,12.);
#60=CYLINDRICAL_SURFACE('',#4294,2.);
#61=CYLINDRICAL_SURFACE('',#4309,0.5);
#62=CYLINDRICAL_SURFACE('',#4312,0.5);
#63=CYLINDRICAL_SURFACE('',#4319,0.5);
#64=CYLINDRICAL_SURFACE('',#4346,6.);
#65=CYLINDRICAL_SURFACE('',#4351,2.);
#66=CYLINDRICAL_SURFACE('',#4353,12.);
#67=CYLINDRICAL_SURFACE('',#4355,2.);
#68=CYLINDRICAL_SURFACE('',#4370,0.5);
#69=CYLINDRICAL_SURFACE('',#4373,0.5);
#70=CYLINDRICAL_SURFACE('',#4380,0.5);
#71=CYLINDRICAL_SURFACE('',#4407,6.);
#72=CYLINDRICAL_SURFACE('',#4412,2.);
#73=CYLINDRICAL_SURFACE('',#4414,12.);
#74=CYLINDRICAL_SURFACE('',#4416,2.);
#75=CYLINDRICAL_SURFACE('',#4431,0.5);
#76=CYLINDRICAL_SURFACE('',#4434,0.5);
#77=CYLINDRICAL_SURFACE('',#4441,0.5);
#78=CYLINDRICAL_SURFACE('',#4468,6.);
#79=CYLINDRICAL_SURFACE('',#4473,2.);
#80=CYLINDRICAL_SURFACE('',#4475,12.);
#81=CYLINDRICAL_SURFACE('',#4477,2.);
#82=CYLINDRICAL_SURFACE('',#4492,0.5);
#83=CYLINDRICAL_SURFACE('',#4495,0.5);
#84=CYLINDRICAL_SURFACE('',#4502,0.5);
#85=CYLINDRICAL_SURFACE('',#4529,6.);
#86=CYLINDRICAL_SURFACE('',#4534,6.);
#87=CYLINDRICAL_SURFACE('',#4542,6.00000000000001);
#88=CYLINDRICAL_SURFACE('',#4549,6.);
#89=CYLINDRICAL_SURFACE('',#4554,6.00000000000001);
#90=CYLINDRICAL_SURFACE('',#4560,1.99999999999999);
#91=CYLINDRICAL_SURFACE('',#4564,1.99999999999999);
#92=CYLINDRICAL_SURFACE('',#4578,2.);
#93=CYLINDRICAL_SURFACE('',#4580,2.00000000000001);
#94=PLANE('',#4289);
#95=PLANE('',#4299);
#96=PLANE('',#4300);
#97=PLANE('',#4304);
#98=PLANE('',#4305);
#99=PLANE('',#4311);
#100=PLANE('',#4314);
#101=PLANE('',#4315);
#102=PLANE('',#4317);
#103=PLANE('',#4321);
#104=PLANE('',#4328);
#105=PLANE('',#4329);
#106=PLANE('',#4333);
#107=PLANE('',#4334);
#108=PLANE('',#4337);
#109=PLANE('',#4340);
#110=PLANE('',#4343);
#111=PLANE('',#4344);
#112=PLANE('',#4345);
#113=PLANE('',#4347);
#114=PLANE('',#4350);
#115=PLANE('',#4360);
#116=PLANE('',#4361);
#117=PLANE('',#4365);
#118=PLANE('',#4366);
#119=PLANE('',#4372);
#120=PLANE('',#4375);
#121=PLANE('',#4376);
#122=PLANE('',#4378);
#123=PLANE('',#4382);
#124=PLANE('',#4389);
#125=PLANE('',#4390);
#126=PLANE('',#4394);
#127=PLANE('',#4395);
#128=PLANE('',#4398);
#129=PLANE('',#4401);
#130=PLANE('',#4404);
#131=PLANE('',#4405);
#132=PLANE('',#4406);
#133=PLANE('',#4408);
#134=PLANE('',#4411);
#135=PLANE('',#4421);
#136=PLANE('',#4422);
#137=PLANE('',#4426);
#138=PLANE('',#4427);
#139=PLANE('',#4433);
#140=PLANE('',#4436);
#141=PLANE('',#4437);
#142=PLANE('',#4439);
#143=PLANE('',#4443);
#144=PLANE('',#4450);
#145=PLANE('',#4451);
#146=PLANE('',#4455);
#147=PLANE('',#4456);
#148=PLANE('',#4459);
#149=PLANE('',#4462);
#150=PLANE('',#4465);
#151=PLANE('',#4466);
#152=PLANE('',#4467);
#153=PLANE('',#4469);
#154=PLANE('',#4472);
#155=PLANE('',#4482);
#156=PLANE('',#4483);
#157=PLANE('',#4487);
#158=PLANE('',#4488);
#159=PLANE('',#4494);
#160=PLANE('',#4497);
#161=PLANE('',#4498);
#162=PLANE('',#4500);
#163=PLANE('',#4504);
#164=PLANE('',#4511);
#165=PLANE('',#4512);
#166=PLANE('',#4516);
#167=PLANE('',#4517);
#168=PLANE('',#4520);
#169=PLANE('',#4523);
#170=PLANE('',#4526);
#171=PLANE('',#4527);
#172=PLANE('',#4528);
#173=PLANE('',#4530);
#174=PLANE('',#4531);
#175=PLANE('',#4532);
#176=PLANE('',#4533);
#177=PLANE('',#4536);
#178=PLANE('',#4537);
#179=PLANE('',#4538);
#180=PLANE('',#4539);
#181=PLANE('',#4540);
#182=PLANE('',#4541);
#183=PLANE('',#4544);
#184=PLANE('',#4545);
#185=PLANE('',#4546);
#186=PLANE('',#4547);
#187=PLANE('',#4548);
#188=PLANE('',#4551);
#189=PLANE('',#4552);
#190=PLANE('',#4553);
#191=PLANE('',#4556);
#192=PLANE('',#4557);
#193=PLANE('',#4558);
#194=PLANE('',#4559);
#195=PLANE('',#4563);
#196=PLANE('',#4567);
#197=PLANE('',#4568);
#198=PLANE('',#4569);
#199=PLANE('',#4570);
#200=PLANE('',#4571);
#201=PLANE('',#4574);
#202=PLANE('',#4577);
#203=PLANE('',#4579);
#204=PLANE('',#4581);
#205=CIRCLE('',#4275,2.);
#206=CIRCLE('',#4276,12.);
#207=CIRCLE('',#4277,2.);
#208=CIRCLE('',#4278,2.);
#209=CIRCLE('',#4279,12.);
#210=CIRCLE('',#4280,2.);
#211=CIRCLE('',#4281,2.);
#212=CIRCLE('',#4282,12.);
#213=CIRCLE('',#4283,2.);
#214=CIRCLE('',#4284,2.);
#215=CIRCLE('',#4285,12.);
#216=CIRCLE('',#4286,2.);
#217=CIRCLE('',#4287,6.00000000000001);
#218=CIRCLE('',#4288,6.);
#219=CIRCLE('',#4291,2.);
#220=CIRCLE('',#4293,12.);
#221=CIRCLE('',#4295,2.);
#222=CIRCLE('',#4297,0.5);
#223=CIRCLE('',#4298,0.249999999999994);
#224=CIRCLE('',#4302,0.5);
#225=CIRCLE('',#4303,0.249999999999994);
#226=CIRCLE('',#4307,0.250000000000001);
#227=CIRCLE('',#4308,0.5);
#228=CIRCLE('',#4310,0.5);
#229=CIRCLE('',#4313,0.5);
#230=CIRCLE('',#4316,4.);
#231=CIRCLE('',#4318,14.);
#232=CIRCLE('',#4320,0.5);
#233=CIRCLE('',#4323,2.);
#234=CIRCLE('',#4325,2.);
#235=CIRCLE('',#4327,4.);
#236=CIRCLE('',#4331,6.);
#237=CIRCLE('',#4332,6.25);
#238=CIRCLE('',#4336,0.249999999999994);
#239=CIRCLE('',#4339,0.249999999999994);
#240=CIRCLE('',#4342,0.250000000000001);
#241=CIRCLE('',#4348,6.00000000000001);
#242=CIRCLE('',#4349,6.);
#243=CIRCLE('',#4352,2.);
#244=CIRCLE('',#4354,12.);
#245=CIRCLE('',#4356,2.);
#246=CIRCLE('',#4358,0.5);
#247=CIRCLE('',#4359,0.249999999999994);
#248=CIRCLE('',#4363,0.5);
#249=CIRCLE('',#4364,0.249999999999994);
#250=CIRCLE('',#4368,0.25);
#251=CIRCLE('',#4369,0.5);
#252=CIRCLE('',#4371,0.5);
#253=CIRCLE('',#4374,0.5);
#254=CIRCLE('',#4377,4.);
#255=CIRCLE('',#4379,14.);
#256=CIRCLE('',#4381,0.5);
#257=CIRCLE('',#4384,2.);
#258=CIRCLE('',#4386,2.);
#259=CIRCLE('',#4388,4.);
#260=CIRCLE('',#4392,6.);
#261=CIRCLE('',#4393,6.25);
#262=CIRCLE('',#4397,0.249999999999994);
#263=CIRCLE('',#4400,0.249999999999994);
#264=CIRCLE('',#4403,0.25);
#265=CIRCLE('',#4409,6.);
#266=CIRCLE('',#4410,6.);
#267=CIRCLE('',#4413,2.);
#268=CIRCLE('',#4415,12.);
#269=CIRCLE('',#4417,2.);
#270=CIRCLE('',#4419,0.5);
#271=CIRCLE('',#4420,0.249999999999994);
#272=CIRCLE('',#4424,0.5);
#273=CIRCLE('',#4425,0.249999999999994);
#274=CIRCLE('',#4429,0.250000000000001);
#275=CIRCLE('',#4430,0.5);
#276=CIRCLE('',#4432,0.5);
#277=CIRCLE('',#4435,0.5);
#278=CIRCLE('',#4438,4.);
#279=CIRCLE('',#4440,14.);
#280=CIRCLE('',#4442,0.5);
#281=CIRCLE('',#4445,2.);
#282=CIRCLE('',#4447,2.);
#283=CIRCLE('',#4449,4.);
#284=CIRCLE('',#4453,6.);
#285=CIRCLE('',#4454,6.25);
#286=CIRCLE('',#4458,0.249999999999994);
#287=CIRCLE('',#4461,0.249999999999994);
#288=CIRCLE('',#4464,0.250000000000001);
#289=CIRCLE('',#4470,6.);
#290=CIRCLE('',#4471,6.);
#291=CIRCLE('',#4474,2.);
#292=CIRCLE('',#4476,12.);
#293=CIRCLE('',#4478,2.);
#294=CIRCLE('',#4480,0.5);
#295=CIRCLE('',#4481,0.249999999999994);
#296=CIRCLE('',#4485,0.5);
#297=CIRCLE('',#4486,0.249999999999994);
#298=CIRCLE('',#4490,0.25);
#299=CIRCLE('',#4491,0.5);
#300=CIRCLE('',#4493,0.5);
#301=CIRCLE('',#4496,0.5);
#302=CIRCLE('',#4499,4.);
#303=CIRCLE('',#4501,14.);
#304=CIRCLE('',#4503,0.5);
#305=CIRCLE('',#4506,2.);
#306=CIRCLE('',#4508,2.);
#307=CIRCLE('',#4510,4.);
#308=CIRCLE('',#4514,6.);
#309=CIRCLE('',#4515,6.25);
#310=CIRCLE('',#4519,0.249999999999994);
#311=CIRCLE('',#4522,0.249999999999994);
#312=CIRCLE('',#4525,0.25);
#313=CIRCLE('',#4535,6.);
#314=CIRCLE('',#4543,6.00000000000001);
#315=CIRCLE('',#4550,6.);
#316=CIRCLE('',#4555,6.00000000000001);
#317=CIRCLE('',#4561,1.99999999999999);
#318=CIRCLE('',#4562,1.99999999999999);
#319=CIRCLE('',#4565,1.99999999999999);
#320=CIRCLE('',#4566,1.99999999999999);
#321=CIRCLE('',#4572,2.00000000000001);
#322=CIRCLE('',#4573,2.);
#323=CIRCLE('',#4575,2.00000000000001);
#324=CIRCLE('',#4576,2.);
#325=LINE('',#6432,#681);
#326=LINE('',#6434,#682);
#327=LINE('',#6442,#683);
#328=LINE('',#6443,#684);
#329=LINE('',#7226,#685);
#330=LINE('',#7228,#686);
#331=LINE('',#7236,#687);
#332=LINE('',#7237,#688);
#333=LINE('',#8020,#689);
#334=LINE('',#8022,#690);
#335=LINE('',#8030,#691);
#336=LINE('',#8031,#692);
#337=LINE('',#8909,#693);
#338=LINE('',#8911,#694);
#339=LINE('',#8919,#695);
#340=LINE('',#8920,#696);
#341=LINE('',#8986,#697);
#342=LINE('',#8988,#698);
#343=LINE('',#8991,#699);
#344=LINE('',#8993,#700);
#345=LINE('',#8997,#701);
#346=LINE('',#9017,#702);
#347=LINE('',#9019,#703);
#348=LINE('',#9020,#704);
#349=LINE('',#9023,#705);
#350=LINE('',#9027,#706);
#351=LINE('',#9031,#707);
#352=LINE('',#9074,#708);
#353=LINE('',#9078,#709);
#354=LINE('',#9082,#710);
#355=LINE('',#9087,#711);
#356=LINE('',#9088,#712);
#357=LINE('',#9089,#713);
#358=LINE('',#9108,#714);
#359=LINE('',#9135,#715);
#360=LINE('',#9146,#716);
#361=LINE('',#9148,#717);
#362=LINE('',#9149,#718);
#363=LINE('',#9154,#719);
#364=LINE('',#9159,#720);
#365=LINE('',#9161,#721);
#366=LINE('',#9163,#722);
#367=LINE('',#9164,#723);
#368=LINE('',#9183,#724);
#369=LINE('',#9210,#725);
#370=LINE('',#9220,#726);
#371=LINE('',#9221,#727);
#372=LINE('',#9225,#728);
#373=LINE('',#9271,#729);
#374=LINE('',#9297,#730);
#375=LINE('',#9347,#731);
#376=LINE('',#9422,#732);
#377=LINE('',#9426,#733);
#378=LINE('',#9427,#734);
#379=LINE('',#9430,#735);
#380=LINE('',#9434,#736);
#381=LINE('',#9435,#737);
#382=LINE('',#9442,#738);
#383=LINE('',#9446,#739);
#384=LINE('',#9447,#740);
#385=LINE('',#9458,#741);
#386=LINE('',#9460,#742);
#387=LINE('',#9461,#743);
#388=LINE('',#9462,#744);
#389=LINE('',#9466,#745);
#390=LINE('',#9470,#746);
#391=LINE('',#9472,#747);
#392=LINE('',#9473,#748);
#393=LINE('',#9476,#749);
#394=LINE('',#9477,#750);
#395=LINE('',#9480,#751);
#396=LINE('',#9484,#752);
#397=LINE('',#9485,#753);
#398=LINE('',#9488,#754);
#399=LINE('',#9492,#755);
#400=LINE('',#9493,#756);
#401=LINE('',#9496,#757);
#402=LINE('',#9499,#758);
#403=LINE('',#9501,#759);
#404=LINE('',#9504,#760);
#405=LINE('',#9571,#761);
#406=LINE('',#9573,#762);
#407=LINE('',#9576,#763);
#408=LINE('',#9578,#764);
#409=LINE('',#9582,#765);
#410=LINE('',#9602,#766);
#411=LINE('',#9604,#767);
#412=LINE('',#9605,#768);
#413=LINE('',#9608,#769);
#414=LINE('',#9612,#770);
#415=LINE('',#9616,#771);
#416=LINE('',#9659,#772);
#417=LINE('',#9663,#773);
#418=LINE('',#9667,#774);
#419=LINE('',#9672,#775);
#420=LINE('',#9673,#776);
#421=LINE('',#9674,#777);
#422=LINE('',#9693,#778);
#423=LINE('',#9720,#779);
#424=LINE('',#9731,#780);
#425=LINE('',#9733,#781);
#426=LINE('',#9734,#782);
#427=LINE('',#9739,#783);
#428=LINE('',#9744,#784);
#429=LINE('',#9746,#785);
#430=LINE('',#9748,#786);
#431=LINE('',#9749,#787);
#432=LINE('',#9768,#788);
#433=LINE('',#9795,#789);
#434=LINE('',#9805,#790);
#435=LINE('',#9806,#791);
#436=LINE('',#9810,#792);
#437=LINE('',#9856,#793);
#438=LINE('',#9882,#794);
#439=LINE('',#9932,#795);
#440=LINE('',#10007,#796);
#441=LINE('',#10011,#797);
#442=LINE('',#10012,#798);
#443=LINE('',#10015,#799);
#444=LINE('',#10019,#800);
#445=LINE('',#10020,#801);
#446=LINE('',#10027,#802);
#447=LINE('',#10031,#803);
#448=LINE('',#10032,#804);
#449=LINE('',#10043,#805);
#450=LINE('',#10045,#806);
#451=LINE('',#10046,#807);
#452=LINE('',#10047,#808);
#453=LINE('',#10051,#809);
#454=LINE('',#10055,#810);
#455=LINE('',#10057,#811);
#456=LINE('',#10058,#812);
#457=LINE('',#10061,#813);
#458=LINE('',#10062,#814);
#459=LINE('',#10065,#815);
#460=LINE('',#10069,#816);
#461=LINE('',#10070,#817);
#462=LINE('',#10073,#818);
#463=LINE('',#10077,#819);
#464=LINE('',#10078,#820);
#465=LINE('',#10081,#821);
#466=LINE('',#10084,#822);
#467=LINE('',#10086,#823);
#468=LINE('',#10089,#824);
#469=LINE('',#10156,#825);
#470=LINE('',#10158,#826);
#471=LINE('',#10161,#827);
#472=LINE('',#10163,#828);
#473=LINE('',#10167,#829);
#474=LINE('',#10187,#830);
#475=LINE('',#10189,#831);
#476=LINE('',#10190,#832);
#477=LINE('',#10193,#833);
#478=LINE('',#10197,#834);
#479=LINE('',#10201,#835);
#480=LINE('',#10244,#836);
#481=LINE('',#10248,#837);
#482=LINE('',#10252,#838);
#483=LINE('',#10257,#839);
#484=LINE('',#10258,#840);
#485=LINE('',#10259,#841);
#486=LINE('',#10278,#842);
#487=LINE('',#10305,#843);
#488=LINE('',#10316,#844);
#489=LINE('',#10318,#845);
#490=LINE('',#10319,#846);
#491=LINE('',#10324,#847);
#492=LINE('',#10329,#848);
#493=LINE('',#10331,#849);
#494=LINE('',#10333,#850);
#495=LINE('',#10334,#851);
#496=LINE('',#10353,#852);
#497=LINE('',#10380,#853);
#498=LINE('',#10390,#854);
#499=LINE('',#10391,#855);
#500=LINE('',#10395,#856);
#501=LINE('',#10441,#857);
#502=LINE('',#10467,#858);
#503=LINE('',#10517,#859);
#504=LINE('',#10592,#860);
#505=LINE('',#10596,#861);
#506=LINE('',#10597,#862);
#507=LINE('',#10600,#863);
#508=LINE('',#10604,#864);
#509=LINE('',#10605,#865);
#510=LINE('',#10612,#866);
#511=LINE('',#10616,#867);
#512=LINE('',#10617,#868);
#513=LINE('',#10628,#869);
#514=LINE('',#10630,#870);
#515=LINE('',#10631,#871);
#516=LINE('',#10632,#872);
#517=LINE('',#10636,#873);
#518=LINE('',#10640,#874);
#519=LINE('',#10642,#875);
#520=LINE('',#10643,#876);
#521=LINE('',#10646,#877);
#522=LINE('',#10647,#878);
#523=LINE('',#10650,#879);
#524=LINE('',#10654,#880);
#525=LINE('',#10655,#881);
#526=LINE('',#10658,#882);
#527=LINE('',#10662,#883);
#528=LINE('',#10663,#884);
#529=LINE('',#10666,#885);
#530=LINE('',#10669,#886);
#531=LINE('',#10671,#887);
#532=LINE('',#10674,#888);
#533=LINE('',#10741,#889);
#534=LINE('',#10743,#890);
#535=LINE('',#10746,#891);
#536=LINE('',#10748,#892);
#537=LINE('',#10752,#893);
#538=LINE('',#10772,#894);
#539=LINE('',#10774,#895);
#540=LINE('',#10775,#896);
#541=LINE('',#10778,#897);
#542=LINE('',#10782,#898);
#543=LINE('',#10786,#899);
#544=LINE('',#10829,#900);
#545=LINE('',#10833,#901);
#546=LINE('',#10837,#902);
#547=LINE('',#10842,#903);
#548=LINE('',#10843,#904);
#549=LINE('',#10844,#905);
#550=LINE('',#10863,#906);
#551=LINE('',#10890,#907);
#552=LINE('',#10901,#908);
#553=LINE('',#10903,#909);
#554=LINE('',#10904,#910);
#555=LINE('',#10909,#911);
#556=LINE('',#10914,#912);
#557=LINE('',#10916,#913);
#558=LINE('',#10918,#914);
#559=LINE('',#10919,#915);
#560=LINE('',#10938,#916);
#561=LINE('',#10965,#917);
#562=LINE('',#10975,#918);
#563=LINE('',#10976,#919);
#564=LINE('',#10980,#920);
#565=LINE('',#11026,#921);
#566=LINE('',#11052,#922);
#567=LINE('',#11102,#923);
#568=LINE('',#11177,#924);
#569=LINE('',#11181,#925);
#570=LINE('',#11182,#926);
#571=LINE('',#11185,#927);
#572=LINE('',#11189,#928);
#573=LINE('',#11190,#929);
#574=LINE('',#11197,#930);
#575=LINE('',#11201,#931);
#576=LINE('',#11202,#932);
#577=LINE('',#11213,#933);
#578=LINE('',#11215,#934);
#579=LINE('',#11216,#935);
#580=LINE('',#11217,#936);
#581=LINE('',#11221,#937);
#582=LINE('',#11225,#938);
#583=LINE('',#11227,#939);
#584=LINE('',#11228,#940);
#585=LINE('',#11231,#941);
#586=LINE('',#11232,#942);
#587=LINE('',#11235,#943);
#588=LINE('',#11239,#944);
#589=LINE('',#11240,#945);
#590=LINE('',#11243,#946);
#591=LINE('',#11247,#947);
#592=LINE('',#11248,#948);
#593=LINE('',#11251,#949);
#594=LINE('',#11254,#950);
#595=LINE('',#11256,#951);
#596=LINE('',#11259,#952);
#597=LINE('',#11263,#953);
#598=LINE('',#11265,#954);
#599=LINE('',#11267,#955);
#600=LINE('',#11268,#956);
#601=LINE('',#11271,#957);
#602=LINE('',#11273,#958);
#603=LINE('',#11275,#959);
#604=LINE('',#11276,#960);
#605=LINE('',#11279,#961);
#606=LINE('',#11280,#962);
#607=LINE('',#11284,#963);
#608=LINE('',#11286,#964);
#609=LINE('',#11289,#965);
#610=LINE('',#11291,#966);
#611=LINE('',#11292,#967);
#612=LINE('',#11295,#968);
#613=LINE('',#11297,#969);
#614=LINE('',#11298,#970);
#615=LINE('',#11301,#971);
#616=LINE('',#11303,#972);
#617=LINE('',#11305,#973);
#618=LINE('',#11306,#974);
#619=LINE('',#11308,#975);
#620=LINE('',#11310,#976);
#621=LINE('',#11311,#977);
#622=LINE('',#11314,#978);
#623=LINE('',#11315,#979);
#624=LINE('',#11319,#980);
#625=LINE('',#11321,#981);
#626=LINE('',#11324,#982);
#627=LINE('',#11326,#983);
#628=LINE('',#11327,#984);
#629=LINE('',#11330,#985);
#630=LINE('',#11331,#986);
#631=LINE('',#11332,#987);
#632=LINE('',#11335,#988);
#633=LINE('',#11337,#989);
#634=LINE('',#11339,#990);
#635=LINE('',#11340,#991);
#636=LINE('',#11343,#992);
#637=LINE('',#11344,#993);
#638=LINE('',#11348,#994);
#639=LINE('',#11350,#995);
#640=LINE('',#11352,#996);
#641=LINE('',#11354,#997);
#642=LINE('',#11355,#998);
#643=LINE('',#11358,#999);
#644=LINE('',#11359,#1000);
#645=LINE('',#11363,#1001);
#646=LINE('',#11366,#1002);
#647=LINE('',#11367,#1003);
#648=LINE('',#11370,#1004);
#649=LINE('',#11372,#1005);
#650=LINE('',#11373,#1006);
#651=LINE('',#11375,#1007);
#652=LINE('',#11376,#1008);
#653=LINE('',#11380,#1009);
#654=LINE('',#11382,#1010);
#655=LINE('',#11384,#1011);
#656=LINE('',#11385,#1012);
#657=LINE('',#11390,#1013);
#658=LINE('',#11394,#1014);
#659=LINE('',#11396,#1015);
#660=LINE('',#11397,#1016);
#661=LINE('',#11402,#1017);
#662=LINE('',#11407,#1018);
#663=LINE('',#11409,#1019);
#664=LINE('',#11411,#1020);
#665=LINE('',#11412,#1021);
#666=LINE('',#11415,#1022);
#667=LINE('',#11417,#1023);
#668=LINE('',#11418,#1024);
#669=LINE('',#11421,#1025);
#670=LINE('',#11423,#1026);
#671=LINE('',#11424,#1027);
#672=LINE('',#11426,#1028);
#673=LINE('',#11427,#1029);
#674=LINE('',#11433,#1030);
#675=LINE('',#11435,#1031);
#676=LINE('',#11440,#1032);
#677=LINE('',#11443,#1033);
#678=LINE('',#11445,#1034);
#679=LINE('',#11446,#1035);
#680=LINE('',#11449,#1036);
#681=VECTOR('',#4584,41.0000001665542);
#682=VECTOR('',#4585,10.);
#683=VECTOR('',#4592,10.);
#684=VECTOR('',#4593,41.0000001665544);
#685=VECTOR('',#4594,41.0000001665542);
#686=VECTOR('',#4595,10.);
#687=VECTOR('',#4602,10.);
#688=VECTOR('',#4603,41.0000001665544);
#689=VECTOR('',#4604,41.0000001665542);
#690=VECTOR('',#4605,10.);
#691=VECTOR('',#4612,10.);
#692=VECTOR('',#4613,41.0000001665544);
#693=VECTOR('',#4614,41.0000001665542);
#694=VECTOR('',#4615,10.);
#695=VECTOR('',#4622,10.);
#696=VECTOR('',#4623,41.0000001665544);
#697=VECTOR('',#4624,10.);
#698=VECTOR('',#4625,10.);
#699=VECTOR('',#4628,10.);
#700=VECTOR('',#4629,10.);
#701=VECTOR('',#4634,10.);
#702=VECTOR('',#4635,10.);
#703=VECTOR('',#4636,10.);
#704=VECTOR('',#4637,10.);
#705=VECTOR('',#4640,10.);
#706=VECTOR('',#4645,10.);
#707=VECTOR('',#4650,10.);
#708=VECTOR('',#4653,10.);
#709=VECTOR('',#4656,10.);
#710=VECTOR('',#4659,10.);
#711=VECTOR('',#4664,10.);
#712=VECTOR('',#4665,10.);
#713=VECTOR('',#4666,10.);
#714=VECTOR('',#4667,10.);
#715=VECTOR('',#4668,10.);
#716=VECTOR('',#4671,10.);
#717=VECTOR('',#4672,10.);
#718=VECTOR('',#4673,10.);
#719=VECTOR('',#4678,10.);
#720=VECTOR('',#4683,10.);
#721=VECTOR('',#4684,10.);
#722=VECTOR('',#4685,10.);
#723=VECTOR('',#4686,10.);
#724=VECTOR('',#4687,10.);
#725=VECTOR('',#4688,10.);
#726=VECTOR('',#4691,10.);
#727=VECTOR('',#4692,10.);
#728=VECTOR('',#4695,10.);
#729=VECTOR('',#4700,10.);
#730=VECTOR('',#4701,10.);
#731=VECTOR('',#4702,10.);
#732=VECTOR('',#4705,10.);
#733=VECTOR('',#4710,10.);
#734=VECTOR('',#4711,10.);
#735=VECTOR('',#4714,10.);
#736=VECTOR('',#4719,10.);
#737=VECTOR('',#4720,10.);
#738=VECTOR('',#4731,10.);
#739=VECTOR('',#4736,10.);
#740=VECTOR('',#4737,10.);
#741=VECTOR('',#4754,10.);
#742=VECTOR('',#4755,10.);
#743=VECTOR('',#4756,10.);
#744=VECTOR('',#4757,10.);
#745=VECTOR('',#4760,10.);
#746=VECTOR('',#4767,10.);
#747=VECTOR('',#4768,10.);
#748=VECTOR('',#4769,10.);
#749=VECTOR('',#4772,10.);
#750=VECTOR('',#4773,10.);
#751=VECTOR('',#4776,10.);
#752=VECTOR('',#4781,10.);
#753=VECTOR('',#4782,10.);
#754=VECTOR('',#4785,10.);
#755=VECTOR('',#4790,10.);
#756=VECTOR('',#4791,10.);
#757=VECTOR('',#4794,10.);
#758=VECTOR('',#4799,10.);
#759=VECTOR('',#4802,10.);
#760=VECTOR('',#4807,10.);
#761=VECTOR('',#4810,10.);
#762=VECTOR('',#4811,10.);
#763=VECTOR('',#4814,10.);
#764=VECTOR('',#4815,10.);
#765=VECTOR('',#4820,10.);
#766=VECTOR('',#4821,10.);
#767=VECTOR('',#4822,10.);
#768=VECTOR('',#4823,10.);
#769=VECTOR('',#4826,10.);
#770=VECTOR('',#4831,10.);
#771=VECTOR('',#4836,10.);
#772=VECTOR('',#4839,10.);
#773=VECTOR('',#4842,10.);
#774=VECTOR('',#4845,10.);
#775=VECTOR('',#4850,10.);
#776=VECTOR('',#4851,10.);
#777=VECTOR('',#4852,10.);
#778=VECTOR('',#4853,10.);
#779=VECTOR('',#4854,10.);
#780=VECTOR('',#4857,10.);
#781=VECTOR('',#4858,10.);
#782=VECTOR('',#4859,10.);
#783=VECTOR('',#4864,10.);
#784=VECTOR('',#4869,10.);
#785=VECTOR('',#4870,10.);
#786=VECTOR('',#4871,10.);
#787=VECTOR('',#4872,10.);
#788=VECTOR('',#4873,10.);
#789=VECTOR('',#4874,10.);
#790=VECTOR('',#4877,10.);
#791=VECTOR('',#4878,10.);
#792=VECTOR('',#4881,10.);
#793=VECTOR('',#4886,10.);
#794=VECTOR('',#4887,10.);
#795=VECTOR('',#4888,10.);
#796=VECTOR('',#4891,10.);
#797=VECTOR('',#4896,10.);
#798=VECTOR('',#4897,10.);
#799=VECTOR('',#4900,10.);
#800=VECTOR('',#4905,10.);
#801=VECTOR('',#4906,10.);
#802=VECTOR('',#4917,10.);
#803=VECTOR('',#4922,10.);
#804=VECTOR('',#4923,10.);
#805=VECTOR('',#4940,10.);
#806=VECTOR('',#4941,10.);
#807=VECTOR('',#4942,10.);
#808=VECTOR('',#4943,10.);
#809=VECTOR('',#4946,10.);
#810=VECTOR('',#4953,10.);
#811=VECTOR('',#4954,10.);
#812=VECTOR('',#4955,10.);
#813=VECTOR('',#4958,10.);
#814=VECTOR('',#4959,10.);
#815=VECTOR('',#4962,10.);
#816=VECTOR('',#4967,10.);
#817=VECTOR('',#4968,10.);
#818=VECTOR('',#4971,10.);
#819=VECTOR('',#4976,10.);
#820=VECTOR('',#4977,10.);
#821=VECTOR('',#4980,10.);
#822=VECTOR('',#4985,10.);
#823=VECTOR('',#4988,10.);
#824=VECTOR('',#4993,10.);
#825=VECTOR('',#4996,10.);
#826=VECTOR('',#4997,10.);
#827=VECTOR('',#5000,10.);
#828=VECTOR('',#5001,10.);
#829=VECTOR('',#5006,10.);
#830=VECTOR('',#5007,10.);
#831=VECTOR('',#5008,10.);
#832=VECTOR('',#5009,10.);
#833=VECTOR('',#5012,10.);
#834=VECTOR('',#5017,10.);
#835=VECTOR('',#5022,10.);
#836=VECTOR('',#5025,10.);
#837=VECTOR('',#5028,10.);
#838=VECTOR('',#5031,10.);
#839=VECTOR('',#5036,10.);
#840=VECTOR('',#5037,10.);
#841=VECTOR('',#5038,10.);
#842=VECTOR('',#5039,10.);
#843=VECTOR('',#5040,10.);
#844=VECTOR('',#5043,10.);
#845=VECTOR('',#5044,10.);
#846=VECTOR('',#5045,10.);
#847=VECTOR('',#5050,10.);
#848=VECTOR('',#5055,10.);
#849=VECTOR('',#5056,10.);
#850=VECTOR('',#5057,10.);
#851=VECTOR('',#5058,10.);
#852=VECTOR('',#5059,10.);
#853=VECTOR('',#5060,10.);
#854=VECTOR('',#5063,10.);
#855=VECTOR('',#5064,10.);
#856=VECTOR('',#5067,10.);
#857=VECTOR('',#5072,10.);
#858=VECTOR('',#5073,10.);
#859=VECTOR('',#5074,10.);
#860=VECTOR('',#5077,10.);
#861=VECTOR('',#5082,10.);
#862=VECTOR('',#5083,10.);
#863=VECTOR('',#5086,10.);
#864=VECTOR('',#5091,10.);
#865=VECTOR('',#5092,10.);
#866=VECTOR('',#5103,10.);
#867=VECTOR('',#5108,10.);
#868=VECTOR('',#5109,10.);
#869=VECTOR('',#5126,10.);
#870=VECTOR('',#5127,10.);
#871=VECTOR('',#5128,10.);
#872=VECTOR('',#5129,10.);
#873=VECTOR('',#5132,10.);
#874=VECTOR('',#5139,10.);
#875=VECTOR('',#5140,10.);
#876=VECTOR('',#5141,10.);
#877=VECTOR('',#5144,10.);
#878=VECTOR('',#5145,10.);
#879=VECTOR('',#5148,10.);
#880=VECTOR('',#5153,10.);
#881=VECTOR('',#5154,10.);
#882=VECTOR('',#5157,10.);
#883=VECTOR('',#5162,10.);
#884=VECTOR('',#5163,10.);
#885=VECTOR('',#5166,10.);
#886=VECTOR('',#5171,10.);
#887=VECTOR('',#5174,10.);
#888=VECTOR('',#5179,10.);
#889=VECTOR('',#5182,10.);
#890=VECTOR('',#5183,10.);
#891=VECTOR('',#5186,10.);
#892=VECTOR('',#5187,10.);
#893=VECTOR('',#5192,10.);
#894=VECTOR('',#5193,10.);
#895=VECTOR('',#5194,10.);
#896=VECTOR('',#5195,10.);
#897=VECTOR('',#5198,10.);
#898=VECTOR('',#5203,10.);
#899=VECTOR('',#5208,10.);
#900=VECTOR('',#5211,10.);
#901=VECTOR('',#5214,10.);
#902=VECTOR('',#5217,10.);
#903=VECTOR('',#5222,10.);
#904=VECTOR('',#5223,10.);
#905=VECTOR('',#5224,10.);
#906=VECTOR('',#5225,10.);
#907=VECTOR('',#5226,10.);
#908=VECTOR('',#5229,10.);
#909=VECTOR('',#5230,10.);
#910=VECTOR('',#5231,10.);
#911=VECTOR('',#5236,10.);
#912=VECTOR('',#5241,10.);
#913=VECTOR('',#5242,10.);
#914=VECTOR('',#5243,10.);
#915=VECTOR('',#5244,10.);
#916=VECTOR('',#5245,10.);
#917=VECTOR('',#5246,10.);
#918=VECTOR('',#5249,10.);
#919=VECTOR('',#5250,10.);
#920=VECTOR('',#5253,10.);
#921=VECTOR('',#5258,10.);
#922=VECTOR('',#5259,10.);
#923=VECTOR('',#5260,10.);
#924=VECTOR('',#5263,10.);
#925=VECTOR('',#5268,10.);
#926=VECTOR('',#5269,10.);
#927=VECTOR('',#5272,10.);
#928=VECTOR('',#5277,10.);
#929=VECTOR('',#5278,10.);
#930=VECTOR('',#5289,10.);
#931=VECTOR('',#5294,10.);
#932=VECTOR('',#5295,10.);
#933=VECTOR('',#5312,10.);
#934=VECTOR('',#5313,10.);
#935=VECTOR('',#5314,10.);
#936=VECTOR('',#5315,10.);
#937=VECTOR('',#5318,10.);
#938=VECTOR('',#5325,10.);
#939=VECTOR('',#5326,10.);
#940=VECTOR('',#5327,10.);
#941=VECTOR('',#5330,10.);
#942=VECTOR('',#5331,10.);
#943=VECTOR('',#5334,10.);
#944=VECTOR('',#5339,10.);
#945=VECTOR('',#5340,10.);
#946=VECTOR('',#5343,10.);
#947=VECTOR('',#5348,10.);
#948=VECTOR('',#5349,10.);
#949=VECTOR('',#5352,10.);
#950=VECTOR('',#5357,10.);
#951=VECTOR('',#5360,10.);
#952=VECTOR('',#5365,10.);
#953=VECTOR('',#5370,10.);
#954=VECTOR('',#5371,10.);
#955=VECTOR('',#5372,10.);
#956=VECTOR('',#5373,10.);
#957=VECTOR('',#5376,10.);
#958=VECTOR('',#5377,10.);
#959=VECTOR('',#5378,10.);
#960=VECTOR('',#5379,10.);
#961=VECTOR('',#5382,10.);
#962=VECTOR('',#5383,10.);
#963=VECTOR('',#5388,10.);
#964=VECTOR('',#5391,10.);
#965=VECTOR('',#5394,10.);
#966=VECTOR('',#5395,10.);
#967=VECTOR('',#5396,10.);
#968=VECTOR('',#5399,10.);
#969=VECTOR('',#5400,10.);
#970=VECTOR('',#5401,10.);
#971=VECTOR('',#5404,10.);
#972=VECTOR('',#5405,10.);
#973=VECTOR('',#5406,10.);
#974=VECTOR('',#5407,10.);
#975=VECTOR('',#5410,10.);
#976=VECTOR('',#5411,10.);
#977=VECTOR('',#5412,10.);
#978=VECTOR('',#5415,10.);
#979=VECTOR('',#5416,10.);
#980=VECTOR('',#5421,10.);
#981=VECTOR('',#5424,10.);
#982=VECTOR('',#5427,10.);
#983=VECTOR('',#5428,10.);
#984=VECTOR('',#5429,10.);
#985=VECTOR('',#5432,10.);
#986=VECTOR('',#5433,10.);
#987=VECTOR('',#5434,10.);
#988=VECTOR('',#5437,10.);
#989=VECTOR('',#5438,10.);
#990=VECTOR('',#5439,10.);
#991=VECTOR('',#5440,10.);
#992=VECTOR('',#5443,10.);
#993=VECTOR('',#5444,10.);
#994=VECTOR('',#5449,10.);
#995=VECTOR('',#5452,10.);
#996=VECTOR('',#5455,10.);
#997=VECTOR('',#5456,10.);
#998=VECTOR('',#5457,10.);
#999=VECTOR('',#5460,10.);
#1000=VECTOR('',#5461,10.);
#1001=VECTOR('',#5466,10.);
#1002=VECTOR('',#5469,10.);
#1003=VECTOR('',#5470,10.);
#1004=VECTOR('',#5473,10.);
#1005=VECTOR('',#5474,10.);
#1006=VECTOR('',#5475,10.);
#1007=VECTOR('',#5478,10.);
#1008=VECTOR('',#5479,10.);
#1009=VECTOR('',#5482,10.);
#1010=VECTOR('',#5483,10.);
#1011=VECTOR('',#5484,10.);
#1012=VECTOR('',#5485,10.);
#1013=VECTOR('',#5490,10.);
#1014=VECTOR('',#5495,10.);
#1015=VECTOR('',#5496,10.);
#1016=VECTOR('',#5497,10.);
#1017=VECTOR('',#5502,10.);
#1018=VECTOR('',#5507,10.);
#1019=VECTOR('',#5508,10.);
#1020=VECTOR('',#5509,10.);
#1021=VECTOR('',#5510,10.);
#1022=VECTOR('',#5513,10.);
#1023=VECTOR('',#5514,10.);
#1024=VECTOR('',#5515,10.);
#1025=VECTOR('',#5518,10.);
#1026=VECTOR('',#5519,10.);
#1027=VECTOR('',#5520,10.);
#1028=VECTOR('',#5523,10.);
#1029=VECTOR('',#5524,10.);
#1030=VECTOR('',#5529,10.);
#1031=VECTOR('',#5532,10.);
#1032=VECTOR('',#5537,10.);
#1033=VECTOR('',#5540,10.);
#1034=VECTOR('',#5543,10.);
#1035=VECTOR('',#5544,10.);
#1036=VECTOR('',#5549,10.);
#1037=FACE_OUTER_BOUND('',#1284,.T.);
#1038=FACE_OUTER_BOUND('',#1285,.T.);
#1039=FACE_OUTER_BOUND('',#1286,.T.);
#1040=FACE_OUTER_BOUND('',#1287,.T.);
#1041=FACE_OUTER_BOUND('',#1288,.T.);
#1042=FACE_OUTER_BOUND('',#1289,.T.);
#1043=FACE_OUTER_BOUND('',#1290,.T.);
#1044=FACE_OUTER_BOUND('',#1291,.T.);
#1045=FACE_OUTER_BOUND('',#1292,.T.);
#1046=FACE_OUTER_BOUND('',#1293,.T.);
#1047=FACE_OUTER_BOUND('',#1294,.T.);
#1048=FACE_OUTER_BOUND('',#1295,.T.);
#1049=FACE_OUTER_BOUND('',#1296,.T.);
#1050=FACE_OUTER_BOUND('',#1297,.T.);
#1051=FACE_OUTER_BOUND('',#1298,.T.);
#1052=FACE_OUTER_BOUND('',#1299,.T.);
#1053=FACE_OUTER_BOUND('',#1300,.T.);
#1054=FACE_OUTER_BOUND('',#1301,.T.);
#1055=FACE_OUTER_BOUND('',#1302,.T.);
#1056=FACE_OUTER_BOUND('',#1303,.T.);
#1057=FACE_OUTER_BOUND('',#1304,.T.);
#1058=FACE_OUTER_BOUND('',#1305,.T.);
#1059=FACE_OUTER_BOUND('',#1306,.T.);
#1060=FACE_OUTER_BOUND('',#1307,.T.);
#1061=FACE_OUTER_BOUND('',#1308,.T.);
#1062=FACE_OUTER_BOUND('',#1309,.T.);
#1063=FACE_OUTER_BOUND('',#1310,.T.);
#1064=FACE_OUTER_BOUND('',#1311,.T.);
#1065=FACE_OUTER_BOUND('',#1312,.T.);
#1066=FACE_OUTER_BOUND('',#1313,.T.);
#1067=FACE_OUTER_BOUND('',#1314,.T.);
#1068=FACE_OUTER_BOUND('',#1315,.T.);
#1069=FACE_OUTER_BOUND('',#1316,.T.);
#1070=FACE_OUTER_BOUND('',#1317,.T.);
#1071=FACE_OUTER_BOUND('',#1318,.T.);
#1072=FACE_OUTER_BOUND('',#1319,.T.);
#1073=FACE_OUTER_BOUND('',#1320,.T.);
#1074=FACE_OUTER_BOUND('',#1321,.T.);
#1075=FACE_OUTER_BOUND('',#1322,.T.);
#1076=FACE_OUTER_BOUND('',#1323,.T.);
#1077=FACE_OUTER_BOUND('',#1324,.T.);
#1078=FACE_OUTER_BOUND('',#1325,.T.);
#1079=FACE_OUTER_BOUND('',#1326,.T.);
#1080=FACE_OUTER_BOUND('',#1327,.T.);
#1081=FACE_OUTER_BOUND('',#1328,.T.);
#1082=FACE_OUTER_BOUND('',#1329,.T.);
#1083=FACE_OUTER_BOUND('',#1330,.T.);
#1084=FACE_OUTER_BOUND('',#1331,.T.);
#1085=FACE_OUTER_BOUND('',#1332,.T.);
#1086=FACE_OUTER_BOUND('',#1333,.T.);
#1087=FACE_OUTER_BOUND('',#1334,.T.);
#1088=FACE_OUTER_BOUND('',#1335,.T.);
#1089=FACE_OUTER_BOUND('',#1336,.T.);
#1090=FACE_OUTER_BOUND('',#1337,.T.);
#1091=FACE_OUTER_BOUND('',#1338,.T.);
#1092=FACE_OUTER_BOUND('',#1339,.T.);
#1093=FACE_OUTER_BOUND('',#1340,.T.);
#1094=FACE_OUTER_BOUND('',#1341,.T.);
#1095=FACE_OUTER_BOUND('',#1342,.T.);
#1096=FACE_OUTER_BOUND('',#1343,.T.);
#1097=FACE_OUTER_BOUND('',#1344,.T.);
#1098=FACE_OUTER_BOUND('',#1345,.T.);
#1099=FACE_OUTER_BOUND('',#1346,.T.);
#1100=FACE_OUTER_BOUND('',#1347,.T.);
#1101=FACE_OUTER_BOUND('',#1348,.T.);
#1102=FACE_OUTER_BOUND('',#1349,.T.);
#1103=FACE_OUTER_BOUND('',#1350,.T.);
#1104=FACE_OUTER_BOUND('',#1351,.T.);
#1105=FACE_OUTER_BOUND('',#1352,.T.);
#1106=FACE_OUTER_BOUND('',#1353,.T.);
#1107=FACE_OUTER_BOUND('',#1354,.T.);
#1108=FACE_OUTER_BOUND('',#1355,.T.);
#1109=FACE_OUTER_BOUND('',#1356,.T.);
#1110=FACE_OUTER_BOUND('',#1357,.T.);
#1111=FACE_OUTER_BOUND('',#1358,.T.);
#1112=FACE_OUTER_BOUND('',#1359,.T.);
#1113=FACE_OUTER_BOUND('',#1360,.T.);
#1114=FACE_OUTER_BOUND('',#1361,.T.);
#1115=FACE_OUTER_BOUND('',#1362,.T.);
#1116=FACE_OUTER_BOUND('',#1363,.T.);
#1117=FACE_OUTER_BOUND('',#1364,.T.);
#1118=FACE_OUTER_BOUND('',#1365,.T.);
#1119=FACE_OUTER_BOUND('',#1366,.T.);
#1120=FACE_OUTER_BOUND('',#1367,.T.);
#1121=FACE_OUTER_BOUND('',#1368,.T.);
#1122=FACE_OUTER_BOUND('',#1369,.T.);
#1123=FACE_OUTER_BOUND('',#1370,.T.);
#1124=FACE_OUTER_BOUND('',#1371,.T.);
#1125=FACE_OUTER_BOUND('',#1372,.T.);
#1126=FACE_OUTER_BOUND('',#1373,.T.);
#1127=FACE_OUTER_BOUND('',#1374,.T.);
#1128=FACE_OUTER_BOUND('',#1375,.T.);
#1129=FACE_OUTER_BOUND('',#1376,.T.);
#1130=FACE_OUTER_BOUND('',#1377,.T.);
#1131=FACE_OUTER_BOUND('',#1378,.T.);
#1132=FACE_OUTER_BOUND('',#1379,.T.);
#1133=FACE_OUTER_BOUND('',#1380,.T.);
#1134=FACE_OUTER_BOUND('',#1381,.T.);
#1135=FACE_OUTER_BOUND('',#1382,.T.);
#1136=FACE_OUTER_BOUND('',#1383,.T.);
#1137=FACE_OUTER_BOUND('',#1384,.T.);
#1138=FACE_OUTER_BOUND('',#1385,.T.);
#1139=FACE_OUTER_BOUND('',#1386,.T.);
#1140=FACE_OUTER_BOUND('',#1387,.T.);
#1141=FACE_OUTER_BOUND('',#1388,.T.);
#1142=FACE_OUTER_BOUND('',#1389,.T.);
#1143=FACE_OUTER_BOUND('',#1390,.T.);
#1144=FACE_OUTER_BOUND('',#1391,.T.);
#1145=FACE_OUTER_BOUND('',#1392,.T.);
#1146=FACE_OUTER_BOUND('',#1393,.T.);
#1147=FACE_OUTER_BOUND('',#1394,.T.);
#1148=FACE_OUTER_BOUND('',#1395,.T.);
#1149=FACE_OUTER_BOUND('',#1396,.T.);
#1150=FACE_OUTER_BOUND('',#1397,.T.);
#1151=FACE_OUTER_BOUND('',#1398,.T.);
#1152=FACE_OUTER_BOUND('',#1399,.T.);
#1153=FACE_OUTER_BOUND('',#1400,.T.);
#1154=FACE_OUTER_BOUND('',#1401,.T.);
#1155=FACE_OUTER_BOUND('',#1402,.T.);
#1156=FACE_OUTER_BOUND('',#1403,.T.);
#1157=FACE_OUTER_BOUND('',#1404,.T.);
#1158=FACE_OUTER_BOUND('',#1405,.T.);
#1159=FACE_OUTER_BOUND('',#1406,.T.);
#1160=FACE_OUTER_BOUND('',#1407,.T.);
#1161=FACE_OUTER_BOUND('',#1408,.T.);
#1162=FACE_OUTER_BOUND('',#1409,.T.);
#1163=FACE_OUTER_BOUND('',#1410,.T.);
#1164=FACE_OUTER_BOUND('',#1411,.T.);
#1165=FACE_OUTER_BOUND('',#1412,.T.);
#1166=FACE_OUTER_BOUND('',#1413,.T.);
#1167=FACE_OUTER_BOUND('',#1414,.T.);
#1168=FACE_OUTER_BOUND('',#1415,.T.);
#1169=FACE_OUTER_BOUND('',#1416,.T.);
#1170=FACE_OUTER_BOUND('',#1417,.T.);
#1171=FACE_OUTER_BOUND('',#1418,.T.);
#1172=FACE_OUTER_BOUND('',#1419,.T.);
#1173=FACE_OUTER_BOUND('',#1420,.T.);
#1174=FACE_OUTER_BOUND('',#1421,.T.);
#1175=FACE_OUTER_BOUND('',#1422,.T.);
#1176=FACE_OUTER_BOUND('',#1423,.T.);
#1177=FACE_OUTER_BOUND('',#1424,.T.);
#1178=FACE_OUTER_BOUND('',#1425,.T.);
#1179=FACE_OUTER_BOUND('',#1426,.T.);
#1180=FACE_OUTER_BOUND('',#1427,.T.);
#1181=FACE_OUTER_BOUND('',#1428,.T.);
#1182=FACE_OUTER_BOUND('',#1429,.T.);
#1183=FACE_OUTER_BOUND('',#1430,.T.);
#1184=FACE_OUTER_BOUND('',#1431,.T.);
#1185=FACE_OUTER_BOUND('',#1432,.T.);
#1186=FACE_OUTER_BOUND('',#1433,.T.);
#1187=FACE_OUTER_BOUND('',#1434,.T.);
#1188=FACE_OUTER_BOUND('',#1435,.T.);
#1189=FACE_OUTER_BOUND('',#1436,.T.);
#1190=FACE_OUTER_BOUND('',#1437,.T.);
#1191=FACE_OUTER_BOUND('',#1438,.T.);
#1192=FACE_OUTER_BOUND('',#1439,.T.);
#1193=FACE_OUTER_BOUND('',#1440,.T.);
#1194=FACE_OUTER_BOUND('',#1441,.T.);
#1195=FACE_OUTER_BOUND('',#1442,.T.);
#1196=FACE_OUTER_BOUND('',#1443,.T.);
#1197=FACE_OUTER_BOUND('',#1444,.T.);
#1198=FACE_OUTER_BOUND('',#1445,.T.);
#1199=FACE_OUTER_BOUND('',#1446,.T.);
#1200=FACE_OUTER_BOUND('',#1447,.T.);
#1201=FACE_OUTER_BOUND('',#1448,.T.);
#1202=FACE_OUTER_BOUND('',#1449,.T.);
#1203=FACE_OUTER_BOUND('',#1450,.T.);
#1204=FACE_OUTER_BOUND('',#1451,.T.);
#1205=FACE_OUTER_BOUND('',#1452,.T.);
#1206=FACE_OUTER_BOUND('',#1453,.T.);
#1207=FACE_OUTER_BOUND('',#1454,.T.);
#1208=FACE_OUTER_BOUND('',#1455,.T.);
#1209=FACE_OUTER_BOUND('',#1456,.T.);
#1210=FACE_OUTER_BOUND('',#1457,.T.);
#1211=FACE_OUTER_BOUND('',#1458,.T.);
#1212=FACE_OUTER_BOUND('',#1459,.T.);
#1213=FACE_OUTER_BOUND('',#1460,.T.);
#1214=FACE_OUTER_BOUND('',#1461,.T.);
#1215=FACE_OUTER_BOUND('',#1462,.T.);
#1216=FACE_OUTER_BOUND('',#1463,.T.);
#1217=FACE_OUTER_BOUND('',#1464,.T.);
#1218=FACE_OUTER_BOUND('',#1465,.T.);
#1219=FACE_OUTER_BOUND('',#1466,.T.);
#1220=FACE_OUTER_BOUND('',#1467,.T.);
#1221=FACE_OUTER_BOUND('',#1468,.T.);
#1222=FACE_OUTER_BOUND('',#1469,.T.);
#1223=FACE_OUTER_BOUND('',#1470,.T.);
#1224=FACE_OUTER_BOUND('',#1471,.T.);
#1225=FACE_OUTER_BOUND('',#1472,.T.);
#1226=FACE_OUTER_BOUND('',#1473,.T.);
#1227=FACE_OUTER_BOUND('',#1474,.T.);
#1228=FACE_OUTER_BOUND('',#1475,.T.);
#1229=FACE_OUTER_BOUND('',#1476,.T.);
#1230=FACE_OUTER_BOUND('',#1477,.T.);
#1231=FACE_OUTER_BOUND('',#1478,.T.);
#1232=FACE_OUTER_BOUND('',#1479,.T.);
#1233=FACE_OUTER_BOUND('',#1480,.T.);
#1234=FACE_OUTER_BOUND('',#1481,.T.);
#1235=FACE_OUTER_BOUND('',#1482,.T.);
#1236=FACE_OUTER_BOUND('',#1483,.T.);
#1237=FACE_OUTER_BOUND('',#1484,.T.);
#1238=FACE_OUTER_BOUND('',#1485,.T.);
#1239=FACE_OUTER_BOUND('',#1486,.T.);
#1240=FACE_OUTER_BOUND('',#1487,.T.);
#1241=FACE_OUTER_BOUND('',#1488,.T.);
#1242=FACE_OUTER_BOUND('',#1489,.T.);
#1243=FACE_OUTER_BOUND('',#1490,.T.);
#1244=FACE_OUTER_BOUND('',#1491,.T.);
#1245=FACE_OUTER_BOUND('',#1492,.T.);
#1246=FACE_OUTER_BOUND('',#1493,.T.);
#1247=FACE_OUTER_BOUND('',#1494,.T.);
#1248=FACE_OUTER_BOUND('',#1495,.T.);
#1249=FACE_OUTER_BOUND('',#1496,.T.);
#1250=FACE_OUTER_BOUND('',#1497,.T.);
#1251=FACE_OUTER_BOUND('',#1498,.T.);
#1252=FACE_OUTER_BOUND('',#1499,.T.);
#1253=FACE_OUTER_BOUND('',#1500,.T.);
#1254=FACE_OUTER_BOUND('',#1501,.T.);
#1255=FACE_OUTER_BOUND('',#1502,.T.);
#1256=FACE_OUTER_BOUND('',#1503,.T.);
#1257=FACE_OUTER_BOUND('',#1504,.T.);
#1258=FACE_OUTER_BOUND('',#1505,.T.);
#1259=FACE_OUTER_BOUND('',#1506,.T.);
#1260=FACE_OUTER_BOUND('',#1507,.T.);
#1261=FACE_OUTER_BOUND('',#1508,.T.);
#1262=FACE_OUTER_BOUND('',#1509,.T.);
#1263=FACE_OUTER_BOUND('',#1510,.T.);
#1264=FACE_OUTER_BOUND('',#1511,.T.);
#1265=FACE_OUTER_BOUND('',#1512,.T.);
#1266=FACE_OUTER_BOUND('',#1513,.T.);
#1267=FACE_OUTER_BOUND('',#1514,.T.);
#1268=FACE_OUTER_BOUND('',#1515,.T.);
#1269=FACE_OUTER_BOUND('',#1516,.T.);
#1270=FACE_OUTER_BOUND('',#1517,.T.);
#1271=FACE_OUTER_BOUND('',#1518,.T.);
#1272=FACE_OUTER_BOUND('',#1519,.T.);
#1273=FACE_OUTER_BOUND('',#1520,.T.);
#1274=FACE_OUTER_BOUND('',#1521,.T.);
#1275=FACE_OUTER_BOUND('',#1522,.T.);
#1276=FACE_OUTER_BOUND('',#1523,.T.);
#1277=FACE_OUTER_BOUND('',#1524,.T.);
#1278=FACE_OUTER_BOUND('',#1526,.T.);
#1279=FACE_OUTER_BOUND('',#1528,.T.);
#1280=FACE_OUTER_BOUND('',#1529,.T.);
#1281=FACE_OUTER_BOUND('',#1530,.T.);
#1282=FACE_OUTER_BOUND('',#1531,.T.);
#1283=FACE_OUTER_BOUND('',#1532,.T.);
#1284=EDGE_LOOP('',(#2698,#2699,#2700,#2701,#2702,#2703,#2704,#2705,#2706,
#2707));
#1285=EDGE_LOOP('',(#2708,#2709,#2710,#2711,#2712,#2713,#2714,#2715,#2716,
#2717,#2718,#2719,#2720,#2721,#2722,#2723));
#1286=EDGE_LOOP('',(#2724,#2725,#2726,#2727,#2728,#2729,#2730,#2731,#2732,
#2733));
#1287=EDGE_LOOP('',(#2734,#2735,#2736,#2737,#2738,#2739,#2740,#2741,#2742,
#2743,#2744,#2745,#2746,#2747,#2748,#2749));
#1288=EDGE_LOOP('',(#2750,#2751,#2752,#2753,#2754,#2755,#2756,#2757,#2758,
#2759));
#1289=EDGE_LOOP('',(#2760,#2761,#2762,#2763,#2764,#2765,#2766,#2767,#2768,
#2769,#2770,#2771,#2772,#2773,#2774,#2775));
#1290=EDGE_LOOP('',(#2776,#2777,#2778,#2779,#2780,#2781,#2782,#2783,#2784,
#2785));
#1291=EDGE_LOOP('',(#2786,#2787,#2788,#2789,#2790,#2791,#2792,#2793,#2794,
#2795,#2796,#2797,#2798,#2799,#2800,#2801));
#1292=EDGE_LOOP('',(#2802,#2803,#2804,#2805,#2806,#2807,#2808,#2809));
#1293=EDGE_LOOP('',(#2810,#2811,#2812,#2813,#2814,#2815,#2816,#2817));
#1294=EDGE_LOOP('',(#2818,#2819,#2820,#2821));
#1295=EDGE_LOOP('',(#2822,#2823,#2824,#2825));
#1296=EDGE_LOOP('',(#2826,#2827,#2828,#2829));
#1297=EDGE_LOOP('',(#2830,#2831,#2832,#2833));
#1298=EDGE_LOOP('',(#2834,#2835,#2836,#2837));
#1299=EDGE_LOOP('',(#2838,#2839,#2840,#2841));
#1300=EDGE_LOOP('',(#2842,#2843,#2844,#2845));
#1301=EDGE_LOOP('',(#2846,#2847,#2848,#2849));
#1302=EDGE_LOOP('',(#2850,#2851,#2852,#2853));
#1303=EDGE_LOOP('',(#2854,#2855,#2856,#2857));
#1304=EDGE_LOOP('',(#2858,#2859,#2860,#2861));
#1305=EDGE_LOOP('',(#2862,#2863,#2864,#2865));
#1306=EDGE_LOOP('',(#2866,#2867,#2868,#2869));
#1307=EDGE_LOOP('',(#2870,#2871,#2872,#2873));
#1308=EDGE_LOOP('',(#2874,#2875,#2876,#2877));
#1309=EDGE_LOOP('',(#2878,#2879,#2880,#2881));
#1310=EDGE_LOOP('',(#2882,#2883,#2884,#2885));
#1311=EDGE_LOOP('',(#2886,#2887,#2888,#2889));
#1312=EDGE_LOOP('',(#2890,#2891,#2892,#2893));
#1313=EDGE_LOOP('',(#2894,#2895,#2896,#2897));
#1314=EDGE_LOOP('',(#2898,#2899,#2900));
#1315=EDGE_LOOP('',(#2901,#2902,#2903));
#1316=EDGE_LOOP('',(#2904,#2905,#2906,#2907,#2908));
#1317=EDGE_LOOP('',(#2909,#2910,#2911,#2912,#2913,#2914,#2915));
#1318=EDGE_LOOP('',(#2916,#2917,#2918,#2919));
#1319=EDGE_LOOP('',(#2920,#2921,#2922,#2923,#2924,#2925,#2926));
#1320=EDGE_LOOP('',(#2927,#2928,#2929));
#1321=EDGE_LOOP('',(#2930,#2931,#2932,#2933));
#1322=EDGE_LOOP('',(#2934,#2935,#2936,#2937,#2938));
#1323=EDGE_LOOP('',(#2939,#2940,#2941,#2942,#2943,#2944,#2945,#2946));
#1324=EDGE_LOOP('',(#2947,#2948,#2949,#2950,#2951,#2952,#2953,#2954));
#1325=EDGE_LOOP('',(#2955,#2956,#2957,#2958,#2959,#2960));
#1326=EDGE_LOOP('',(#2961,#2962,#2963,#2964,#2965,#2966,#2967,#2968));
#1327=EDGE_LOOP('',(#2969,#2970,#2971));
#1328=EDGE_LOOP('',(#2972,#2973,#2974,#2975));
#1329=EDGE_LOOP('',(#2976,#2977,#2978,#2979));
#1330=EDGE_LOOP('',(#2980,#2981,#2982,#2983));
#1331=EDGE_LOOP('',(#2984,#2985,#2986,#2987));
#1332=EDGE_LOOP('',(#2988,#2989,#2990,#2991));
#1333=EDGE_LOOP('',(#2992,#2993,#2994,#2995));
#1334=EDGE_LOOP('',(#2996,#2997,#2998,#2999));
#1335=EDGE_LOOP('',(#3000,#3001,#3002,#3003));
#1336=EDGE_LOOP('',(#3004,#3005,#3006,#3007));
#1337=EDGE_LOOP('',(#3008,#3009,#3010,#3011));
#1338=EDGE_LOOP('',(#3012,#3013,#3014,#3015));
#1339=EDGE_LOOP('',(#3016,#3017,#3018,#3019,#3020,#3021,#3022,#3023,#3024,
#3025));
#1340=EDGE_LOOP('',(#3026,#3027,#3028,#3029));
#1341=EDGE_LOOP('',(#3030,#3031,#3032,#3033));
#1342=EDGE_LOOP('',(#3034,#3035,#3036,#3037,#3038,#3039,#3040,#3041));
#1343=EDGE_LOOP('',(#3042,#3043,#3044,#3045,#3046,#3047,#3048,#3049));
#1344=EDGE_LOOP('',(#3050,#3051,#3052,#3053));
#1345=EDGE_LOOP('',(#3054,#3055,#3056,#3057));
#1346=EDGE_LOOP('',(#3058,#3059,#3060,#3061));
#1347=EDGE_LOOP('',(#3062,#3063,#3064,#3065));
#1348=EDGE_LOOP('',(#3066,#3067,#3068,#3069));
#1349=EDGE_LOOP('',(#3070,#3071,#3072,#3073));
#1350=EDGE_LOOP('',(#3074,#3075,#3076,#3077));
#1351=EDGE_LOOP('',(#3078,#3079,#3080,#3081));
#1352=EDGE_LOOP('',(#3082,#3083,#3084,#3085));
#1353=EDGE_LOOP('',(#3086,#3087,#3088,#3089));
#1354=EDGE_LOOP('',(#3090,#3091,#3092,#3093));
#1355=EDGE_LOOP('',(#3094,#3095,#3096,#3097));
#1356=EDGE_LOOP('',(#3098,#3099,#3100,#3101));
#1357=EDGE_LOOP('',(#3102,#3103,#3104,#3105));
#1358=EDGE_LOOP('',(#3106,#3107,#3108,#3109));
#1359=EDGE_LOOP('',(#3110,#3111,#3112,#3113));
#1360=EDGE_LOOP('',(#3114,#3115,#3116,#3117));
#1361=EDGE_LOOP('',(#3118,#3119,#3120,#3121));
#1362=EDGE_LOOP('',(#3122,#3123,#3124,#3125));
#1363=EDGE_LOOP('',(#3126,#3127,#3128,#3129));
#1364=EDGE_LOOP('',(#3130,#3131,#3132));
#1365=EDGE_LOOP('',(#3133,#3134,#3135));
#1366=EDGE_LOOP('',(#3136,#3137,#3138,#3139,#3140));
#1367=EDGE_LOOP('',(#3141,#3142,#3143,#3144,#3145,#3146,#3147));
#1368=EDGE_LOOP('',(#3148,#3149,#3150,#3151));
#1369=EDGE_LOOP('',(#3152,#3153,#3154,#3155,#3156,#3157,#3158));
#1370=EDGE_LOOP('',(#3159,#3160,#3161));
#1371=EDGE_LOOP('',(#3162,#3163,#3164,#3165));
#1372=EDGE_LOOP('',(#3166,#3167,#3168,#3169,#3170));
#1373=EDGE_LOOP('',(#3171,#3172,#3173,#3174,#3175,#3176,#3177,#3178));
#1374=EDGE_LOOP('',(#3179,#3180,#3181,#3182,#3183,#3184,#3185,#3186));
#1375=EDGE_LOOP('',(#3187,#3188,#3189,#3190,#3191,#3192));
#1376=EDGE_LOOP('',(#3193,#3194,#3195,#3196,#3197,#3198,#3199,#3200));
#1377=EDGE_LOOP('',(#3201,#3202,#3203));
#1378=EDGE_LOOP('',(#3204,#3205,#3206,#3207));
#1379=EDGE_LOOP('',(#3208,#3209,#3210,#3211));
#1380=EDGE_LOOP('',(#3212,#3213,#3214,#3215));
#1381=EDGE_LOOP('',(#3216,#3217,#3218,#3219));
#1382=EDGE_LOOP('',(#3220,#3221,#3222,#3223));
#1383=EDGE_LOOP('',(#3224,#3225,#3226,#3227));
#1384=EDGE_LOOP('',(#3228,#3229,#3230,#3231));
#1385=EDGE_LOOP('',(#3232,#3233,#3234,#3235));
#1386=EDGE_LOOP('',(#3236,#3237,#3238,#3239));
#1387=EDGE_LOOP('',(#3240,#3241,#3242,#3243));
#1388=EDGE_LOOP('',(#3244,#3245,#3246,#3247));
#1389=EDGE_LOOP('',(#3248,#3249,#3250,#3251,#3252,#3253,#3254,#3255,#3256,
#3257));
#1390=EDGE_LOOP('',(#3258,#3259,#3260,#3261));
#1391=EDGE_LOOP('',(#3262,#3263,#3264,#3265));
#1392=EDGE_LOOP('',(#3266,#3267,#3268,#3269,#3270,#3271,#3272,#3273));
#1393=EDGE_LOOP('',(#3274,#3275,#3276,#3277,#3278,#3279,#3280,#3281));
#1394=EDGE_LOOP('',(#3282,#3283,#3284,#3285));
#1395=EDGE_LOOP('',(#3286,#3287,#3288,#3289));
#1396=EDGE_LOOP('',(#3290,#3291,#3292,#3293));
#1397=EDGE_LOOP('',(#3294,#3295,#3296,#3297));
#1398=EDGE_LOOP('',(#3298,#3299,#3300,#3301));
#1399=EDGE_LOOP('',(#3302,#3303,#3304,#3305));
#1400=EDGE_LOOP('',(#3306,#3307,#3308,#3309));
#1401=EDGE_LOOP('',(#3310,#3311,#3312,#3313));
#1402=EDGE_LOOP('',(#3314,#3315,#3316,#3317));
#1403=EDGE_LOOP('',(#3318,#3319,#3320,#3321));
#1404=EDGE_LOOP('',(#3322,#3323,#3324,#3325));
#1405=EDGE_LOOP('',(#3326,#3327,#3328,#3329));
#1406=EDGE_LOOP('',(#3330,#3331,#3332,#3333));
#1407=EDGE_LOOP('',(#3334,#3335,#3336,#3337));
#1408=EDGE_LOOP('',(#3338,#3339,#3340,#3341));
#1409=EDGE_LOOP('',(#3342,#3343,#3344,#3345));
#1410=EDGE_LOOP('',(#3346,#3347,#3348,#3349));
#1411=EDGE_LOOP('',(#3350,#3351,#3352,#3353));
#1412=EDGE_LOOP('',(#3354,#3355,#3356,#3357));
#1413=EDGE_LOOP('',(#3358,#3359,#3360,#3361));
#1414=EDGE_LOOP('',(#3362,#3363,#3364));
#1415=EDGE_LOOP('',(#3365,#3366,#3367));
#1416=EDGE_LOOP('',(#3368,#3369,#3370,#3371,#3372));
#1417=EDGE_LOOP('',(#3373,#3374,#3375,#3376,#3377,#3378,#3379));
#1418=EDGE_LOOP('',(#3380,#3381,#3382,#3383));
#1419=EDGE_LOOP('',(#3384,#3385,#3386,#3387,#3388,#3389,#3390));
#1420=EDGE_LOOP('',(#3391,#3392,#3393));
#1421=EDGE_LOOP('',(#3394,#3395,#3396,#3397));
#1422=EDGE_LOOP('',(#3398,#3399,#3400,#3401,#3402));
#1423=EDGE_LOOP('',(#3403,#3404,#3405,#3406,#3407,#3408,#3409,#3410));
#1424=EDGE_LOOP('',(#3411,#3412,#3413,#3414,#3415,#3416,#3417,#3418));
#1425=EDGE_LOOP('',(#3419,#3420,#3421,#3422,#3423,#3424));
#1426=EDGE_LOOP('',(#3425,#3426,#3427,#3428,#3429,#3430,#3431,#3432));
#1427=EDGE_LOOP('',(#3433,#3434,#3435));
#1428=EDGE_LOOP('',(#3436,#3437,#3438,#3439));
#1429=EDGE_LOOP('',(#3440,#3441,#3442,#3443));
#1430=EDGE_LOOP('',(#3444,#3445,#3446,#3447));
#1431=EDGE_LOOP('',(#3448,#3449,#3450,#3451));
#1432=EDGE_LOOP('',(#3452,#3453,#3454,#3455));
#1433=EDGE_LOOP('',(#3456,#3457,#3458,#3459));
#1434=EDGE_LOOP('',(#3460,#3461,#3462,#3463));
#1435=EDGE_LOOP('',(#3464,#3465,#3466,#3467));
#1436=EDGE_LOOP('',(#3468,#3469,#3470,#3471));
#1437=EDGE_LOOP('',(#3472,#3473,#3474,#3475));
#1438=EDGE_LOOP('',(#3476,#3477,#3478,#3479));
#1439=EDGE_LOOP('',(#3480,#3481,#3482,#3483,#3484,#3485,#3486,#3487,#3488,
#3489));
#1440=EDGE_LOOP('',(#3490,#3491,#3492,#3493));
#1441=EDGE_LOOP('',(#3494,#3495,#3496,#3497));
#1442=EDGE_LOOP('',(#3498,#3499,#3500,#3501,#3502,#3503,#3504,#3505));
#1443=EDGE_LOOP('',(#3506,#3507,#3508,#3509,#3510,#3511,#3512,#3513));
#1444=EDGE_LOOP('',(#3514,#3515,#3516,#3517));
#1445=EDGE_LOOP('',(#3518,#3519,#3520,#3521));
#1446=EDGE_LOOP('',(#3522,#3523,#3524,#3525));
#1447=EDGE_LOOP('',(#3526,#3527,#3528,#3529));
#1448=EDGE_LOOP('',(#3530,#3531,#3532,#3533));
#1449=EDGE_LOOP('',(#3534,#3535,#3536,#3537));
#1450=EDGE_LOOP('',(#3538,#3539,#3540,#3541));
#1451=EDGE_LOOP('',(#3542,#3543,#3544,#3545));
#1452=EDGE_LOOP('',(#3546,#3547,#3548,#3549));
#1453=EDGE_LOOP('',(#3550,#3551,#3552,#3553));
#1454=EDGE_LOOP('',(#3554,#3555,#3556,#3557));
#1455=EDGE_LOOP('',(#3558,#3559,#3560,#3561));
#1456=EDGE_LOOP('',(#3562,#3563,#3564,#3565));
#1457=EDGE_LOOP('',(#3566,#3567,#3568,#3569));
#1458=EDGE_LOOP('',(#3570,#3571,#3572,#3573));
#1459=EDGE_LOOP('',(#3574,#3575,#3576,#3577));
#1460=EDGE_LOOP('',(#3578,#3579,#3580,#3581));
#1461=EDGE_LOOP('',(#3582,#3583,#3584,#3585));
#1462=EDGE_LOOP('',(#3586,#3587,#3588,#3589));
#1463=EDGE_LOOP('',(#3590,#3591,#3592,#3593));
#1464=EDGE_LOOP('',(#3594,#3595,#3596));
#1465=EDGE_LOOP('',(#3597,#3598,#3599));
#1466=EDGE_LOOP('',(#3600,#3601,#3602,#3603,#3604));
#1467=EDGE_LOOP('',(#3605,#3606,#3607,#3608,#3609,#3610,#3611));
#1468=EDGE_LOOP('',(#3612,#3613,#3614,#3615));
#1469=EDGE_LOOP('',(#3616,#3617,#3618,#3619,#3620,#3621,#3622));
#1470=EDGE_LOOP('',(#3623,#3624,#3625));
#1471=EDGE_LOOP('',(#3626,#3627,#3628,#3629));
#1472=EDGE_LOOP('',(#3630,#3631,#3632,#3633,#3634));
#1473=EDGE_LOOP('',(#3635,#3636,#3637,#3638,#3639,#3640,#3641,#3642));
#1474=EDGE_LOOP('',(#3643,#3644,#3645,#3646,#3647,#3648,#3649,#3650));
#1475=EDGE_LOOP('',(#3651,#3652,#3653,#3654,#3655,#3656));
#1476=EDGE_LOOP('',(#3657,#3658,#3659,#3660,#3661,#3662,#3663,#3664));
#1477=EDGE_LOOP('',(#3665,#3666,#3667));
#1478=EDGE_LOOP('',(#3668,#3669,#3670,#3671));
#1479=EDGE_LOOP('',(#3672,#3673,#3674,#3675));
#1480=EDGE_LOOP('',(#3676,#3677,#3678,#3679));
#1481=EDGE_LOOP('',(#3680,#3681,#3682,#3683));
#1482=EDGE_LOOP('',(#3684,#3685,#3686,#3687));
#1483=EDGE_LOOP('',(#3688,#3689,#3690,#3691));
#1484=EDGE_LOOP('',(#3692,#3693,#3694,#3695));
#1485=EDGE_LOOP('',(#3696,#3697,#3698,#3699));
#1486=EDGE_LOOP('',(#3700,#3701,#3702,#3703));
#1487=EDGE_LOOP('',(#3704,#3705,#3706,#3707));
#1488=EDGE_LOOP('',(#3708,#3709,#3710,#3711));
#1489=EDGE_LOOP('',(#3712,#3713,#3714,#3715,#3716,#3717,#3718,#3719,#3720,
#3721));
#1490=EDGE_LOOP('',(#3722,#3723,#3724,#3725));
#1491=EDGE_LOOP('',(#3726,#3727,#3728,#3729));
#1492=EDGE_LOOP('',(#3730,#3731,#3732,#3733,#3734,#3735));
#1493=EDGE_LOOP('',(#3736,#3737,#3738,#3739,#3740,#3741));
#1494=EDGE_LOOP('',(#3742,#3743,#3744,#3745));
#1495=EDGE_LOOP('',(#3746,#3747,#3748,#3749));
#1496=EDGE_LOOP('',(#3750,#3751,#3752,#3753));
#1497=EDGE_LOOP('',(#3754,#3755,#3756,#3757));
#1498=EDGE_LOOP('',(#3758,#3759,#3760,#3761));
#1499=EDGE_LOOP('',(#3762,#3763,#3764,#3765,#3766,#3767));
#1500=EDGE_LOOP('',(#3768,#3769,#3770,#3771,#3772,#3773));
#1501=EDGE_LOOP('',(#3774,#3775,#3776,#3777));
#1502=EDGE_LOOP('',(#3778,#3779,#3780,#3781));
#1503=EDGE_LOOP('',(#3782,#3783,#3784,#3785));
#1504=EDGE_LOOP('',(#3786,#3787,#3788,#3789));
#1505=EDGE_LOOP('',(#3790,#3791,#3792,#3793,#3794,#3795));
#1506=EDGE_LOOP('',(#3796,#3797,#3798,#3799,#3800,#3801));
#1507=EDGE_LOOP('',(#3802,#3803,#3804,#3805));
#1508=EDGE_LOOP('',(#3806,#3807,#3808,#3809));
#1509=EDGE_LOOP('',(#3810,#3811,#3812,#3813));
#1510=EDGE_LOOP('',(#3814,#3815,#3816,#3817,#3818,#3819));
#1511=EDGE_LOOP('',(#3820,#3821,#3822,#3823));
#1512=EDGE_LOOP('',(#3824,#3825,#3826,#3827));
#1513=EDGE_LOOP('',(#3828,#3829,#3830,#3831));
#1514=EDGE_LOOP('',(#3832,#3833,#3834,#3835,#3836,#3837));
#1515=EDGE_LOOP('',(#3838,#3839,#3840,#3841));
#1516=EDGE_LOOP('',(#3842,#3843,#3844,#3845));
#1517=EDGE_LOOP('',(#3846,#3847,#3848,#3849));
#1518=EDGE_LOOP('',(#3850,#3851,#3852,#3853));
#1519=EDGE_LOOP('',(#3854,#3855,#3856,#3857));
#1520=EDGE_LOOP('',(#3858,#3859,#3860,#3861));
#1521=EDGE_LOOP('',(#3862,#3863,#3864,#3865));
#1522=EDGE_LOOP('',(#3866,#3867,#3868,#3869));
#1523=EDGE_LOOP('',(#3870,#3871,#3872,#3873));
#1524=EDGE_LOOP('',(#3874,#3875,#3876,#3877,#3878,#3879,#3880,#3881));
#1525=EDGE_LOOP('',(#3882,#3883,#3884,#3885));
#1526=EDGE_LOOP('',(#3886,#3887,#3888,#3889,#3890,#3891,#3892,#3893));
#1527=EDGE_LOOP('',(#3894,#3895,#3896,#3897,#3898,#3899,#3900,#3901,#3902,
#3903,#3904,#3905,#3906,#3907,#3908,#3909));
#1528=EDGE_LOOP('',(#3910,#3911,#3912,#3913));
#1529=EDGE_LOOP('',(#3914,#3915,#3916,#3917));
#1530=EDGE_LOOP('',(#3918,#3919,#3920,#3921));
#1531=EDGE_LOOP('',(#3922,#3923,#3924,#3925));
#1532=EDGE_LOOP('',(#3926,#3927,#3928,#3929));
#1533=EDGE_LOOP('',(#3930,#3931,#3932,#3933,#3934,#3935,#3936,#3937,#3938,
#3939,#3940,#3941,#3942,#3943,#3944,#3945,#3946,#3947,#3948,#3949,#3950,
#3951,#3952,#3953));
#1534=B_SPLINE_CURVE_WITH_KNOTS('',3,(#6097,#6098,#6099,#6100,#6101,#6102,
#6103,#6104,#6105,#6106,#6107,#6108,#6109,#6110,#6111,#6112,#6113,#6114,
#6115,#6116),.UNSPECIFIED.,.F.,.F.,(4,2,2,2,2,2,2,2,2,4),(0.,0.00915055673381437,
0.0184542016924532,0.0355982568781033,0.0650006900878413,0.127193781994311,
0.253522186077424,0.42182297463309,0.522513002091034,0.622124264756215),
 .UNSPECIFIED.);
#1535=B_SPLINE_CURVE_WITH_KNOTS('',3,(#6118,#6119,#6120,#6121,#6122,#6123,
#6124,#6125,#6126,#6127,#6128,#6129,#6130,#6131,#6132,#6133,#6134,#6135,
#6136,#6137,#6138,#6139,#6140,#6141,#6142,#6143,#6144,#6145,#6146,#6147,
#6148,#6149,#6150,#6151,#6152,#6153,#6154,#6155,#6156,#6157,#6158,#6159,
#6160,#6161,#6162,#6163,#6164,#6165,#6166,#6167,#6168,#6169,#6170,#6171,
#6172,#6173,#6174,#6175,#6176,#6177,#6178,#6179,#6180,#6181,#6182,#6183,
#6184,#6185,#6186,#6187),.UNSPECIFIED.,.F.,.F.,(4,1,1,1,1,1,1,1,2,1,1,1,
1,2,1,1,1,1,1,1,1,1,1,1,1,1,1,1,1,1,1,1,1,1,1,1,1,1,1,1,1,2,1,1,1,1,1,1,
2,1,1,1,1,1,1,1,1,1,1,1,1,1,1,4),(-3.54147432937134,-3.53037088990482,-3.45775984899797,
-3.42145432854454,-3.38514880809111,-3.34884328763769,-3.33069052741098,
-3.32161414729762,-3.31253776718426,-3.23011032891325,-3.18889660977775,
-3.16828975020999,-3.15798632042612,-3.14768289064224,-3.09460871704629,
-3.0879744453468,-3.0813401736473,-3.07470590194781,-3.06807163024832,-3.04153454345034,
-2.9884603698544,-2.96192328305642,-2.93538619625845,-2.82923784906655,
-2.72308950187466,-2.51079280749087,-2.29849611310708,-1.87390272433949,
-1.6616060299557,-1.60853185635975,-1.55545768276381,-1.54218913936482,
-1.52892059596583,-1.50238350916786,-1.48911496576887,-1.48248069406938,
-1.48082212614451,-1.47916355821963,-1.47584642236989,-1.4625778789709,
-1.45594360727141,-1.44930933557191,-1.40810819279727,-1.36690705002264,
-1.34630647863532,-1.325705907248,-1.30510533586068,-1.29480505016702,-1.28450476447336,
-1.2754358626464,-1.27090141173291,-1.26636696081943,-1.25729805899246,
-1.2482291571655,-1.23916025533853,-1.21195354985763,-1.20288464803066,
-1.19381574620369,-1.18474684437673,-1.17567794254976,-1.15754013889583,
-1.13940233524189,-1.10312672793403,-1.05555564303034),.UNSPECIFIED.);
#1536=B_SPLINE_CURVE_WITH_KNOTS('',3,(#6189,#6190,#6191,#6192,#6193,#6194,
#6195,#6196,#6197,#6198,#6199,#6200,#6201,#6202,#6203,#6204,#6205,#6206,
#6207,#6208),.UNSPECIFIED.,.F.,.F.,(4,2,2,2,2,2,2,2,2,4),(0.,0.255571419732203,
0.582987592804215,0.76905581720948,1.03565141394554,1.16909688240705,1.23264812612521,
1.26939355021429,1.29232049009027,1.32008854386026),.UNSPECIFIED.);
#1537=B_SPLINE_CURVE_WITH_KNOTS('',3,(#6210,#6211,#6212,#6213,#6214,#6215,
#6216),.UNSPECIFIED.,.F.,.F.,(4,1,2,4),(0.00338222436893914,0.353725984606412,
0.70409504754749,0.70536266470351),.UNSPECIFIED.);
#1538=B_SPLINE_CURVE_WITH_KNOTS('',3,(#6218,#6219,#6220,#6221,#6222,#6223,
#6224,#6225,#6226,#6227,#6228,#6229,#6230,#6231,#6232,#6233,#6234,#6235,
#6236,#6237,#6238,#6239),.UNSPECIFIED.,.F.,.F.,(4,1,1,1,1,1,1,1,1,1,1,1,
1,1,1,1,1,1,1,4),(0.70536266470351,0.740370654855357,0.776646262163224,
0.849197476778958,0.994299906010426,1.10312672793403,1.13940233524189,1.15754013889583,
1.17567794254976,1.18474684437673,1.19381574620369,1.20288464803066,1.21195354985763,
1.23916025533853,1.2482291571655,1.25729805899246,1.26636696081943,1.27090141173291,
1.2754358626464,1.2841996766215),.UNSPECIFIED.);
#1539=B_SPLINE_CURVE_WITH_KNOTS('',3,(#6241,#6242,#6243,#6244,#6245,#6246,
#6247,#6248,#6249,#6250,#6251,#6252),.UNSPECIFIED.,.F.,.F.,(4,2,1,1,1,1,
1,1,4),(1.2841996766215,1.28450476447336,1.29480505016702,1.30510533586068,
1.325705907248,1.34630647863532,1.36690705002264,1.40810819279727,1.44879100637359),
 .UNSPECIFIED.);
#1540=B_SPLINE_CURVE_WITH_KNOTS('',3,(#6254,#6255,#6256,#6257,#6258,#6259,
#6260,#6261,#6262,#6263,#6264,#6265,#6266,#6267,#6268,#6269,#6270,#6271,
#6272,#6273,#6274,#6275,#6276,#6277,#6278,#6279,#6280,#6281,#6282,#6283,
#6284,#6285,#6286,#6287,#6288),.UNSPECIFIED.,.F.,.F.,(4,2,1,1,1,1,1,1,1,
1,1,1,1,1,1,1,1,1,1,1,1,1,1,1,1,1,1,1,1,2,4),(1.44879100637359,1.44930933557191,
1.45594360727141,1.4625778789709,1.47584642236989,1.47916355821963,1.48082212614451,
1.48248069406938,1.48911496576887,1.50238350916786,1.52892059596583,1.54218913936482,
1.55545768276381,1.60853185635975,1.6616060299557,1.87390272433949,2.29849611310708,
2.51079280749087,2.72308950187466,2.82923784906655,2.93538619625845,2.96192328305642,
2.9884603698544,3.04153454345034,3.06807163024832,3.07470590194781,3.0813401736473,
3.0879744453468,3.09460871704629,3.14768289064224,3.14819249845255),
 .UNSPECIFIED.);
#1541=B_SPLINE_CURVE_WITH_KNOTS('',3,(#6290,#6291,#6292,#6293,#6294,#6295,
#6296,#6297,#6298,#6299),.UNSPECIFIED.,.F.,.F.,(4,1,1,1,1,2,4),(3.14819249845255,
3.15798632042612,3.16828975020999,3.18889660977775,3.23011032891325,3.31253776718426,
3.31289564981298),.UNSPECIFIED.);
#1542=B_SPLINE_CURVE_WITH_KNOTS('',3,(#6301,#6302,#6303,#6304,#6305,#6306,
#6307,#6308,#6309,#6310,#6311,#6312,#6313,#6314,#6315,#6316,#6317),
 .UNSPECIFIED.,.F.,.F.,(4,1,1,1,1,1,1,1,1,1,1,1,1,1,4),(3.31289564981298,
3.32161414729762,3.33069052741098,3.34884328763769,3.38514880809111,3.42145432854454,
3.45775984899797,3.53037088990482,3.56667641035824,3.58482917058495,3.60298193081167,
3.67559297171852,3.74820401262537,3.82081505353222,3.89264665382917),
 .UNSPECIFIED.);
#1543=B_SPLINE_CURVE_WITH_KNOTS('',3,(#6318,#6319,#6320,#6321,#6322,#6323,
#6324,#6325,#6326,#6327,#6328),.UNSPECIFIED.,.F.,.F.,(4,2,1,1,1,1,1,4),
(3.89264665382917,3.89342609443907,3.91530746150706,3.93718882857504,3.98095156271102,
4.06847703098298,4.2435279675269,4.59360858621329),.UNSPECIFIED.);
#1544=B_SPLINE_CURVE_WITH_KNOTS('',3,(#6422,#6423,#6424,#6425),
 .UNSPECIFIED.,.F.,.F.,(4,4),(-1.87427794211785,-1.28971615248628),
 .UNSPECIFIED.);
#1545=B_SPLINE_CURVE_WITH_KNOTS('',3,(#6427,#6428,#6429,#6430),
 .UNSPECIFIED.,.F.,.F.,(4,4),(-0.552385403231091,0.),.UNSPECIFIED.);
#1546=B_SPLINE_CURVE_WITH_KNOTS('',3,(#6914,#6915,#6916,#6917,#6918,#6919,
#6920,#6921,#6922,#6923,#6924,#6925,#6926,#6927,#6928,#6929,#6930,#6931,
#6932,#6933),.UNSPECIFIED.,.F.,.F.,(4,2,2,2,2,2,2,2,2,4),(0.,0.00915055673400891,
0.0184542016933048,0.0355982568803912,0.0650006900928156,0.127193782003977,
0.253522186095632,0.421822974663282,0.522513002127722,0.622124264799324),
 .UNSPECIFIED.);
#1547=B_SPLINE_CURVE_WITH_KNOTS('',3,(#6935,#6936,#6937,#6938,#6939,#6940,
#6941,#6942,#6943,#6944,#6945,#6946,#6947,#6948,#6949,#6950,#6951,#6952,
#6953,#6954,#6955,#6956,#6957,#6958,#6959,#6960,#6961,#6962,#6963,#6964,
#6965,#6966,#6967,#6968,#6969,#6970,#6971,#6972,#6973,#6974,#6975,#6976,
#6977,#6978,#6979,#6980,#6981,#6982,#6983,#6984,#6985,#6986,#6987,#6988,
#6989,#6990,#6991,#6992,#6993),.UNSPECIFIED.,.F.,.F.,(4,1,1,1,1,1,1,1,1,
2,1,1,1,1,2,1,1,1,1,1,1,1,1,1,1,1,1,1,1,1,1,1,1,1,1,1,2,1,1,1,1,1,2,1,1,
1,1,1,1,1,1,1,4),(-3.54147648974447,-3.53037088990481,-3.49406536945138,
-3.45775984899796,-3.42145432854453,-3.38514880809111,-3.3669960478644,
-3.34884328763768,-3.33069052741097,-3.31253776718426,-3.18889660977774,
-3.16828975020999,-3.15798632042611,-3.15283460553417,-3.14768289064223,
-3.13441434724325,-3.12114580384426,-3.09460871704629,-3.04153454345034,
-2.98846036985439,-2.96192328305642,-2.94865473965743,-2.93538619625844,
-2.82923784906655,-2.72308950187465,-2.29849611310707,-1.87390272433949,
-1.82082855074354,-1.76775437714759,-1.6616060299557,-1.5554576827638,-1.52892059596583,
-1.50238350916786,-1.47584642236988,-1.4625778789709,-1.4559436072714,-1.44930933557191,
-1.40810819279727,-1.36690705002263,-1.325705907248,-1.30510533586068,-1.29480505016702,
-1.28450476447336,-1.26636696081943,-1.25729805899246,-1.24822915716549,
-1.23009135351156,-1.22102245168459,-1.21195354985763,-1.17567794254976,
-1.13940233524189,-1.10312672793403,-1.05556215581423),.UNSPECIFIED.);
#1548=B_SPLINE_CURVE_WITH_KNOTS('',3,(#6995,#6996,#6997,#6998,#6999,#7000,
#7001,#7002,#7003,#7004,#7005,#7006,#7007,#7008,#7009,#7010,#7011,#7012,
#7013,#7014),.UNSPECIFIED.,.F.,.F.,(4,2,2,2,2,2,2,2,2,4),(0.,0.255571419732202,
0.582987592804724,0.769055817210866,1.03565141394822,1.16909688241104,1.23264812613155,
1.26939355022122,1.2923204900913,1.32008854385384),.UNSPECIFIED.);
#1549=B_SPLINE_CURVE_WITH_KNOTS('',3,(#7016,#7017,#7018,#7019,#7020,#7021,
#7022),.UNSPECIFIED.,.F.,.F.,(4,1,2,4),(0.00338222436888703,0.266133718871115,
0.704095047547488,0.705718322034759),.UNSPECIFIED.);
#1550=B_SPLINE_CURVE_WITH_KNOTS('',3,(#7024,#7025,#7026,#7027,#7028,#7029,
#7030,#7031,#7032,#7033,#7034,#7035,#7036,#7037,#7038,#7039,#7040),
 .UNSPECIFIED.,.F.,.F.,(4,1,1,1,1,1,1,1,1,1,1,1,1,1,4),(0.705718322034759,
0.740370654855355,0.776646262163222,0.849197476778956,0.994299906010424,
1.10312672793403,1.13940233524189,1.17567794254976,1.21195354985763,1.22102245168459,
1.23009135351156,1.24822915716549,1.25729805899246,1.26636696081943,1.28410330677138),
 .UNSPECIFIED.);
#1551=B_SPLINE_CURVE_WITH_KNOTS('',3,(#7042,#7043,#7044,#7045,#7046,#7047,
#7048,#7049,#7050,#7051,#7052),.UNSPECIFIED.,.F.,.F.,(4,2,1,1,1,1,1,4),
(1.28410330677138,1.28450476447336,1.29480505016702,1.30510533586068,1.325705907248,
1.36690705002263,1.40810819279727,1.44873992682066),.UNSPECIFIED.);
#1552=B_SPLINE_CURVE_WITH_KNOTS('',3,(#7054,#7055,#7056,#7057,#7058,#7059,
#7060,#7061,#7062,#7063,#7064,#7065,#7066,#7067,#7068,#7069,#7070,#7071,
#7072,#7073,#7074,#7075,#7076,#7077,#7078,#7079,#7080,#7081,#7082),
 .UNSPECIFIED.,.F.,.F.,(4,2,1,1,1,1,1,1,1,1,1,1,1,1,1,1,1,1,1,1,1,1,1,2,
4),(1.44873992682066,1.44930933557191,1.4559436072714,1.4625778789709,1.47584642236988,
1.50238350916786,1.52892059596583,1.5554576827638,1.6616060299557,1.76775437714759,
1.82082855074354,1.87390272433949,2.29849611310707,2.72308950187465,2.82923784906655,
2.93538619625844,2.94865473965743,2.96192328305642,2.98846036985439,3.04153454345034,
3.09460871704629,3.12114580384426,3.13441434724325,3.14768289064223,3.14790820085781),
 .UNSPECIFIED.);
#1553=B_SPLINE_CURVE_WITH_KNOTS('',3,(#7084,#7085,#7086,#7087,#7088,#7089,
#7090,#7091,#7092,#7093),.UNSPECIFIED.,.F.,.F.,(4,1,1,1,1,2,4),(3.14790820085781,
3.15283460553417,3.15798632042611,3.16828975020999,3.18889660977774,3.31253776718426,
3.31341978547749),.UNSPECIFIED.);
#1554=B_SPLINE_CURVE_WITH_KNOTS('',3,(#7095,#7096,#7097,#7098,#7099,#7100,
#7101,#7102,#7103,#7104,#7105,#7106,#7107,#7108,#7109,#7110,#7111),
 .UNSPECIFIED.,.F.,.F.,(4,1,1,1,1,1,1,1,1,1,1,1,1,1,4),(3.31341978547749,
3.33069052741097,3.34884328763768,3.3669960478644,3.38514880809111,3.42145432854453,
3.45775984899796,3.49406536945138,3.53037088990481,3.56667641035824,3.58482917058495,
3.60298193081166,3.74820401262536,3.82081505353221,3.89262312518641),
 .UNSPECIFIED.);
#1555=B_SPLINE_CURVE_WITH_KNOTS('',3,(#7112,#7113,#7114,#7115,#7116,#7117,
#7118,#7119,#7120,#7121,#7122),.UNSPECIFIED.,.F.,.F.,(4,2,1,1,1,1,1,4),
(3.89262312518641,3.89342609443906,3.91530746150705,3.93718882857503,3.980951562711,
4.06847703098293,4.24352796752679,4.59360858621305),.UNSPECIFIED.);
#1556=B_SPLINE_CURVE_WITH_KNOTS('',3,(#7216,#7217,#7218,#7219),
 .UNSPECIFIED.,.F.,.F.,(4,4),(-1.87427794210872,-1.28971615249463),
 .UNSPECIFIED.);
#1557=B_SPLINE_CURVE_WITH_KNOTS('',3,(#7221,#7222,#7223,#7224),
 .UNSPECIFIED.,.F.,.F.,(4,4),(-0.552385403222582,0.),.UNSPECIFIED.);
#1558=B_SPLINE_CURVE_WITH_KNOTS('',3,(#7708,#7709,#7710,#7711,#7712,#7713,
#7714,#7715,#7716,#7717,#7718,#7719,#7720,#7721,#7722,#7723,#7724,#7725,
#7726,#7727),.UNSPECIFIED.,.F.,.F.,(4,2,2,2,2,2,2,2,2,4),(0.,0.00915055673379071,
0.0184542016921367,0.0355982568769772,0.0650006900853229,0.127193781988867,
0.253522186064103,0.421822974609841,0.522513002060729,0.622124264718925),
 .UNSPECIFIED.);
#1559=B_SPLINE_CURVE_WITH_KNOTS('',3,(#7729,#7730,#7731,#7732,#7733,#7734,
#7735,#7736,#7737,#7738,#7739,#7740,#7741,#7742,#7743,#7744,#7745,#7746,
#7747,#7748,#7749,#7750,#7751,#7752,#7753,#7754,#7755,#7756,#7757,#7758,
#7759,#7760,#7761,#7762,#7763,#7764,#7765,#7766,#7767,#7768,#7769,#7770,
#7771,#7772,#7773,#7774,#7775,#7776,#7777,#7778,#7779,#7780,#7781,#7782,
#7783,#7784,#7785,#7786,#7787),.UNSPECIFIED.,.F.,.F.,(4,1,1,1,1,1,1,1,1,
2,1,1,1,1,2,1,1,1,1,1,1,1,1,1,1,1,1,1,1,1,1,1,1,1,1,1,2,1,1,1,1,1,2,1,1,
1,1,1,1,1,1,1,4),(-3.54147648949432,-3.5303708899048,-3.49406536945138,
-3.45775984899796,-3.42145432854453,-3.38514880809111,-3.36699604786439,
-3.34884328763768,-3.33069052741097,-3.31253776718426,-3.18889660977774,
-3.16828975020998,-3.15798632042611,-3.15283460553417,-3.14768289064223,
-3.13441434724324,-3.12114580384426,-3.09460871704628,-3.04153454345034,
-2.98846036985439,-2.96192328305641,-2.94865473965743,-2.93538619625844,
-2.82923784906655,-2.72308950187465,-2.29849611310707,-1.87390272433949,
-1.82082855074354,-1.76775437714759,-1.6616060299557,-1.5554576827638,-1.52892059596583,
-1.50238350916785,-1.47584642236988,-1.46257787897089,-1.4559436072714,
-1.44930933557191,-1.40810819279727,-1.36690705002263,-1.32570590724799,
-1.30510533586068,-1.29480505016702,-1.28450476447336,-1.26636696081942,
-1.25729805899246,-1.24822915716549,-1.23009135351156,-1.22102245168459,
-1.21195354985762,-1.17567794254976,-1.13940233524189,-1.10312672793402,
-1.05556215607493),.UNSPECIFIED.);
#1560=B_SPLINE_CURVE_WITH_KNOTS('',3,(#7789,#7790,#7791,#7792,#7793,#7794,
#7795,#7796,#7797,#7798,#7799,#7800,#7801,#7802,#7803,#7804,#7805,#7806,
#7807,#7808),.UNSPECIFIED.,.F.,.F.,(4,2,2,2,2,2,2,2,2,4),(0.,0.255571419732204,
0.582987592804875,0.769055817211296,1.03565141394912,1.16909688241178,1.23264812612946,
1.2693935502179,1.29232049008757,1.32008854384754),.UNSPECIFIED.);
#1561=B_SPLINE_CURVE_WITH_KNOTS('',3,(#7810,#7811,#7812,#7813,#7814,#7815,
#7816),.UNSPECIFIED.,.F.,.F.,(4,1,2,4),(0.00338222436884149,0.266133718871087,
0.704095047547479,0.705718342040468),.UNSPECIFIED.);
#1562=B_SPLINE_CURVE_WITH_KNOTS('',3,(#7818,#7819,#7820,#7821,#7822,#7823,
#7824,#7825,#7826,#7827,#7828,#7829,#7830,#7831,#7832,#7833,#7834),
 .UNSPECIFIED.,.F.,.F.,(4,1,1,1,1,1,1,1,1,1,1,1,1,1,4),(0.705718342040468,
0.740370654855346,0.776646262163214,0.849197476778949,0.994299906010418,
1.10312672793402,1.13940233524189,1.17567794254976,1.21195354985762,1.22102245168459,
1.23009135351156,1.24822915716549,1.25729805899246,1.26636696081942,1.2841033015333),
 .UNSPECIFIED.);
#1563=B_SPLINE_CURVE_WITH_KNOTS('',3,(#7836,#7837,#7838,#7839,#7840,#7841,
#7842,#7843,#7844,#7845,#7846),.UNSPECIFIED.,.F.,.F.,(4,2,1,1,1,1,1,4),
(1.2841033015333,1.28450476447336,1.29480505016702,1.30510533586068,1.32570590724799,
1.36690705002263,1.40810819279727,1.44873992129236),.UNSPECIFIED.);
#1564=B_SPLINE_CURVE_WITH_KNOTS('',3,(#7848,#7849,#7850,#7851,#7852,#7853,
#7854,#7855,#7856,#7857,#7858,#7859,#7860,#7861,#7862,#7863,#7864,#7865,
#7866,#7867,#7868,#7869,#7870,#7871,#7872,#7873,#7874,#7875,#7876),
 .UNSPECIFIED.,.F.,.F.,(4,2,1,1,1,1,1,1,1,1,1,1,1,1,1,1,1,1,1,1,1,1,1,2,
4),(1.44873992129236,1.44930933557191,1.4559436072714,1.46257787897089,
1.47584642236988,1.50238350916785,1.52892059596583,1.5554576827638,1.6616060299557,
1.76775437714759,1.82082855074354,1.87390272433949,2.29849611310707,2.72308950187465,
2.82923784906655,2.93538619625844,2.94865473965743,2.96192328305641,2.98846036985439,
3.04153454345034,3.09460871704628,3.12114580384426,3.13441434724324,3.14768289064223,
3.14790819840058),.UNSPECIFIED.);
#1565=B_SPLINE_CURVE_WITH_KNOTS('',3,(#7878,#7879,#7880,#7881,#7882,#7883,
#7884,#7885,#7886,#7887),.UNSPECIFIED.,.F.,.F.,(4,1,1,1,1,2,4),(3.14790819840058,
3.15283460553417,3.15798632042611,3.16828975020998,3.18889660977774,3.31253776718426,
3.31341980353016),.UNSPECIFIED.);
#1566=B_SPLINE_CURVE_WITH_KNOTS('',3,(#7889,#7890,#7891,#7892,#7893,#7894,
#7895,#7896,#7897,#7898,#7899,#7900,#7901,#7902,#7903,#7904,#7905),
 .UNSPECIFIED.,.F.,.F.,(4,1,1,1,1,1,1,1,1,1,1,1,1,1,4),(3.31341980353016,
3.33069052741097,3.34884328763768,3.36699604786439,3.38514880809111,3.42145432854453,
3.45775984899796,3.49406536945138,3.5303708899048,3.56667641035823,3.58482917058494,
3.60298193081165,3.74820401262535,3.8208150535322,3.8926231164337),
 .UNSPECIFIED.);
#1567=B_SPLINE_CURVE_WITH_KNOTS('',3,(#7906,#7907,#7908,#7909,#7910,#7911,
#7912,#7913,#7914,#7915,#7916),.UNSPECIFIED.,.F.,.F.,(4,2,1,1,1,1,1,4),
(3.8926231164337,3.89342609443905,3.91530746150703,3.93718882857501,3.98095156271098,
4.0684770309829,4.24352796752675,4.593608586213),.UNSPECIFIED.);
#1568=B_SPLINE_CURVE_WITH_KNOTS('',3,(#8010,#8011,#8012,#8013),
 .UNSPECIFIED.,.F.,.F.,(4,4),(-1.87427794210467,-1.2897161524983),
 .UNSPECIFIED.);
#1569=B_SPLINE_CURVE_WITH_KNOTS('',3,(#8015,#8016,#8017,#8018),
 .UNSPECIFIED.,.F.,.F.,(4,4),(-0.552385403217578,0.),.UNSPECIFIED.);
#1570=B_SPLINE_CURVE_WITH_KNOTS('',3,(#8574,#8575,#8576,#8577,#8578,#8579,
#8580,#8581,#8582,#8583,#8584,#8585,#8586,#8587,#8588,#8589,#8590,#8591,
#8592,#8593),.UNSPECIFIED.,.F.,.F.,(4,2,2,2,2,2,2,2,2,4),(0.,0.00915055673391514,
0.0184542016925813,0.0355982568772902,0.0650006900853173,0.127193781989656,
0.253522186069553,0.421822974622781,0.522513002077334,0.62212426473915),
 .UNSPECIFIED.);
#1571=B_SPLINE_CURVE_WITH_KNOTS('',3,(#8595,#8596,#8597,#8598,#8599,#8600,
#8601,#8602,#8603,#8604,#8605,#8606,#8607,#8608,#8609,#8610,#8611,#8612,
#8613,#8614,#8615,#8616,#8617,#8618,#8619,#8620,#8621,#8622,#8623,#8624,
#8625,#8626,#8627,#8628,#8629,#8630,#8631,#8632,#8633,#8634,#8635,#8636,
#8637,#8638,#8639,#8640,#8641,#8642,#8643,#8644,#8645,#8646,#8647,#8648,
#8649,#8650,#8651,#8652,#8653,#8654,#8655,#8656,#8657,#8658,#8659,#8660,
#8661,#8662,#8663,#8664),.UNSPECIFIED.,.F.,.F.,(4,1,1,1,1,1,1,1,2,1,1,1,
1,2,1,1,1,1,1,1,1,1,1,1,1,1,1,1,1,1,1,1,1,1,1,1,1,1,1,1,1,2,1,1,1,1,1,1,
2,1,1,1,1,1,1,1,1,1,1,1,1,1,1,4),(-3.54147432941795,-3.53037088990481,-3.45775984899796,
-3.42145432854454,-3.38514880809111,-3.34884328763768,-3.33069052741097,
-3.32161414729762,-3.31253776718426,-3.23011032891325,-3.18889660977774,
-3.16828975020999,-3.15798632042612,-3.14768289064224,-3.09460871704629,
-3.0879744453468,-3.0813401736473,-3.07470590194781,-3.06807163024832,-3.04153454345034,
-2.9884603698544,-2.96192328305642,-2.93538619625845,-2.82923784906655,
-2.72308950187466,-2.51079280749087,-2.29849611310707,-1.87390272433949,
-1.6616060299557,-1.60853185635975,-1.55545768276381,-1.54218913936482,
-1.52892059596583,-1.50238350916786,-1.48911496576887,-1.48248069406938,
-1.4808221261445,-1.47916355821963,-1.47584642236988,-1.4625778789709,-1.4559436072714,
-1.44930933557191,-1.40810819279727,-1.36690705002264,-1.34630647863532,
-1.325705907248,-1.30510533586068,-1.29480505016702,-1.28450476447336,-1.2754358626464,
-1.27090141173291,-1.26636696081943,-1.25729805899246,-1.2482291571655,
-1.23916025533853,-1.21195354985763,-1.20288464803066,-1.1938157462037,
-1.18474684437673,-1.17567794254976,-1.15754013889583,-1.1394023352419,
-1.10312672793403,-1.05555564370114),.UNSPECIFIED.);
#1572=B_SPLINE_CURVE_WITH_KNOTS('',3,(#8666,#8667,#8668,#8669,#8670,#8671,
#8672,#8673,#8674,#8675,#8676,#8677,#8678,#8679,#8680,#8681,#8682,#8683,
#8684,#8685),.UNSPECIFIED.,.F.,.F.,(4,2,2,2,2,2,2,2,2,4),(0.,0.255571419732202,
0.582987592804443,0.769055817210139,1.03565141394692,1.16909688240973,1.23264812612798,
1.26939355021579,1.29232049008511,1.32008854383626),.UNSPECIFIED.);
#1573=B_SPLINE_CURVE_WITH_KNOTS('',3,(#8687,#8688,#8689,#8690,#8691,#8692,
#8693),.UNSPECIFIED.,.F.,.F.,(4,1,2,4),(0.00338222436888645,0.353725984606408,
0.704095047547492,0.705362676028801),.UNSPECIFIED.);
#1574=B_SPLINE_CURVE_WITH_KNOTS('',3,(#8695,#8696,#8697,#8698,#8699,#8700,
#8701,#8702,#8703,#8704,#8705,#8706,#8707,#8708,#8709,#8710,#8711,#8712,
#8713,#8714,#8715,#8716),.UNSPECIFIED.,.F.,.F.,(4,1,1,1,1,1,1,1,1,1,1,1,
1,1,1,1,1,1,1,4),(0.705362676028801,0.740370654855359,0.776646262163226,
0.84919747677896,0.994299906010428,1.10312672793403,1.1394023352419,1.15754013889583,
1.17567794254976,1.18474684437673,1.1938157462037,1.20288464803066,1.21195354985763,
1.23916025533853,1.2482291571655,1.25729805899246,1.26636696081943,1.27090141173291,
1.2754358626464,1.2841996693955),.UNSPECIFIED.);
#1575=B_SPLINE_CURVE_WITH_KNOTS('',3,(#8718,#8719,#8720,#8721,#8722,#8723,
#8724,#8725,#8726,#8727,#8728,#8729),.UNSPECIFIED.,.F.,.F.,(4,2,1,1,1,1,
1,1,4),(1.2841996693955,1.28450476447336,1.29480505016702,1.30510533586068,
1.325705907248,1.34630647863532,1.36690705002264,1.40810819279727,1.44879100209009),
 .UNSPECIFIED.);
#1576=B_SPLINE_CURVE_WITH_KNOTS('',3,(#8731,#8732,#8733,#8734,#8735,#8736,
#8737,#8738,#8739,#8740,#8741,#8742,#8743,#8744,#8745,#8746,#8747,#8748,
#8749,#8750,#8751,#8752,#8753,#8754,#8755,#8756,#8757,#8758,#8759,#8760,
#8761,#8762,#8763,#8764,#8765),.UNSPECIFIED.,.F.,.F.,(4,2,1,1,1,1,1,1,1,
1,1,1,1,1,1,1,1,1,1,1,1,1,1,1,1,1,1,1,1,2,4),(1.44879100209009,1.44930933557191,
1.4559436072714,1.4625778789709,1.47584642236988,1.47916355821963,1.4808221261445,
1.48248069406938,1.48911496576887,1.50238350916786,1.52892059596583,1.54218913936482,
1.55545768276381,1.60853185635975,1.6616060299557,1.87390272433949,2.29849611310707,
2.51079280749087,2.72308950187466,2.82923784906655,2.93538619625845,2.96192328305642,
2.9884603698544,3.04153454345034,3.06807163024832,3.07470590194781,3.0813401736473,
3.0879744453468,3.09460871704629,3.14768289064224,3.14819250617716),
 .UNSPECIFIED.);
#1577=B_SPLINE_CURVE_WITH_KNOTS('',3,(#8767,#8768,#8769,#8770,#8771,#8772,
#8773,#8774,#8775,#8776),.UNSPECIFIED.,.F.,.F.,(4,1,1,1,1,2,4),(3.14819250617716,
3.15798632042612,3.16828975020999,3.18889660977774,3.23011032891325,3.31253776718426,
3.31289567862776),.UNSPECIFIED.);
#1578=B_SPLINE_CURVE_WITH_KNOTS('',3,(#8778,#8779,#8780,#8781,#8782,#8783,
#8784,#8785,#8786,#8787,#8788,#8789,#8790,#8791,#8792,#8793,#8794),
 .UNSPECIFIED.,.F.,.F.,(4,1,1,1,1,1,1,1,1,1,1,1,1,1,4),(3.31289567862776,
3.32161414729762,3.33069052741097,3.34884328763768,3.38514880809111,3.42145432854454,
3.45775984899796,3.53037088990481,3.56667641035824,3.58482917058495,3.60298193081166,
3.67559297171851,3.74820401262537,3.82081505353222,3.89264664500651),
 .UNSPECIFIED.);
#1579=B_SPLINE_CURVE_WITH_KNOTS('',3,(#8795,#8796,#8797,#8798,#8799,#8800,
#8801,#8802,#8803,#8804,#8805),.UNSPECIFIED.,.F.,.F.,(4,2,1,1,1,1,1,4),
(3.89264664500651,3.89342609443907,3.91530746150705,3.93718882857502,3.98095156271098,
4.06847703098289,4.24352796752671,4.59360858621289),.UNSPECIFIED.);
#1580=B_SPLINE_CURVE_WITH_KNOTS('',3,(#8899,#8900,#8901,#8902),
 .UNSPECIFIED.,.F.,.F.,(4,4),(-1.87427794209041,-1.28971615251088),
 .UNSPECIFIED.);
#1581=B_SPLINE_CURVE_WITH_KNOTS('',3,(#8904,#8905,#8906,#8907),
 .UNSPECIFIED.,.F.,.F.,(4,4),(-0.552385403212188,0.),.UNSPECIFIED.);
#1582=B_SPLINE_CURVE_WITH_KNOTS('',3,(#8999,#9000,#9001,#9002),
 .UNSPECIFIED.,.F.,.F.,(4,4),(0.,1.),.UNSPECIFIED.);
#1583=B_SPLINE_CURVE_WITH_KNOTS('',3,(#9004,#9005,#9006,#9007,#9008,#9009,
#9010),.UNSPECIFIED.,.F.,.F.,(4,1,1,1,4),(1.01106448007702,1.06232605325071,
1.16484919959809,1.26737234594547,1.36989549229284),.UNSPECIFIED.);
#1584=B_SPLINE_CURVE_WITH_KNOTS('',3,(#9012,#9013,#9014,#9015),
 .UNSPECIFIED.,.F.,.F.,(4,4),(-1.45,-1.44139749455173),.UNSPECIFIED.);
#1585=B_SPLINE_CURVE_WITH_KNOTS('',3,(#9062,#9063,#9064,#9065),
 .UNSPECIFIED.,.F.,.F.,(4,4),(-1.,0.),.UNSPECIFIED.);
#1586=B_SPLINE_CURVE_WITH_KNOTS('',3,(#9067,#9068,#9069,#9070,#9071,#9072,
#9073),.UNSPECIFIED.,.F.,.F.,(4,1,1,1,4),(-1.36989549229284,-1.26737234594547,
-1.16484919959809,-1.06232605325071,-1.01106448007702),.UNSPECIFIED.);
#1587=B_SPLINE_CURVE_WITH_KNOTS('',3,(#9109,#9110,#9111,#9112),
 .UNSPECIFIED.,.F.,.F.,(4,4),(-0.238194090010853,-0.0751386502990279),
 .UNSPECIFIED.);
#1588=B_SPLINE_CURVE_WITH_KNOTS('',3,(#9113,#9114,#9115,#9116),
 .UNSPECIFIED.,.F.,.F.,(4,4),(0.0751386502990279,0.238194090010853),
 .UNSPECIFIED.);
#1589=B_SPLINE_CURVE_WITH_KNOTS('',3,(#9136,#9137,#9138,#9139),
 .UNSPECIFIED.,.F.,.F.,(4,4),(-0.363390644674826,-0.238194090010852),
 .UNSPECIFIED.);
#1590=B_SPLINE_CURVE_WITH_KNOTS('',3,(#9140,#9141,#9142,#9143),
 .UNSPECIFIED.,.F.,.F.,(4,4),(0.238194090010852,0.363390644674826),
 .UNSPECIFIED.);
#1591=B_SPLINE_CURVE_WITH_KNOTS('',3,(#9184,#9185,#9186,#9187),
 .UNSPECIFIED.,.F.,.F.,(4,4),(-0.238194097059765,-0.0751385850296771),
 .UNSPECIFIED.);
#1592=B_SPLINE_CURVE_WITH_KNOTS('',3,(#9188,#9189,#9190,#9191),
 .UNSPECIFIED.,.F.,.F.,(4,4),(0.0751385850296771,0.238194097059765),
 .UNSPECIFIED.);
#1593=B_SPLINE_CURVE_WITH_KNOTS('',3,(#9211,#9212,#9213,#9214),
 .UNSPECIFIED.,.F.,.F.,(4,4),(-0.363390745296517,-0.238194097059765),
 .UNSPECIFIED.);
#1594=B_SPLINE_CURVE_WITH_KNOTS('',3,(#9215,#9216,#9217,#9218),
 .UNSPECIFIED.,.F.,.F.,(4,4),(0.238194097059765,0.363390745296517),
 .UNSPECIFIED.);
#1595=B_SPLINE_CURVE_WITH_KNOTS('',3,(#9258,#9259,#9260,#9261),
 .UNSPECIFIED.,.F.,.F.,(4,4),(0.,1.),.UNSPECIFIED.);
#1596=B_SPLINE_CURVE_WITH_KNOTS('',3,(#9263,#9264,#9265,#9266,#9267,#9268,
#9269),.UNSPECIFIED.,.F.,.F.,(4,1,1,1,4),(0.0292210791349998,0.183005798673353,
0.285528945032254,0.336790518211705,0.388052091391156),.UNSPECIFIED.);
#1597=B_SPLINE_CURVE_WITH_KNOTS('',3,(#9272,#9273,#9274,#9275,#9276,#9277,
#9278),.UNSPECIFIED.,.F.,.F.,(4,1,1,1,4),(-0.388052091391156,-0.336790518211705,
-0.285528945032254,-0.183005798673353,-0.0292210791349998),
 .UNSPECIFIED.);
#1598=B_SPLINE_CURVE_WITH_KNOTS('',3,(#9298,#9299,#9300,#9301),
 .UNSPECIFIED.,.F.,.F.,(4,4),(-1.45,-1.44139747310607),.UNSPECIFIED.);
#1599=B_SPLINE_CURVE_WITH_KNOTS('',3,(#9302,#9303,#9304,#9305),
 .UNSPECIFIED.,.F.,.F.,(4,4),(1.44139747310607,1.45),.UNSPECIFIED.);
#1600=B_SPLINE_CURVE_WITH_KNOTS('',3,(#9322,#9323,#9324,#9325),
 .UNSPECIFIED.,.F.,.F.,(4,4),(-0.785398163397537,-0.587660539083344),
 .UNSPECIFIED.);
#1601=B_SPLINE_CURVE_WITH_KNOTS('',3,(#9326,#9327,#9328,#9329),
 .UNSPECIFIED.,.F.,.F.,(4,4),(0.587660539083344,0.785398163397537),
 .UNSPECIFIED.);
#1602=B_SPLINE_CURVE_WITH_KNOTS('',3,(#9348,#9349,#9350,#9351),
 .UNSPECIFIED.,.F.,.F.,(4,4),(-0.785398163397471,-0.587659570074661),
 .UNSPECIFIED.);
#1603=B_SPLINE_CURVE_WITH_KNOTS('',3,(#9352,#9353,#9354,#9355),
 .UNSPECIFIED.,.F.,.F.,(4,4),(0.587659570074661,0.785398163397471),
 .UNSPECIFIED.);
#1604=B_SPLINE_CURVE_WITH_KNOTS('',3,(#9372,#9373,#9374,#9375),
 .UNSPECIFIED.,.F.,.F.,(4,4),(1.44139749455173,1.45),.UNSPECIFIED.);
#1605=B_SPLINE_CURVE_WITH_KNOTS('',3,(#9392,#9393,#9394,#9395),
 .UNSPECIFIED.,.F.,.F.,(4,4),(-1.,0.),.UNSPECIFIED.);
#1606=B_SPLINE_CURVE_WITH_KNOTS('',3,(#9412,#9413,#9414,#9415),
 .UNSPECIFIED.,.F.,.F.,(4,4),(0.,1.),.UNSPECIFIED.);
#1607=B_SPLINE_CURVE_WITH_KNOTS('',3,(#9416,#9417,#9418,#9419),
 .UNSPECIFIED.,.F.,.F.,(4,4),(-1.,0.),.UNSPECIFIED.);
#1608=B_SPLINE_CURVE_WITH_KNOTS('',3,(#9584,#9585,#9586,#9587),
 .UNSPECIFIED.,.F.,.F.,(4,4),(0.,1.),.UNSPECIFIED.);
#1609=B_SPLINE_CURVE_WITH_KNOTS('',3,(#9589,#9590,#9591,#9592,#9593,#9594,
#9595),.UNSPECIFIED.,.F.,.F.,(4,1,1,1,4),(1.01106448007702,1.06232605325071,
1.16484919959809,1.26737234594547,1.36989549229284),.UNSPECIFIED.);
#1610=B_SPLINE_CURVE_WITH_KNOTS('',3,(#9597,#9598,#9599,#9600),
 .UNSPECIFIED.,.F.,.F.,(4,4),(-1.45,-1.44139749455173),.UNSPECIFIED.);
#1611=B_SPLINE_CURVE_WITH_KNOTS('',3,(#9647,#9648,#9649,#9650),
 .UNSPECIFIED.,.F.,.F.,(4,4),(-1.,0.),.UNSPECIFIED.);
#1612=B_SPLINE_CURVE_WITH_KNOTS('',3,(#9652,#9653,#9654,#9655,#9656,#9657,
#9658),.UNSPECIFIED.,.F.,.F.,(4,1,1,1,4),(-1.36989549229284,-1.26737234594547,
-1.16484919959809,-1.06232605325071,-1.01106448007702),.UNSPECIFIED.);
#1613=B_SPLINE_CURVE_WITH_KNOTS('',3,(#9694,#9695,#9696,#9697),
 .UNSPECIFIED.,.F.,.F.,(4,4),(-0.238194090010853,-0.0751386502990279),
 .UNSPECIFIED.);
#1614=B_SPLINE_CURVE_WITH_KNOTS('',3,(#9698,#9699,#9700,#9701),
 .UNSPECIFIED.,.F.,.F.,(4,4),(0.0751386502990279,0.238194090010853),
 .UNSPECIFIED.);
#1615=B_SPLINE_CURVE_WITH_KNOTS('',3,(#9721,#9722,#9723,#9724),
 .UNSPECIFIED.,.F.,.F.,(4,4),(-0.363390644674826,-0.238194090010852),
 .UNSPECIFIED.);
#1616=B_SPLINE_CURVE_WITH_KNOTS('',3,(#9725,#9726,#9727,#9728),
 .UNSPECIFIED.,.F.,.F.,(4,4),(0.238194090010852,0.363390644674826),
 .UNSPECIFIED.);
#1617=B_SPLINE_CURVE_WITH_KNOTS('',3,(#9769,#9770,#9771,#9772),
 .UNSPECIFIED.,.F.,.F.,(4,4),(-0.238194097059765,-0.0751385850296771),
 .UNSPECIFIED.);
#1618=B_SPLINE_CURVE_WITH_KNOTS('',3,(#9773,#9774,#9775,#9776),
 .UNSPECIFIED.,.F.,.F.,(4,4),(0.0751385850296771,0.238194097059765),
 .UNSPECIFIED.);
#1619=B_SPLINE_CURVE_WITH_KNOTS('',3,(#9796,#9797,#9798,#9799),
 .UNSPECIFIED.,.F.,.F.,(4,4),(-0.363390745296517,-0.238194097059765),
 .UNSPECIFIED.);
#1620=B_SPLINE_CURVE_WITH_KNOTS('',3,(#9800,#9801,#9802,#9803),
 .UNSPECIFIED.,.F.,.F.,(4,4),(0.238194097059765,0.363390745296517),
 .UNSPECIFIED.);
#1621=B_SPLINE_CURVE_WITH_KNOTS('',3,(#9843,#9844,#9845,#9846),
 .UNSPECIFIED.,.F.,.F.,(4,4),(0.,1.),.UNSPECIFIED.);
#1622=B_SPLINE_CURVE_WITH_KNOTS('',3,(#9848,#9849,#9850,#9851,#9852,#9853,
#9854),.UNSPECIFIED.,.F.,.F.,(4,1,1,1,4),(0.0292210791349998,0.183005798673353,
0.285528945032254,0.336790518211705,0.388052091391156),.UNSPECIFIED.);
#1623=B_SPLINE_CURVE_WITH_KNOTS('',3,(#9857,#9858,#9859,#9860,#9861,#9862,
#9863),.UNSPECIFIED.,.F.,.F.,(4,1,1,1,4),(-0.388052091391156,-0.336790518211705,
-0.285528945032254,-0.183005798673353,-0.0292210791349998),
 .UNSPECIFIED.);
#1624=B_SPLINE_CURVE_WITH_KNOTS('',3,(#9883,#9884,#9885,#9886),
 .UNSPECIFIED.,.F.,.F.,(4,4),(-1.45,-1.44139747310607),.UNSPECIFIED.);
#1625=B_SPLINE_CURVE_WITH_KNOTS('',3,(#9887,#9888,#9889,#9890),
 .UNSPECIFIED.,.F.,.F.,(4,4),(1.44139747310607,1.45),.UNSPECIFIED.);
#1626=B_SPLINE_CURVE_WITH_KNOTS('',3,(#9907,#9908,#9909,#9910),
 .UNSPECIFIED.,.F.,.F.,(4,4),(-0.785398163397537,-0.587660539083344),
 .UNSPECIFIED.);
#1627=B_SPLINE_CURVE_WITH_KNOTS('',3,(#9911,#9912,#9913,#9914),
 .UNSPECIFIED.,.F.,.F.,(4,4),(0.587660539083344,0.785398163397537),
 .UNSPECIFIED.);
#1628=B_SPLINE_CURVE_WITH_KNOTS('',3,(#9933,#9934,#9935,#9936),
 .UNSPECIFIED.,.F.,.F.,(4,4),(-0.785398163397471,-0.587659570074661),
 .UNSPECIFIED.);
#1629=B_SPLINE_CURVE_WITH_KNOTS('',3,(#9937,#9938,#9939,#9940),
 .UNSPECIFIED.,.F.,.F.,(4,4),(0.587659570074661,0.785398163397471),
 .UNSPECIFIED.);
#1630=B_SPLINE_CURVE_WITH_KNOTS('',3,(#9957,#9958,#9959,#9960),
 .UNSPECIFIED.,.F.,.F.,(4,4),(1.44139749455173,1.45),.UNSPECIFIED.);
#1631=B_SPLINE_CURVE_WITH_KNOTS('',3,(#9977,#9978,#9979,#9980),
 .UNSPECIFIED.,.F.,.F.,(4,4),(-1.,0.),.UNSPECIFIED.);
#1632=B_SPLINE_CURVE_WITH_KNOTS('',3,(#9997,#9998,#9999,#10000),
 .UNSPECIFIED.,.F.,.F.,(4,4),(0.,1.),.UNSPECIFIED.);
#1633=B_SPLINE_CURVE_WITH_KNOTS('',3,(#10001,#10002,#10003,#10004),
 .UNSPECIFIED.,.F.,.F.,(4,4),(-1.,0.),.UNSPECIFIED.);
#1634=B_SPLINE_CURVE_WITH_KNOTS('',3,(#10169,#10170,#10171,#10172),
 .UNSPECIFIED.,.F.,.F.,(4,4),(0.,1.),.UNSPECIFIED.);
#1635=B_SPLINE_CURVE_WITH_KNOTS('',3,(#10174,#10175,#10176,#10177,#10178,
#10179,#10180),.UNSPECIFIED.,.F.,.F.,(4,1,1,1,4),(1.01106448007702,1.06232605325071,
1.16484919959809,1.26737234594547,1.36989549229284),.UNSPECIFIED.);
#1636=B_SPLINE_CURVE_WITH_KNOTS('',3,(#10182,#10183,#10184,#10185),
 .UNSPECIFIED.,.F.,.F.,(4,4),(-1.45,-1.44139749455173),.UNSPECIFIED.);
#1637=B_SPLINE_CURVE_WITH_KNOTS('',3,(#10232,#10233,#10234,#10235),
 .UNSPECIFIED.,.F.,.F.,(4,4),(-1.,0.),.UNSPECIFIED.);
#1638=B_SPLINE_CURVE_WITH_KNOTS('',3,(#10237,#10238,#10239,#10240,#10241,
#10242,#10243),.UNSPECIFIED.,.F.,.F.,(4,1,1,1,4),(-1.36989549229284,-1.26737234594547,
-1.16484919959809,-1.06232605325071,-1.01106448007702),.UNSPECIFIED.);
#1639=B_SPLINE_CURVE_WITH_KNOTS('',3,(#10279,#10280,#10281,#10282),
 .UNSPECIFIED.,.F.,.F.,(4,4),(-0.238194090010853,-0.0751386502990279),
 .UNSPECIFIED.);
#1640=B_SPLINE_CURVE_WITH_KNOTS('',3,(#10283,#10284,#10285,#10286),
 .UNSPECIFIED.,.F.,.F.,(4,4),(0.0751386502990279,0.238194090010853),
 .UNSPECIFIED.);
#1641=B_SPLINE_CURVE_WITH_KNOTS('',3,(#10306,#10307,#10308,#10309),
 .UNSPECIFIED.,.F.,.F.,(4,4),(-0.363390644674826,-0.238194090010852),
 .UNSPECIFIED.);
#1642=B_SPLINE_CURVE_WITH_KNOTS('',3,(#10310,#10311,#10312,#10313),
 .UNSPECIFIED.,.F.,.F.,(4,4),(0.238194090010852,0.363390644674826),
 .UNSPECIFIED.);
#1643=B_SPLINE_CURVE_WITH_KNOTS('',3,(#10354,#10355,#10356,#10357),
 .UNSPECIFIED.,.F.,.F.,(4,4),(-0.238194097059765,-0.0751385850296771),
 .UNSPECIFIED.);
#1644=B_SPLINE_CURVE_WITH_KNOTS('',3,(#10358,#10359,#10360,#10361),
 .UNSPECIFIED.,.F.,.F.,(4,4),(0.0751385850296771,0.238194097059765),
 .UNSPECIFIED.);
#1645=B_SPLINE_CURVE_WITH_KNOTS('',3,(#10381,#10382,#10383,#10384),
 .UNSPECIFIED.,.F.,.F.,(4,4),(-0.363390745296517,-0.238194097059765),
 .UNSPECIFIED.);
#1646=B_SPLINE_CURVE_WITH_KNOTS('',3,(#10385,#10386,#10387,#10388),
 .UNSPECIFIED.,.F.,.F.,(4,4),(0.238194097059765,0.363390745296517),
 .UNSPECIFIED.);
#1647=B_SPLINE_CURVE_WITH_KNOTS('',3,(#10428,#10429,#10430,#10431),
 .UNSPECIFIED.,.F.,.F.,(4,4),(0.,1.),.UNSPECIFIED.);
#1648=B_SPLINE_CURVE_WITH_KNOTS('',3,(#10433,#10434,#10435,#10436,#10437,
#10438,#10439),.UNSPECIFIED.,.F.,.F.,(4,1,1,1,4),(0.0292210791349998,0.183005798673353,
0.285528945032254,0.336790518211705,0.388052091391156),.UNSPECIFIED.);
#1649=B_SPLINE_CURVE_WITH_KNOTS('',3,(#10442,#10443,#10444,#10445,#10446,
#10447,#10448),.UNSPECIFIED.,.F.,.F.,(4,1,1,1,4),(-0.388052091391156,-0.336790518211705,
-0.285528945032254,-0.183005798673353,-0.0292210791349998),
 .UNSPECIFIED.);
#1650=B_SPLINE_CURVE_WITH_KNOTS('',3,(#10468,#10469,#10470,#10471),
 .UNSPECIFIED.,.F.,.F.,(4,4),(-1.45,-1.44139747310607),.UNSPECIFIED.);
#1651=B_SPLINE_CURVE_WITH_KNOTS('',3,(#10472,#10473,#10474,#10475),
 .UNSPECIFIED.,.F.,.F.,(4,4),(1.44139747310607,1.45),.UNSPECIFIED.);
#1652=B_SPLINE_CURVE_WITH_KNOTS('',3,(#10492,#10493,#10494,#10495),
 .UNSPECIFIED.,.F.,.F.,(4,4),(-0.785398163397537,-0.587660539083344),
 .UNSPECIFIED.);
#1653=B_SPLINE_CURVE_WITH_KNOTS('',3,(#10496,#10497,#10498,#10499),
 .UNSPECIFIED.,.F.,.F.,(4,4),(0.587660539083344,0.785398163397537),
 .UNSPECIFIED.);
#1654=B_SPLINE_CURVE_WITH_KNOTS('',3,(#10518,#10519,#10520,#10521),
 .UNSPECIFIED.,.F.,.F.,(4,4),(-0.785398163397471,-0.587659570074661),
 .UNSPECIFIED.);
#1655=B_SPLINE_CURVE_WITH_KNOTS('',3,(#10522,#10523,#10524,#10525),
 .UNSPECIFIED.,.F.,.F.,(4,4),(0.587659570074661,0.785398163397471),
 .UNSPECIFIED.);
#1656=B_SPLINE_CURVE_WITH_KNOTS('',3,(#10542,#10543,#10544,#10545),
 .UNSPECIFIED.,.F.,.F.,(4,4),(1.44139749455173,1.45),.UNSPECIFIED.);
#1657=B_SPLINE_CURVE_WITH_KNOTS('',3,(#10562,#10563,#10564,#10565),
 .UNSPECIFIED.,.F.,.F.,(4,4),(-1.,0.),.UNSPECIFIED.);
#1658=B_SPLINE_CURVE_WITH_KNOTS('',3,(#10582,#10583,#10584,#10585),
 .UNSPECIFIED.,.F.,.F.,(4,4),(0.,1.),.UNSPECIFIED.);
#1659=B_SPLINE_CURVE_WITH_KNOTS('',3,(#10586,#10587,#10588,#10589),
 .UNSPECIFIED.,.F.,.F.,(4,4),(-1.,0.),.UNSPECIFIED.);
#1660=B_SPLINE_CURVE_WITH_KNOTS('',3,(#10754,#10755,#10756,#10757),
 .UNSPECIFIED.,.F.,.F.,(4,4),(0.,1.),.UNSPECIFIED.);
#1661=B_SPLINE_CURVE_WITH_KNOTS('',3,(#10759,#10760,#10761,#10762,#10763,
#10764,#10765),.UNSPECIFIED.,.F.,.F.,(4,1,1,1,4),(1.01106448007702,1.06232605325071,
1.16484919959809,1.26737234594547,1.36989549229284),.UNSPECIFIED.);
#1662=B_SPLINE_CURVE_WITH_KNOTS('',3,(#10767,#10768,#10769,#10770),
 .UNSPECIFIED.,.F.,.F.,(4,4),(-1.45,-1.44139749455173),.UNSPECIFIED.);
#1663=B_SPLINE_CURVE_WITH_KNOTS('',3,(#10817,#10818,#10819,#10820),
 .UNSPECIFIED.,.F.,.F.,(4,4),(-1.,0.),.UNSPECIFIED.);
#1664=B_SPLINE_CURVE_WITH_KNOTS('',3,(#10822,#10823,#10824,#10825,#10826,
#10827,#10828),.UNSPECIFIED.,.F.,.F.,(4,1,1,1,4),(-1.36989549229284,-1.26737234594547,
-1.16484919959809,-1.06232605325071,-1.01106448007702),.UNSPECIFIED.);
#1665=B_SPLINE_CURVE_WITH_KNOTS('',3,(#10864,#10865,#10866,#10867),
 .UNSPECIFIED.,.F.,.F.,(4,4),(-0.238194090010853,-0.0751386502990279),
 .UNSPECIFIED.);
#1666=B_SPLINE_CURVE_WITH_KNOTS('',3,(#10868,#10869,#10870,#10871),
 .UNSPECIFIED.,.F.,.F.,(4,4),(0.0751386502990279,0.238194090010853),
 .UNSPECIFIED.);
#1667=B_SPLINE_CURVE_WITH_KNOTS('',3,(#10891,#10892,#10893,#10894),
 .UNSPECIFIED.,.F.,.F.,(4,4),(-0.363390644674826,-0.238194090010852),
 .UNSPECIFIED.);
#1668=B_SPLINE_CURVE_WITH_KNOTS('',3,(#10895,#10896,#10897,#10898),
 .UNSPECIFIED.,.F.,.F.,(4,4),(0.238194090010852,0.363390644674826),
 .UNSPECIFIED.);
#1669=B_SPLINE_CURVE_WITH_KNOTS('',3,(#10939,#10940,#10941,#10942),
 .UNSPECIFIED.,.F.,.F.,(4,4),(-0.238194097059765,-0.0751385850296771),
 .UNSPECIFIED.);
#1670=B_SPLINE_CURVE_WITH_KNOTS('',3,(#10943,#10944,#10945,#10946),
 .UNSPECIFIED.,.F.,.F.,(4,4),(0.0751385850296771,0.238194097059765),
 .UNSPECIFIED.);
#1671=B_SPLINE_CURVE_WITH_KNOTS('',3,(#10966,#10967,#10968,#10969),
 .UNSPECIFIED.,.F.,.F.,(4,4),(-0.363390745296517,-0.238194097059765),
 .UNSPECIFIED.);
#1672=B_SPLINE_CURVE_WITH_KNOTS('',3,(#10970,#10971,#10972,#10973),
 .UNSPECIFIED.,.F.,.F.,(4,4),(0.238194097059765,0.363390745296517),
 .UNSPECIFIED.);
#1673=B_SPLINE_CURVE_WITH_KNOTS('',3,(#11013,#11014,#11015,#11016),
 .UNSPECIFIED.,.F.,.F.,(4,4),(0.,1.),.UNSPECIFIED.);
#1674=B_SPLINE_CURVE_WITH_KNOTS('',3,(#11018,#11019,#11020,#11021,#11022,
#11023,#11024),.UNSPECIFIED.,.F.,.F.,(4,1,1,1,4),(0.0292210791349998,0.183005798673353,
0.285528945032254,0.336790518211705,0.388052091391156),.UNSPECIFIED.);
#1675=B_SPLINE_CURVE_WITH_KNOTS('',3,(#11027,#11028,#11029,#11030,#11031,
#11032,#11033),.UNSPECIFIED.,.F.,.F.,(4,1,1,1,4),(-0.388052091391156,-0.336790518211705,
-0.285528945032254,-0.183005798673353,-0.0292210791349998),
 .UNSPECIFIED.);
#1676=B_SPLINE_CURVE_WITH_KNOTS('',3,(#11053,#11054,#11055,#11056),
 .UNSPECIFIED.,.F.,.F.,(4,4),(-1.45,-1.44139747310607),.UNSPECIFIED.);
#1677=B_SPLINE_CURVE_WITH_KNOTS('',3,(#11057,#11058,#11059,#11060),
 .UNSPECIFIED.,.F.,.F.,(4,4),(1.44139747310607,1.45),.UNSPECIFIED.);
#1678=B_SPLINE_CURVE_WITH_KNOTS('',3,(#11077,#11078,#11079,#11080),
 .UNSPECIFIED.,.F.,.F.,(4,4),(-0.785398163397537,-0.587660539083344),
 .UNSPECIFIED.);
#1679=B_SPLINE_CURVE_WITH_KNOTS('',3,(#11081,#11082,#11083,#11084),
 .UNSPECIFIED.,.F.,.F.,(4,4),(0.587660539083344,0.785398163397537),
 .UNSPECIFIED.);
#1680=B_SPLINE_CURVE_WITH_KNOTS('',3,(#11103,#11104,#11105,#11106),
 .UNSPECIFIED.,.F.,.F.,(4,4),(-0.785398163397471,-0.587659570074661),
 .UNSPECIFIED.);
#1681=B_SPLINE_CURVE_WITH_KNOTS('',3,(#11107,#11108,#11109,#11110),
 .UNSPECIFIED.,.F.,.F.,(4,4),(0.587659570074661,0.785398163397471),
 .UNSPECIFIED.);
#1682=B_SPLINE_CURVE_WITH_KNOTS('',3,(#11127,#11128,#11129,#11130),
 .UNSPECIFIED.,.F.,.F.,(4,4),(1.44139749455173,1.45),.UNSPECIFIED.);
#1683=B_SPLINE_CURVE_WITH_KNOTS('',3,(#11147,#11148,#11149,#11150),
 .UNSPECIFIED.,.F.,.F.,(4,4),(-1.,0.),.UNSPECIFIED.);
#1684=B_SPLINE_CURVE_WITH_KNOTS('',3,(#11167,#11168,#11169,#11170),
 .UNSPECIFIED.,.F.,.F.,(4,4),(0.,1.),.UNSPECIFIED.);
#1685=B_SPLINE_CURVE_WITH_KNOTS('',3,(#11171,#11172,#11173,#11174),
 .UNSPECIFIED.,.F.,.F.,(4,4),(-1.,0.),.UNSPECIFIED.);
#1686=VERTEX_POINT('',#6095);
#1687=VERTEX_POINT('',#6096);
#1688=VERTEX_POINT('',#6117);
#1689=VERTEX_POINT('',#6188);
#1690=VERTEX_POINT('',#6209);
#1691=VERTEX_POINT('',#6217);
#1692=VERTEX_POINT('',#6240);
#1693=VERTEX_POINT('',#6253);
#1694=VERTEX_POINT('',#6289);
#1695=VERTEX_POINT('',#6300);
#1696=VERTEX_POINT('',#6421);
#1697=VERTEX_POINT('',#6426);
#1698=VERTEX_POINT('',#6431);
#1699=VERTEX_POINT('',#6433);
#1700=VERTEX_POINT('',#6435);
#1701=VERTEX_POINT('',#6437);
#1702=VERTEX_POINT('',#6439);
#1703=VERTEX_POINT('',#6441);
#1704=VERTEX_POINT('',#6912);
#1705=VERTEX_POINT('',#6913);
#1706=VERTEX_POINT('',#6934);
#1707=VERTEX_POINT('',#6994);
#1708=VERTEX_POINT('',#7015);
#1709=VERTEX_POINT('',#7023);
#1710=VERTEX_POINT('',#7041);
#1711=VERTEX_POINT('',#7053);
#1712=VERTEX_POINT('',#7083);
#1713=VERTEX_POINT('',#7094);
#1714=VERTEX_POINT('',#7215);
#1715=VERTEX_POINT('',#7220);
#1716=VERTEX_POINT('',#7225);
#1717=VERTEX_POINT('',#7227);
#1718=VERTEX_POINT('',#7229);
#1719=VERTEX_POINT('',#7231);
#1720=VERTEX_POINT('',#7233);
#1721=VERTEX_POINT('',#7235);
#1722=VERTEX_POINT('',#7706);
#1723=VERTEX_POINT('',#7707);
#1724=VERTEX_POINT('',#7728);
#1725=VERTEX_POINT('',#7788);
#1726=VERTEX_POINT('',#7809);
#1727=VERTEX_POINT('',#7817);
#1728=VERTEX_POINT('',#7835);
#1729=VERTEX_POINT('',#7847);
#1730=VERTEX_POINT('',#7877);
#1731=VERTEX_POINT('',#7888);
#1732=VERTEX_POINT('',#8009);
#1733=VERTEX_POINT('',#8014);
#1734=VERTEX_POINT('',#8019);
#1735=VERTEX_POINT('',#8021);
#1736=VERTEX_POINT('',#8023);
#1737=VERTEX_POINT('',#8025);
#1738=VERTEX_POINT('',#8027);
#1739=VERTEX_POINT('',#8029);
#1740=VERTEX_POINT('',#8572);
#1741=VERTEX_POINT('',#8573);
#1742=VERTEX_POINT('',#8594);
#1743=VERTEX_POINT('',#8665);
#1744=VERTEX_POINT('',#8686);
#1745=VERTEX_POINT('',#8694);
#1746=VERTEX_POINT('',#8717);
#1747=VERTEX_POINT('',#8730);
#1748=VERTEX_POINT('',#8766);
#1749=VERTEX_POINT('',#8777);
#1750=VERTEX_POINT('',#8898);
#1751=VERTEX_POINT('',#8903);
#1752=VERTEX_POINT('',#8908);
#1753=VERTEX_POINT('',#8910);
#1754=VERTEX_POINT('',#8912);
#1755=VERTEX_POINT('',#8914);
#1756=VERTEX_POINT('',#8916);
#1757=VERTEX_POINT('',#8918);
#1758=VERTEX_POINT('',#8985);
#1759=VERTEX_POINT('',#8987);
#1760=VERTEX_POINT('',#8989);
#1761=VERTEX_POINT('',#8992);
#1762=VERTEX_POINT('',#8996);
#1763=VERTEX_POINT('',#8998);
#1764=VERTEX_POINT('',#9003);
#1765=VERTEX_POINT('',#9011);
#1766=VERTEX_POINT('',#9016);
#1767=VERTEX_POINT('',#9018);
#1768=VERTEX_POINT('',#9022);
#1769=VERTEX_POINT('',#9026);
#1770=VERTEX_POINT('',#9030);
#1771=VERTEX_POINT('',#9061);
#1772=VERTEX_POINT('',#9066);
#1773=VERTEX_POINT('',#9076);
#1774=VERTEX_POINT('',#9077);
#1775=VERTEX_POINT('',#9079);
#1776=VERTEX_POINT('',#9081);
#1777=VERTEX_POINT('',#9085);
#1778=VERTEX_POINT('',#9086);
#1779=VERTEX_POINT('',#9106);
#1780=VERTEX_POINT('',#9107);
#1781=VERTEX_POINT('',#9133);
#1782=VERTEX_POINT('',#9134);
#1783=VERTEX_POINT('',#9145);
#1784=VERTEX_POINT('',#9147);
#1785=VERTEX_POINT('',#9151);
#1786=VERTEX_POINT('',#9153);
#1787=VERTEX_POINT('',#9157);
#1788=VERTEX_POINT('',#9158);
#1789=VERTEX_POINT('',#9160);
#1790=VERTEX_POINT('',#9162);
#1791=VERTEX_POINT('',#9181);
#1792=VERTEX_POINT('',#9182);
#1793=VERTEX_POINT('',#9208);
#1794=VERTEX_POINT('',#9209);
#1795=VERTEX_POINT('',#9223);
#1796=VERTEX_POINT('',#9224);
#1797=VERTEX_POINT('',#9256);
#1798=VERTEX_POINT('',#9257);
#1799=VERTEX_POINT('',#9262);
#1800=VERTEX_POINT('',#9270);
#1801=VERTEX_POINT('',#9295);
#1802=VERTEX_POINT('',#9296);
#1803=VERTEX_POINT('',#9346);
#1804=VERTEX_POINT('',#9421);
#1805=VERTEX_POINT('',#9425);
#1806=VERTEX_POINT('',#9429);
#1807=VERTEX_POINT('',#9433);
#1808=VERTEX_POINT('',#9441);
#1809=VERTEX_POINT('',#9445);
#1810=VERTEX_POINT('',#9456);
#1811=VERTEX_POINT('',#9457);
#1812=VERTEX_POINT('',#9459);
#1813=VERTEX_POINT('',#9464);
#1814=VERTEX_POINT('',#9465);
#1815=VERTEX_POINT('',#9471);
#1816=VERTEX_POINT('',#9475);
#1817=VERTEX_POINT('',#9479);
#1818=VERTEX_POINT('',#9483);
#1819=VERTEX_POINT('',#9487);
#1820=VERTEX_POINT('',#9491);
#1821=VERTEX_POINT('',#9495);
#1822=VERTEX_POINT('',#9570);
#1823=VERTEX_POINT('',#9572);
#1824=VERTEX_POINT('',#9574);
#1825=VERTEX_POINT('',#9577);
#1826=VERTEX_POINT('',#9581);
#1827=VERTEX_POINT('',#9583);
#1828=VERTEX_POINT('',#9588);
#1829=VERTEX_POINT('',#9596);
#1830=VERTEX_POINT('',#9601);
#1831=VERTEX_POINT('',#9603);
#1832=VERTEX_POINT('',#9607);
#1833=VERTEX_POINT('',#9611);
#1834=VERTEX_POINT('',#9615);
#1835=VERTEX_POINT('',#9646);
#1836=VERTEX_POINT('',#9651);
#1837=VERTEX_POINT('',#9661);
#1838=VERTEX_POINT('',#9662);
#1839=VERTEX_POINT('',#9664);
#1840=VERTEX_POINT('',#9666);
#1841=VERTEX_POINT('',#9670);
#1842=VERTEX_POINT('',#9671);
#1843=VERTEX_POINT('',#9691);
#1844=VERTEX_POINT('',#9692);
#1845=VERTEX_POINT('',#9718);
#1846=VERTEX_POINT('',#9719);
#1847=VERTEX_POINT('',#9730);
#1848=VERTEX_POINT('',#9732);
#1849=VERTEX_POINT('',#9736);
#1850=VERTEX_POINT('',#9738);
#1851=VERTEX_POINT('',#9742);
#1852=VERTEX_POINT('',#9743);
#1853=VERTEX_POINT('',#9745);
#1854=VERTEX_POINT('',#9747);
#1855=VERTEX_POINT('',#9766);
#1856=VERTEX_POINT('',#9767);
#1857=VERTEX_POINT('',#9793);
#1858=VERTEX_POINT('',#9794);
#1859=VERTEX_POINT('',#9808);
#1860=VERTEX_POINT('',#9809);
#1861=VERTEX_POINT('',#9841);
#1862=VERTEX_POINT('',#9842);
#1863=VERTEX_POINT('',#9847);
#1864=VERTEX_POINT('',#9855);
#1865=VERTEX_POINT('',#9880);
#1866=VERTEX_POINT('',#9881);
#1867=VERTEX_POINT('',#9931);
#1868=VERTEX_POINT('',#10006);
#1869=VERTEX_POINT('',#10010);
#1870=VERTEX_POINT('',#10014);
#1871=VERTEX_POINT('',#10018);
#1872=VERTEX_POINT('',#10026);
#1873=VERTEX_POINT('',#10030);
#1874=VERTEX_POINT('',#10041);
#1875=VERTEX_POINT('',#10042);
#1876=VERTEX_POINT('',#10044);
#1877=VERTEX_POINT('',#10049);
#1878=VERTEX_POINT('',#10050);
#1879=VERTEX_POINT('',#10056);
#1880=VERTEX_POINT('',#10060);
#1881=VERTEX_POINT('',#10064);
#1882=VERTEX_POINT('',#10068);
#1883=VERTEX_POINT('',#10072);
#1884=VERTEX_POINT('',#10076);
#1885=VERTEX_POINT('',#10080);
#1886=VERTEX_POINT('',#10155);
#1887=VERTEX_POINT('',#10157);
#1888=VERTEX_POINT('',#10159);
#1889=VERTEX_POINT('',#10162);
#1890=VERTEX_POINT('',#10166);
#1891=VERTEX_POINT('',#10168);
#1892=VERTEX_POINT('',#10173);
#1893=VERTEX_POINT('',#10181);
#1894=VERTEX_POINT('',#10186);
#1895=VERTEX_POINT('',#10188);
#1896=VERTEX_POINT('',#10192);
#1897=VERTEX_POINT('',#10196);
#1898=VERTEX_POINT('',#10200);
#1899=VERTEX_POINT('',#10231);
#1900=VERTEX_POINT('',#10236);
#1901=VERTEX_POINT('',#10246);
#1902=VERTEX_POINT('',#10247);
#1903=VERTEX_POINT('',#10249);
#1904=VERTEX_POINT('',#10251);
#1905=VERTEX_POINT('',#10255);
#1906=VERTEX_POINT('',#10256);
#1907=VERTEX_POINT('',#10276);
#1908=VERTEX_POINT('',#10277);
#1909=VERTEX_POINT('',#10303);
#1910=VERTEX_POINT('',#10304);
#1911=VERTEX_POINT('',#10315);
#1912=VERTEX_POINT('',#10317);
#1913=VERTEX_POINT('',#10321);
#1914=VERTEX_POINT('',#10323);
#1915=VERTEX_POINT('',#10327);
#1916=VERTEX_POINT('',#10328);
#1917=VERTEX_POINT('',#10330);
#1918=VERTEX_POINT('',#10332);
#1919=VERTEX_POINT('',#10351);
#1920=VERTEX_POINT('',#10352);
#1921=VERTEX_POINT('',#10378);
#1922=VERTEX_POINT('',#10379);
#1923=VERTEX_POINT('',#10393);
#1924=VERTEX_POINT('',#10394);
#1925=VERTEX_POINT('',#10426);
#1926=VERTEX_POINT('',#10427);
#1927=VERTEX_POINT('',#10432);
#1928=VERTEX_POINT('',#10440);
#1929=VERTEX_POINT('',#10465);
#1930=VERTEX_POINT('',#10466);
#1931=VERTEX_POINT('',#10516);
#1932=VERTEX_POINT('',#10591);
#1933=VERTEX_POINT('',#10595);
#1934=VERTEX_POINT('',#10599);
#1935=VERTEX_POINT('',#10603);
#1936=VERTEX_POINT('',#10611);
#1937=VERTEX_POINT('',#10615);
#1938=VERTEX_POINT('',#10626);
#1939=VERTEX_POINT('',#10627);
#1940=VERTEX_POINT('',#10629);
#1941=VERTEX_POINT('',#10634);
#1942=VERTEX_POINT('',#10635);
#1943=VERTEX_POINT('',#10641);
#1944=VERTEX_POINT('',#10645);
#1945=VERTEX_POINT('',#10649);
#1946=VERTEX_POINT('',#10653);
#1947=VERTEX_POINT('',#10657);
#1948=VERTEX_POINT('',#10661);
#1949=VERTEX_POINT('',#10665);
#1950=VERTEX_POINT('',#10740);
#1951=VERTEX_POINT('',#10742);
#1952=VERTEX_POINT('',#10744);
#1953=VERTEX_POINT('',#10747);
#1954=VERTEX_POINT('',#10751);
#1955=VERTEX_POINT('',#10753);
#1956=VERTEX_POINT('',#10758);
#1957=VERTEX_POINT('',#10766);
#1958=VERTEX_POINT('',#10771);
#1959=VERTEX_POINT('',#10773);
#1960=VERTEX_POINT('',#10777);
#1961=VERTEX_POINT('',#10781);
#1962=VERTEX_POINT('',#10785);
#1963=VERTEX_POINT('',#10816);
#1964=VERTEX_POINT('',#10821);
#1965=VERTEX_POINT('',#10831);
#1966=VERTEX_POINT('',#10832);
#1967=VERTEX_POINT('',#10834);
#1968=VERTEX_POINT('',#10836);
#1969=VERTEX_POINT('',#10840);
#1970=VERTEX_POINT('',#10841);
#1971=VERTEX_POINT('',#10861);
#1972=VERTEX_POINT('',#10862);
#1973=VERTEX_POINT('',#10888);
#1974=VERTEX_POINT('',#10889);
#1975=VERTEX_POINT('',#10900);
#1976=VERTEX_POINT('',#10902);
#1977=VERTEX_POINT('',#10906);
#1978=VERTEX_POINT('',#10908);
#1979=VERTEX_POINT('',#10912);
#1980=VERTEX_POINT('',#10913);
#1981=VERTEX_POINT('',#10915);
#1982=VERTEX_POINT('',#10917);
#1983=VERTEX_POINT('',#10936);
#1984=VERTEX_POINT('',#10937);
#1985=VERTEX_POINT('',#10963);
#1986=VERTEX_POINT('',#10964);
#1987=VERTEX_POINT('',#10978);
#1988=VERTEX_POINT('',#10979);
#1989=VERTEX_POINT('',#11011);
#1990=VERTEX_POINT('',#11012);
#1991=VERTEX_POINT('',#11017);
#1992=VERTEX_POINT('',#11025);
#1993=VERTEX_POINT('',#11050);
#1994=VERTEX_POINT('',#11051);
#1995=VERTEX_POINT('',#11101);
#1996=VERTEX_POINT('',#11176);
#1997=VERTEX_POINT('',#11180);
#1998=VERTEX_POINT('',#11184);
#1999=VERTEX_POINT('',#11188);
#2000=VERTEX_POINT('',#11196);
#2001=VERTEX_POINT('',#11200);
#2002=VERTEX_POINT('',#11211);
#2003=VERTEX_POINT('',#11212);
#2004=VERTEX_POINT('',#11214);
#2005=VERTEX_POINT('',#11219);
#2006=VERTEX_POINT('',#11220);
#2007=VERTEX_POINT('',#11226);
#2008=VERTEX_POINT('',#11230);
#2009=VERTEX_POINT('',#11234);
#2010=VERTEX_POINT('',#11238);
#2011=VERTEX_POINT('',#11242);
#2012=VERTEX_POINT('',#11246);
#2013=VERTEX_POINT('',#11250);
#2014=VERTEX_POINT('',#11262);
#2015=VERTEX_POINT('',#11264);
#2016=VERTEX_POINT('',#11266);
#2017=VERTEX_POINT('',#11270);
#2018=VERTEX_POINT('',#11272);
#2019=VERTEX_POINT('',#11274);
#2020=VERTEX_POINT('',#11278);
#2021=VERTEX_POINT('',#11282);
#2022=VERTEX_POINT('',#11288);
#2023=VERTEX_POINT('',#11290);
#2024=VERTEX_POINT('',#11294);
#2025=VERTEX_POINT('',#11296);
#2026=VERTEX_POINT('',#11300);
#2027=VERTEX_POINT('',#11302);
#2028=VERTEX_POINT('',#11304);
#2029=VERTEX_POINT('',#11309);
#2030=VERTEX_POINT('',#11313);
#2031=VERTEX_POINT('',#11317);
#2032=VERTEX_POINT('',#11323);
#2033=VERTEX_POINT('',#11325);
#2034=VERTEX_POINT('',#11329);
#2035=VERTEX_POINT('',#11334);
#2036=VERTEX_POINT('',#11336);
#2037=VERTEX_POINT('',#11338);
#2038=VERTEX_POINT('',#11342);
#2039=VERTEX_POINT('',#11346);
#2040=VERTEX_POINT('',#11353);
#2041=VERTEX_POINT('',#11357);
#2042=VERTEX_POINT('',#11361);
#2043=VERTEX_POINT('',#11365);
#2044=VERTEX_POINT('',#11369);
#2045=VERTEX_POINT('',#11371);
#2046=VERTEX_POINT('',#11378);
#2047=VERTEX_POINT('',#11379);
#2048=VERTEX_POINT('',#11381);
#2049=VERTEX_POINT('',#11383);
#2050=VERTEX_POINT('',#11387);
#2051=VERTEX_POINT('',#11389);
#2052=VERTEX_POINT('',#11393);
#2053=VERTEX_POINT('',#11395);
#2054=VERTEX_POINT('',#11399);
#2055=VERTEX_POINT('',#11401);
#2056=VERTEX_POINT('',#11405);
#2057=VERTEX_POINT('',#11406);
#2058=VERTEX_POINT('',#11408);
#2059=VERTEX_POINT('',#11410);
#2060=VERTEX_POINT('',#11414);
#2061=VERTEX_POINT('',#11416);
#2062=VERTEX_POINT('',#11420);
#2063=VERTEX_POINT('',#11422);
#2064=VERTEX_POINT('',#11429);
#2065=VERTEX_POINT('',#11430);
#2066=VERTEX_POINT('',#11432);
#2067=VERTEX_POINT('',#11437);
#2068=VERTEX_POINT('',#11438);
#2069=VERTEX_POINT('',#11441);
#2070=EDGE_CURVE('',#1686,#1687,#1534,.T.);
#2071=EDGE_CURVE('',#1687,#1688,#1535,.T.);
#2072=EDGE_CURVE('',#1689,#1688,#1536,.F.);
#2073=EDGE_CURVE('',#1689,#1690,#1537,.T.);
#2074=EDGE_CURVE('',#1690,#1691,#1538,.T.);
#2075=EDGE_CURVE('',#1691,#1692,#1539,.T.);
#2076=EDGE_CURVE('',#1692,#1693,#1540,.T.);
#2077=EDGE_CURVE('',#1693,#1694,#1541,.T.);
#2078=EDGE_CURVE('',#1694,#1695,#1542,.T.);
#2079=EDGE_CURVE('',#1695,#1686,#1543,.T.);
#2080=EDGE_CURVE('',#1696,#1686,#1544,.T.);
#2081=EDGE_CURVE('',#1689,#1697,#1545,.T.);
#2082=EDGE_CURVE('',#1698,#1697,#325,.T.);
#2083=EDGE_CURVE('',#1698,#1699,#326,.T.);
#2084=EDGE_CURVE('',#1699,#1700,#205,.T.);
#2085=EDGE_CURVE('',#1700,#1701,#206,.T.);
#2086=EDGE_CURVE('',#1701,#1702,#207,.T.);
#2087=EDGE_CURVE('',#1702,#1703,#327,.T.);
#2088=EDGE_CURVE('',#1703,#1696,#328,.T.);
#2089=EDGE_CURVE('',#1704,#1705,#1546,.T.);
#2090=EDGE_CURVE('',#1705,#1706,#1547,.T.);
#2091=EDGE_CURVE('',#1707,#1706,#1548,.F.);
#2092=EDGE_CURVE('',#1707,#1708,#1549,.T.);
#2093=EDGE_CURVE('',#1708,#1709,#1550,.T.);
#2094=EDGE_CURVE('',#1709,#1710,#1551,.T.);
#2095=EDGE_CURVE('',#1710,#1711,#1552,.T.);
#2096=EDGE_CURVE('',#1711,#1712,#1553,.T.);
#2097=EDGE_CURVE('',#1712,#1713,#1554,.T.);
#2098=EDGE_CURVE('',#1713,#1704,#1555,.T.);
#2099=EDGE_CURVE('',#1714,#1704,#1556,.T.);
#2100=EDGE_CURVE('',#1707,#1715,#1557,.T.);
#2101=EDGE_CURVE('',#1716,#1715,#329,.T.);
#2102=EDGE_CURVE('',#1716,#1717,#330,.T.);
#2103=EDGE_CURVE('',#1717,#1718,#208,.T.);
#2104=EDGE_CURVE('',#1718,#1719,#209,.T.);
#2105=EDGE_CURVE('',#1719,#1720,#210,.T.);
#2106=EDGE_CURVE('',#1720,#1721,#331,.T.);
#2107=EDGE_CURVE('',#1721,#1714,#332,.T.);
#2108=EDGE_CURVE('',#1722,#1723,#1558,.T.);
#2109=EDGE_CURVE('',#1723,#1724,#1559,.T.);
#2110=EDGE_CURVE('',#1725,#1724,#1560,.F.);
#2111=EDGE_CURVE('',#1725,#1726,#1561,.T.);
#2112=EDGE_CURVE('',#1726,#1727,#1562,.T.);
#2113=EDGE_CURVE('',#1727,#1728,#1563,.T.);
#2114=EDGE_CURVE('',#1728,#1729,#1564,.T.);
#2115=EDGE_CURVE('',#1729,#1730,#1565,.T.);
#2116=EDGE_CURVE('',#1730,#1731,#1566,.T.);
#2117=EDGE_CURVE('',#1731,#1722,#1567,.T.);
#2118=EDGE_CURVE('',#1732,#1722,#1568,.T.);
#2119=EDGE_CURVE('',#1725,#1733,#1569,.T.);
#2120=EDGE_CURVE('',#1734,#1733,#333,.T.);
#2121=EDGE_CURVE('',#1734,#1735,#334,.T.);
#2122=EDGE_CURVE('',#1735,#1736,#211,.T.);
#2123=EDGE_CURVE('',#1736,#1737,#212,.T.);
#2124=EDGE_CURVE('',#1737,#1738,#213,.T.);
#2125=EDGE_CURVE('',#1738,#1739,#335,.T.);
#2126=EDGE_CURVE('',#1739,#1732,#336,.T.);
#2127=EDGE_CURVE('',#1740,#1741,#1570,.T.);
#2128=EDGE_CURVE('',#1741,#1742,#1571,.T.);
#2129=EDGE_CURVE('',#1743,#1742,#1572,.F.);
#2130=EDGE_CURVE('',#1743,#1744,#1573,.T.);
#2131=EDGE_CURVE('',#1744,#1745,#1574,.T.);
#2132=EDGE_CURVE('',#1745,#1746,#1575,.T.);
#2133=EDGE_CURVE('',#1746,#1747,#1576,.T.);
#2134=EDGE_CURVE('',#1747,#1748,#1577,.T.);
#2135=EDGE_CURVE('',#1748,#1749,#1578,.T.);
#2136=EDGE_CURVE('',#1749,#1740,#1579,.T.);
#2137=EDGE_CURVE('',#1750,#1740,#1580,.T.);
#2138=EDGE_CURVE('',#1743,#1751,#1581,.T.);
#2139=EDGE_CURVE('',#1752,#1751,#337,.T.);
#2140=EDGE_CURVE('',#1752,#1753,#338,.T.);
#2141=EDGE_CURVE('',#1753,#1754,#214,.T.);
#2142=EDGE_CURVE('',#1754,#1755,#215,.T.);
#2143=EDGE_CURVE('',#1755,#1756,#216,.T.);
#2144=EDGE_CURVE('',#1756,#1757,#339,.T.);
#2145=EDGE_CURVE('',#1757,#1750,#340,.T.);
#2146=EDGE_CURVE('',#1758,#1716,#341,.T.);
#2147=EDGE_CURVE('',#1759,#1715,#342,.T.);
#2148=EDGE_CURVE('',#1760,#1759,#217,.T.);
#2149=EDGE_CURVE('',#1714,#1760,#343,.T.);
#2150=EDGE_CURVE('',#1721,#1761,#344,.T.);
#2151=EDGE_CURVE('',#1761,#1758,#218,.T.);
#2152=EDGE_CURVE('',#1762,#1720,#345,.T.);
#2153=EDGE_CURVE('',#1763,#1762,#1582,.T.);
#2154=EDGE_CURVE('',#1764,#1763,#1583,.T.);
#2155=EDGE_CURVE('',#1765,#1764,#1584,.T.);
#2156=EDGE_CURVE('',#1766,#1765,#346,.T.);
#2157=EDGE_CURVE('',#1767,#1766,#347,.T.);
#2158=EDGE_CURVE('',#1767,#1721,#348,.T.);
#2159=EDGE_CURVE('',#1719,#1768,#349,.T.);
#2160=EDGE_CURVE('',#1762,#1768,#219,.T.);
#2161=EDGE_CURVE('',#1769,#1718,#350,.T.);
#2162=EDGE_CURVE('',#1768,#1769,#220,.T.);
#2163=EDGE_CURVE('',#1717,#1770,#351,.T.);
#2164=EDGE_CURVE('',#1769,#1770,#221,.T.);
#2165=EDGE_CURVE('',#1763,#1771,#1585,.T.);
#2166=EDGE_CURVE('',#1771,#1772,#1586,.T.);
#2167=EDGE_CURVE('',#1772,#1764,#352,.T.);
#2168=EDGE_CURVE('',#1773,#1774,#353,.T.);
#2169=EDGE_CURVE('',#1774,#1775,#222,.T.);
#2170=EDGE_CURVE('',#1775,#1776,#354,.T.);
#2171=EDGE_CURVE('',#1776,#1773,#223,.T.);
#2172=EDGE_CURVE('',#1777,#1778,#355,.T.);
#2173=EDGE_CURVE('',#1778,#1776,#356,.T.);
#2174=EDGE_CURVE('',#1775,#1777,#357,.T.);
#2175=EDGE_CURVE('',#1779,#1780,#358,.T.);
#2176=EDGE_CURVE('',#1780,#1778,#1587,.T.);
#2177=EDGE_CURVE('',#1777,#1779,#1588,.T.);
#2178=EDGE_CURVE('',#1781,#1782,#359,.T.);
#2179=EDGE_CURVE('',#1782,#1780,#1589,.T.);
#2180=EDGE_CURVE('',#1779,#1781,#1590,.T.);
#2181=EDGE_CURVE('',#1781,#1783,#360,.T.);
#2182=EDGE_CURVE('',#1783,#1784,#361,.T.);
#2183=EDGE_CURVE('',#1784,#1782,#362,.T.);
#2184=EDGE_CURVE('',#1783,#1785,#224,.T.);
#2185=EDGE_CURVE('',#1785,#1786,#363,.T.);
#2186=EDGE_CURVE('',#1786,#1784,#225,.T.);
#2187=EDGE_CURVE('',#1787,#1788,#364,.T.);
#2188=EDGE_CURVE('',#1788,#1789,#365,.T.);
#2189=EDGE_CURVE('',#1789,#1790,#366,.T.);
#2190=EDGE_CURVE('',#1790,#1787,#367,.T.);
#2191=EDGE_CURVE('',#1791,#1792,#368,.T.);
#2192=EDGE_CURVE('',#1792,#1788,#1591,.T.);
#2193=EDGE_CURVE('',#1787,#1791,#1592,.T.);
#2194=EDGE_CURVE('',#1793,#1794,#369,.T.);
#2195=EDGE_CURVE('',#1794,#1792,#1593,.T.);
#2196=EDGE_CURVE('',#1791,#1793,#1594,.T.);
#2197=EDGE_CURVE('',#1793,#1786,#370,.T.);
#2198=EDGE_CURVE('',#1785,#1794,#371,.T.);
#2199=EDGE_CURVE('',#1795,#1796,#372,.T.);
#2200=EDGE_CURVE('',#1796,#1790,#226,.T.);
#2201=EDGE_CURVE('',#1789,#1795,#227,.T.);
#2202=EDGE_CURVE('',#1797,#1798,#1595,.T.);
#2203=EDGE_CURVE('',#1798,#1799,#1596,.T.);
#2204=EDGE_CURVE('',#1799,#1800,#373,.T.);
#2205=EDGE_CURVE('',#1800,#1797,#1597,.T.);
#2206=EDGE_CURVE('',#1801,#1802,#374,.T.);
#2207=EDGE_CURVE('',#1802,#1800,#1598,.T.);
#2208=EDGE_CURVE('',#1799,#1801,#1599,.T.);
#2209=EDGE_CURVE('',#1801,#1774,#1600,.T.);
#2210=EDGE_CURVE('',#1773,#1802,#1601,.T.);
#2211=EDGE_CURVE('',#1765,#1803,#375,.T.);
#2212=EDGE_CURVE('',#1803,#1796,#1602,.T.);
#2213=EDGE_CURVE('',#1795,#1765,#1603,.T.);
#2214=EDGE_CURVE('',#1772,#1803,#1604,.T.);
#2215=EDGE_CURVE('',#1762,#1771,#1605,.T.);
#2216=EDGE_CURVE('',#1797,#1770,#1606,.T.);
#2217=EDGE_CURVE('',#1770,#1798,#1607,.T.);
#2218=EDGE_CURVE('',#1789,#1804,#376,.T.);
#2219=EDGE_CURVE('',#1766,#1804,#228,.T.);
#2220=EDGE_CURVE('',#1805,#1785,#377,.T.);
#2221=EDGE_CURVE('',#1804,#1805,#378,.T.);
#2222=EDGE_CURVE('',#1783,#1806,#379,.T.);
#2223=EDGE_CURVE('',#1805,#1806,#229,.T.);
#2224=EDGE_CURVE('',#1807,#1775,#380,.T.);
#2225=EDGE_CURVE('',#1806,#1807,#381,.T.);
#2226=EDGE_CURVE('',#1773,#1778,#230,.T.);
#2227=EDGE_CURVE('',#1782,#1793,#231,.T.);
#2228=EDGE_CURVE('',#1801,#1808,#382,.T.);
#2229=EDGE_CURVE('',#1807,#1808,#232,.T.);
#2230=EDGE_CURVE('',#1716,#1809,#383,.T.);
#2231=EDGE_CURVE('',#1808,#1809,#384,.T.);
#2232=EDGE_CURVE('',#1780,#1769,#233,.T.);
#2233=EDGE_CURVE('',#1791,#1768,#234,.T.);
#2234=EDGE_CURVE('',#1787,#1796,#235,.T.);
#2235=EDGE_CURVE('',#1810,#1811,#385,.T.);
#2236=EDGE_CURVE('',#1811,#1812,#386,.T.);
#2237=EDGE_CURVE('',#1812,#1767,#387,.T.);
#2238=EDGE_CURVE('',#1810,#1767,#388,.T.);
#2239=EDGE_CURVE('',#1813,#1814,#389,.T.);
#2240=EDGE_CURVE('',#1814,#1812,#236,.T.);
#2241=EDGE_CURVE('',#1811,#1813,#237,.T.);
#2242=EDGE_CURVE('',#1809,#1814,#390,.T.);
#2243=EDGE_CURVE('',#1813,#1815,#391,.T.);
#2244=EDGE_CURVE('',#1815,#1809,#392,.T.);
#2245=EDGE_CURVE('',#1815,#1816,#393,.T.);
#2246=EDGE_CURVE('',#1816,#1808,#394,.T.);
#2247=EDGE_CURVE('',#1817,#1807,#395,.T.);
#2248=EDGE_CURVE('',#1816,#1817,#238,.T.);
#2249=EDGE_CURVE('',#1818,#1806,#396,.T.);
#2250=EDGE_CURVE('',#1817,#1818,#397,.T.);
#2251=EDGE_CURVE('',#1819,#1805,#398,.T.);
#2252=EDGE_CURVE('',#1818,#1819,#239,.T.);
#2253=EDGE_CURVE('',#1820,#1804,#399,.T.);
#2254=EDGE_CURVE('',#1819,#1820,#400,.T.);
#2255=EDGE_CURVE('',#1821,#1766,#401,.T.);
#2256=EDGE_CURVE('',#1820,#1821,#240,.T.);
#2257=EDGE_CURVE('',#1821,#1810,#402,.T.);
#2258=EDGE_CURVE('',#1812,#1761,#403,.T.);
#2259=EDGE_CURVE('',#1814,#1758,#404,.T.);
#2260=EDGE_CURVE('',#1822,#1698,#405,.T.);
#2261=EDGE_CURVE('',#1823,#1697,#406,.T.);
#2262=EDGE_CURVE('',#1824,#1823,#241,.T.);
#2263=EDGE_CURVE('',#1696,#1824,#407,.T.);
#2264=EDGE_CURVE('',#1703,#1825,#408,.T.);
#2265=EDGE_CURVE('',#1825,#1822,#242,.T.);
#2266=EDGE_CURVE('',#1826,#1702,#409,.T.);
#2267=EDGE_CURVE('',#1827,#1826,#1608,.T.);
#2268=EDGE_CURVE('',#1828,#1827,#1609,.T.);
#2269=EDGE_CURVE('',#1829,#1828,#1610,.T.);
#2270=EDGE_CURVE('',#1830,#1829,#410,.T.);
#2271=EDGE_CURVE('',#1831,#1830,#411,.T.);
#2272=EDGE_CURVE('',#1831,#1703,#412,.T.);
#2273=EDGE_CURVE('',#1701,#1832,#413,.T.);
#2274=EDGE_CURVE('',#1826,#1832,#243,.T.);
#2275=EDGE_CURVE('',#1833,#1700,#414,.T.);
#2276=EDGE_CURVE('',#1832,#1833,#244,.T.);
#2277=EDGE_CURVE('',#1699,#1834,#415,.T.);
#2278=EDGE_CURVE('',#1833,#1834,#245,.T.);
#2279=EDGE_CURVE('',#1827,#1835,#1611,.T.);
#2280=EDGE_CURVE('',#1835,#1836,#1612,.T.);
#2281=EDGE_CURVE('',#1836,#1828,#416,.T.);
#2282=EDGE_CURVE('',#1837,#1838,#417,.T.);
#2283=EDGE_CURVE('',#1838,#1839,#246,.T.);
#2284=EDGE_CURVE('',#1839,#1840,#418,.T.);
#2285=EDGE_CURVE('',#1840,#1837,#247,.T.);
#2286=EDGE_CURVE('',#1841,#1842,#419,.T.);
#2287=EDGE_CURVE('',#1842,#1840,#420,.T.);
#2288=EDGE_CURVE('',#1839,#1841,#421,.T.);
#2289=EDGE_CURVE('',#1843,#1844,#422,.T.);
#2290=EDGE_CURVE('',#1844,#1842,#1613,.T.);
#2291=EDGE_CURVE('',#1841,#1843,#1614,.T.);
#2292=EDGE_CURVE('',#1845,#1846,#423,.T.);
#2293=EDGE_CURVE('',#1846,#1844,#1615,.T.);
#2294=EDGE_CURVE('',#1843,#1845,#1616,.T.);
#2295=EDGE_CURVE('',#1845,#1847,#424,.T.);
#2296=EDGE_CURVE('',#1847,#1848,#425,.T.);
#2297=EDGE_CURVE('',#1848,#1846,#426,.T.);
#2298=EDGE_CURVE('',#1847,#1849,#248,.T.);
#2299=EDGE_CURVE('',#1849,#1850,#427,.T.);
#2300=EDGE_CURVE('',#1850,#1848,#249,.T.);
#2301=EDGE_CURVE('',#1851,#1852,#428,.T.);
#2302=EDGE_CURVE('',#1852,#1853,#429,.T.);
#2303=EDGE_CURVE('',#1853,#1854,#430,.T.);
#2304=EDGE_CURVE('',#1854,#1851,#431,.T.);
#2305=EDGE_CURVE('',#1855,#1856,#432,.T.);
#2306=EDGE_CURVE('',#1856,#1852,#1617,.T.);
#2307=EDGE_CURVE('',#1851,#1855,#1618,.T.);
#2308=EDGE_CURVE('',#1857,#1858,#433,.T.);
#2309=EDGE_CURVE('',#1858,#1856,#1619,.T.);
#2310=EDGE_CURVE('',#1855,#1857,#1620,.T.);
#2311=EDGE_CURVE('',#1857,#1850,#434,.T.);
#2312=EDGE_CURVE('',#1849,#1858,#435,.T.);
#2313=EDGE_CURVE('',#1859,#1860,#436,.T.);
#2314=EDGE_CURVE('',#1860,#1854,#250,.T.);
#2315=EDGE_CURVE('',#1853,#1859,#251,.T.);
#2316=EDGE_CURVE('',#1861,#1862,#1621,.T.);
#2317=EDGE_CURVE('',#1862,#1863,#1622,.T.);
#2318=EDGE_CURVE('',#1863,#1864,#437,.T.);
#2319=EDGE_CURVE('',#1864,#1861,#1623,.T.);
#2320=EDGE_CURVE('',#1865,#1866,#438,.T.);
#2321=EDGE_CURVE('',#1866,#1864,#1624,.T.);
#2322=EDGE_CURVE('',#1863,#1865,#1625,.T.);
#2323=EDGE_CURVE('',#1865,#1838,#1626,.T.);
#2324=EDGE_CURVE('',#1837,#1866,#1627,.T.);
#2325=EDGE_CURVE('',#1829,#1867,#439,.T.);
#2326=EDGE_CURVE('',#1867,#1860,#1628,.T.);
#2327=EDGE_CURVE('',#1859,#1829,#1629,.T.);
#2328=EDGE_CURVE('',#1836,#1867,#1630,.T.);
#2329=EDGE_CURVE('',#1826,#1835,#1631,.T.);
#2330=EDGE_CURVE('',#1861,#1834,#1632,.T.);
#2331=EDGE_CURVE('',#1834,#1862,#1633,.T.);
#2332=EDGE_CURVE('',#1853,#1868,#440,.T.);
#2333=EDGE_CURVE('',#1830,#1868,#252,.T.);
#2334=EDGE_CURVE('',#1869,#1849,#441,.T.);
#2335=EDGE_CURVE('',#1868,#1869,#442,.T.);
#2336=EDGE_CURVE('',#1847,#1870,#443,.T.);
#2337=EDGE_CURVE('',#1869,#1870,#253,.T.);
#2338=EDGE_CURVE('',#1871,#1839,#444,.T.);
#2339=EDGE_CURVE('',#1870,#1871,#445,.T.);
#2340=EDGE_CURVE('',#1837,#1842,#254,.T.);
#2341=EDGE_CURVE('',#1846,#1857,#255,.T.);
#2342=EDGE_CURVE('',#1865,#1872,#446,.T.);
#2343=EDGE_CURVE('',#1871,#1872,#256,.T.);
#2344=EDGE_CURVE('',#1698,#1873,#447,.T.);
#2345=EDGE_CURVE('',#1872,#1873,#448,.T.);
#2346=EDGE_CURVE('',#1844,#1833,#257,.T.);
#2347=EDGE_CURVE('',#1855,#1832,#258,.T.);
#2348=EDGE_CURVE('',#1851,#1860,#259,.T.);
#2349=EDGE_CURVE('',#1874,#1875,#449,.T.);
#2350=EDGE_CURVE('',#1875,#1876,#450,.T.);
#2351=EDGE_CURVE('',#1876,#1831,#451,.T.);
#2352=EDGE_CURVE('',#1874,#1831,#452,.T.);
#2353=EDGE_CURVE('',#1877,#1878,#453,.T.);
#2354=EDGE_CURVE('',#1878,#1876,#260,.T.);
#2355=EDGE_CURVE('',#1875,#1877,#261,.T.);
#2356=EDGE_CURVE('',#1873,#1878,#454,.T.);
#2357=EDGE_CURVE('',#1877,#1879,#455,.T.);
#2358=EDGE_CURVE('',#1879,#1873,#456,.T.);
#2359=EDGE_CURVE('',#1879,#1880,#457,.T.);
#2360=EDGE_CURVE('',#1880,#1872,#458,.T.);
#2361=EDGE_CURVE('',#1881,#1871,#459,.T.);
#2362=EDGE_CURVE('',#1880,#1881,#262,.T.);
#2363=EDGE_CURVE('',#1882,#1870,#460,.T.);
#2364=EDGE_CURVE('',#1881,#1882,#461,.T.);
#2365=EDGE_CURVE('',#1883,#1869,#462,.T.);
#2366=EDGE_CURVE('',#1882,#1883,#263,.T.);
#2367=EDGE_CURVE('',#1884,#1868,#463,.T.);
#2368=EDGE_CURVE('',#1883,#1884,#464,.T.);
#2369=EDGE_CURVE('',#1885,#1830,#465,.T.);
#2370=EDGE_CURVE('',#1884,#1885,#264,.T.);
#2371=EDGE_CURVE('',#1885,#1874,#466,.T.);
#2372=EDGE_CURVE('',#1876,#1825,#467,.T.);
#2373=EDGE_CURVE('',#1878,#1822,#468,.T.);
#2374=EDGE_CURVE('',#1886,#1752,#469,.T.);
#2375=EDGE_CURVE('',#1887,#1751,#470,.T.);
#2376=EDGE_CURVE('',#1888,#1887,#265,.T.);
#2377=EDGE_CURVE('',#1750,#1888,#471,.T.);
#2378=EDGE_CURVE('',#1757,#1889,#472,.T.);
#2379=EDGE_CURVE('',#1889,#1886,#266,.T.);
#2380=EDGE_CURVE('',#1890,#1756,#473,.T.);
#2381=EDGE_CURVE('',#1891,#1890,#1634,.T.);
#2382=EDGE_CURVE('',#1892,#1891,#1635,.T.);
#2383=EDGE_CURVE('',#1893,#1892,#1636,.T.);
#2384=EDGE_CURVE('',#1894,#1893,#474,.T.);
#2385=EDGE_CURVE('',#1895,#1894,#475,.T.);
#2386=EDGE_CURVE('',#1895,#1757,#476,.T.);
#2387=EDGE_CURVE('',#1755,#1896,#477,.T.);
#2388=EDGE_CURVE('',#1890,#1896,#267,.T.);
#2389=EDGE_CURVE('',#1897,#1754,#478,.T.);
#2390=EDGE_CURVE('',#1896,#1897,#268,.T.);
#2391=EDGE_CURVE('',#1753,#1898,#479,.T.);
#2392=EDGE_CURVE('',#1897,#1898,#269,.T.);
#2393=EDGE_CURVE('',#1891,#1899,#1637,.T.);
#2394=EDGE_CURVE('',#1899,#1900,#1638,.T.);
#2395=EDGE_CURVE('',#1900,#1892,#480,.T.);
#2396=EDGE_CURVE('',#1901,#1902,#481,.T.);
#2397=EDGE_CURVE('',#1902,#1903,#270,.T.);
#2398=EDGE_CURVE('',#1903,#1904,#482,.T.);
#2399=EDGE_CURVE('',#1904,#1901,#271,.T.);
#2400=EDGE_CURVE('',#1905,#1906,#483,.T.);
#2401=EDGE_CURVE('',#1906,#1904,#484,.T.);
#2402=EDGE_CURVE('',#1903,#1905,#485,.T.);
#2403=EDGE_CURVE('',#1907,#1908,#486,.T.);
#2404=EDGE_CURVE('',#1908,#1906,#1639,.T.);
#2405=EDGE_CURVE('',#1905,#1907,#1640,.T.);
#2406=EDGE_CURVE('',#1909,#1910,#487,.T.);
#2407=EDGE_CURVE('',#1910,#1908,#1641,.T.);
#2408=EDGE_CURVE('',#1907,#1909,#1642,.T.);
#2409=EDGE_CURVE('',#1909,#1911,#488,.T.);
#2410=EDGE_CURVE('',#1911,#1912,#489,.T.);
#2411=EDGE_CURVE('',#1912,#1910,#490,.T.);
#2412=EDGE_CURVE('',#1911,#1913,#272,.T.);
#2413=EDGE_CURVE('',#1913,#1914,#491,.T.);
#2414=EDGE_CURVE('',#1914,#1912,#273,.T.);
#2415=EDGE_CURVE('',#1915,#1916,#492,.T.);
#2416=EDGE_CURVE('',#1916,#1917,#493,.T.);
#2417=EDGE_CURVE('',#1917,#1918,#494,.T.);
#2418=EDGE_CURVE('',#1918,#1915,#495,.T.);
#2419=EDGE_CURVE('',#1919,#1920,#496,.T.);
#2420=EDGE_CURVE('',#1920,#1916,#1643,.T.);
#2421=EDGE_CURVE('',#1915,#1919,#1644,.T.);
#2422=EDGE_CURVE('',#1921,#1922,#497,.T.);
#2423=EDGE_CURVE('',#1922,#1920,#1645,.T.);
#2424=EDGE_CURVE('',#1919,#1921,#1646,.T.);
#2425=EDGE_CURVE('',#1921,#1914,#498,.T.);
#2426=EDGE_CURVE('',#1913,#1922,#499,.T.);
#2427=EDGE_CURVE('',#1923,#1924,#500,.T.);
#2428=EDGE_CURVE('',#1924,#1918,#274,.T.);
#2429=EDGE_CURVE('',#1917,#1923,#275,.T.);
#2430=EDGE_CURVE('',#1925,#1926,#1647,.T.);
#2431=EDGE_CURVE('',#1926,#1927,#1648,.T.);
#2432=EDGE_CURVE('',#1927,#1928,#501,.T.);
#2433=EDGE_CURVE('',#1928,#1925,#1649,.T.);
#2434=EDGE_CURVE('',#1929,#1930,#502,.T.);
#2435=EDGE_CURVE('',#1930,#1928,#1650,.T.);
#2436=EDGE_CURVE('',#1927,#1929,#1651,.T.);
#2437=EDGE_CURVE('',#1929,#1902,#1652,.T.);
#2438=EDGE_CURVE('',#1901,#1930,#1653,.T.);
#2439=EDGE_CURVE('',#1893,#1931,#503,.T.);
#2440=EDGE_CURVE('',#1931,#1924,#1654,.T.);
#2441=EDGE_CURVE('',#1923,#1893,#1655,.T.);
#2442=EDGE_CURVE('',#1900,#1931,#1656,.T.);
#2443=EDGE_CURVE('',#1890,#1899,#1657,.T.);
#2444=EDGE_CURVE('',#1925,#1898,#1658,.T.);
#2445=EDGE_CURVE('',#1898,#1926,#1659,.T.);
#2446=EDGE_CURVE('',#1917,#1932,#504,.T.);
#2447=EDGE_CURVE('',#1894,#1932,#276,.T.);
#2448=EDGE_CURVE('',#1933,#1913,#505,.T.);
#2449=EDGE_CURVE('',#1932,#1933,#506,.T.);
#2450=EDGE_CURVE('',#1911,#1934,#507,.T.);
#2451=EDGE_CURVE('',#1933,#1934,#277,.T.);
#2452=EDGE_CURVE('',#1935,#1903,#508,.T.);
#2453=EDGE_CURVE('',#1934,#1935,#509,.T.);
#2454=EDGE_CURVE('',#1901,#1906,#278,.T.);
#2455=EDGE_CURVE('',#1910,#1921,#279,.T.);
#2456=EDGE_CURVE('',#1929,#1936,#510,.T.);
#2457=EDGE_CURVE('',#1935,#1936,#280,.T.);
#2458=EDGE_CURVE('',#1752,#1937,#511,.T.);
#2459=EDGE_CURVE('',#1936,#1937,#512,.T.);
#2460=EDGE_CURVE('',#1908,#1897,#281,.T.);
#2461=EDGE_CURVE('',#1919,#1896,#282,.T.);
#2462=EDGE_CURVE('',#1915,#1924,#283,.T.);
#2463=EDGE_CURVE('',#1938,#1939,#513,.T.);
#2464=EDGE_CURVE('',#1939,#1940,#514,.T.);
#2465=EDGE_CURVE('',#1940,#1895,#515,.T.);
#2466=EDGE_CURVE('',#1938,#1895,#516,.T.);
#2467=EDGE_CURVE('',#1941,#1942,#517,.T.);
#2468=EDGE_CURVE('',#1942,#1940,#284,.T.);
#2469=EDGE_CURVE('',#1939,#1941,#285,.T.);
#2470=EDGE_CURVE('',#1937,#1942,#518,.T.);
#2471=EDGE_CURVE('',#1941,#1943,#519,.T.);
#2472=EDGE_CURVE('',#1943,#1937,#520,.T.);
#2473=EDGE_CURVE('',#1943,#1944,#521,.T.);
#2474=EDGE_CURVE('',#1944,#1936,#522,.T.);
#2475=EDGE_CURVE('',#1945,#1935,#523,.T.);
#2476=EDGE_CURVE('',#1944,#1945,#286,.T.);
#2477=EDGE_CURVE('',#1946,#1934,#524,.T.);
#2478=EDGE_CURVE('',#1945,#1946,#525,.T.);
#2479=EDGE_CURVE('',#1947,#1933,#526,.T.);
#2480=EDGE_CURVE('',#1946,#1947,#287,.T.);
#2481=EDGE_CURVE('',#1948,#1932,#527,.T.);
#2482=EDGE_CURVE('',#1947,#1948,#528,.T.);
#2483=EDGE_CURVE('',#1949,#1894,#529,.T.);
#2484=EDGE_CURVE('',#1948,#1949,#288,.T.);
#2485=EDGE_CURVE('',#1949,#1938,#530,.T.);
#2486=EDGE_CURVE('',#1940,#1889,#531,.T.);
#2487=EDGE_CURVE('',#1942,#1886,#532,.T.);
#2488=EDGE_CURVE('',#1950,#1734,#533,.T.);
#2489=EDGE_CURVE('',#1951,#1733,#534,.T.);
#2490=EDGE_CURVE('',#1952,#1951,#289,.T.);
#2491=EDGE_CURVE('',#1732,#1952,#535,.T.);
#2492=EDGE_CURVE('',#1739,#1953,#536,.T.);
#2493=EDGE_CURVE('',#1953,#1950,#290,.T.);
#2494=EDGE_CURVE('',#1954,#1738,#537,.T.);
#2495=EDGE_CURVE('',#1955,#1954,#1660,.T.);
#2496=EDGE_CURVE('',#1956,#1955,#1661,.T.);
#2497=EDGE_CURVE('',#1957,#1956,#1662,.T.);
#2498=EDGE_CURVE('',#1958,#1957,#538,.T.);
#2499=EDGE_CURVE('',#1959,#1958,#539,.T.);
#2500=EDGE_CURVE('',#1959,#1739,#540,.T.);
#2501=EDGE_CURVE('',#1737,#1960,#541,.T.);
#2502=EDGE_CURVE('',#1954,#1960,#291,.T.);
#2503=EDGE_CURVE('',#1961,#1736,#542,.T.);
#2504=EDGE_CURVE('',#1960,#1961,#292,.T.);
#2505=EDGE_CURVE('',#1735,#1962,#543,.T.);
#2506=EDGE_CURVE('',#1961,#1962,#293,.T.);
#2507=EDGE_CURVE('',#1955,#1963,#1663,.T.);
#2508=EDGE_CURVE('',#1963,#1964,#1664,.T.);
#2509=EDGE_CURVE('',#1964,#1956,#544,.T.);
#2510=EDGE_CURVE('',#1965,#1966,#545,.T.);
#2511=EDGE_CURVE('',#1966,#1967,#294,.T.);
#2512=EDGE_CURVE('',#1967,#1968,#546,.T.);
#2513=EDGE_CURVE('',#1968,#1965,#295,.T.);
#2514=EDGE_CURVE('',#1969,#1970,#547,.T.);
#2515=EDGE_CURVE('',#1970,#1968,#548,.T.);
#2516=EDGE_CURVE('',#1967,#1969,#549,.T.);
#2517=EDGE_CURVE('',#1971,#1972,#550,.T.);
#2518=EDGE_CURVE('',#1972,#1970,#1665,.T.);
#2519=EDGE_CURVE('',#1969,#1971,#1666,.T.);
#2520=EDGE_CURVE('',#1973,#1974,#551,.T.);
#2521=EDGE_CURVE('',#1974,#1972,#1667,.T.);
#2522=EDGE_CURVE('',#1971,#1973,#1668,.T.);
#2523=EDGE_CURVE('',#1973,#1975,#552,.T.);
#2524=EDGE_CURVE('',#1975,#1976,#553,.T.);
#2525=EDGE_CURVE('',#1976,#1974,#554,.T.);
#2526=EDGE_CURVE('',#1975,#1977,#296,.T.);
#2527=EDGE_CURVE('',#1977,#1978,#555,.T.);
#2528=EDGE_CURVE('',#1978,#1976,#297,.T.);
#2529=EDGE_CURVE('',#1979,#1980,#556,.T.);
#2530=EDGE_CURVE('',#1980,#1981,#557,.T.);
#2531=EDGE_CURVE('',#1981,#1982,#558,.T.);
#2532=EDGE_CURVE('',#1982,#1979,#559,.T.);
#2533=EDGE_CURVE('',#1983,#1984,#560,.T.);
#2534=EDGE_CURVE('',#1984,#1980,#1669,.T.);
#2535=EDGE_CURVE('',#1979,#1983,#1670,.T.);
#2536=EDGE_CURVE('',#1985,#1986,#561,.T.);
#2537=EDGE_CURVE('',#1986,#1984,#1671,.T.);
#2538=EDGE_CURVE('',#1983,#1985,#1672,.T.);
#2539=EDGE_CURVE('',#1985,#1978,#562,.T.);
#2540=EDGE_CURVE('',#1977,#1986,#563,.T.);
#2541=EDGE_CURVE('',#1987,#1988,#564,.T.);
#2542=EDGE_CURVE('',#1988,#1982,#298,.T.);
#2543=EDGE_CURVE('',#1981,#1987,#299,.T.);
#2544=EDGE_CURVE('',#1989,#1990,#1673,.T.);
#2545=EDGE_CURVE('',#1990,#1991,#1674,.T.);
#2546=EDGE_CURVE('',#1991,#1992,#565,.T.);
#2547=EDGE_CURVE('',#1992,#1989,#1675,.T.);
#2548=EDGE_CURVE('',#1993,#1994,#566,.T.);
#2549=EDGE_CURVE('',#1994,#1992,#1676,.T.);
#2550=EDGE_CURVE('',#1991,#1993,#1677,.T.);
#2551=EDGE_CURVE('',#1993,#1966,#1678,.T.);
#2552=EDGE_CURVE('',#1965,#1994,#1679,.T.);
#2553=EDGE_CURVE('',#1957,#1995,#567,.T.);
#2554=EDGE_CURVE('',#1995,#1988,#1680,.T.);
#2555=EDGE_CURVE('',#1987,#1957,#1681,.T.);
#2556=EDGE_CURVE('',#1964,#1995,#1682,.T.);
#2557=EDGE_CURVE('',#1954,#1963,#1683,.T.);
#2558=EDGE_CURVE('',#1989,#1962,#1684,.T.);
#2559=EDGE_CURVE('',#1962,#1990,#1685,.T.);
#2560=EDGE_CURVE('',#1981,#1996,#568,.T.);
#2561=EDGE_CURVE('',#1958,#1996,#300,.T.);
#2562=EDGE_CURVE('',#1997,#1977,#569,.T.);
#2563=EDGE_CURVE('',#1996,#1997,#570,.T.);
#2564=EDGE_CURVE('',#1975,#1998,#571,.T.);
#2565=EDGE_CURVE('',#1997,#1998,#301,.T.);
#2566=EDGE_CURVE('',#1999,#1967,#572,.T.);
#2567=EDGE_CURVE('',#1998,#1999,#573,.T.);
#2568=EDGE_CURVE('',#1965,#1970,#302,.T.);
#2569=EDGE_CURVE('',#1974,#1985,#303,.T.);
#2570=EDGE_CURVE('',#1993,#2000,#574,.T.);
#2571=EDGE_CURVE('',#1999,#2000,#304,.T.);
#2572=EDGE_CURVE('',#1734,#2001,#575,.T.);
#2573=EDGE_CURVE('',#2000,#2001,#576,.T.);
#2574=EDGE_CURVE('',#1972,#1961,#305,.T.);
#2575=EDGE_CURVE('',#1983,#1960,#306,.T.);
#2576=EDGE_CURVE('',#1979,#1988,#307,.T.);
#2577=EDGE_CURVE('',#2002,#2003,#577,.T.);
#2578=EDGE_CURVE('',#2003,#2004,#578,.T.);
#2579=EDGE_CURVE('',#2004,#1959,#579,.T.);
#2580=EDGE_CURVE('',#2002,#1959,#580,.T.);
#2581=EDGE_CURVE('',#2005,#2006,#581,.T.);
#2582=EDGE_CURVE('',#2006,#2004,#308,.T.);
#2583=EDGE_CURVE('',#2003,#2005,#309,.T.);
#2584=EDGE_CURVE('',#2001,#2006,#582,.T.);
#2585=EDGE_CURVE('',#2005,#2007,#583,.T.);
#2586=EDGE_CURVE('',#2007,#2001,#584,.T.);
#2587=EDGE_CURVE('',#2007,#2008,#585,.T.);
#2588=EDGE_CURVE('',#2008,#2000,#586,.T.);
#2589=EDGE_CURVE('',#2009,#1999,#587,.T.);
#2590=EDGE_CURVE('',#2008,#2009,#310,.T.);
#2591=EDGE_CURVE('',#2010,#1998,#588,.T.);
#2592=EDGE_CURVE('',#2009,#2010,#589,.T.);
#2593=EDGE_CURVE('',#2011,#1997,#590,.T.);
#2594=EDGE_CURVE('',#2010,#2011,#311,.T.);
#2595=EDGE_CURVE('',#2012,#1996,#591,.T.);
#2596=EDGE_CURVE('',#2011,#2012,#592,.T.);
#2597=EDGE_CURVE('',#2013,#1958,#593,.T.);
#2598=EDGE_CURVE('',#2012,#2013,#312,.T.);
#2599=EDGE_CURVE('',#2013,#2002,#594,.T.);
#2600=EDGE_CURVE('',#2004,#1953,#595,.T.);
#2601=EDGE_CURVE('',#2006,#1950,#596,.T.);
#2602=EDGE_CURVE('',#1750,#2014,#597,.T.);
#2603=EDGE_CURVE('',#2015,#2014,#598,.T.);
#2604=EDGE_CURVE('',#2016,#2015,#599,.T.);
#2605=EDGE_CURVE('',#1741,#2016,#600,.T.);
#2606=EDGE_CURVE('',#1742,#2017,#601,.T.);
#2607=EDGE_CURVE('',#2018,#2017,#602,.T.);
#2608=EDGE_CURVE('',#2019,#2018,#603,.T.);
#2609=EDGE_CURVE('',#1751,#2019,#604,.T.);
#2610=EDGE_CURVE('',#2020,#2019,#605,.T.);
#2611=EDGE_CURVE('',#1887,#2020,#606,.T.);
#2612=EDGE_CURVE('',#2021,#2020,#313,.T.);
#2613=EDGE_CURVE('',#1888,#2021,#607,.T.);
#2614=EDGE_CURVE('',#2014,#2021,#608,.T.);
#2615=EDGE_CURVE('',#2022,#2017,#609,.T.);
#2616=EDGE_CURVE('',#2022,#2023,#610,.T.);
#2617=EDGE_CURVE('',#2023,#2018,#611,.T.);
#2618=EDGE_CURVE('',#2015,#2024,#612,.T.);
#2619=EDGE_CURVE('',#2024,#2025,#613,.T.);
#2620=EDGE_CURVE('',#2016,#2025,#614,.T.);
#2621=EDGE_CURVE('',#1696,#2026,#615,.T.);
#2622=EDGE_CURVE('',#2027,#2026,#616,.T.);
#2623=EDGE_CURVE('',#2028,#2027,#617,.T.);
#2624=EDGE_CURVE('',#1687,#2028,#618,.T.);
#2625=EDGE_CURVE('',#1688,#2025,#619,.T.);
#2626=EDGE_CURVE('',#2029,#2024,#620,.T.);
#2627=EDGE_CURVE('',#1697,#2029,#621,.T.);
#2628=EDGE_CURVE('',#2030,#2029,#622,.T.);
#2629=EDGE_CURVE('',#1823,#2030,#623,.T.);
#2630=EDGE_CURVE('',#2031,#2030,#314,.T.);
#2631=EDGE_CURVE('',#1824,#2031,#624,.T.);
#2632=EDGE_CURVE('',#2026,#2031,#625,.T.);
#2633=EDGE_CURVE('',#2027,#2032,#626,.T.);
#2634=EDGE_CURVE('',#2032,#2033,#627,.T.);
#2635=EDGE_CURVE('',#2028,#2033,#628,.T.);
#2636=EDGE_CURVE('',#1732,#2034,#629,.T.);
#2637=EDGE_CURVE('',#2023,#2034,#630,.T.);
#2638=EDGE_CURVE('',#1723,#2022,#631,.T.);
#2639=EDGE_CURVE('',#1724,#2035,#632,.T.);
#2640=EDGE_CURVE('',#2036,#2035,#633,.T.);
#2641=EDGE_CURVE('',#2037,#2036,#634,.T.);
#2642=EDGE_CURVE('',#1733,#2037,#635,.T.);
#2643=EDGE_CURVE('',#2038,#2037,#636,.T.);
#2644=EDGE_CURVE('',#1951,#2038,#637,.T.);
#2645=EDGE_CURVE('',#2039,#2038,#315,.T.);
#2646=EDGE_CURVE('',#1952,#2039,#638,.T.);
#2647=EDGE_CURVE('',#2034,#2039,#639,.T.);
#2648=EDGE_CURVE('',#1706,#2033,#640,.T.);
#2649=EDGE_CURVE('',#2040,#2032,#641,.T.);
#2650=EDGE_CURVE('',#1715,#2040,#642,.T.);
#2651=EDGE_CURVE('',#2041,#2040,#643,.T.);
#2652=EDGE_CURVE('',#1759,#2041,#644,.T.);
#2653=EDGE_CURVE('',#2042,#2041,#316,.T.);
#2654=EDGE_CURVE('',#1760,#2042,#645,.T.);
#2655=EDGE_CURVE('',#2043,#2042,#646,.T.);
#2656=EDGE_CURVE('',#1714,#2043,#647,.T.);
#2657=EDGE_CURVE('',#2044,#2043,#648,.T.);
#2658=EDGE_CURVE('',#2045,#2044,#649,.T.);
#2659=EDGE_CURVE('',#1705,#2045,#650,.T.);
#2660=EDGE_CURVE('',#2045,#2035,#651,.T.);
#2661=EDGE_CURVE('',#2044,#2036,#652,.T.);
#2662=EDGE_CURVE('',#2046,#2047,#653,.T.);
#2663=EDGE_CURVE('',#2048,#2047,#654,.T.);
#2664=EDGE_CURVE('',#2049,#2048,#655,.T.);
#2665=EDGE_CURVE('',#2049,#2046,#656,.T.);
#2666=EDGE_CURVE('',#2047,#2050,#317,.T.);
#2667=EDGE_CURVE('',#2051,#2050,#657,.T.);
#2668=EDGE_CURVE('',#2048,#2051,#318,.T.);
#2669=EDGE_CURVE('',#2050,#2052,#658,.T.);
#2670=EDGE_CURVE('',#2053,#2052,#659,.T.);
#2671=EDGE_CURVE('',#2051,#2053,#660,.T.);
#2672=EDGE_CURVE('',#2052,#2054,#319,.T.);
#2673=EDGE_CURVE('',#2055,#2054,#661,.T.);
#2674=EDGE_CURVE('',#2053,#2055,#320,.T.);
#2675=EDGE_CURVE('',#2056,#2057,#662,.T.);
#2676=EDGE_CURVE('',#2056,#2058,#663,.T.);
#2677=EDGE_CURVE('',#2059,#2058,#664,.T.);
#2678=EDGE_CURVE('',#2057,#2059,#665,.T.);
#2679=EDGE_CURVE('',#2060,#2056,#666,.T.);
#2680=EDGE_CURVE('',#2060,#2061,#667,.T.);
#2681=EDGE_CURVE('',#2058,#2061,#668,.T.);
#2682=EDGE_CURVE('',#2057,#2062,#669,.T.);
#2683=EDGE_CURVE('',#2063,#2059,#670,.T.);
#2684=EDGE_CURVE('',#2062,#2063,#671,.T.);
#2685=EDGE_CURVE('',#2062,#2060,#672,.T.);
#2686=EDGE_CURVE('',#2061,#2063,#673,.T.);
#2687=EDGE_CURVE('',#2064,#2065,#321,.T.);
#2688=EDGE_CURVE('',#2065,#2066,#674,.T.);
#2689=EDGE_CURVE('',#2066,#2049,#322,.T.);
#2690=EDGE_CURVE('',#2055,#2064,#675,.T.);
#2691=EDGE_CURVE('',#2067,#2068,#323,.T.);
#2692=EDGE_CURVE('',#2054,#2067,#676,.T.);
#2693=EDGE_CURVE('',#2069,#2046,#324,.T.);
#2694=EDGE_CURVE('',#2068,#2069,#677,.T.);
#2695=EDGE_CURVE('',#2066,#2069,#678,.T.);
#2696=EDGE_CURVE('',#2068,#2065,#679,.T.);
#2697=EDGE_CURVE('',#2064,#2067,#680,.T.);
#2698=ORIENTED_EDGE('',*,*,#2070,.T.);
#2699=ORIENTED_EDGE('',*,*,#2071,.T.);
#2700=ORIENTED_EDGE('',*,*,#2072,.F.);
#2701=ORIENTED_EDGE('',*,*,#2073,.T.);
#2702=ORIENTED_EDGE('',*,*,#2074,.T.);
#2703=ORIENTED_EDGE('',*,*,#2075,.T.);
#2704=ORIENTED_EDGE('',*,*,#2076,.T.);
#2705=ORIENTED_EDGE('',*,*,#2077,.T.);
#2706=ORIENTED_EDGE('',*,*,#2078,.T.);
#2707=ORIENTED_EDGE('',*,*,#2079,.T.);
#2708=ORIENTED_EDGE('',*,*,#2080,.T.);
#2709=ORIENTED_EDGE('',*,*,#2079,.F.);
#2710=ORIENTED_EDGE('',*,*,#2078,.F.);
#2711=ORIENTED_EDGE('',*,*,#2077,.F.);
#2712=ORIENTED_EDGE('',*,*,#2076,.F.);
#2713=ORIENTED_EDGE('',*,*,#2075,.F.);
#2714=ORIENTED_EDGE('',*,*,#2074,.F.);
#2715=ORIENTED_EDGE('',*,*,#2073,.F.);
#2716=ORIENTED_EDGE('',*,*,#2081,.T.);
#2717=ORIENTED_EDGE('',*,*,#2082,.F.);
#2718=ORIENTED_EDGE('',*,*,#2083,.T.);
#2719=ORIENTED_EDGE('',*,*,#2084,.T.);
#2720=ORIENTED_EDGE('',*,*,#2085,.T.);
#2721=ORIENTED_EDGE('',*,*,#2086,.T.);
#2722=ORIENTED_EDGE('',*,*,#2087,.T.);
#2723=ORIENTED_EDGE('',*,*,#2088,.T.);
#2724=ORIENTED_EDGE('',*,*,#2089,.T.);
#2725=ORIENTED_EDGE('',*,*,#2090,.T.);
#2726=ORIENTED_EDGE('',*,*,#2091,.F.);
#2727=ORIENTED_EDGE('',*,*,#2092,.T.);
#2728=ORIENTED_EDGE('',*,*,#2093,.T.);
#2729=ORIENTED_EDGE('',*,*,#2094,.T.);
#2730=ORIENTED_EDGE('',*,*,#2095,.T.);
#2731=ORIENTED_EDGE('',*,*,#2096,.T.);
#2732=ORIENTED_EDGE('',*,*,#2097,.T.);
#2733=ORIENTED_EDGE('',*,*,#2098,.T.);
#2734=ORIENTED_EDGE('',*,*,#2099,.T.);
#2735=ORIENTED_EDGE('',*,*,#2098,.F.);
#2736=ORIENTED_EDGE('',*,*,#2097,.F.);
#2737=ORIENTED_EDGE('',*,*,#2096,.F.);
#2738=ORIENTED_EDGE('',*,*,#2095,.F.);
#2739=ORIENTED_EDGE('',*,*,#2094,.F.);
#2740=ORIENTED_EDGE('',*,*,#2093,.F.);
#2741=ORIENTED_EDGE('',*,*,#2092,.F.);
#2742=ORIENTED_EDGE('',*,*,#2100,.T.);
#2743=ORIENTED_EDGE('',*,*,#2101,.F.);
#2744=ORIENTED_EDGE('',*,*,#2102,.T.);
#2745=ORIENTED_EDGE('',*,*,#2103,.T.);
#2746=ORIENTED_EDGE('',*,*,#2104,.T.);
#2747=ORIENTED_EDGE('',*,*,#2105,.T.);
#2748=ORIENTED_EDGE('',*,*,#2106,.T.);
#2749=ORIENTED_EDGE('',*,*,#2107,.T.);
#2750=ORIENTED_EDGE('',*,*,#2108,.T.);
#2751=ORIENTED_EDGE('',*,*,#2109,.T.);
#2752=ORIENTED_EDGE('',*,*,#2110,.F.);
#2753=ORIENTED_EDGE('',*,*,#2111,.T.);
#2754=ORIENTED_EDGE('',*,*,#2112,.T.);
#2755=ORIENTED_EDGE('',*,*,#2113,.T.);
#2756=ORIENTED_EDGE('',*,*,#2114,.T.);
#2757=ORIENTED_EDGE('',*,*,#2115,.T.);
#2758=ORIENTED_EDGE('',*,*,#2116,.T.);
#2759=ORIENTED_EDGE('',*,*,#2117,.T.);
#2760=ORIENTED_EDGE('',*,*,#2118,.T.);
#2761=ORIENTED_EDGE('',*,*,#2117,.F.);
#2762=ORIENTED_EDGE('',*,*,#2116,.F.);
#2763=ORIENTED_EDGE('',*,*,#2115,.F.);
#2764=ORIENTED_EDGE('',*,*,#2114,.F.);
#2765=ORIENTED_EDGE('',*,*,#2113,.F.);
#2766=ORIENTED_EDGE('',*,*,#2112,.F.);
#2767=ORIENTED_EDGE('',*,*,#2111,.F.);
#2768=ORIENTED_EDGE('',*,*,#2119,.T.);
#2769=ORIENTED_EDGE('',*,*,#2120,.F.);
#2770=ORIENTED_EDGE('',*,*,#2121,.T.);
#2771=ORIENTED_EDGE('',*,*,#2122,.T.);
#2772=ORIENTED_EDGE('',*,*,#2123,.T.);
#2773=ORIENTED_EDGE('',*,*,#2124,.T.);
#2774=ORIENTED_EDGE('',*,*,#2125,.T.);
#2775=ORIENTED_EDGE('',*,*,#2126,.T.);
#2776=ORIENTED_EDGE('',*,*,#2127,.T.);
#2777=ORIENTED_EDGE('',*,*,#2128,.T.);
#2778=ORIENTED_EDGE('',*,*,#2129,.F.);
#2779=ORIENTED_EDGE('',*,*,#2130,.T.);
#2780=ORIENTED_EDGE('',*,*,#2131,.T.);
#2781=ORIENTED_EDGE('',*,*,#2132,.T.);
#2782=ORIENTED_EDGE('',*,*,#2133,.T.);
#2783=ORIENTED_EDGE('',*,*,#2134,.T.);
#2784=ORIENTED_EDGE('',*,*,#2135,.T.);
#2785=ORIENTED_EDGE('',*,*,#2136,.T.);
#2786=ORIENTED_EDGE('',*,*,#2137,.T.);
#2787=ORIENTED_EDGE('',*,*,#2136,.F.);
#2788=ORIENTED_EDGE('',*,*,#2135,.F.);
#2789=ORIENTED_EDGE('',*,*,#2134,.F.);
#2790=ORIENTED_EDGE('',*,*,#2133,.F.);
#2791=ORIENTED_EDGE('',*,*,#2132,.F.);
#2792=ORIENTED_EDGE('',*,*,#2131,.F.);
#2793=ORIENTED_EDGE('',*,*,#2130,.F.);
#2794=ORIENTED_EDGE('',*,*,#2138,.T.);
#2795=ORIENTED_EDGE('',*,*,#2139,.F.);
#2796=ORIENTED_EDGE('',*,*,#2140,.T.);
#2797=ORIENTED_EDGE('',*,*,#2141,.T.);
#2798=ORIENTED_EDGE('',*,*,#2142,.T.);
#2799=ORIENTED_EDGE('',*,*,#2143,.T.);
#2800=ORIENTED_EDGE('',*,*,#2144,.T.);
#2801=ORIENTED_EDGE('',*,*,#2145,.T.);
#2802=ORIENTED_EDGE('',*,*,#2146,.T.);
#2803=ORIENTED_EDGE('',*,*,#2101,.T.);
#2804=ORIENTED_EDGE('',*,*,#2147,.F.);
#2805=ORIENTED_EDGE('',*,*,#2148,.F.);
#2806=ORIENTED_EDGE('',*,*,#2149,.F.);
#2807=ORIENTED_EDGE('',*,*,#2107,.F.);
#2808=ORIENTED_EDGE('',*,*,#2150,.T.);
#2809=ORIENTED_EDGE('',*,*,#2151,.T.);
#2810=ORIENTED_EDGE('',*,*,#2152,.F.);
#2811=ORIENTED_EDGE('',*,*,#2153,.F.);
#2812=ORIENTED_EDGE('',*,*,#2154,.F.);
#2813=ORIENTED_EDGE('',*,*,#2155,.F.);
#2814=ORIENTED_EDGE('',*,*,#2156,.F.);
#2815=ORIENTED_EDGE('',*,*,#2157,.F.);
#2816=ORIENTED_EDGE('',*,*,#2158,.T.);
#2817=ORIENTED_EDGE('',*,*,#2106,.F.);
#2818=ORIENTED_EDGE('',*,*,#2159,.T.);
#2819=ORIENTED_EDGE('',*,*,#2160,.F.);
#2820=ORIENTED_EDGE('',*,*,#2152,.T.);
#2821=ORIENTED_EDGE('',*,*,#2105,.F.);
#2822=ORIENTED_EDGE('',*,*,#2161,.F.);
#2823=ORIENTED_EDGE('',*,*,#2162,.F.);
#2824=ORIENTED_EDGE('',*,*,#2159,.F.);
#2825=ORIENTED_EDGE('',*,*,#2104,.F.);
#2826=ORIENTED_EDGE('',*,*,#2163,.T.);
#2827=ORIENTED_EDGE('',*,*,#2164,.F.);
#2828=ORIENTED_EDGE('',*,*,#2161,.T.);
#2829=ORIENTED_EDGE('',*,*,#2103,.F.);
#2830=ORIENTED_EDGE('',*,*,#2165,.T.);
#2831=ORIENTED_EDGE('',*,*,#2166,.T.);
#2832=ORIENTED_EDGE('',*,*,#2167,.T.);
#2833=ORIENTED_EDGE('',*,*,#2154,.T.);
#2834=ORIENTED_EDGE('',*,*,#2168,.T.);
#2835=ORIENTED_EDGE('',*,*,#2169,.T.);
#2836=ORIENTED_EDGE('',*,*,#2170,.T.);
#2837=ORIENTED_EDGE('',*,*,#2171,.T.);
#2838=ORIENTED_EDGE('',*,*,#2172,.T.);
#2839=ORIENTED_EDGE('',*,*,#2173,.T.);
#2840=ORIENTED_EDGE('',*,*,#2170,.F.);
#2841=ORIENTED_EDGE('',*,*,#2174,.T.);
#2842=ORIENTED_EDGE('',*,*,#2175,.T.);
#2843=ORIENTED_EDGE('',*,*,#2176,.T.);
#2844=ORIENTED_EDGE('',*,*,#2172,.F.);
#2845=ORIENTED_EDGE('',*,*,#2177,.T.);
#2846=ORIENTED_EDGE('',*,*,#2178,.T.);
#2847=ORIENTED_EDGE('',*,*,#2179,.T.);
#2848=ORIENTED_EDGE('',*,*,#2175,.F.);
#2849=ORIENTED_EDGE('',*,*,#2180,.T.);
#2850=ORIENTED_EDGE('',*,*,#2178,.F.);
#2851=ORIENTED_EDGE('',*,*,#2181,.T.);
#2852=ORIENTED_EDGE('',*,*,#2182,.T.);
#2853=ORIENTED_EDGE('',*,*,#2183,.T.);
#2854=ORIENTED_EDGE('',*,*,#2182,.F.);
#2855=ORIENTED_EDGE('',*,*,#2184,.T.);
#2856=ORIENTED_EDGE('',*,*,#2185,.T.);
#2857=ORIENTED_EDGE('',*,*,#2186,.T.);
#2858=ORIENTED_EDGE('',*,*,#2187,.T.);
#2859=ORIENTED_EDGE('',*,*,#2188,.T.);
#2860=ORIENTED_EDGE('',*,*,#2189,.T.);
#2861=ORIENTED_EDGE('',*,*,#2190,.T.);
#2862=ORIENTED_EDGE('',*,*,#2191,.T.);
#2863=ORIENTED_EDGE('',*,*,#2192,.T.);
#2864=ORIENTED_EDGE('',*,*,#2187,.F.);
#2865=ORIENTED_EDGE('',*,*,#2193,.T.);
#2866=ORIENTED_EDGE('',*,*,#2194,.T.);
#2867=ORIENTED_EDGE('',*,*,#2195,.T.);
#2868=ORIENTED_EDGE('',*,*,#2191,.F.);
#2869=ORIENTED_EDGE('',*,*,#2196,.T.);
#2870=ORIENTED_EDGE('',*,*,#2194,.F.);
#2871=ORIENTED_EDGE('',*,*,#2197,.T.);
#2872=ORIENTED_EDGE('',*,*,#2185,.F.);
#2873=ORIENTED_EDGE('',*,*,#2198,.T.);
#2874=ORIENTED_EDGE('',*,*,#2199,.T.);
#2875=ORIENTED_EDGE('',*,*,#2200,.T.);
#2876=ORIENTED_EDGE('',*,*,#2189,.F.);
#2877=ORIENTED_EDGE('',*,*,#2201,.T.);
#2878=ORIENTED_EDGE('',*,*,#2202,.T.);
#2879=ORIENTED_EDGE('',*,*,#2203,.T.);
#2880=ORIENTED_EDGE('',*,*,#2204,.T.);
#2881=ORIENTED_EDGE('',*,*,#2205,.T.);
#2882=ORIENTED_EDGE('',*,*,#2206,.T.);
#2883=ORIENTED_EDGE('',*,*,#2207,.T.);
#2884=ORIENTED_EDGE('',*,*,#2204,.F.);
#2885=ORIENTED_EDGE('',*,*,#2208,.T.);
#2886=ORIENTED_EDGE('',*,*,#2206,.F.);
#2887=ORIENTED_EDGE('',*,*,#2209,.T.);
#2888=ORIENTED_EDGE('',*,*,#2168,.F.);
#2889=ORIENTED_EDGE('',*,*,#2210,.T.);
#2890=ORIENTED_EDGE('',*,*,#2211,.T.);
#2891=ORIENTED_EDGE('',*,*,#2212,.T.);
#2892=ORIENTED_EDGE('',*,*,#2199,.F.);
#2893=ORIENTED_EDGE('',*,*,#2213,.T.);
#2894=ORIENTED_EDGE('',*,*,#2211,.F.);
#2895=ORIENTED_EDGE('',*,*,#2155,.T.);
#2896=ORIENTED_EDGE('',*,*,#2167,.F.);
#2897=ORIENTED_EDGE('',*,*,#2214,.T.);
#2898=ORIENTED_EDGE('',*,*,#2165,.F.);
#2899=ORIENTED_EDGE('',*,*,#2153,.T.);
#2900=ORIENTED_EDGE('',*,*,#2215,.T.);
#2901=ORIENTED_EDGE('',*,*,#2202,.F.);
#2902=ORIENTED_EDGE('',*,*,#2216,.T.);
#2903=ORIENTED_EDGE('',*,*,#2217,.T.);
#2904=ORIENTED_EDGE('',*,*,#2213,.F.);
#2905=ORIENTED_EDGE('',*,*,#2201,.F.);
#2906=ORIENTED_EDGE('',*,*,#2218,.T.);
#2907=ORIENTED_EDGE('',*,*,#2219,.F.);
#2908=ORIENTED_EDGE('',*,*,#2156,.T.);
#2909=ORIENTED_EDGE('',*,*,#2188,.F.);
#2910=ORIENTED_EDGE('',*,*,#2192,.F.);
#2911=ORIENTED_EDGE('',*,*,#2195,.F.);
#2912=ORIENTED_EDGE('',*,*,#2198,.F.);
#2913=ORIENTED_EDGE('',*,*,#2220,.F.);
#2914=ORIENTED_EDGE('',*,*,#2221,.F.);
#2915=ORIENTED_EDGE('',*,*,#2218,.F.);
#2916=ORIENTED_EDGE('',*,*,#2184,.F.);
#2917=ORIENTED_EDGE('',*,*,#2222,.T.);
#2918=ORIENTED_EDGE('',*,*,#2223,.F.);
#2919=ORIENTED_EDGE('',*,*,#2220,.T.);
#2920=ORIENTED_EDGE('',*,*,#2181,.F.);
#2921=ORIENTED_EDGE('',*,*,#2180,.F.);
#2922=ORIENTED_EDGE('',*,*,#2177,.F.);
#2923=ORIENTED_EDGE('',*,*,#2174,.F.);
#2924=ORIENTED_EDGE('',*,*,#2224,.F.);
#2925=ORIENTED_EDGE('',*,*,#2225,.F.);
#2926=ORIENTED_EDGE('',*,*,#2222,.F.);
#2927=ORIENTED_EDGE('',*,*,#2173,.F.);
#2928=ORIENTED_EDGE('',*,*,#2226,.F.);
#2929=ORIENTED_EDGE('',*,*,#2171,.F.);
#2930=ORIENTED_EDGE('',*,*,#2197,.F.);
#2931=ORIENTED_EDGE('',*,*,#2227,.F.);
#2932=ORIENTED_EDGE('',*,*,#2183,.F.);
#2933=ORIENTED_EDGE('',*,*,#2186,.F.);
#2934=ORIENTED_EDGE('',*,*,#2169,.F.);
#2935=ORIENTED_EDGE('',*,*,#2209,.F.);
#2936=ORIENTED_EDGE('',*,*,#2228,.T.);
#2937=ORIENTED_EDGE('',*,*,#2229,.F.);
#2938=ORIENTED_EDGE('',*,*,#2224,.T.);
#2939=ORIENTED_EDGE('',*,*,#2230,.T.);
#2940=ORIENTED_EDGE('',*,*,#2231,.F.);
#2941=ORIENTED_EDGE('',*,*,#2228,.F.);
#2942=ORIENTED_EDGE('',*,*,#2208,.F.);
#2943=ORIENTED_EDGE('',*,*,#2203,.F.);
#2944=ORIENTED_EDGE('',*,*,#2217,.F.);
#2945=ORIENTED_EDGE('',*,*,#2163,.F.);
#2946=ORIENTED_EDGE('',*,*,#2102,.F.);
#2947=ORIENTED_EDGE('',*,*,#2176,.F.);
#2948=ORIENTED_EDGE('',*,*,#2232,.T.);
#2949=ORIENTED_EDGE('',*,*,#2164,.T.);
#2950=ORIENTED_EDGE('',*,*,#2216,.F.);
#2951=ORIENTED_EDGE('',*,*,#2205,.F.);
#2952=ORIENTED_EDGE('',*,*,#2207,.F.);
#2953=ORIENTED_EDGE('',*,*,#2210,.F.);
#2954=ORIENTED_EDGE('',*,*,#2226,.T.);
#2955=ORIENTED_EDGE('',*,*,#2196,.F.);
#2956=ORIENTED_EDGE('',*,*,#2233,.T.);
#2957=ORIENTED_EDGE('',*,*,#2162,.T.);
#2958=ORIENTED_EDGE('',*,*,#2232,.F.);
#2959=ORIENTED_EDGE('',*,*,#2179,.F.);
#2960=ORIENTED_EDGE('',*,*,#2227,.T.);
#2961=ORIENTED_EDGE('',*,*,#2215,.F.);
#2962=ORIENTED_EDGE('',*,*,#2160,.T.);
#2963=ORIENTED_EDGE('',*,*,#2233,.F.);
#2964=ORIENTED_EDGE('',*,*,#2193,.F.);
#2965=ORIENTED_EDGE('',*,*,#2234,.T.);
#2966=ORIENTED_EDGE('',*,*,#2212,.F.);
#2967=ORIENTED_EDGE('',*,*,#2214,.F.);
#2968=ORIENTED_EDGE('',*,*,#2166,.F.);
#2969=ORIENTED_EDGE('',*,*,#2200,.F.);
#2970=ORIENTED_EDGE('',*,*,#2234,.F.);
#2971=ORIENTED_EDGE('',*,*,#2190,.F.);
#2972=ORIENTED_EDGE('',*,*,#2235,.T.);
#2973=ORIENTED_EDGE('',*,*,#2236,.T.);
#2974=ORIENTED_EDGE('',*,*,#2237,.T.);
#2975=ORIENTED_EDGE('',*,*,#2238,.F.);
#2976=ORIENTED_EDGE('',*,*,#2239,.T.);
#2977=ORIENTED_EDGE('',*,*,#2240,.T.);
#2978=ORIENTED_EDGE('',*,*,#2236,.F.);
#2979=ORIENTED_EDGE('',*,*,#2241,.T.);
#2980=ORIENTED_EDGE('',*,*,#2242,.T.);
#2981=ORIENTED_EDGE('',*,*,#2239,.F.);
#2982=ORIENTED_EDGE('',*,*,#2243,.T.);
#2983=ORIENTED_EDGE('',*,*,#2244,.T.);
#2984=ORIENTED_EDGE('',*,*,#2245,.T.);
#2985=ORIENTED_EDGE('',*,*,#2246,.T.);
#2986=ORIENTED_EDGE('',*,*,#2231,.T.);
#2987=ORIENTED_EDGE('',*,*,#2244,.F.);
#2988=ORIENTED_EDGE('',*,*,#2247,.T.);
#2989=ORIENTED_EDGE('',*,*,#2229,.T.);
#2990=ORIENTED_EDGE('',*,*,#2246,.F.);
#2991=ORIENTED_EDGE('',*,*,#2248,.T.);
#2992=ORIENTED_EDGE('',*,*,#2249,.T.);
#2993=ORIENTED_EDGE('',*,*,#2225,.T.);
#2994=ORIENTED_EDGE('',*,*,#2247,.F.);
#2995=ORIENTED_EDGE('',*,*,#2250,.T.);
#2996=ORIENTED_EDGE('',*,*,#2251,.T.);
#2997=ORIENTED_EDGE('',*,*,#2223,.T.);
#2998=ORIENTED_EDGE('',*,*,#2249,.F.);
#2999=ORIENTED_EDGE('',*,*,#2252,.T.);
#3000=ORIENTED_EDGE('',*,*,#2253,.T.);
#3001=ORIENTED_EDGE('',*,*,#2221,.T.);
#3002=ORIENTED_EDGE('',*,*,#2251,.F.);
#3003=ORIENTED_EDGE('',*,*,#2254,.T.);
#3004=ORIENTED_EDGE('',*,*,#2255,.T.);
#3005=ORIENTED_EDGE('',*,*,#2219,.T.);
#3006=ORIENTED_EDGE('',*,*,#2253,.F.);
#3007=ORIENTED_EDGE('',*,*,#2256,.T.);
#3008=ORIENTED_EDGE('',*,*,#2157,.T.);
#3009=ORIENTED_EDGE('',*,*,#2255,.F.);
#3010=ORIENTED_EDGE('',*,*,#2257,.T.);
#3011=ORIENTED_EDGE('',*,*,#2238,.T.);
#3012=ORIENTED_EDGE('',*,*,#2158,.F.);
#3013=ORIENTED_EDGE('',*,*,#2237,.F.);
#3014=ORIENTED_EDGE('',*,*,#2258,.T.);
#3015=ORIENTED_EDGE('',*,*,#2150,.F.);
#3016=ORIENTED_EDGE('',*,*,#2235,.F.);
#3017=ORIENTED_EDGE('',*,*,#2257,.F.);
#3018=ORIENTED_EDGE('',*,*,#2256,.F.);
#3019=ORIENTED_EDGE('',*,*,#2254,.F.);
#3020=ORIENTED_EDGE('',*,*,#2252,.F.);
#3021=ORIENTED_EDGE('',*,*,#2250,.F.);
#3022=ORIENTED_EDGE('',*,*,#2248,.F.);
#3023=ORIENTED_EDGE('',*,*,#2245,.F.);
#3024=ORIENTED_EDGE('',*,*,#2243,.F.);
#3025=ORIENTED_EDGE('',*,*,#2241,.F.);
#3026=ORIENTED_EDGE('',*,*,#2258,.F.);
#3027=ORIENTED_EDGE('',*,*,#2240,.F.);
#3028=ORIENTED_EDGE('',*,*,#2259,.T.);
#3029=ORIENTED_EDGE('',*,*,#2151,.F.);
#3030=ORIENTED_EDGE('',*,*,#2259,.F.);
#3031=ORIENTED_EDGE('',*,*,#2242,.F.);
#3032=ORIENTED_EDGE('',*,*,#2230,.F.);
#3033=ORIENTED_EDGE('',*,*,#2146,.F.);
#3034=ORIENTED_EDGE('',*,*,#2260,.T.);
#3035=ORIENTED_EDGE('',*,*,#2082,.T.);
#3036=ORIENTED_EDGE('',*,*,#2261,.F.);
#3037=ORIENTED_EDGE('',*,*,#2262,.F.);
#3038=ORIENTED_EDGE('',*,*,#2263,.F.);
#3039=ORIENTED_EDGE('',*,*,#2088,.F.);
#3040=ORIENTED_EDGE('',*,*,#2264,.T.);
#3041=ORIENTED_EDGE('',*,*,#2265,.T.);
#3042=ORIENTED_EDGE('',*,*,#2266,.F.);
#3043=ORIENTED_EDGE('',*,*,#2267,.F.);
#3044=ORIENTED_EDGE('',*,*,#2268,.F.);
#3045=ORIENTED_EDGE('',*,*,#2269,.F.);
#3046=ORIENTED_EDGE('',*,*,#2270,.F.);
#3047=ORIENTED_EDGE('',*,*,#2271,.F.);
#3048=ORIENTED_EDGE('',*,*,#2272,.T.);
#3049=ORIENTED_EDGE('',*,*,#2087,.F.);
#3050=ORIENTED_EDGE('',*,*,#2273,.T.);
#3051=ORIENTED_EDGE('',*,*,#2274,.F.);
#3052=ORIENTED_EDGE('',*,*,#2266,.T.);
#3053=ORIENTED_EDGE('',*,*,#2086,.F.);
#3054=ORIENTED_EDGE('',*,*,#2275,.F.);
#3055=ORIENTED_EDGE('',*,*,#2276,.F.);
#3056=ORIENTED_EDGE('',*,*,#2273,.F.);
#3057=ORIENTED_EDGE('',*,*,#2085,.F.);
#3058=ORIENTED_EDGE('',*,*,#2277,.T.);
#3059=ORIENTED_EDGE('',*,*,#2278,.F.);
#3060=ORIENTED_EDGE('',*,*,#2275,.T.);
#3061=ORIENTED_EDGE('',*,*,#2084,.F.);
#3062=ORIENTED_EDGE('',*,*,#2279,.T.);
#3063=ORIENTED_EDGE('',*,*,#2280,.T.);
#3064=ORIENTED_EDGE('',*,*,#2281,.T.);
#3065=ORIENTED_EDGE('',*,*,#2268,.T.);
#3066=ORIENTED_EDGE('',*,*,#2282,.T.);
#3067=ORIENTED_EDGE('',*,*,#2283,.T.);
#3068=ORIENTED_EDGE('',*,*,#2284,.T.);
#3069=ORIENTED_EDGE('',*,*,#2285,.T.);
#3070=ORIENTED_EDGE('',*,*,#2286,.T.);
#3071=ORIENTED_EDGE('',*,*,#2287,.T.);
#3072=ORIENTED_EDGE('',*,*,#2284,.F.);
#3073=ORIENTED_EDGE('',*,*,#2288,.T.);
#3074=ORIENTED_EDGE('',*,*,#2289,.T.);
#3075=ORIENTED_EDGE('',*,*,#2290,.T.);
#3076=ORIENTED_EDGE('',*,*,#2286,.F.);
#3077=ORIENTED_EDGE('',*,*,#2291,.T.);
#3078=ORIENTED_EDGE('',*,*,#2292,.T.);
#3079=ORIENTED_EDGE('',*,*,#2293,.T.);
#3080=ORIENTED_EDGE('',*,*,#2289,.F.);
#3081=ORIENTED_EDGE('',*,*,#2294,.T.);
#3082=ORIENTED_EDGE('',*,*,#2292,.F.);
#3083=ORIENTED_EDGE('',*,*,#2295,.T.);
#3084=ORIENTED_EDGE('',*,*,#2296,.T.);
#3085=ORIENTED_EDGE('',*,*,#2297,.T.);
#3086=ORIENTED_EDGE('',*,*,#2296,.F.);
#3087=ORIENTED_EDGE('',*,*,#2298,.T.);
#3088=ORIENTED_EDGE('',*,*,#2299,.T.);
#3089=ORIENTED_EDGE('',*,*,#2300,.T.);
#3090=ORIENTED_EDGE('',*,*,#2301,.T.);
#3091=ORIENTED_EDGE('',*,*,#2302,.T.);
#3092=ORIENTED_EDGE('',*,*,#2303,.T.);
#3093=ORIENTED_EDGE('',*,*,#2304,.T.);
#3094=ORIENTED_EDGE('',*,*,#2305,.T.);
#3095=ORIENTED_EDGE('',*,*,#2306,.T.);
#3096=ORIENTED_EDGE('',*,*,#2301,.F.);
#3097=ORIENTED_EDGE('',*,*,#2307,.T.);
#3098=ORIENTED_EDGE('',*,*,#2308,.T.);
#3099=ORIENTED_EDGE('',*,*,#2309,.T.);
#3100=ORIENTED_EDGE('',*,*,#2305,.F.);
#3101=ORIENTED_EDGE('',*,*,#2310,.T.);
#3102=ORIENTED_EDGE('',*,*,#2308,.F.);
#3103=ORIENTED_EDGE('',*,*,#2311,.T.);
#3104=ORIENTED_EDGE('',*,*,#2299,.F.);
#3105=ORIENTED_EDGE('',*,*,#2312,.T.);
#3106=ORIENTED_EDGE('',*,*,#2313,.T.);
#3107=ORIENTED_EDGE('',*,*,#2314,.T.);
#3108=ORIENTED_EDGE('',*,*,#2303,.F.);
#3109=ORIENTED_EDGE('',*,*,#2315,.T.);
#3110=ORIENTED_EDGE('',*,*,#2316,.T.);
#3111=ORIENTED_EDGE('',*,*,#2317,.T.);
#3112=ORIENTED_EDGE('',*,*,#2318,.T.);
#3113=ORIENTED_EDGE('',*,*,#2319,.T.);
#3114=ORIENTED_EDGE('',*,*,#2320,.T.);
#3115=ORIENTED_EDGE('',*,*,#2321,.T.);
#3116=ORIENTED_EDGE('',*,*,#2318,.F.);
#3117=ORIENTED_EDGE('',*,*,#2322,.T.);
#3118=ORIENTED_EDGE('',*,*,#2320,.F.);
#3119=ORIENTED_EDGE('',*,*,#2323,.T.);
#3120=ORIENTED_EDGE('',*,*,#2282,.F.);
#3121=ORIENTED_EDGE('',*,*,#2324,.T.);
#3122=ORIENTED_EDGE('',*,*,#2325,.T.);
#3123=ORIENTED_EDGE('',*,*,#2326,.T.);
#3124=ORIENTED_EDGE('',*,*,#2313,.F.);
#3125=ORIENTED_EDGE('',*,*,#2327,.T.);
#3126=ORIENTED_EDGE('',*,*,#2325,.F.);
#3127=ORIENTED_EDGE('',*,*,#2269,.T.);
#3128=ORIENTED_EDGE('',*,*,#2281,.F.);
#3129=ORIENTED_EDGE('',*,*,#2328,.T.);
#3130=ORIENTED_EDGE('',*,*,#2279,.F.);
#3131=ORIENTED_EDGE('',*,*,#2267,.T.);
#3132=ORIENTED_EDGE('',*,*,#2329,.T.);
#3133=ORIENTED_EDGE('',*,*,#2316,.F.);
#3134=ORIENTED_EDGE('',*,*,#2330,.T.);
#3135=ORIENTED_EDGE('',*,*,#2331,.T.);
#3136=ORIENTED_EDGE('',*,*,#2327,.F.);
#3137=ORIENTED_EDGE('',*,*,#2315,.F.);
#3138=ORIENTED_EDGE('',*,*,#2332,.T.);
#3139=ORIENTED_EDGE('',*,*,#2333,.F.);
#3140=ORIENTED_EDGE('',*,*,#2270,.T.);
#3141=ORIENTED_EDGE('',*,*,#2302,.F.);
#3142=ORIENTED_EDGE('',*,*,#2306,.F.);
#3143=ORIENTED_EDGE('',*,*,#2309,.F.);
#3144=ORIENTED_EDGE('',*,*,#2312,.F.);
#3145=ORIENTED_EDGE('',*,*,#2334,.F.);
#3146=ORIENTED_EDGE('',*,*,#2335,.F.);
#3147=ORIENTED_EDGE('',*,*,#2332,.F.);
#3148=ORIENTED_EDGE('',*,*,#2298,.F.);
#3149=ORIENTED_EDGE('',*,*,#2336,.T.);
#3150=ORIENTED_EDGE('',*,*,#2337,.F.);
#3151=ORIENTED_EDGE('',*,*,#2334,.T.);
#3152=ORIENTED_EDGE('',*,*,#2295,.F.);
#3153=ORIENTED_EDGE('',*,*,#2294,.F.);
#3154=ORIENTED_EDGE('',*,*,#2291,.F.);
#3155=ORIENTED_EDGE('',*,*,#2288,.F.);
#3156=ORIENTED_EDGE('',*,*,#2338,.F.);
#3157=ORIENTED_EDGE('',*,*,#2339,.F.);
#3158=ORIENTED_EDGE('',*,*,#2336,.F.);
#3159=ORIENTED_EDGE('',*,*,#2287,.F.);
#3160=ORIENTED_EDGE('',*,*,#2340,.F.);
#3161=ORIENTED_EDGE('',*,*,#2285,.F.);
#3162=ORIENTED_EDGE('',*,*,#2311,.F.);
#3163=ORIENTED_EDGE('',*,*,#2341,.F.);
#3164=ORIENTED_EDGE('',*,*,#2297,.F.);
#3165=ORIENTED_EDGE('',*,*,#2300,.F.);
#3166=ORIENTED_EDGE('',*,*,#2283,.F.);
#3167=ORIENTED_EDGE('',*,*,#2323,.F.);
#3168=ORIENTED_EDGE('',*,*,#2342,.T.);
#3169=ORIENTED_EDGE('',*,*,#2343,.F.);
#3170=ORIENTED_EDGE('',*,*,#2338,.T.);
#3171=ORIENTED_EDGE('',*,*,#2344,.T.);
#3172=ORIENTED_EDGE('',*,*,#2345,.F.);
#3173=ORIENTED_EDGE('',*,*,#2342,.F.);
#3174=ORIENTED_EDGE('',*,*,#2322,.F.);
#3175=ORIENTED_EDGE('',*,*,#2317,.F.);
#3176=ORIENTED_EDGE('',*,*,#2331,.F.);
#3177=ORIENTED_EDGE('',*,*,#2277,.F.);
#3178=ORIENTED_EDGE('',*,*,#2083,.F.);
#3179=ORIENTED_EDGE('',*,*,#2290,.F.);
#3180=ORIENTED_EDGE('',*,*,#2346,.T.);
#3181=ORIENTED_EDGE('',*,*,#2278,.T.);
#3182=ORIENTED_EDGE('',*,*,#2330,.F.);
#3183=ORIENTED_EDGE('',*,*,#2319,.F.);
#3184=ORIENTED_EDGE('',*,*,#2321,.F.);
#3185=ORIENTED_EDGE('',*,*,#2324,.F.);
#3186=ORIENTED_EDGE('',*,*,#2340,.T.);
#3187=ORIENTED_EDGE('',*,*,#2310,.F.);
#3188=ORIENTED_EDGE('',*,*,#2347,.T.);
#3189=ORIENTED_EDGE('',*,*,#2276,.T.);
#3190=ORIENTED_EDGE('',*,*,#2346,.F.);
#3191=ORIENTED_EDGE('',*,*,#2293,.F.);
#3192=ORIENTED_EDGE('',*,*,#2341,.T.);
#3193=ORIENTED_EDGE('',*,*,#2329,.F.);
#3194=ORIENTED_EDGE('',*,*,#2274,.T.);
#3195=ORIENTED_EDGE('',*,*,#2347,.F.);
#3196=ORIENTED_EDGE('',*,*,#2307,.F.);
#3197=ORIENTED_EDGE('',*,*,#2348,.T.);
#3198=ORIENTED_EDGE('',*,*,#2326,.F.);
#3199=ORIENTED_EDGE('',*,*,#2328,.F.);
#3200=ORIENTED_EDGE('',*,*,#2280,.F.);
#3201=ORIENTED_EDGE('',*,*,#2314,.F.);
#3202=ORIENTED_EDGE('',*,*,#2348,.F.);
#3203=ORIENTED_EDGE('',*,*,#2304,.F.);
#3204=ORIENTED_EDGE('',*,*,#2349,.T.);
#3205=ORIENTED_EDGE('',*,*,#2350,.T.);
#3206=ORIENTED_EDGE('',*,*,#2351,.T.);
#3207=ORIENTED_EDGE('',*,*,#2352,.F.);
#3208=ORIENTED_EDGE('',*,*,#2353,.T.);
#3209=ORIENTED_EDGE('',*,*,#2354,.T.);
#3210=ORIENTED_EDGE('',*,*,#2350,.F.);
#3211=ORIENTED_EDGE('',*,*,#2355,.T.);
#3212=ORIENTED_EDGE('',*,*,#2356,.T.);
#3213=ORIENTED_EDGE('',*,*,#2353,.F.);
#3214=ORIENTED_EDGE('',*,*,#2357,.T.);
#3215=ORIENTED_EDGE('',*,*,#2358,.T.);
#3216=ORIENTED_EDGE('',*,*,#2359,.T.);
#3217=ORIENTED_EDGE('',*,*,#2360,.T.);
#3218=ORIENTED_EDGE('',*,*,#2345,.T.);
#3219=ORIENTED_EDGE('',*,*,#2358,.F.);
#3220=ORIENTED_EDGE('',*,*,#2361,.T.);
#3221=ORIENTED_EDGE('',*,*,#2343,.T.);
#3222=ORIENTED_EDGE('',*,*,#2360,.F.);
#3223=ORIENTED_EDGE('',*,*,#2362,.T.);
#3224=ORIENTED_EDGE('',*,*,#2363,.T.);
#3225=ORIENTED_EDGE('',*,*,#2339,.T.);
#3226=ORIENTED_EDGE('',*,*,#2361,.F.);
#3227=ORIENTED_EDGE('',*,*,#2364,.T.);
#3228=ORIENTED_EDGE('',*,*,#2365,.T.);
#3229=ORIENTED_EDGE('',*,*,#2337,.T.);
#3230=ORIENTED_EDGE('',*,*,#2363,.F.);
#3231=ORIENTED_EDGE('',*,*,#2366,.T.);
#3232=ORIENTED_EDGE('',*,*,#2367,.T.);
#3233=ORIENTED_EDGE('',*,*,#2335,.T.);
#3234=ORIENTED_EDGE('',*,*,#2365,.F.);
#3235=ORIENTED_EDGE('',*,*,#2368,.T.);
#3236=ORIENTED_EDGE('',*,*,#2369,.T.);
#3237=ORIENTED_EDGE('',*,*,#2333,.T.);
#3238=ORIENTED_EDGE('',*,*,#2367,.F.);
#3239=ORIENTED_EDGE('',*,*,#2370,.T.);
#3240=ORIENTED_EDGE('',*,*,#2271,.T.);
#3241=ORIENTED_EDGE('',*,*,#2369,.F.);
#3242=ORIENTED_EDGE('',*,*,#2371,.T.);
#3243=ORIENTED_EDGE('',*,*,#2352,.T.);
#3244=ORIENTED_EDGE('',*,*,#2272,.F.);
#3245=ORIENTED_EDGE('',*,*,#2351,.F.);
#3246=ORIENTED_EDGE('',*,*,#2372,.T.);
#3247=ORIENTED_EDGE('',*,*,#2264,.F.);
#3248=ORIENTED_EDGE('',*,*,#2349,.F.);
#3249=ORIENTED_EDGE('',*,*,#2371,.F.);
#3250=ORIENTED_EDGE('',*,*,#2370,.F.);
#3251=ORIENTED_EDGE('',*,*,#2368,.F.);
#3252=ORIENTED_EDGE('',*,*,#2366,.F.);
#3253=ORIENTED_EDGE('',*,*,#2364,.F.);
#3254=ORIENTED_EDGE('',*,*,#2362,.F.);
#3255=ORIENTED_EDGE('',*,*,#2359,.F.);
#3256=ORIENTED_EDGE('',*,*,#2357,.F.);
#3257=ORIENTED_EDGE('',*,*,#2355,.F.);
#3258=ORIENTED_EDGE('',*,*,#2372,.F.);
#3259=ORIENTED_EDGE('',*,*,#2354,.F.);
#3260=ORIENTED_EDGE('',*,*,#2373,.T.);
#3261=ORIENTED_EDGE('',*,*,#2265,.F.);
#3262=ORIENTED_EDGE('',*,*,#2373,.F.);
#3263=ORIENTED_EDGE('',*,*,#2356,.F.);
#3264=ORIENTED_EDGE('',*,*,#2344,.F.);
#3265=ORIENTED_EDGE('',*,*,#2260,.F.);
#3266=ORIENTED_EDGE('',*,*,#2374,.T.);
#3267=ORIENTED_EDGE('',*,*,#2139,.T.);
#3268=ORIENTED_EDGE('',*,*,#2375,.F.);
#3269=ORIENTED_EDGE('',*,*,#2376,.F.);
#3270=ORIENTED_EDGE('',*,*,#2377,.F.);
#3271=ORIENTED_EDGE('',*,*,#2145,.F.);
#3272=ORIENTED_EDGE('',*,*,#2378,.T.);
#3273=ORIENTED_EDGE('',*,*,#2379,.T.);
#3274=ORIENTED_EDGE('',*,*,#2380,.F.);
#3275=ORIENTED_EDGE('',*,*,#2381,.F.);
#3276=ORIENTED_EDGE('',*,*,#2382,.F.);
#3277=ORIENTED_EDGE('',*,*,#2383,.F.);
#3278=ORIENTED_EDGE('',*,*,#2384,.F.);
#3279=ORIENTED_EDGE('',*,*,#2385,.F.);
#3280=ORIENTED_EDGE('',*,*,#2386,.T.);
#3281=ORIENTED_EDGE('',*,*,#2144,.F.);
#3282=ORIENTED_EDGE('',*,*,#2387,.T.);
#3283=ORIENTED_EDGE('',*,*,#2388,.F.);
#3284=ORIENTED_EDGE('',*,*,#2380,.T.);
#3285=ORIENTED_EDGE('',*,*,#2143,.F.);
#3286=ORIENTED_EDGE('',*,*,#2389,.F.);
#3287=ORIENTED_EDGE('',*,*,#2390,.F.);
#3288=ORIENTED_EDGE('',*,*,#2387,.F.);
#3289=ORIENTED_EDGE('',*,*,#2142,.F.);
#3290=ORIENTED_EDGE('',*,*,#2391,.T.);
#3291=ORIENTED_EDGE('',*,*,#2392,.F.);
#3292=ORIENTED_EDGE('',*,*,#2389,.T.);
#3293=ORIENTED_EDGE('',*,*,#2141,.F.);
#3294=ORIENTED_EDGE('',*,*,#2393,.T.);
#3295=ORIENTED_EDGE('',*,*,#2394,.T.);
#3296=ORIENTED_EDGE('',*,*,#2395,.T.);
#3297=ORIENTED_EDGE('',*,*,#2382,.T.);
#3298=ORIENTED_EDGE('',*,*,#2396,.T.);
#3299=ORIENTED_EDGE('',*,*,#2397,.T.);
#3300=ORIENTED_EDGE('',*,*,#2398,.T.);
#3301=ORIENTED_EDGE('',*,*,#2399,.T.);
#3302=ORIENTED_EDGE('',*,*,#2400,.T.);
#3303=ORIENTED_EDGE('',*,*,#2401,.T.);
#3304=ORIENTED_EDGE('',*,*,#2398,.F.);
#3305=ORIENTED_EDGE('',*,*,#2402,.T.);
#3306=ORIENTED_EDGE('',*,*,#2403,.T.);
#3307=ORIENTED_EDGE('',*,*,#2404,.T.);
#3308=ORIENTED_EDGE('',*,*,#2400,.F.);
#3309=ORIENTED_EDGE('',*,*,#2405,.T.);
#3310=ORIENTED_EDGE('',*,*,#2406,.T.);
#3311=ORIENTED_EDGE('',*,*,#2407,.T.);
#3312=ORIENTED_EDGE('',*,*,#2403,.F.);
#3313=ORIENTED_EDGE('',*,*,#2408,.T.);
#3314=ORIENTED_EDGE('',*,*,#2406,.F.);
#3315=ORIENTED_EDGE('',*,*,#2409,.T.);
#3316=ORIENTED_EDGE('',*,*,#2410,.T.);
#3317=ORIENTED_EDGE('',*,*,#2411,.T.);
#3318=ORIENTED_EDGE('',*,*,#2410,.F.);
#3319=ORIENTED_EDGE('',*,*,#2412,.T.);
#3320=ORIENTED_EDGE('',*,*,#2413,.T.);
#3321=ORIENTED_EDGE('',*,*,#2414,.T.);
#3322=ORIENTED_EDGE('',*,*,#2415,.T.);
#3323=ORIENTED_EDGE('',*,*,#2416,.T.);
#3324=ORIENTED_EDGE('',*,*,#2417,.T.);
#3325=ORIENTED_EDGE('',*,*,#2418,.T.);
#3326=ORIENTED_EDGE('',*,*,#2419,.T.);
#3327=ORIENTED_EDGE('',*,*,#2420,.T.);
#3328=ORIENTED_EDGE('',*,*,#2415,.F.);
#3329=ORIENTED_EDGE('',*,*,#2421,.T.);
#3330=ORIENTED_EDGE('',*,*,#2422,.T.);
#3331=ORIENTED_EDGE('',*,*,#2423,.T.);
#3332=ORIENTED_EDGE('',*,*,#2419,.F.);
#3333=ORIENTED_EDGE('',*,*,#2424,.T.);
#3334=ORIENTED_EDGE('',*,*,#2422,.F.);
#3335=ORIENTED_EDGE('',*,*,#2425,.T.);
#3336=ORIENTED_EDGE('',*,*,#2413,.F.);
#3337=ORIENTED_EDGE('',*,*,#2426,.T.);
#3338=ORIENTED_EDGE('',*,*,#2427,.T.);
#3339=ORIENTED_EDGE('',*,*,#2428,.T.);
#3340=ORIENTED_EDGE('',*,*,#2417,.F.);
#3341=ORIENTED_EDGE('',*,*,#2429,.T.);
#3342=ORIENTED_EDGE('',*,*,#2430,.T.);
#3343=ORIENTED_EDGE('',*,*,#2431,.T.);
#3344=ORIENTED_EDGE('',*,*,#2432,.T.);
#3345=ORIENTED_EDGE('',*,*,#2433,.T.);
#3346=ORIENTED_EDGE('',*,*,#2434,.T.);
#3347=ORIENTED_EDGE('',*,*,#2435,.T.);
#3348=ORIENTED_EDGE('',*,*,#2432,.F.);
#3349=ORIENTED_EDGE('',*,*,#2436,.T.);
#3350=ORIENTED_EDGE('',*,*,#2434,.F.);
#3351=ORIENTED_EDGE('',*,*,#2437,.T.);
#3352=ORIENTED_EDGE('',*,*,#2396,.F.);
#3353=ORIENTED_EDGE('',*,*,#2438,.T.);
#3354=ORIENTED_EDGE('',*,*,#2439,.T.);
#3355=ORIENTED_EDGE('',*,*,#2440,.T.);
#3356=ORIENTED_EDGE('',*,*,#2427,.F.);
#3357=ORIENTED_EDGE('',*,*,#2441,.T.);
#3358=ORIENTED_EDGE('',*,*,#2439,.F.);
#3359=ORIENTED_EDGE('',*,*,#2383,.T.);
#3360=ORIENTED_EDGE('',*,*,#2395,.F.);
#3361=ORIENTED_EDGE('',*,*,#2442,.T.);
#3362=ORIENTED_EDGE('',*,*,#2393,.F.);
#3363=ORIENTED_EDGE('',*,*,#2381,.T.);
#3364=ORIENTED_EDGE('',*,*,#2443,.T.);
#3365=ORIENTED_EDGE('',*,*,#2430,.F.);
#3366=ORIENTED_EDGE('',*,*,#2444,.T.);
#3367=ORIENTED_EDGE('',*,*,#2445,.T.);
#3368=ORIENTED_EDGE('',*,*,#2441,.F.);
#3369=ORIENTED_EDGE('',*,*,#2429,.F.);
#3370=ORIENTED_EDGE('',*,*,#2446,.T.);
#3371=ORIENTED_EDGE('',*,*,#2447,.F.);
#3372=ORIENTED_EDGE('',*,*,#2384,.T.);
#3373=ORIENTED_EDGE('',*,*,#2416,.F.);
#3374=ORIENTED_EDGE('',*,*,#2420,.F.);
#3375=ORIENTED_EDGE('',*,*,#2423,.F.);
#3376=ORIENTED_EDGE('',*,*,#2426,.F.);
#3377=ORIENTED_EDGE('',*,*,#2448,.F.);
#3378=ORIENTED_EDGE('',*,*,#2449,.F.);
#3379=ORIENTED_EDGE('',*,*,#2446,.F.);
#3380=ORIENTED_EDGE('',*,*,#2412,.F.);
#3381=ORIENTED_EDGE('',*,*,#2450,.T.);
#3382=ORIENTED_EDGE('',*,*,#2451,.F.);
#3383=ORIENTED_EDGE('',*,*,#2448,.T.);
#3384=ORIENTED_EDGE('',*,*,#2409,.F.);
#3385=ORIENTED_EDGE('',*,*,#2408,.F.);
#3386=ORIENTED_EDGE('',*,*,#2405,.F.);
#3387=ORIENTED_EDGE('',*,*,#2402,.F.);
#3388=ORIENTED_EDGE('',*,*,#2452,.F.);
#3389=ORIENTED_EDGE('',*,*,#2453,.F.);
#3390=ORIENTED_EDGE('',*,*,#2450,.F.);
#3391=ORIENTED_EDGE('',*,*,#2401,.F.);
#3392=ORIENTED_EDGE('',*,*,#2454,.F.);
#3393=ORIENTED_EDGE('',*,*,#2399,.F.);
#3394=ORIENTED_EDGE('',*,*,#2425,.F.);
#3395=ORIENTED_EDGE('',*,*,#2455,.F.);
#3396=ORIENTED_EDGE('',*,*,#2411,.F.);
#3397=ORIENTED_EDGE('',*,*,#2414,.F.);
#3398=ORIENTED_EDGE('',*,*,#2397,.F.);
#3399=ORIENTED_EDGE('',*,*,#2437,.F.);
#3400=ORIENTED_EDGE('',*,*,#2456,.T.);
#3401=ORIENTED_EDGE('',*,*,#2457,.F.);
#3402=ORIENTED_EDGE('',*,*,#2452,.T.);
#3403=ORIENTED_EDGE('',*,*,#2458,.T.);
#3404=ORIENTED_EDGE('',*,*,#2459,.F.);
#3405=ORIENTED_EDGE('',*,*,#2456,.F.);
#3406=ORIENTED_EDGE('',*,*,#2436,.F.);
#3407=ORIENTED_EDGE('',*,*,#2431,.F.);
#3408=ORIENTED_EDGE('',*,*,#2445,.F.);
#3409=ORIENTED_EDGE('',*,*,#2391,.F.);
#3410=ORIENTED_EDGE('',*,*,#2140,.F.);
#3411=ORIENTED_EDGE('',*,*,#2404,.F.);
#3412=ORIENTED_EDGE('',*,*,#2460,.T.);
#3413=ORIENTED_EDGE('',*,*,#2392,.T.);
#3414=ORIENTED_EDGE('',*,*,#2444,.F.);
#3415=ORIENTED_EDGE('',*,*,#2433,.F.);
#3416=ORIENTED_EDGE('',*,*,#2435,.F.);
#3417=ORIENTED_EDGE('',*,*,#2438,.F.);
#3418=ORIENTED_EDGE('',*,*,#2454,.T.);
#3419=ORIENTED_EDGE('',*,*,#2424,.F.);
#3420=ORIENTED_EDGE('',*,*,#2461,.T.);
#3421=ORIENTED_EDGE('',*,*,#2390,.T.);
#3422=ORIENTED_EDGE('',*,*,#2460,.F.);
#3423=ORIENTED_EDGE('',*,*,#2407,.F.);
#3424=ORIENTED_EDGE('',*,*,#2455,.T.);
#3425=ORIENTED_EDGE('',*,*,#2443,.F.);
#3426=ORIENTED_EDGE('',*,*,#2388,.T.);
#3427=ORIENTED_EDGE('',*,*,#2461,.F.);
#3428=ORIENTED_EDGE('',*,*,#2421,.F.);
#3429=ORIENTED_EDGE('',*,*,#2462,.T.);
#3430=ORIENTED_EDGE('',*,*,#2440,.F.);
#3431=ORIENTED_EDGE('',*,*,#2442,.F.);
#3432=ORIENTED_EDGE('',*,*,#2394,.F.);
#3433=ORIENTED_EDGE('',*,*,#2428,.F.);
#3434=ORIENTED_EDGE('',*,*,#2462,.F.);
#3435=ORIENTED_EDGE('',*,*,#2418,.F.);
#3436=ORIENTED_EDGE('',*,*,#2463,.T.);
#3437=ORIENTED_EDGE('',*,*,#2464,.T.);
#3438=ORIENTED_EDGE('',*,*,#2465,.T.);
#3439=ORIENTED_EDGE('',*,*,#2466,.F.);
#3440=ORIENTED_EDGE('',*,*,#2467,.T.);
#3441=ORIENTED_EDGE('',*,*,#2468,.T.);
#3442=ORIENTED_EDGE('',*,*,#2464,.F.);
#3443=ORIENTED_EDGE('',*,*,#2469,.T.);
#3444=ORIENTED_EDGE('',*,*,#2470,.T.);
#3445=ORIENTED_EDGE('',*,*,#2467,.F.);
#3446=ORIENTED_EDGE('',*,*,#2471,.T.);
#3447=ORIENTED_EDGE('',*,*,#2472,.T.);
#3448=ORIENTED_EDGE('',*,*,#2473,.T.);
#3449=ORIENTED_EDGE('',*,*,#2474,.T.);
#3450=ORIENTED_EDGE('',*,*,#2459,.T.);
#3451=ORIENTED_EDGE('',*,*,#2472,.F.);
#3452=ORIENTED_EDGE('',*,*,#2475,.T.);
#3453=ORIENTED_EDGE('',*,*,#2457,.T.);
#3454=ORIENTED_EDGE('',*,*,#2474,.F.);
#3455=ORIENTED_EDGE('',*,*,#2476,.T.);
#3456=ORIENTED_EDGE('',*,*,#2477,.T.);
#3457=ORIENTED_EDGE('',*,*,#2453,.T.);
#3458=ORIENTED_EDGE('',*,*,#2475,.F.);
#3459=ORIENTED_EDGE('',*,*,#2478,.T.);
#3460=ORIENTED_EDGE('',*,*,#2479,.T.);
#3461=ORIENTED_EDGE('',*,*,#2451,.T.);
#3462=ORIENTED_EDGE('',*,*,#2477,.F.);
#3463=ORIENTED_EDGE('',*,*,#2480,.T.);
#3464=ORIENTED_EDGE('',*,*,#2481,.T.);
#3465=ORIENTED_EDGE('',*,*,#2449,.T.);
#3466=ORIENTED_EDGE('',*,*,#2479,.F.);
#3467=ORIENTED_EDGE('',*,*,#2482,.T.);
#3468=ORIENTED_EDGE('',*,*,#2483,.T.);
#3469=ORIENTED_EDGE('',*,*,#2447,.T.);
#3470=ORIENTED_EDGE('',*,*,#2481,.F.);
#3471=ORIENTED_EDGE('',*,*,#2484,.T.);
#3472=ORIENTED_EDGE('',*,*,#2385,.T.);
#3473=ORIENTED_EDGE('',*,*,#2483,.F.);
#3474=ORIENTED_EDGE('',*,*,#2485,.T.);
#3475=ORIENTED_EDGE('',*,*,#2466,.T.);
#3476=ORIENTED_EDGE('',*,*,#2386,.F.);
#3477=ORIENTED_EDGE('',*,*,#2465,.F.);
#3478=ORIENTED_EDGE('',*,*,#2486,.T.);
#3479=ORIENTED_EDGE('',*,*,#2378,.F.);
#3480=ORIENTED_EDGE('',*,*,#2463,.F.);
#3481=ORIENTED_EDGE('',*,*,#2485,.F.);
#3482=ORIENTED_EDGE('',*,*,#2484,.F.);
#3483=ORIENTED_EDGE('',*,*,#2482,.F.);
#3484=ORIENTED_EDGE('',*,*,#2480,.F.);
#3485=ORIENTED_EDGE('',*,*,#2478,.F.);
#3486=ORIENTED_EDGE('',*,*,#2476,.F.);
#3487=ORIENTED_EDGE('',*,*,#2473,.F.);
#3488=ORIENTED_EDGE('',*,*,#2471,.F.);
#3489=ORIENTED_EDGE('',*,*,#2469,.F.);
#3490=ORIENTED_EDGE('',*,*,#2486,.F.);
#3491=ORIENTED_EDGE('',*,*,#2468,.F.);
#3492=ORIENTED_EDGE('',*,*,#2487,.T.);
#3493=ORIENTED_EDGE('',*,*,#2379,.F.);
#3494=ORIENTED_EDGE('',*,*,#2487,.F.);
#3495=ORIENTED_EDGE('',*,*,#2470,.F.);
#3496=ORIENTED_EDGE('',*,*,#2458,.F.);
#3497=ORIENTED_EDGE('',*,*,#2374,.F.);
#3498=ORIENTED_EDGE('',*,*,#2488,.T.);
#3499=ORIENTED_EDGE('',*,*,#2120,.T.);
#3500=ORIENTED_EDGE('',*,*,#2489,.F.);
#3501=ORIENTED_EDGE('',*,*,#2490,.F.);
#3502=ORIENTED_EDGE('',*,*,#2491,.F.);
#3503=ORIENTED_EDGE('',*,*,#2126,.F.);
#3504=ORIENTED_EDGE('',*,*,#2492,.T.);
#3505=ORIENTED_EDGE('',*,*,#2493,.T.);
#3506=ORIENTED_EDGE('',*,*,#2494,.F.);
#3507=ORIENTED_EDGE('',*,*,#2495,.F.);
#3508=ORIENTED_EDGE('',*,*,#2496,.F.);
#3509=ORIENTED_EDGE('',*,*,#2497,.F.);
#3510=ORIENTED_EDGE('',*,*,#2498,.F.);
#3511=ORIENTED_EDGE('',*,*,#2499,.F.);
#3512=ORIENTED_EDGE('',*,*,#2500,.T.);
#3513=ORIENTED_EDGE('',*,*,#2125,.F.);
#3514=ORIENTED_EDGE('',*,*,#2501,.T.);
#3515=ORIENTED_EDGE('',*,*,#2502,.F.);
#3516=ORIENTED_EDGE('',*,*,#2494,.T.);
#3517=ORIENTED_EDGE('',*,*,#2124,.F.);
#3518=ORIENTED_EDGE('',*,*,#2503,.F.);
#3519=ORIENTED_EDGE('',*,*,#2504,.F.);
#3520=ORIENTED_EDGE('',*,*,#2501,.F.);
#3521=ORIENTED_EDGE('',*,*,#2123,.F.);
#3522=ORIENTED_EDGE('',*,*,#2505,.T.);
#3523=ORIENTED_EDGE('',*,*,#2506,.F.);
#3524=ORIENTED_EDGE('',*,*,#2503,.T.);
#3525=ORIENTED_EDGE('',*,*,#2122,.F.);
#3526=ORIENTED_EDGE('',*,*,#2507,.T.);
#3527=ORIENTED_EDGE('',*,*,#2508,.T.);
#3528=ORIENTED_EDGE('',*,*,#2509,.T.);
#3529=ORIENTED_EDGE('',*,*,#2496,.T.);
#3530=ORIENTED_EDGE('',*,*,#2510,.T.);
#3531=ORIENTED_EDGE('',*,*,#2511,.T.);
#3532=ORIENTED_EDGE('',*,*,#2512,.T.);
#3533=ORIENTED_EDGE('',*,*,#2513,.T.);
#3534=ORIENTED_EDGE('',*,*,#2514,.T.);
#3535=ORIENTED_EDGE('',*,*,#2515,.T.);
#3536=ORIENTED_EDGE('',*,*,#2512,.F.);
#3537=ORIENTED_EDGE('',*,*,#2516,.T.);
#3538=ORIENTED_EDGE('',*,*,#2517,.T.);
#3539=ORIENTED_EDGE('',*,*,#2518,.T.);
#3540=ORIENTED_EDGE('',*,*,#2514,.F.);
#3541=ORIENTED_EDGE('',*,*,#2519,.T.);
#3542=ORIENTED_EDGE('',*,*,#2520,.T.);
#3543=ORIENTED_EDGE('',*,*,#2521,.T.);
#3544=ORIENTED_EDGE('',*,*,#2517,.F.);
#3545=ORIENTED_EDGE('',*,*,#2522,.T.);
#3546=ORIENTED_EDGE('',*,*,#2520,.F.);
#3547=ORIENTED_EDGE('',*,*,#2523,.T.);
#3548=ORIENTED_EDGE('',*,*,#2524,.T.);
#3549=ORIENTED_EDGE('',*,*,#2525,.T.);
#3550=ORIENTED_EDGE('',*,*,#2524,.F.);
#3551=ORIENTED_EDGE('',*,*,#2526,.T.);
#3552=ORIENTED_EDGE('',*,*,#2527,.T.);
#3553=ORIENTED_EDGE('',*,*,#2528,.T.);
#3554=ORIENTED_EDGE('',*,*,#2529,.T.);
#3555=ORIENTED_EDGE('',*,*,#2530,.T.);
#3556=ORIENTED_EDGE('',*,*,#2531,.T.);
#3557=ORIENTED_EDGE('',*,*,#2532,.T.);
#3558=ORIENTED_EDGE('',*,*,#2533,.T.);
#3559=ORIENTED_EDGE('',*,*,#2534,.T.);
#3560=ORIENTED_EDGE('',*,*,#2529,.F.);
#3561=ORIENTED_EDGE('',*,*,#2535,.T.);
#3562=ORIENTED_EDGE('',*,*,#2536,.T.);
#3563=ORIENTED_EDGE('',*,*,#2537,.T.);
#3564=ORIENTED_EDGE('',*,*,#2533,.F.);
#3565=ORIENTED_EDGE('',*,*,#2538,.T.);
#3566=ORIENTED_EDGE('',*,*,#2536,.F.);
#3567=ORIENTED_EDGE('',*,*,#2539,.T.);
#3568=ORIENTED_EDGE('',*,*,#2527,.F.);
#3569=ORIENTED_EDGE('',*,*,#2540,.T.);
#3570=ORIENTED_EDGE('',*,*,#2541,.T.);
#3571=ORIENTED_EDGE('',*,*,#2542,.T.);
#3572=ORIENTED_EDGE('',*,*,#2531,.F.);
#3573=ORIENTED_EDGE('',*,*,#2543,.T.);
#3574=ORIENTED_EDGE('',*,*,#2544,.T.);
#3575=ORIENTED_EDGE('',*,*,#2545,.T.);
#3576=ORIENTED_EDGE('',*,*,#2546,.T.);
#3577=ORIENTED_EDGE('',*,*,#2547,.T.);
#3578=ORIENTED_EDGE('',*,*,#2548,.T.);
#3579=ORIENTED_EDGE('',*,*,#2549,.T.);
#3580=ORIENTED_EDGE('',*,*,#2546,.F.);
#3581=ORIENTED_EDGE('',*,*,#2550,.T.);
#3582=ORIENTED_EDGE('',*,*,#2548,.F.);
#3583=ORIENTED_EDGE('',*,*,#2551,.T.);
#3584=ORIENTED_EDGE('',*,*,#2510,.F.);
#3585=ORIENTED_EDGE('',*,*,#2552,.T.);
#3586=ORIENTED_EDGE('',*,*,#2553,.T.);
#3587=ORIENTED_EDGE('',*,*,#2554,.T.);
#3588=ORIENTED_EDGE('',*,*,#2541,.F.);
#3589=ORIENTED_EDGE('',*,*,#2555,.T.);
#3590=ORIENTED_EDGE('',*,*,#2553,.F.);
#3591=ORIENTED_EDGE('',*,*,#2497,.T.);
#3592=ORIENTED_EDGE('',*,*,#2509,.F.);
#3593=ORIENTED_EDGE('',*,*,#2556,.T.);
#3594=ORIENTED_EDGE('',*,*,#2507,.F.);
#3595=ORIENTED_EDGE('',*,*,#2495,.T.);
#3596=ORIENTED_EDGE('',*,*,#2557,.T.);
#3597=ORIENTED_EDGE('',*,*,#2544,.F.);
#3598=ORIENTED_EDGE('',*,*,#2558,.T.);
#3599=ORIENTED_EDGE('',*,*,#2559,.T.);
#3600=ORIENTED_EDGE('',*,*,#2555,.F.);
#3601=ORIENTED_EDGE('',*,*,#2543,.F.);
#3602=ORIENTED_EDGE('',*,*,#2560,.T.);
#3603=ORIENTED_EDGE('',*,*,#2561,.F.);
#3604=ORIENTED_EDGE('',*,*,#2498,.T.);
#3605=ORIENTED_EDGE('',*,*,#2530,.F.);
#3606=ORIENTED_EDGE('',*,*,#2534,.F.);
#3607=ORIENTED_EDGE('',*,*,#2537,.F.);
#3608=ORIENTED_EDGE('',*,*,#2540,.F.);
#3609=ORIENTED_EDGE('',*,*,#2562,.F.);
#3610=ORIENTED_EDGE('',*,*,#2563,.F.);
#3611=ORIENTED_EDGE('',*,*,#2560,.F.);
#3612=ORIENTED_EDGE('',*,*,#2526,.F.);
#3613=ORIENTED_EDGE('',*,*,#2564,.T.);
#3614=ORIENTED_EDGE('',*,*,#2565,.F.);
#3615=ORIENTED_EDGE('',*,*,#2562,.T.);
#3616=ORIENTED_EDGE('',*,*,#2523,.F.);
#3617=ORIENTED_EDGE('',*,*,#2522,.F.);
#3618=ORIENTED_EDGE('',*,*,#2519,.F.);
#3619=ORIENTED_EDGE('',*,*,#2516,.F.);
#3620=ORIENTED_EDGE('',*,*,#2566,.F.);
#3621=ORIENTED_EDGE('',*,*,#2567,.F.);
#3622=ORIENTED_EDGE('',*,*,#2564,.F.);
#3623=ORIENTED_EDGE('',*,*,#2515,.F.);
#3624=ORIENTED_EDGE('',*,*,#2568,.F.);
#3625=ORIENTED_EDGE('',*,*,#2513,.F.);
#3626=ORIENTED_EDGE('',*,*,#2539,.F.);
#3627=ORIENTED_EDGE('',*,*,#2569,.F.);
#3628=ORIENTED_EDGE('',*,*,#2525,.F.);
#3629=ORIENTED_EDGE('',*,*,#2528,.F.);
#3630=ORIENTED_EDGE('',*,*,#2511,.F.);
#3631=ORIENTED_EDGE('',*,*,#2551,.F.);
#3632=ORIENTED_EDGE('',*,*,#2570,.T.);
#3633=ORIENTED_EDGE('',*,*,#2571,.F.);
#3634=ORIENTED_EDGE('',*,*,#2566,.T.);
#3635=ORIENTED_EDGE('',*,*,#2572,.T.);
#3636=ORIENTED_EDGE('',*,*,#2573,.F.);
#3637=ORIENTED_EDGE('',*,*,#2570,.F.);
#3638=ORIENTED_EDGE('',*,*,#2550,.F.);
#3639=ORIENTED_EDGE('',*,*,#2545,.F.);
#3640=ORIENTED_EDGE('',*,*,#2559,.F.);
#3641=ORIENTED_EDGE('',*,*,#2505,.F.);
#3642=ORIENTED_EDGE('',*,*,#2121,.F.);
#3643=ORIENTED_EDGE('',*,*,#2518,.F.);
#3644=ORIENTED_EDGE('',*,*,#2574,.T.);
#3645=ORIENTED_EDGE('',*,*,#2506,.T.);
#3646=ORIENTED_EDGE('',*,*,#2558,.F.);
#3647=ORIENTED_EDGE('',*,*,#2547,.F.);
#3648=ORIENTED_EDGE('',*,*,#2549,.F.);
#3649=ORIENTED_EDGE('',*,*,#2552,.F.);
#3650=ORIENTED_EDGE('',*,*,#2568,.T.);
#3651=ORIENTED_EDGE('',*,*,#2538,.F.);
#3652=ORIENTED_EDGE('',*,*,#2575,.T.);
#3653=ORIENTED_EDGE('',*,*,#2504,.T.);
#3654=ORIENTED_EDGE('',*,*,#2574,.F.);
#3655=ORIENTED_EDGE('',*,*,#2521,.F.);
#3656=ORIENTED_EDGE('',*,*,#2569,.T.);
#3657=ORIENTED_EDGE('',*,*,#2557,.F.);
#3658=ORIENTED_EDGE('',*,*,#2502,.T.);
#3659=ORIENTED_EDGE('',*,*,#2575,.F.);
#3660=ORIENTED_EDGE('',*,*,#2535,.F.);
#3661=ORIENTED_EDGE('',*,*,#2576,.T.);
#3662=ORIENTED_EDGE('',*,*,#2554,.F.);
#3663=ORIENTED_EDGE('',*,*,#2556,.F.);
#3664=ORIENTED_EDGE('',*,*,#2508,.F.);
#3665=ORIENTED_EDGE('',*,*,#2542,.F.);
#3666=ORIENTED_EDGE('',*,*,#2576,.F.);
#3667=ORIENTED_EDGE('',*,*,#2532,.F.);
#3668=ORIENTED_EDGE('',*,*,#2577,.T.);
#3669=ORIENTED_EDGE('',*,*,#2578,.T.);
#3670=ORIENTED_EDGE('',*,*,#2579,.T.);
#3671=ORIENTED_EDGE('',*,*,#2580,.F.);
#3672=ORIENTED_EDGE('',*,*,#2581,.T.);
#3673=ORIENTED_EDGE('',*,*,#2582,.T.);
#3674=ORIENTED_EDGE('',*,*,#2578,.F.);
#3675=ORIENTED_EDGE('',*,*,#2583,.T.);
#3676=ORIENTED_EDGE('',*,*,#2584,.T.);
#3677=ORIENTED_EDGE('',*,*,#2581,.F.);
#3678=ORIENTED_EDGE('',*,*,#2585,.T.);
#3679=ORIENTED_EDGE('',*,*,#2586,.T.);
#3680=ORIENTED_EDGE('',*,*,#2587,.T.);
#3681=ORIENTED_EDGE('',*,*,#2588,.T.);
#3682=ORIENTED_EDGE('',*,*,#2573,.T.);
#3683=ORIENTED_EDGE('',*,*,#2586,.F.);
#3684=ORIENTED_EDGE('',*,*,#2589,.T.);
#3685=ORIENTED_EDGE('',*,*,#2571,.T.);
#3686=ORIENTED_EDGE('',*,*,#2588,.F.);
#3687=ORIENTED_EDGE('',*,*,#2590,.T.);
#3688=ORIENTED_EDGE('',*,*,#2591,.T.);
#3689=ORIENTED_EDGE('',*,*,#2567,.T.);
#3690=ORIENTED_EDGE('',*,*,#2589,.F.);
#3691=ORIENTED_EDGE('',*,*,#2592,.T.);
#3692=ORIENTED_EDGE('',*,*,#2593,.T.);
#3693=ORIENTED_EDGE('',*,*,#2565,.T.);
#3694=ORIENTED_EDGE('',*,*,#2591,.F.);
#3695=ORIENTED_EDGE('',*,*,#2594,.T.);
#3696=ORIENTED_EDGE('',*,*,#2595,.T.);
#3697=ORIENTED_EDGE('',*,*,#2563,.T.);
#3698=ORIENTED_EDGE('',*,*,#2593,.F.);
#3699=ORIENTED_EDGE('',*,*,#2596,.T.);
#3700=ORIENTED_EDGE('',*,*,#2597,.T.);
#3701=ORIENTED_EDGE('',*,*,#2561,.T.);
#3702=ORIENTED_EDGE('',*,*,#2595,.F.);
#3703=ORIENTED_EDGE('',*,*,#2598,.T.);
#3704=ORIENTED_EDGE('',*,*,#2499,.T.);
#3705=ORIENTED_EDGE('',*,*,#2597,.F.);
#3706=ORIENTED_EDGE('',*,*,#2599,.T.);
#3707=ORIENTED_EDGE('',*,*,#2580,.T.);
#3708=ORIENTED_EDGE('',*,*,#2500,.F.);
#3709=ORIENTED_EDGE('',*,*,#2579,.F.);
#3710=ORIENTED_EDGE('',*,*,#2600,.T.);
#3711=ORIENTED_EDGE('',*,*,#2492,.F.);
#3712=ORIENTED_EDGE('',*,*,#2577,.F.);
#3713=ORIENTED_EDGE('',*,*,#2599,.F.);
#3714=ORIENTED_EDGE('',*,*,#2598,.F.);
#3715=ORIENTED_EDGE('',*,*,#2596,.F.);
#3716=ORIENTED_EDGE('',*,*,#2594,.F.);
#3717=ORIENTED_EDGE('',*,*,#2592,.F.);
#3718=ORIENTED_EDGE('',*,*,#2590,.F.);
#3719=ORIENTED_EDGE('',*,*,#2587,.F.);
#3720=ORIENTED_EDGE('',*,*,#2585,.F.);
#3721=ORIENTED_EDGE('',*,*,#2583,.F.);
#3722=ORIENTED_EDGE('',*,*,#2600,.F.);
#3723=ORIENTED_EDGE('',*,*,#2582,.F.);
#3724=ORIENTED_EDGE('',*,*,#2601,.T.);
#3725=ORIENTED_EDGE('',*,*,#2493,.F.);
#3726=ORIENTED_EDGE('',*,*,#2601,.F.);
#3727=ORIENTED_EDGE('',*,*,#2584,.F.);
#3728=ORIENTED_EDGE('',*,*,#2572,.F.);
#3729=ORIENTED_EDGE('',*,*,#2488,.F.);
#3730=ORIENTED_EDGE('',*,*,#2602,.T.);
#3731=ORIENTED_EDGE('',*,*,#2603,.F.);
#3732=ORIENTED_EDGE('',*,*,#2604,.F.);
#3733=ORIENTED_EDGE('',*,*,#2605,.F.);
#3734=ORIENTED_EDGE('',*,*,#2127,.F.);
#3735=ORIENTED_EDGE('',*,*,#2137,.F.);
#3736=ORIENTED_EDGE('',*,*,#2606,.T.);
#3737=ORIENTED_EDGE('',*,*,#2607,.F.);
#3738=ORIENTED_EDGE('',*,*,#2608,.F.);
#3739=ORIENTED_EDGE('',*,*,#2609,.F.);
#3740=ORIENTED_EDGE('',*,*,#2138,.F.);
#3741=ORIENTED_EDGE('',*,*,#2129,.T.);
#3742=ORIENTED_EDGE('',*,*,#2375,.T.);
#3743=ORIENTED_EDGE('',*,*,#2609,.T.);
#3744=ORIENTED_EDGE('',*,*,#2610,.F.);
#3745=ORIENTED_EDGE('',*,*,#2611,.F.);
#3746=ORIENTED_EDGE('',*,*,#2376,.T.);
#3747=ORIENTED_EDGE('',*,*,#2611,.T.);
#3748=ORIENTED_EDGE('',*,*,#2612,.F.);
#3749=ORIENTED_EDGE('',*,*,#2613,.F.);
#3750=ORIENTED_EDGE('',*,*,#2377,.T.);
#3751=ORIENTED_EDGE('',*,*,#2613,.T.);
#3752=ORIENTED_EDGE('',*,*,#2614,.F.);
#3753=ORIENTED_EDGE('',*,*,#2602,.F.);
#3754=ORIENTED_EDGE('',*,*,#2607,.T.);
#3755=ORIENTED_EDGE('',*,*,#2615,.F.);
#3756=ORIENTED_EDGE('',*,*,#2616,.T.);
#3757=ORIENTED_EDGE('',*,*,#2617,.T.);
#3758=ORIENTED_EDGE('',*,*,#2604,.T.);
#3759=ORIENTED_EDGE('',*,*,#2618,.T.);
#3760=ORIENTED_EDGE('',*,*,#2619,.T.);
#3761=ORIENTED_EDGE('',*,*,#2620,.F.);
#3762=ORIENTED_EDGE('',*,*,#2621,.T.);
#3763=ORIENTED_EDGE('',*,*,#2622,.F.);
#3764=ORIENTED_EDGE('',*,*,#2623,.F.);
#3765=ORIENTED_EDGE('',*,*,#2624,.F.);
#3766=ORIENTED_EDGE('',*,*,#2070,.F.);
#3767=ORIENTED_EDGE('',*,*,#2080,.F.);
#3768=ORIENTED_EDGE('',*,*,#2625,.T.);
#3769=ORIENTED_EDGE('',*,*,#2619,.F.);
#3770=ORIENTED_EDGE('',*,*,#2626,.F.);
#3771=ORIENTED_EDGE('',*,*,#2627,.F.);
#3772=ORIENTED_EDGE('',*,*,#2081,.F.);
#3773=ORIENTED_EDGE('',*,*,#2072,.T.);
#3774=ORIENTED_EDGE('',*,*,#2261,.T.);
#3775=ORIENTED_EDGE('',*,*,#2627,.T.);
#3776=ORIENTED_EDGE('',*,*,#2628,.F.);
#3777=ORIENTED_EDGE('',*,*,#2629,.F.);
#3778=ORIENTED_EDGE('',*,*,#2262,.T.);
#3779=ORIENTED_EDGE('',*,*,#2629,.T.);
#3780=ORIENTED_EDGE('',*,*,#2630,.F.);
#3781=ORIENTED_EDGE('',*,*,#2631,.F.);
#3782=ORIENTED_EDGE('',*,*,#2263,.T.);
#3783=ORIENTED_EDGE('',*,*,#2631,.T.);
#3784=ORIENTED_EDGE('',*,*,#2632,.F.);
#3785=ORIENTED_EDGE('',*,*,#2621,.F.);
#3786=ORIENTED_EDGE('',*,*,#2623,.T.);
#3787=ORIENTED_EDGE('',*,*,#2633,.T.);
#3788=ORIENTED_EDGE('',*,*,#2634,.T.);
#3789=ORIENTED_EDGE('',*,*,#2635,.F.);
#3790=ORIENTED_EDGE('',*,*,#2636,.T.);
#3791=ORIENTED_EDGE('',*,*,#2637,.F.);
#3792=ORIENTED_EDGE('',*,*,#2616,.F.);
#3793=ORIENTED_EDGE('',*,*,#2638,.F.);
#3794=ORIENTED_EDGE('',*,*,#2108,.F.);
#3795=ORIENTED_EDGE('',*,*,#2118,.F.);
#3796=ORIENTED_EDGE('',*,*,#2639,.T.);
#3797=ORIENTED_EDGE('',*,*,#2640,.F.);
#3798=ORIENTED_EDGE('',*,*,#2641,.F.);
#3799=ORIENTED_EDGE('',*,*,#2642,.F.);
#3800=ORIENTED_EDGE('',*,*,#2119,.F.);
#3801=ORIENTED_EDGE('',*,*,#2110,.T.);
#3802=ORIENTED_EDGE('',*,*,#2489,.T.);
#3803=ORIENTED_EDGE('',*,*,#2642,.T.);
#3804=ORIENTED_EDGE('',*,*,#2643,.F.);
#3805=ORIENTED_EDGE('',*,*,#2644,.F.);
#3806=ORIENTED_EDGE('',*,*,#2490,.T.);
#3807=ORIENTED_EDGE('',*,*,#2644,.T.);
#3808=ORIENTED_EDGE('',*,*,#2645,.F.);
#3809=ORIENTED_EDGE('',*,*,#2646,.F.);
#3810=ORIENTED_EDGE('',*,*,#2491,.T.);
#3811=ORIENTED_EDGE('',*,*,#2646,.T.);
#3812=ORIENTED_EDGE('',*,*,#2647,.F.);
#3813=ORIENTED_EDGE('',*,*,#2636,.F.);
#3814=ORIENTED_EDGE('',*,*,#2648,.T.);
#3815=ORIENTED_EDGE('',*,*,#2634,.F.);
#3816=ORIENTED_EDGE('',*,*,#2649,.F.);
#3817=ORIENTED_EDGE('',*,*,#2650,.F.);
#3818=ORIENTED_EDGE('',*,*,#2100,.F.);
#3819=ORIENTED_EDGE('',*,*,#2091,.T.);
#3820=ORIENTED_EDGE('',*,*,#2147,.T.);
#3821=ORIENTED_EDGE('',*,*,#2650,.T.);
#3822=ORIENTED_EDGE('',*,*,#2651,.F.);
#3823=ORIENTED_EDGE('',*,*,#2652,.F.);
#3824=ORIENTED_EDGE('',*,*,#2148,.T.);
#3825=ORIENTED_EDGE('',*,*,#2652,.T.);
#3826=ORIENTED_EDGE('',*,*,#2653,.F.);
#3827=ORIENTED_EDGE('',*,*,#2654,.F.);
#3828=ORIENTED_EDGE('',*,*,#2149,.T.);
#3829=ORIENTED_EDGE('',*,*,#2654,.T.);
#3830=ORIENTED_EDGE('',*,*,#2655,.F.);
#3831=ORIENTED_EDGE('',*,*,#2656,.F.);
#3832=ORIENTED_EDGE('',*,*,#2656,.T.);
#3833=ORIENTED_EDGE('',*,*,#2657,.F.);
#3834=ORIENTED_EDGE('',*,*,#2658,.F.);
#3835=ORIENTED_EDGE('',*,*,#2659,.F.);
#3836=ORIENTED_EDGE('',*,*,#2089,.F.);
#3837=ORIENTED_EDGE('',*,*,#2099,.F.);
#3838=ORIENTED_EDGE('',*,*,#2640,.T.);
#3839=ORIENTED_EDGE('',*,*,#2660,.F.);
#3840=ORIENTED_EDGE('',*,*,#2658,.T.);
#3841=ORIENTED_EDGE('',*,*,#2661,.T.);
#3842=ORIENTED_EDGE('',*,*,#2662,.T.);
#3843=ORIENTED_EDGE('',*,*,#2663,.F.);
#3844=ORIENTED_EDGE('',*,*,#2664,.F.);
#3845=ORIENTED_EDGE('',*,*,#2665,.T.);
#3846=ORIENTED_EDGE('',*,*,#2666,.T.);
#3847=ORIENTED_EDGE('',*,*,#2667,.F.);
#3848=ORIENTED_EDGE('',*,*,#2668,.F.);
#3849=ORIENTED_EDGE('',*,*,#2663,.T.);
#3850=ORIENTED_EDGE('',*,*,#2669,.T.);
#3851=ORIENTED_EDGE('',*,*,#2670,.F.);
#3852=ORIENTED_EDGE('',*,*,#2671,.F.);
#3853=ORIENTED_EDGE('',*,*,#2667,.T.);
#3854=ORIENTED_EDGE('',*,*,#2672,.T.);
#3855=ORIENTED_EDGE('',*,*,#2673,.F.);
#3856=ORIENTED_EDGE('',*,*,#2674,.F.);
#3857=ORIENTED_EDGE('',*,*,#2670,.T.);
#3858=ORIENTED_EDGE('',*,*,#2675,.F.);
#3859=ORIENTED_EDGE('',*,*,#2676,.T.);
#3860=ORIENTED_EDGE('',*,*,#2677,.F.);
#3861=ORIENTED_EDGE('',*,*,#2678,.F.);
#3862=ORIENTED_EDGE('',*,*,#2679,.F.);
#3863=ORIENTED_EDGE('',*,*,#2680,.T.);
#3864=ORIENTED_EDGE('',*,*,#2681,.F.);
#3865=ORIENTED_EDGE('',*,*,#2676,.F.);
#3866=ORIENTED_EDGE('',*,*,#2682,.F.);
#3867=ORIENTED_EDGE('',*,*,#2678,.T.);
#3868=ORIENTED_EDGE('',*,*,#2683,.F.);
#3869=ORIENTED_EDGE('',*,*,#2684,.F.);
#3870=ORIENTED_EDGE('',*,*,#2685,.F.);
#3871=ORIENTED_EDGE('',*,*,#2684,.T.);
#3872=ORIENTED_EDGE('',*,*,#2686,.F.);
#3873=ORIENTED_EDGE('',*,*,#2680,.F.);
#3874=ORIENTED_EDGE('',*,*,#2687,.T.);
#3875=ORIENTED_EDGE('',*,*,#2688,.T.);
#3876=ORIENTED_EDGE('',*,*,#2689,.T.);
#3877=ORIENTED_EDGE('',*,*,#2664,.T.);
#3878=ORIENTED_EDGE('',*,*,#2668,.T.);
#3879=ORIENTED_EDGE('',*,*,#2671,.T.);
#3880=ORIENTED_EDGE('',*,*,#2674,.T.);
#3881=ORIENTED_EDGE('',*,*,#2690,.T.);
#3882=ORIENTED_EDGE('',*,*,#2683,.T.);
#3883=ORIENTED_EDGE('',*,*,#2677,.T.);
#3884=ORIENTED_EDGE('',*,*,#2681,.T.);
#3885=ORIENTED_EDGE('',*,*,#2686,.T.);
#3886=ORIENTED_EDGE('',*,*,#2691,.F.);
#3887=ORIENTED_EDGE('',*,*,#2692,.F.);
#3888=ORIENTED_EDGE('',*,*,#2672,.F.);
#3889=ORIENTED_EDGE('',*,*,#2669,.F.);
#3890=ORIENTED_EDGE('',*,*,#2666,.F.);
#3891=ORIENTED_EDGE('',*,*,#2662,.F.);
#3892=ORIENTED_EDGE('',*,*,#2693,.F.);
#3893=ORIENTED_EDGE('',*,*,#2694,.F.);
#3894=ORIENTED_EDGE('',*,*,#2071,.F.);
#3895=ORIENTED_EDGE('',*,*,#2624,.T.);
#3896=ORIENTED_EDGE('',*,*,#2635,.T.);
#3897=ORIENTED_EDGE('',*,*,#2648,.F.);
#3898=ORIENTED_EDGE('',*,*,#2090,.F.);
#3899=ORIENTED_EDGE('',*,*,#2659,.T.);
#3900=ORIENTED_EDGE('',*,*,#2660,.T.);
#3901=ORIENTED_EDGE('',*,*,#2639,.F.);
#3902=ORIENTED_EDGE('',*,*,#2109,.F.);
#3903=ORIENTED_EDGE('',*,*,#2638,.T.);
#3904=ORIENTED_EDGE('',*,*,#2615,.T.);
#3905=ORIENTED_EDGE('',*,*,#2606,.F.);
#3906=ORIENTED_EDGE('',*,*,#2128,.F.);
#3907=ORIENTED_EDGE('',*,*,#2605,.T.);
#3908=ORIENTED_EDGE('',*,*,#2620,.T.);
#3909=ORIENTED_EDGE('',*,*,#2625,.F.);
#3910=ORIENTED_EDGE('',*,*,#2694,.T.);
#3911=ORIENTED_EDGE('',*,*,#2695,.F.);
#3912=ORIENTED_EDGE('',*,*,#2688,.F.);
#3913=ORIENTED_EDGE('',*,*,#2696,.F.);
#3914=ORIENTED_EDGE('',*,*,#2693,.T.);
#3915=ORIENTED_EDGE('',*,*,#2665,.F.);
#3916=ORIENTED_EDGE('',*,*,#2689,.F.);
#3917=ORIENTED_EDGE('',*,*,#2695,.T.);
#3918=ORIENTED_EDGE('',*,*,#2692,.T.);
#3919=ORIENTED_EDGE('',*,*,#2697,.F.);
#3920=ORIENTED_EDGE('',*,*,#2690,.F.);
#3921=ORIENTED_EDGE('',*,*,#2673,.T.);
#3922=ORIENTED_EDGE('',*,*,#2691,.T.);
#3923=ORIENTED_EDGE('',*,*,#2696,.T.);
#3924=ORIENTED_EDGE('',*,*,#2687,.F.);
#3925=ORIENTED_EDGE('',*,*,#2697,.T.);
#3926=ORIENTED_EDGE('',*,*,#2685,.T.);
#3927=ORIENTED_EDGE('',*,*,#2679,.T.);
#3928=ORIENTED_EDGE('',*,*,#2675,.T.);
#3929=ORIENTED_EDGE('',*,*,#2682,.T.);
#3930=ORIENTED_EDGE('',*,*,#2637,.T.);
#3931=ORIENTED_EDGE('',*,*,#2647,.T.);
#3932=ORIENTED_EDGE('',*,*,#2645,.T.);
#3933=ORIENTED_EDGE('',*,*,#2643,.T.);
#3934=ORIENTED_EDGE('',*,*,#2641,.T.);
#3935=ORIENTED_EDGE('',*,*,#2661,.F.);
#3936=ORIENTED_EDGE('',*,*,#2657,.T.);
#3937=ORIENTED_EDGE('',*,*,#2655,.T.);
#3938=ORIENTED_EDGE('',*,*,#2653,.T.);
#3939=ORIENTED_EDGE('',*,*,#2651,.T.);
#3940=ORIENTED_EDGE('',*,*,#2649,.T.);
#3941=ORIENTED_EDGE('',*,*,#2633,.F.);
#3942=ORIENTED_EDGE('',*,*,#2622,.T.);
#3943=ORIENTED_EDGE('',*,*,#2632,.T.);
#3944=ORIENTED_EDGE('',*,*,#2630,.T.);
#3945=ORIENTED_EDGE('',*,*,#2628,.T.);
#3946=ORIENTED_EDGE('',*,*,#2626,.T.);
#3947=ORIENTED_EDGE('',*,*,#2618,.F.);
#3948=ORIENTED_EDGE('',*,*,#2603,.T.);
#3949=ORIENTED_EDGE('',*,*,#2614,.T.);
#3950=ORIENTED_EDGE('',*,*,#2612,.T.);
#3951=ORIENTED_EDGE('',*,*,#2610,.T.);
#3952=ORIENTED_EDGE('',*,*,#2608,.T.);
#3953=ORIENTED_EDGE('',*,*,#2617,.F.);
#3954=B_SPLINE_SURFACE_WITH_KNOTS('',3,3,((#5555,#5556,#5557,#5558,#5559,
#5560,#5561,#5562,#5563,#5564,#5565,#5566,#5567,#5568,#5569,#5570,#5571,
#5572,#5573,#5574,#5575,#5576,#5577,#5578,#5579,#5580,#5581,#5582,#5583,
#5584,#5585,#5586,#5587,#5588,#5589,#5590,#5591,#5592,#5593,#5594,#5595,
#5596,#5597,#5598,#5599,#5600,#5601,#5602,#5603,#5604,#5605,#5606,#5607,
#5608,#5609,#5610,#5611,#5612,#5613,#5614,#5615,#5616,#5617,#5618,#5619,
#5620,#5621,#5622,#5623,#5624,#5625,#5626,#5627,#5628,#5629,#5630,#5631,
#5632,#5633,#5634,#5635,#5636,#5637,#5638,#5639,#5640,#5641,#5642,#5643,
#5644),(#5645,#5646,#5647,#5648,#5649,#5650,#5651,#5652,#5653,#5654,#5655,
#5656,#5657,#5658,#5659,#5660,#5661,#5662,#5663,#5664,#5665,#5666,#5667,
#5668,#5669,#5670,#5671,#5672,#5673,#5674,#5675,#5676,#5677,#5678,#5679,
#5680,#5681,#5682,#5683,#5684,#5685,#5686,#5687,#5688,#5689,#5690,#5691,
#5692,#5693,#5694,#5695,#5696,#5697,#5698,#5699,#5700,#5701,#5702,#5703,
#5704,#5705,#5706,#5707,#5708,#5709,#5710,#5711,#5712,#5713,#5714,#5715,
#5716,#5717,#5718,#5719,#5720,#5721,#5722,#5723,#5724,#5725,#5726,#5727,
#5728,#5729,#5730,#5731,#5732,#5733,#5734),(#5735,#5736,#5737,#5738,#5739,
#5740,#5741,#5742,#5743,#5744,#5745,#5746,#5747,#5748,#5749,#5750,#5751,
#5752,#5753,#5754,#5755,#5756,#5757,#5758,#5759,#5760,#5761,#5762,#5763,
#5764,#5765,#5766,#5767,#5768,#5769,#5770,#5771,#5772,#5773,#5774,#5775,
#5776,#5777,#5778,#5779,#5780,#5781,#5782,#5783,#5784,#5785,#5786,#5787,
#5788,#5789,#5790,#5791,#5792,#5793,#5794,#5795,#5796,#5797,#5798,#5799,
#5800,#5801,#5802,#5803,#5804,#5805,#5806,#5807,#5808,#5809,#5810,#5811,
#5812,#5813,#5814,#5815,#5816,#5817,#5818,#5819,#5820,#5821,#5822,#5823,
#5824),(#5825,#5826,#5827,#5828,#5829,#5830,#5831,#5832,#5833,#5834,#5835,
#5836,#5837,#5838,#5839,#5840,#5841,#5842,#5843,#5844,#5845,#5846,#5847,
#5848,#5849,#5850,#5851,#5852,#5853,#5854,#5855,#5856,#5857,#5858,#5859,
#5860,#5861,#5862,#5863,#5864,#5865,#5866,#5867,#5868,#5869,#5870,#5871,
#5872,#5873,#5874,#5875,#5876,#5877,#5878,#5879,#5880,#5881,#5882,#5883,
#5884,#5885,#5886,#5887,#5888,#5889,#5890,#5891,#5892,#5893,#5894,#5895,
#5896,#5897,#5898,#5899,#5900,#5901,#5902,#5903,#5904,#5905,#5906,#5907,
#5908,#5909,#5910,#5911,#5912,#5913,#5914),(#5915,#5916,#5917,#5918,#5919,
#5920,#5921,#5922,#5923,#5924,#5925,#5926,#5927,#5928,#5929,#5930,#5931,
#5932,#5933,#5934,#5935,#5936,#5937,#5938,#5939,#5940,#5941,#5942,#5943,
#5944,#5945,#5946,#5947,#5948,#5949,#5950,#5951,#5952,#5953,#5954,#5955,
#5956,#5957,#5958,#5959,#5960,#5961,#5962,#5963,#5964,#5965,#5966,#5967,
#5968,#5969,#5970,#5971,#5972,#5973,#5974,#5975,#5976,#5977,#5978,#5979,
#5980,#5981,#5982,#5983,#5984,#5985,#5986,#5987,#5988,#5989,#5990,#5991,
#5992,#5993,#5994,#5995,#5996,#5997,#5998,#5999,#6000,#6001,#6002,#6003,
#6004),(#6005,#6006,#6007,#6008,#6009,#6010,#6011,#6012,#6013,#6014,#6015,
#6016,#6017,#6018,#6019,#6020,#6021,#6022,#6023,#6024,#6025,#6026,#6027,
#6028,#6029,#6030,#6031,#6032,#6033,#6034,#6035,#6036,#6037,#6038,#6039,
#6040,#6041,#6042,#6043,#6044,#6045,#6046,#6047,#6048,#6049,#6050,#6051,
#6052,#6053,#6054,#6055,#6056,#6057,#6058,#6059,#6060,#6061,#6062,#6063,
#6064,#6065,#6066,#6067,#6068,#6069,#6070,#6071,#6072,#6073,#6074,#6075,
#6076,#6077,#6078,#6079,#6080,#6081,#6082,#6083,#6084,#6085,#6086,#6087,
#6088,#6089,#6090,#6091,#6092,#6093,#6094)),.UNSPECIFIED.,.F.,.F.,.F.,(4,
1,1,4),(4,1,2,1,1,1,1,1,1,1,1,1,1,1,1,1,1,1,1,1,1,2,1,1,1,1,1,1,2,1,1,1,
1,1,1,1,1,1,1,1,1,1,1,1,1,1,1,1,1,1,1,1,1,1,1,1,2,1,1,1,1,2,1,1,1,1,1,1,
1,1,1,1,1,1,1,2,1,1,1,1,1,4),(0.,0.285714285714286,0.571428571428571,1.),
(0.00335692166533418,0.353725984606412,0.70409504754749,0.740370654855357,
0.776646262163224,0.849197476778958,0.994299906010426,1.10312672793403,
1.13940233524189,1.15754013889583,1.17567794254976,1.18474684437673,1.19381574620369,
1.20288464803066,1.21195354985763,1.23916025533853,1.2482291571655,1.25729805899246,
1.26636696081943,1.27090141173291,1.2754358626464,1.28450476447336,1.29480505016702,
1.30510533586068,1.325705907248,1.34630647863532,1.36690705002264,1.40810819279727,
1.44930933557191,1.45594360727141,1.4625778789709,1.47584642236989,1.47916355821963,
1.48082212614451,1.48248069406938,1.48911496576887,1.50238350916786,1.52892059596583,
1.54218913936482,1.55545768276381,1.60853185635975,1.6616060299557,1.87390272433949,
2.29849611310708,2.51079280749087,2.72308950187466,2.82923784906655,2.93538619625845,
2.96192328305642,2.9884603698544,3.04153454345034,3.06807163024832,3.07470590194781,
3.0813401736473,3.0879744453468,3.09460871704629,3.14768289064224,3.15798632042612,
3.16828975020999,3.18889660977775,3.23011032891325,3.31253776718426,3.32161414729762,
3.33069052741098,3.34884328763769,3.38514880809111,3.42145432854454,3.45775984899797,
3.53037088990482,3.56667641035824,3.58482917058495,3.60298193081167,3.67559297171852,
3.74820401262537,3.82081505353222,3.89342609443907,3.91530746150706,3.93718882857504,
3.98095156271102,4.06847703098298,4.2435279675269,4.59362984061474),
 .UNSPECIFIED.);
#3955=B_SPLINE_SURFACE_WITH_KNOTS('',3,3,((#6329,#6330,#6331,#6332),(#6333,
#6334,#6335,#6336),(#6337,#6338,#6339,#6340),(#6341,#6342,#6343,#6344),
(#6345,#6346,#6347,#6348),(#6349,#6350,#6351,#6352),(#6353,#6354,#6355,
#6356),(#6357,#6358,#6359,#6360),(#6361,#6362,#6363,#6364),(#6365,#6366,
#6367,#6368),(#6369,#6370,#6371,#6372),(#6373,#6374,#6375,#6376),(#6377,
#6378,#6379,#6380),(#6381,#6382,#6383,#6384),(#6385,#6386,#6387,#6388),
(#6389,#6390,#6391,#6392),(#6393,#6394,#6395,#6396),(#6397,#6398,#6399,
#6400),(#6401,#6402,#6403,#6404),(#6405,#6406,#6407,#6408),(#6409,#6410,
#6411,#6412),(#6413,#6414,#6415,#6416),(#6417,#6418,#6419,#6420)),
 .UNSPECIFIED.,.F.,.F.,.F.,(4,1,2,1,2,2,1,1,1,2,2,1,2,1,4),(4,4),(0.,0.0636478218673363,
0.127295643734673,0.165131366081487,0.202967088428301,0.234998525969194,
0.367499263177657,0.50000000038612,0.599375553292467,0.765001474803046,
0.797022928672998,0.834863642083042,0.872704355493085,0.936352177746543,
1.),(0.,1.),.UNSPECIFIED.);
#3956=B_SPLINE_SURFACE_WITH_KNOTS('',3,3,((#6444,#6445,#6446,#6447,#6448,
#6449,#6450,#6451,#6452,#6453,#6454,#6455,#6456,#6457,#6458,#6459,#6460,
#6461,#6462,#6463,#6464,#6465,#6466,#6467,#6468,#6469,#6470,#6471,#6472,
#6473,#6474,#6475,#6476,#6477,#6478,#6479,#6480,#6481,#6482,#6483,#6484,
#6485,#6486,#6487,#6488,#6489,#6490,#6491,#6492,#6493,#6494,#6495,#6496,
#6497,#6498,#6499,#6500,#6501,#6502,#6503,#6504,#6505,#6506,#6507,#6508,
#6509,#6510,#6511,#6512,#6513,#6514,#6515,#6516,#6517,#6518,#6519,#6520,
#6521),(#6522,#6523,#6524,#6525,#6526,#6527,#6528,#6529,#6530,#6531,#6532,
#6533,#6534,#6535,#6536,#6537,#6538,#6539,#6540,#6541,#6542,#6543,#6544,
#6545,#6546,#6547,#6548,#6549,#6550,#6551,#6552,#6553,#6554,#6555,#6556,
#6557,#6558,#6559,#6560,#6561,#6562,#6563,#6564,#6565,#6566,#6567,#6568,
#6569,#6570,#6571,#6572,#6573,#6574,#6575,#6576,#6577,#6578,#6579,#6580,
#6581,#6582,#6583,#6584,#6585,#6586,#6587,#6588,#6589,#6590,#6591,#6592,
#6593,#6594,#6595,#6596,#6597,#6598,#6599),(#6600,#6601,#6602,#6603,#6604,
#6605,#6606,#6607,#6608,#6609,#6610,#6611,#6612,#6613,#6614,#6615,#6616,
#6617,#6618,#6619,#6620,#6621,#6622,#6623,#6624,#6625,#6626,#6627,#6628,
#6629,#6630,#6631,#6632,#6633,#6634,#6635,#6636,#6637,#6638,#6639,#6640,
#6641,#6642,#6643,#6644,#6645,#6646,#6647,#6648,#6649,#6650,#6651,#6652,
#6653,#6654,#6655,#6656,#6657,#6658,#6659,#6660,#6661,#6662,#6663,#6664,
#6665,#6666,#6667,#6668,#6669,#6670,#6671,#6672,#6673,#6674,#6675,#6676,
#6677),(#6678,#6679,#6680,#6681,#6682,#6683,#6684,#6685,#6686,#6687,#6688,
#6689,#6690,#6691,#6692,#6693,#6694,#6695,#6696,#6697,#6698,#6699,#6700,
#6701,#6702,#6703,#6704,#6705,#6706,#6707,#6708,#6709,#6710,#6711,#6712,
#6713,#6714,#6715,#6716,#6717,#6718,#6719,#6720,#6721,#6722,#6723,#6724,
#6725,#6726,#6727,#6728,#6729,#6730,#6731,#6732,#6733,#6734,#6735,#6736,
#6737,#6738,#6739,#6740,#6741,#6742,#6743,#6744,#6745,#6746,#6747,#6748,
#6749,#6750,#6751,#6752,#6753,#6754,#6755),(#6756,#6757,#6758,#6759,#6760,
#6761,#6762,#6763,#6764,#6765,#6766,#6767,#6768,#6769,#6770,#6771,#6772,
#6773,#6774,#6775,#6776,#6777,#6778,#6779,#6780,#6781,#6782,#6783,#6784,
#6785,#6786,#6787,#6788,#6789,#6790,#6791,#6792,#6793,#6794,#6795,#6796,
#6797,#6798,#6799,#6800,#6801,#6802,#6803,#6804,#6805,#6806,#6807,#6808,
#6809,#6810,#6811,#6812,#6813,#6814,#6815,#6816,#6817,#6818,#6819,#6820,
#6821,#6822,#6823,#6824,#6825,#6826,#6827,#6828,#6829,#6830,#6831,#6832,
#6833),(#6834,#6835,#6836,#6837,#6838,#6839,#6840,#6841,#6842,#6843,#6844,
#6845,#6846,#6847,#6848,#6849,#6850,#6851,#6852,#6853,#6854,#6855,#6856,
#6857,#6858,#6859,#6860,#6861,#6862,#6863,#6864,#6865,#6866,#6867,#6868,
#6869,#6870,#6871,#6872,#6873,#6874,#6875,#6876,#6877,#6878,#6879,#6880,
#6881,#6882,#6883,#6884,#6885,#6886,#6887,#6888,#6889,#6890,#6891,#6892,
#6893,#6894,#6895,#6896,#6897,#6898,#6899,#6900,#6901,#6902,#6903,#6904,
#6905,#6906,#6907,#6908,#6909,#6910,#6911)),.UNSPECIFIED.,.F.,.F.,.F.,(4,
1,1,4),(4,1,2,1,1,1,1,1,1,1,1,1,1,1,1,1,2,1,1,1,1,1,2,1,1,1,1,1,1,1,1,1,
1,1,1,1,1,1,1,1,1,1,1,1,2,1,1,1,1,2,1,1,1,1,1,1,1,1,1,1,1,1,1,2,1,1,1,1,
1,4),(0.,0.285714285714286,0.571428571428571,1.),(0.00335692166529105,0.266133718871115,
0.704095047547488,0.740370654855355,0.776646262163222,0.849197476778956,
0.994299906010424,1.10312672793403,1.13940233524189,1.17567794254976,1.21195354985763,
1.22102245168459,1.23009135351156,1.24822915716549,1.25729805899246,1.26636696081943,
1.28450476447336,1.29480505016702,1.30510533586068,1.325705907248,1.36690705002263,
1.40810819279727,1.44930933557191,1.4559436072714,1.4625778789709,1.47584642236988,
1.50238350916786,1.52892059596583,1.5554576827638,1.6616060299557,1.76775437714759,
1.82082855074354,1.87390272433949,2.29849611310707,2.72308950187465,2.82923784906655,
2.93538619625844,2.94865473965743,2.96192328305642,2.98846036985439,3.04153454345034,
3.09460871704629,3.12114580384426,3.13441434724325,3.14768289064223,3.15283460553417,
3.15798632042611,3.16828975020999,3.18889660977774,3.31253776718426,3.33069052741097,
3.34884328763768,3.3669960478644,3.38514880809111,3.42145432854453,3.45775984899796,
3.49406536945138,3.53037088990481,3.56667641035824,3.58482917058495,3.60298193081166,
3.74820401262536,3.82081505353221,3.89342609443906,3.91530746150705,3.93718882857503,
3.980951562711,4.06847703098293,4.24352796752679,4.59362984061452),
 .UNSPECIFIED.);
#3957=B_SPLINE_SURFACE_WITH_KNOTS('',3,3,((#7123,#7124,#7125,#7126),(#7127,
#7128,#7129,#7130),(#7131,#7132,#7133,#7134),(#7135,#7136,#7137,#7138),
(#7139,#7140,#7141,#7142),(#7143,#7144,#7145,#7146),(#7147,#7148,#7149,
#7150),(#7151,#7152,#7153,#7154),(#7155,#7156,#7157,#7158),(#7159,#7160,
#7161,#7162),(#7163,#7164,#7165,#7166),(#7167,#7168,#7169,#7170),(#7171,
#7172,#7173,#7174),(#7175,#7176,#7177,#7178),(#7179,#7180,#7181,#7182),
(#7183,#7184,#7185,#7186),(#7187,#7188,#7189,#7190),(#7191,#7192,#7193,
#7194),(#7195,#7196,#7197,#7198),(#7199,#7200,#7201,#7202),(#7203,#7204,
#7205,#7206),(#7207,#7208,#7209,#7210),(#7211,#7212,#7213,#7214)),
 .UNSPECIFIED.,.F.,.F.,.F.,(4,1,2,1,2,2,1,1,1,2,2,1,2,1,4),(4,4),(0.,0.0636478218673363,
0.127295643734673,0.165131366081487,0.202967088428301,0.234998525969194,
0.367499263177657,0.50000000038612,0.599375553292467,0.765001474803046,
0.797022928672998,0.834863642083042,0.872704355493085,0.936352177746543,
1.),(0.,1.),.UNSPECIFIED.);
#3958=B_SPLINE_SURFACE_WITH_KNOTS('',3,3,((#7238,#7239,#7240,#7241,#7242,
#7243,#7244,#7245,#7246,#7247,#7248,#7249,#7250,#7251,#7252,#7253,#7254,
#7255,#7256,#7257,#7258,#7259,#7260,#7261,#7262,#7263,#7264,#7265,#7266,
#7267,#7268,#7269,#7270,#7271,#7272,#7273,#7274,#7275,#7276,#7277,#7278,
#7279,#7280,#7281,#7282,#7283,#7284,#7285,#7286,#7287,#7288,#7289,#7290,
#7291,#7292,#7293,#7294,#7295,#7296,#7297,#7298,#7299,#7300,#7301,#7302,
#7303,#7304,#7305,#7306,#7307,#7308,#7309,#7310,#7311,#7312,#7313,#7314,
#7315),(#7316,#7317,#7318,#7319,#7320,#7321,#7322,#7323,#7324,#7325,#7326,
#7327,#7328,#7329,#7330,#7331,#7332,#7333,#7334,#7335,#7336,#7337,#7338,
#7339,#7340,#7341,#7342,#7343,#7344,#7345,#7346,#7347,#7348,#7349,#7350,
#7351,#7352,#7353,#7354,#7355,#7356,#7357,#7358,#7359,#7360,#7361,#7362,
#7363,#7364,#7365,#7366,#7367,#7368,#7369,#7370,#7371,#7372,#7373,#7374,
#7375,#7376,#7377,#7378,#7379,#7380,#7381,#7382,#7383,#7384,#7385,#7386,
#7387,#7388,#7389,#7390,#7391,#7392,#7393),(#7394,#7395,#7396,#7397,#7398,
#7399,#7400,#7401,#7402,#7403,#7404,#7405,#7406,#7407,#7408,#7409,#7410,
#7411,#7412,#7413,#7414,#7415,#7416,#7417,#7418,#7419,#7420,#7421,#7422,
#7423,#7424,#7425,#7426,#7427,#7428,#7429,#7430,#7431,#7432,#7433,#7434,
#7435,#7436,#7437,#7438,#7439,#7440,#7441,#7442,#7443,#7444,#7445,#7446,
#7447,#7448,#7449,#7450,#7451,#7452,#7453,#7454,#7455,#7456,#7457,#7458,
#7459,#7460,#7461,#7462,#7463,#7464,#7465,#7466,#7467,#7468,#7469,#7470,
#7471),(#7472,#7473,#7474,#7475,#7476,#7477,#7478,#7479,#7480,#7481,#7482,
#7483,#7484,#7485,#7486,#7487,#7488,#7489,#7490,#7491,#7492,#7493,#7494,
#7495,#7496,#7497,#7498,#7499,#7500,#7501,#7502,#7503,#7504,#7505,#7506,
#7507,#7508,#7509,#7510,#7511,#7512,#7513,#7514,#7515,#7516,#7517,#7518,
#7519,#7520,#7521,#7522,#7523,#7524,#7525,#7526,#7527,#7528,#7529,#7530,
#7531,#7532,#7533,#7534,#7535,#7536,#7537,#7538,#7539,#7540,#7541,#7542,
#7543,#7544,#7545,#7546,#7547,#7548,#7549),(#7550,#7551,#7552,#7553,#7554,
#7555,#7556,#7557,#7558,#7559,#7560,#7561,#7562,#7563,#7564,#7565,#7566,
#7567,#7568,#7569,#7570,#7571,#7572,#7573,#7574,#7575,#7576,#7577,#7578,
#7579,#7580,#7581,#7582,#7583,#7584,#7585,#7586,#7587,#7588,#7589,#7590,
#7591,#7592,#7593,#7594,#7595,#7596,#7597,#7598,#7599,#7600,#7601,#7602,
#7603,#7604,#7605,#7606,#7607,#7608,#7609,#7610,#7611,#7612,#7613,#7614,
#7615,#7616,#7617,#7618,#7619,#7620,#7621,#7622,#7623,#7624,#7625,#7626,
#7627),(#7628,#7629,#7630,#7631,#7632,#7633,#7634,#7635,#7636,#7637,#7638,
#7639,#7640,#7641,#7642,#7643,#7644,#7645,#7646,#7647,#7648,#7649,#7650,
#7651,#7652,#7653,#7654,#7655,#7656,#7657,#7658,#7659,#7660,#7661,#7662,
#7663,#7664,#7665,#7666,#7667,#7668,#7669,#7670,#7671,#7672,#7673,#7674,
#7675,#7676,#7677,#7678,#7679,#7680,#7681,#7682,#7683,#7684,#7685,#7686,
#7687,#7688,#7689,#7690,#7691,#7692,#7693,#7694,#7695,#7696,#7697,#7698,
#7699,#7700,#7701,#7702,#7703,#7704,#7705)),.UNSPECIFIED.,.F.,.F.,.F.,(4,
1,1,4),(4,1,2,1,1,1,1,1,1,1,1,1,1,1,1,1,2,1,1,1,1,1,2,1,1,1,1,1,1,1,1,1,
1,1,1,1,1,1,1,1,1,1,1,1,2,1,1,1,1,2,1,1,1,1,1,1,1,1,1,1,1,1,1,2,1,1,1,1,
1,4),(0.,0.285714285714286,0.571428571428571,1.),(0.00335692166525239,0.266133718871087,
0.704095047547479,0.740370654855346,0.776646262163214,0.849197476778949,
0.994299906010418,1.10312672793402,1.13940233524189,1.17567794254976,1.21195354985762,
1.22102245168459,1.23009135351156,1.24822915716549,1.25729805899246,1.26636696081942,
1.28450476447336,1.29480505016702,1.30510533586068,1.32570590724799,1.36690705002263,
1.40810819279727,1.44930933557191,1.4559436072714,1.46257787897089,1.47584642236988,
1.50238350916785,1.52892059596583,1.5554576827638,1.6616060299557,1.76775437714759,
1.82082855074354,1.87390272433949,2.29849611310707,2.72308950187465,2.82923784906655,
2.93538619625844,2.94865473965743,2.96192328305641,2.98846036985439,3.04153454345034,
3.09460871704628,3.12114580384426,3.13441434724324,3.14768289064223,3.15283460553417,
3.15798632042611,3.16828975020998,3.18889660977774,3.31253776718426,3.33069052741097,
3.34884328763768,3.36699604786439,3.38514880809111,3.42145432854453,3.45775984899796,
3.49406536945138,3.5303708899048,3.56667641035823,3.58482917058494,3.60298193081165,
3.74820401262535,3.8208150535322,3.89342609443905,3.91530746150703,3.93718882857501,
3.98095156271098,4.0684770309829,4.24352796752675,4.59362984061446),
 .UNSPECIFIED.);
#3959=B_SPLINE_SURFACE_WITH_KNOTS('',3,3,((#7917,#7918,#7919,#7920),(#7921,
#7922,#7923,#7924),(#7925,#7926,#7927,#7928),(#7929,#7930,#7931,#7932),
(#7933,#7934,#7935,#7936),(#7937,#7938,#7939,#7940),(#7941,#7942,#7943,
#7944),(#7945,#7946,#7947,#7948),(#7949,#7950,#7951,#7952),(#7953,#7954,
#7955,#7956),(#7957,#7958,#7959,#7960),(#7961,#7962,#7963,#7964),(#7965,
#7966,#7967,#7968),(#7969,#7970,#7971,#7972),(#7973,#7974,#7975,#7976),
(#7977,#7978,#7979,#7980),(#7981,#7982,#7983,#7984),(#7985,#7986,#7987,
#7988),(#7989,#7990,#7991,#7992),(#7993,#7994,#7995,#7996),(#7997,#7998,
#7999,#8000),(#8001,#8002,#8003,#8004),(#8005,#8006,#8007,#8008)),
 .UNSPECIFIED.,.F.,.F.,.F.,(4,1,2,1,2,2,1,1,1,2,2,1,2,1,4),(4,4),(0.,0.0636478218673363,
0.127295643734673,0.165131366081487,0.202967088428301,0.234998525969194,
0.367499263177657,0.50000000038612,0.599375553292467,0.765001474803046,
0.797022928672998,0.834863642083042,0.872704355493085,0.936352177746543,
1.),(0.,1.),.UNSPECIFIED.);
#3960=B_SPLINE_SURFACE_WITH_KNOTS('',3,3,((#8032,#8033,#8034,#8035,#8036,
#8037,#8038,#8039,#8040,#8041,#8042,#8043,#8044,#8045,#8046,#8047,#8048,
#8049,#8050,#8051,#8052,#8053,#8054,#8055,#8056,#8057,#8058,#8059,#8060,
#8061,#8062,#8063,#8064,#8065,#8066,#8067,#8068,#8069,#8070,#8071,#8072,
#8073,#8074,#8075,#8076,#8077,#8078,#8079,#8080,#8081,#8082,#8083,#8084,
#8085,#8086,#8087,#8088,#8089,#8090,#8091,#8092,#8093,#8094,#8095,#8096,
#8097,#8098,#8099,#8100,#8101,#8102,#8103,#8104,#8105,#8106,#8107,#8108,
#8109,#8110,#8111,#8112,#8113,#8114,#8115,#8116,#8117,#8118,#8119,#8120,
#8121),(#8122,#8123,#8124,#8125,#8126,#8127,#8128,#8129,#8130,#8131,#8132,
#8133,#8134,#8135,#8136,#8137,#8138,#8139,#8140,#8141,#8142,#8143,#8144,
#8145,#8146,#8147,#8148,#8149,#8150,#8151,#8152,#8153,#8154,#8155,#8156,
#8157,#8158,#8159,#8160,#8161,#8162,#8163,#8164,#8165,#8166,#8167,#8168,
#8169,#8170,#8171,#8172,#8173,#8174,#8175,#8176,#8177,#8178,#8179,#8180,
#8181,#8182,#8183,#8184,#8185,#8186,#8187,#8188,#8189,#8190,#8191,#8192,
#8193,#8194,#8195,#8196,#8197,#8198,#8199,#8200,#8201,#8202,#8203,#8204,
#8205,#8206,#8207,#8208,#8209,#8210,#8211),(#8212,#8213,#8214,#8215,#8216,
#8217,#8218,#8219,#8220,#8221,#8222,#8223,#8224,#8225,#8226,#8227,#8228,
#8229,#8230,#8231,#8232,#8233,#8234,#8235,#8236,#8237,#8238,#8239,#8240,
#8241,#8242,#8243,#8244,#8245,#8246,#8247,#8248,#8249,#8250,#8251,#8252,
#8253,#8254,#8255,#8256,#8257,#8258,#8259,#8260,#8261,#8262,#8263,#8264,
#8265,#8266,#8267,#8268,#8269,#8270,#8271,#8272,#8273,#8274,#8275,#8276,
#8277,#8278,#8279,#8280,#8281,#8282,#8283,#8284,#8285,#8286,#8287,#8288,
#8289,#8290,#8291,#8292,#8293,#8294,#8295,#8296,#8297,#8298,#8299,#8300,
#8301),(#8302,#8303,#8304,#8305,#8306,#8307,#8308,#8309,#8310,#8311,#8312,
#8313,#8314,#8315,#8316,#8317,#8318,#8319,#8320,#8321,#8322,#8323,#8324,
#8325,#8326,#8327,#8328,#8329,#8330,#8331,#8332,#8333,#8334,#8335,#8336,
#8337,#8338,#8339,#8340,#8341,#8342,#8343,#8344,#8345,#8346,#8347,#8348,
#8349,#8350,#8351,#8352,#8353,#8354,#8355,#8356,#8357,#8358,#8359,#8360,
#8361,#8362,#8363,#8364,#8365,#8366,#8367,#8368,#8369,#8370,#8371,#8372,
#8373,#8374,#8375,#8376,#8377,#8378,#8379,#8380,#8381,#8382,#8383,#8384,
#8385,#8386,#8387,#8388,#8389,#8390,#8391),(#8392,#8393,#8394,#8395,#8396,
#8397,#8398,#8399,#8400,#8401,#8402,#8403,#8404,#8405,#8406,#8407,#8408,
#8409,#8410,#8411,#8412,#8413,#8414,#8415,#8416,#8417,#8418,#8419,#8420,
#8421,#8422,#8423,#8424,#8425,#8426,#8427,#8428,#8429,#8430,#8431,#8432,
#8433,#8434,#8435,#8436,#8437,#8438,#8439,#8440,#8441,#8442,#8443,#8444,
#8445,#8446,#8447,#8448,#8449,#8450,#8451,#8452,#8453,#8454,#8455,#8456,
#8457,#8458,#8459,#8460,#8461,#8462,#8463,#8464,#8465,#8466,#8467,#8468,
#8469,#8470,#8471,#8472,#8473,#8474,#8475,#8476,#8477,#8478,#8479,#8480,
#8481),(#8482,#8483,#8484,#8485,#8486,#8487,#8488,#8489,#8490,#8491,#8492,
#8493,#8494,#8495,#8496,#8497,#8498,#8499,#8500,#8501,#8502,#8503,#8504,
#8505,#8506,#8507,#8508,#8509,#8510,#8511,#8512,#8513,#8514,#8515,#8516,
#8517,#8518,#8519,#8520,#8521,#8522,#8523,#8524,#8525,#8526,#8527,#8528,
#8529,#8530,#8531,#8532,#8533,#8534,#8535,#8536,#8537,#8538,#8539,#8540,
#8541,#8542,#8543,#8544,#8545,#8546,#8547,#8548,#8549,#8550,#8551,#8552,
#8553,#8554,#8555,#8556,#8557,#8558,#8559,#8560,#8561,#8562,#8563,#8564,
#8565,#8566,#8567,#8568,#8569,#8570,#8571)),.UNSPECIFIED.,.F.,.F.,.F.,(4,
1,1,4),(4,1,2,1,1,1,1,1,1,1,1,1,1,1,1,1,1,1,1,1,1,2,1,1,1,1,1,1,2,1,1,1,
1,1,1,1,1,1,1,1,1,1,1,1,1,1,1,1,1,1,1,1,1,1,1,1,2,1,1,1,1,2,1,1,1,1,1,1,
1,1,1,1,1,1,1,2,1,1,1,1,1,4),(0.,0.285714285714286,0.571428571428571,1.),
(0.00335692166532355,0.353725984606408,0.704095047547492,0.740370654855359,
0.776646262163226,0.84919747677896,0.994299906010428,1.10312672793403,1.1394023352419,
1.15754013889583,1.17567794254976,1.18474684437673,1.1938157462037,1.20288464803066,
1.21195354985763,1.23916025533853,1.2482291571655,1.25729805899246,1.26636696081943,
1.27090141173291,1.2754358626464,1.28450476447336,1.29480505016702,1.30510533586068,
1.325705907248,1.34630647863532,1.36690705002264,1.40810819279727,1.44930933557191,
1.4559436072714,1.4625778789709,1.47584642236988,1.47916355821963,1.4808221261445,
1.48248069406938,1.48911496576887,1.50238350916786,1.52892059596583,1.54218913936482,
1.55545768276381,1.60853185635975,1.6616060299557,1.87390272433949,2.29849611310707,
2.51079280749087,2.72308950187466,2.82923784906655,2.93538619625845,2.96192328305642,
2.9884603698544,3.04153454345034,3.06807163024832,3.07470590194781,3.0813401736473,
3.0879744453468,3.09460871704629,3.14768289064224,3.15798632042612,3.16828975020999,
3.18889660977774,3.23011032891325,3.31253776718426,3.32161414729762,3.33069052741097,
3.34884328763768,3.38514880809111,3.42145432854454,3.45775984899796,3.53037088990481,
3.56667641035824,3.58482917058495,3.60298193081166,3.67559297171851,3.74820401262537,
3.82081505353222,3.89342609443907,3.91530746150705,3.93718882857502,3.98095156271098,
4.06847703098289,4.24352796752671,4.59362984061435),.UNSPECIFIED.);
#3961=B_SPLINE_SURFACE_WITH_KNOTS('',3,3,((#8806,#8807,#8808,#8809),(#8810,
#8811,#8812,#8813),(#8814,#8815,#8816,#8817),(#8818,#8819,#8820,#8821),
(#8822,#8823,#8824,#8825),(#8826,#8827,#8828,#8829),(#8830,#8831,#8832,
#8833),(#8834,#8835,#8836,#8837),(#8838,#8839,#8840,#8841),(#8842,#8843,
#8844,#8845),(#8846,#8847,#8848,#8849),(#8850,#8851,#8852,#8853),(#8854,
#8855,#8856,#8857),(#8858,#8859,#8860,#8861),(#8862,#8863,#8864,#8865),
(#8866,#8867,#8868,#8869),(#8870,#8871,#8872,#8873),(#8874,#8875,#8876,
#8877),(#8878,#8879,#8880,#8881),(#8882,#8883,#8884,#8885),(#8886,#8887,
#8888,#8889),(#8890,#8891,#8892,#8893),(#8894,#8895,#8896,#8897)),
 .UNSPECIFIED.,.F.,.F.,.F.,(4,1,2,1,2,2,1,1,1,2,2,1,2,1,4),(4,4),(0.,0.0636478218673363,
0.127295643734673,0.165131366081487,0.202967088428301,0.234998525969194,
0.367499263177657,0.50000000038612,0.599375553292467,0.765001474803046,
0.797022928672998,0.834863642083042,0.872704355493085,0.936352177746543,
1.),(0.,1.),.UNSPECIFIED.);
#3962=B_SPLINE_SURFACE_WITH_KNOTS('',3,3,((#8921,#8922,#8923,#8924),(#8925,
#8926,#8927,#8928),(#8929,#8930,#8931,#8932),(#8933,#8934,#8935,#8936),
(#8937,#8938,#8939,#8940),(#8941,#8942,#8943,#8944),(#8945,#8946,#8947,
#8948),(#8949,#8950,#8951,#8952),(#8953,#8954,#8955,#8956),(#8957,#8958,
#8959,#8960),(#8961,#8962,#8963,#8964),(#8965,#8966,#8967,#8968),(#8969,
#8970,#8971,#8972),(#8973,#8974,#8975,#8976),(#8977,#8978,#8979,#8980),
(#8981,#8982,#8983,#8984)),.UNSPECIFIED.,.F.,.F.,.F.,(4,1,2,2,1,1,2,2,1,
4),(4,4),(0.,0.0436309849552245,0.0872619699104491,0.0875289884986397,0.500000010434277,
0.706235521402095,0.912471032369914,0.912738051183821,0.95636902559191,
1.),(0.,1.),.UNSPECIFIED.);
#3963=B_SPLINE_SURFACE_WITH_KNOTS('',3,3,((#9033,#9034,#9035,#9036,#9037,
#9038,#9039),(#9040,#9041,#9042,#9043,#9044,#9045,#9046),(#9047,#9048,#9049,
#9050,#9051,#9052,#9053),(#9054,#9055,#9056,#9057,#9058,#9059,#9060)),
 .UNSPECIFIED.,.F.,.F.,.F.,(4,4),(4,1,1,1,4),(0.,1.),(1.01106448007702,
1.06232605325071,1.16484919959809,1.26737234594547,1.36989549229284),
 .UNSPECIFIED.);
#3964=B_SPLINE_SURFACE_WITH_KNOTS('',3,3,((#9090,#9091,#9092,#9093),(#9094,
#9095,#9096,#9097),(#9098,#9099,#9100,#9101),(#9102,#9103,#9104,#9105)),
 .UNSPECIFIED.,.F.,.F.,.F.,(4,4),(4,4),(0.,1.),(0.0751386502990279,0.238194090010853),
 .UNSPECIFIED.);
#3965=B_SPLINE_SURFACE_WITH_KNOTS('',3,3,((#9117,#9118,#9119,#9120),(#9121,
#9122,#9123,#9124),(#9125,#9126,#9127,#9128),(#9129,#9130,#9131,#9132)),
 .UNSPECIFIED.,.F.,.F.,.F.,(4,4),(4,4),(0.,1.),(0.238194090010852,0.363390644674826),
 .UNSPECIFIED.);
#3966=B_SPLINE_SURFACE_WITH_KNOTS('',3,3,((#9165,#9166,#9167,#9168),(#9169,
#9170,#9171,#9172),(#9173,#9174,#9175,#9176),(#9177,#9178,#9179,#9180)),
 .UNSPECIFIED.,.F.,.F.,.F.,(4,4),(4,4),(0.,1.),(0.0751385850296771,0.238194097059765),
 .UNSPECIFIED.);
#3967=B_SPLINE_SURFACE_WITH_KNOTS('',3,3,((#9192,#9193,#9194,#9195),(#9196,
#9197,#9198,#9199),(#9200,#9201,#9202,#9203),(#9204,#9205,#9206,#9207)),
 .UNSPECIFIED.,.F.,.F.,.F.,(4,4),(4,4),(0.,1.),(0.238194097059765,0.363390745296517),
 .UNSPECIFIED.);
#3968=B_SPLINE_SURFACE_WITH_KNOTS('',3,3,((#9228,#9229,#9230,#9231,#9232,
#9233,#9234),(#9235,#9236,#9237,#9238,#9239,#9240,#9241),(#9242,#9243,#9244,
#9245,#9246,#9247,#9248),(#9249,#9250,#9251,#9252,#9253,#9254,#9255)),
 .UNSPECIFIED.,.F.,.F.,.F.,(4,4),(4,1,1,1,4),(0.,1.),(0.0292210791349998,
0.183005798673353,0.285528945032254,0.336790518211705,0.388052091391156),
 .UNSPECIFIED.);
#3969=B_SPLINE_SURFACE_WITH_KNOTS('',3,3,((#9279,#9280,#9281,#9282),(#9283,
#9284,#9285,#9286),(#9287,#9288,#9289,#9290),(#9291,#9292,#9293,#9294)),
 .UNSPECIFIED.,.F.,.F.,.F.,(4,4),(4,4),(0.,1.),(1.44139747310607,1.45),
 .UNSPECIFIED.);
#3970=B_SPLINE_SURFACE_WITH_KNOTS('',3,3,((#9306,#9307,#9308,#9309),(#9310,
#9311,#9312,#9313),(#9314,#9315,#9316,#9317),(#9318,#9319,#9320,#9321)),
 .UNSPECIFIED.,.F.,.F.,.F.,(4,4),(4,4),(0.,1.),(-0.785398163397537,-0.587660539083344),
 .UNSPECIFIED.);
#3971=B_SPLINE_SURFACE_WITH_KNOTS('',3,3,((#9330,#9331,#9332,#9333),(#9334,
#9335,#9336,#9337),(#9338,#9339,#9340,#9341),(#9342,#9343,#9344,#9345)),
 .UNSPECIFIED.,.F.,.F.,.F.,(4,4),(4,4),(0.,1.),(0.587659570074661,0.785398163397471),
 .UNSPECIFIED.);
#3972=B_SPLINE_SURFACE_WITH_KNOTS('',3,3,((#9356,#9357,#9358,#9359),(#9360,
#9361,#9362,#9363),(#9364,#9365,#9366,#9367),(#9368,#9369,#9370,#9371)),
 .UNSPECIFIED.,.F.,.F.,.F.,(4,4),(4,4),(0.,1.),(-1.45,-1.44139749455173),
 .UNSPECIFIED.);
#3973=B_SPLINE_SURFACE_WITH_KNOTS('',3,3,((#9376,#9377,#9378,#9379),(#9380,
#9381,#9382,#9383),(#9384,#9385,#9386,#9387),(#9388,#9389,#9390,#9391)),
 .UNSPECIFIED.,.F.,.F.,.F.,(4,4),(4,4),(0.,1.),(0.,1.),.UNSPECIFIED.);
#3974=B_SPLINE_SURFACE_WITH_KNOTS('',3,3,((#9396,#9397,#9398,#9399),(#9400,
#9401,#9402,#9403),(#9404,#9405,#9406,#9407),(#9408,#9409,#9410,#9411)),
 .UNSPECIFIED.,.F.,.F.,.F.,(4,4),(4,4),(0.,1.),(0.,1.),.UNSPECIFIED.);
#3975=B_SPLINE_SURFACE_WITH_KNOTS('',3,3,((#9506,#9507,#9508,#9509),(#9510,
#9511,#9512,#9513),(#9514,#9515,#9516,#9517),(#9518,#9519,#9520,#9521),
(#9522,#9523,#9524,#9525),(#9526,#9527,#9528,#9529),(#9530,#9531,#9532,
#9533),(#9534,#9535,#9536,#9537),(#9538,#9539,#9540,#9541),(#9542,#9543,
#9544,#9545),(#9546,#9547,#9548,#9549),(#9550,#9551,#9552,#9553),(#9554,
#9555,#9556,#9557),(#9558,#9559,#9560,#9561),(#9562,#9563,#9564,#9565),
(#9566,#9567,#9568,#9569)),.UNSPECIFIED.,.F.,.F.,.F.,(4,1,2,2,1,1,2,2,1,
4),(4,4),(0.,0.0436309849552245,0.0872619699104491,0.0875289884986397,0.500000010434277,
0.706235521402095,0.912471032369914,0.912738051183821,0.95636902559191,
1.),(0.,1.),.UNSPECIFIED.);
#3976=B_SPLINE_SURFACE_WITH_KNOTS('',3,3,((#9618,#9619,#9620,#9621,#9622,
#9623,#9624),(#9625,#9626,#9627,#9628,#9629,#9630,#9631),(#9632,#9633,#9634,
#9635,#9636,#9637,#9638),(#9639,#9640,#9641,#9642,#9643,#9644,#9645)),
 .UNSPECIFIED.,.F.,.F.,.F.,(4,4),(4,1,1,1,4),(0.,1.),(1.01106448007702,
1.06232605325071,1.16484919959809,1.26737234594547,1.36989549229284),
 .UNSPECIFIED.);
#3977=B_SPLINE_SURFACE_WITH_KNOTS('',3,3,((#9675,#9676,#9677,#9678),(#9679,
#9680,#9681,#9682),(#9683,#9684,#9685,#9686),(#9687,#9688,#9689,#9690)),
 .UNSPECIFIED.,.F.,.F.,.F.,(4,4),(4,4),(0.,1.),(0.0751386502990279,0.238194090010853),
 .UNSPECIFIED.);
#3978=B_SPLINE_SURFACE_WITH_KNOTS('',3,3,((#9702,#9703,#9704,#9705),(#9706,
#9707,#9708,#9709),(#9710,#9711,#9712,#9713),(#9714,#9715,#9716,#9717)),
 .UNSPECIFIED.,.F.,.F.,.F.,(4,4),(4,4),(0.,1.),(0.238194090010852,0.363390644674826),
 .UNSPECIFIED.);
#3979=B_SPLINE_SURFACE_WITH_KNOTS('',3,3,((#9750,#9751,#9752,#9753),(#9754,
#9755,#9756,#9757),(#9758,#9759,#9760,#9761),(#9762,#9763,#9764,#9765)),
 .UNSPECIFIED.,.F.,.F.,.F.,(4,4),(4,4),(0.,1.),(0.0751385850296771,0.238194097059765),
 .UNSPECIFIED.);
#3980=B_SPLINE_SURFACE_WITH_KNOTS('',3,3,((#9777,#9778,#9779,#9780),(#9781,
#9782,#9783,#9784),(#9785,#9786,#9787,#9788),(#9789,#9790,#9791,#9792)),
 .UNSPECIFIED.,.F.,.F.,.F.,(4,4),(4,4),(0.,1.),(0.238194097059765,0.363390745296517),
 .UNSPECIFIED.);
#3981=B_SPLINE_SURFACE_WITH_KNOTS('',3,3,((#9813,#9814,#9815,#9816,#9817,
#9818,#9819),(#9820,#9821,#9822,#9823,#9824,#9825,#9826),(#9827,#9828,#9829,
#9830,#9831,#9832,#9833),(#9834,#9835,#9836,#9837,#9838,#9839,#9840)),
 .UNSPECIFIED.,.F.,.F.,.F.,(4,4),(4,1,1,1,4),(0.,1.),(0.0292210791349998,
0.183005798673353,0.285528945032254,0.336790518211705,0.388052091391156),
 .UNSPECIFIED.);
#3982=B_SPLINE_SURFACE_WITH_KNOTS('',3,3,((#9864,#9865,#9866,#9867),(#9868,
#9869,#9870,#9871),(#9872,#9873,#9874,#9875),(#9876,#9877,#9878,#9879)),
 .UNSPECIFIED.,.F.,.F.,.F.,(4,4),(4,4),(0.,1.),(1.44139747310607,1.45),
 .UNSPECIFIED.);
#3983=B_SPLINE_SURFACE_WITH_KNOTS('',3,3,((#9891,#9892,#9893,#9894),(#9895,
#9896,#9897,#9898),(#9899,#9900,#9901,#9902),(#9903,#9904,#9905,#9906)),
 .UNSPECIFIED.,.F.,.F.,.F.,(4,4),(4,4),(0.,1.),(-0.785398163397537,-0.587660539083344),
 .UNSPECIFIED.);
#3984=B_SPLINE_SURFACE_WITH_KNOTS('',3,3,((#9915,#9916,#9917,#9918),(#9919,
#9920,#9921,#9922),(#9923,#9924,#9925,#9926),(#9927,#9928,#9929,#9930)),
 .UNSPECIFIED.,.F.,.F.,.F.,(4,4),(4,4),(0.,1.),(0.587659570074661,0.785398163397471),
 .UNSPECIFIED.);
#3985=B_SPLINE_SURFACE_WITH_KNOTS('',3,3,((#9941,#9942,#9943,#9944),(#9945,
#9946,#9947,#9948),(#9949,#9950,#9951,#9952),(#9953,#9954,#9955,#9956)),
 .UNSPECIFIED.,.F.,.F.,.F.,(4,4),(4,4),(0.,1.),(-1.45,-1.44139749455173),
 .UNSPECIFIED.);
#3986=B_SPLINE_SURFACE_WITH_KNOTS('',3,3,((#9961,#9962,#9963,#9964),(#9965,
#9966,#9967,#9968),(#9969,#9970,#9971,#9972),(#9973,#9974,#9975,#9976)),
 .UNSPECIFIED.,.F.,.F.,.F.,(4,4),(4,4),(0.,1.),(0.,1.),.UNSPECIFIED.);
#3987=B_SPLINE_SURFACE_WITH_KNOTS('',3,3,((#9981,#9982,#9983,#9984),(#9985,
#9986,#9987,#9988),(#9989,#9990,#9991,#9992),(#9993,#9994,#9995,#9996)),
 .UNSPECIFIED.,.F.,.F.,.F.,(4,4),(4,4),(0.,1.),(0.,1.),.UNSPECIFIED.);
#3988=B_SPLINE_SURFACE_WITH_KNOTS('',3,3,((#10091,#10092,#10093,#10094),
(#10095,#10096,#10097,#10098),(#10099,#10100,#10101,#10102),(#10103,#10104,
#10105,#10106),(#10107,#10108,#10109,#10110),(#10111,#10112,#10113,#10114),
(#10115,#10116,#10117,#10118),(#10119,#10120,#10121,#10122),(#10123,#10124,
#10125,#10126),(#10127,#10128,#10129,#10130),(#10131,#10132,#10133,#10134),
(#10135,#10136,#10137,#10138),(#10139,#10140,#10141,#10142),(#10143,#10144,
#10145,#10146),(#10147,#10148,#10149,#10150),(#10151,#10152,#10153,#10154)),
 .UNSPECIFIED.,.F.,.F.,.F.,(4,1,2,2,1,1,2,2,1,4),(4,4),(0.,0.0436309849552245,
0.0872619699104491,0.0875289884986397,0.500000010434277,0.706235521402095,
0.912471032369914,0.912738051183821,0.95636902559191,1.),(0.,1.),
 .UNSPECIFIED.);
#3989=B_SPLINE_SURFACE_WITH_KNOTS('',3,3,((#10203,#10204,#10205,#10206,
#10207,#10208,#10209),(#10210,#10211,#10212,#10213,#10214,#10215,#10216),
(#10217,#10218,#10219,#10220,#10221,#10222,#10223),(#10224,#10225,#10226,
#10227,#10228,#10229,#10230)),.UNSPECIFIED.,.F.,.F.,.F.,(4,4),(4,1,1,1,
4),(0.,1.),(1.01106448007702,1.06232605325071,1.16484919959809,1.26737234594547,
1.36989549229284),.UNSPECIFIED.);
#3990=B_SPLINE_SURFACE_WITH_KNOTS('',3,3,((#10260,#10261,#10262,#10263),
(#10264,#10265,#10266,#10267),(#10268,#10269,#10270,#10271),(#10272,#10273,
#10274,#10275)),.UNSPECIFIED.,.F.,.F.,.F.,(4,4),(4,4),(0.,1.),(0.0751386502990279,
0.238194090010853),.UNSPECIFIED.);
#3991=B_SPLINE_SURFACE_WITH_KNOTS('',3,3,((#10287,#10288,#10289,#10290),
(#10291,#10292,#10293,#10294),(#10295,#10296,#10297,#10298),(#10299,#10300,
#10301,#10302)),.UNSPECIFIED.,.F.,.F.,.F.,(4,4),(4,4),(0.,1.),(0.238194090010852,
0.363390644674826),.UNSPECIFIED.);
#3992=B_SPLINE_SURFACE_WITH_KNOTS('',3,3,((#10335,#10336,#10337,#10338),
(#10339,#10340,#10341,#10342),(#10343,#10344,#10345,#10346),(#10347,#10348,
#10349,#10350)),.UNSPECIFIED.,.F.,.F.,.F.,(4,4),(4,4),(0.,1.),(0.0751385850296771,
0.238194097059765),.UNSPECIFIED.);
#3993=B_SPLINE_SURFACE_WITH_KNOTS('',3,3,((#10362,#10363,#10364,#10365),
(#10366,#10367,#10368,#10369),(#10370,#10371,#10372,#10373),(#10374,#10375,
#10376,#10377)),.UNSPECIFIED.,.F.,.F.,.F.,(4,4),(4,4),(0.,1.),(0.238194097059765,
0.363390745296517),.UNSPECIFIED.);
#3994=B_SPLINE_SURFACE_WITH_KNOTS('',3,3,((#10398,#10399,#10400,#10401,
#10402,#10403,#10404),(#10405,#10406,#10407,#10408,#10409,#10410,#10411),
(#10412,#10413,#10414,#10415,#10416,#10417,#10418),(#10419,#10420,#10421,
#10422,#10423,#10424,#10425)),.UNSPECIFIED.,.F.,.F.,.F.,(4,4),(4,1,1,1,
4),(0.,1.),(0.0292210791349998,0.183005798673353,0.285528945032254,0.336790518211705,
0.388052091391156),.UNSPECIFIED.);
#3995=B_SPLINE_SURFACE_WITH_KNOTS('',3,3,((#10449,#10450,#10451,#10452),
(#10453,#10454,#10455,#10456),(#10457,#10458,#10459,#10460),(#10461,#10462,
#10463,#10464)),.UNSPECIFIED.,.F.,.F.,.F.,(4,4),(4,4),(0.,1.),(1.44139747310607,
1.45),.UNSPECIFIED.);
#3996=B_SPLINE_SURFACE_WITH_KNOTS('',3,3,((#10476,#10477,#10478,#10479),
(#10480,#10481,#10482,#10483),(#10484,#10485,#10486,#10487),(#10488,#10489,
#10490,#10491)),.UNSPECIFIED.,.F.,.F.,.F.,(4,4),(4,4),(0.,1.),(-0.785398163397537,
-0.587660539083344),.UNSPECIFIED.);
#3997=B_SPLINE_SURFACE_WITH_KNOTS('',3,3,((#10500,#10501,#10502,#10503),
(#10504,#10505,#10506,#10507),(#10508,#10509,#10510,#10511),(#10512,#10513,
#10514,#10515)),.UNSPECIFIED.,.F.,.F.,.F.,(4,4),(4,4),(0.,1.),(0.587659570074661,
0.785398163397471),.UNSPECIFIED.);
#3998=B_SPLINE_SURFACE_WITH_KNOTS('',3,3,((#10526,#10527,#10528,#10529),
(#10530,#10531,#10532,#10533),(#10534,#10535,#10536,#10537),(#10538,#10539,
#10540,#10541)),.UNSPECIFIED.,.F.,.F.,.F.,(4,4),(4,4),(0.,1.),(-1.45,-1.44139749455173),
 .UNSPECIFIED.);
#3999=B_SPLINE_SURFACE_WITH_KNOTS('',3,3,((#10546,#10547,#10548,#10549),
(#10550,#10551,#10552,#10553),(#10554,#10555,#10556,#10557),(#10558,#10559,
#10560,#10561)),.UNSPECIFIED.,.F.,.F.,.F.,(4,4),(4,4),(0.,1.),(0.,1.),
 .UNSPECIFIED.);
#4000=B_SPLINE_SURFACE_WITH_KNOTS('',3,3,((#10566,#10567,#10568,#10569),
(#10570,#10571,#10572,#10573),(#10574,#10575,#10576,#10577),(#10578,#10579,
#10580,#10581)),.UNSPECIFIED.,.F.,.F.,.F.,(4,4),(4,4),(0.,1.),(0.,1.),
 .UNSPECIFIED.);
#4001=B_SPLINE_SURFACE_WITH_KNOTS('',3,3,((#10676,#10677,#10678,#10679),
(#10680,#10681,#10682,#10683),(#10684,#10685,#10686,#10687),(#10688,#10689,
#10690,#10691),(#10692,#10693,#10694,#10695),(#10696,#10697,#10698,#10699),
(#10700,#10701,#10702,#10703),(#10704,#10705,#10706,#10707),(#10708,#10709,
#10710,#10711),(#10712,#10713,#10714,#10715),(#10716,#10717,#10718,#10719),
(#10720,#10721,#10722,#10723),(#10724,#10725,#10726,#10727),(#10728,#10729,
#10730,#10731),(#10732,#10733,#10734,#10735),(#10736,#10737,#10738,#10739)),
 .UNSPECIFIED.,.F.,.F.,.F.,(4,1,2,2,1,1,2,2,1,4),(4,4),(0.,0.0436309849552245,
0.0872619699104491,0.0875289884986397,0.500000010434277,0.706235521402095,
0.912471032369914,0.912738051183821,0.95636902559191,1.),(0.,1.),
 .UNSPECIFIED.);
#4002=B_SPLINE_SURFACE_WITH_KNOTS('',3,3,((#10788,#10789,#10790,#10791,
#10792,#10793,#10794),(#10795,#10796,#10797,#10798,#10799,#10800,#10801),
(#10802,#10803,#10804,#10805,#10806,#10807,#10808),(#10809,#10810,#10811,
#10812,#10813,#10814,#10815)),.UNSPECIFIED.,.F.,.F.,.F.,(4,4),(4,1,1,1,
4),(0.,1.),(1.01106448007702,1.06232605325071,1.16484919959809,1.26737234594547,
1.36989549229284),.UNSPECIFIED.);
#4003=B_SPLINE_SURFACE_WITH_KNOTS('',3,3,((#10845,#10846,#10847,#10848),
(#10849,#10850,#10851,#10852),(#10853,#10854,#10855,#10856),(#10857,#10858,
#10859,#10860)),.UNSPECIFIED.,.F.,.F.,.F.,(4,4),(4,4),(0.,1.),(0.0751386502990279,
0.238194090010853),.UNSPECIFIED.);
#4004=B_SPLINE_SURFACE_WITH_KNOTS('',3,3,((#10872,#10873,#10874,#10875),
(#10876,#10877,#10878,#10879),(#10880,#10881,#10882,#10883),(#10884,#10885,
#10886,#10887)),.UNSPECIFIED.,.F.,.F.,.F.,(4,4),(4,4),(0.,1.),(0.238194090010852,
0.363390644674826),.UNSPECIFIED.);
#4005=B_SPLINE_SURFACE_WITH_KNOTS('',3,3,((#10920,#10921,#10922,#10923),
(#10924,#10925,#10926,#10927),(#10928,#10929,#10930,#10931),(#10932,#10933,
#10934,#10935)),.UNSPECIFIED.,.F.,.F.,.F.,(4,4),(4,4),(0.,1.),(0.0751385850296771,
0.238194097059765),.UNSPECIFIED.);
#4006=B_SPLINE_SURFACE_WITH_KNOTS('',3,3,((#10947,#10948,#10949,#10950),
(#10951,#10952,#10953,#10954),(#10955,#10956,#10957,#10958),(#10959,#10960,
#10961,#10962)),.UNSPECIFIED.,.F.,.F.,.F.,(4,4),(4,4),(0.,1.),(0.238194097059765,
0.363390745296517),.UNSPECIFIED.);
#4007=B_SPLINE_SURFACE_WITH_KNOTS('',3,3,((#10983,#10984,#10985,#10986,
#10987,#10988,#10989),(#10990,#10991,#10992,#10993,#10994,#10995,#10996),
(#10997,#10998,#10999,#11000,#11001,#11002,#11003),(#11004,#11005,#11006,
#11007,#11008,#11009,#11010)),.UNSPECIFIED.,.F.,.F.,.F.,(4,4),(4,1,1,1,
4),(0.,1.),(0.0292210791349998,0.183005798673353,0.285528945032254,0.336790518211705,
0.388052091391156),.UNSPECIFIED.);
#4008=B_SPLINE_SURFACE_WITH_KNOTS('',3,3,((#11034,#11035,#11036,#11037),
(#11038,#11039,#11040,#11041),(#11042,#11043,#11044,#11045),(#11046,#11047,
#11048,#11049)),.UNSPECIFIED.,.F.,.F.,.F.,(4,4),(4,4),(0.,1.),(1.44139747310607,
1.45),.UNSPECIFIED.);
#4009=B_SPLINE_SURFACE_WITH_KNOTS('',3,3,((#11061,#11062,#11063,#11064),
(#11065,#11066,#11067,#11068),(#11069,#11070,#11071,#11072),(#11073,#11074,
#11075,#11076)),.UNSPECIFIED.,.F.,.F.,.F.,(4,4),(4,4),(0.,1.),(-0.785398163397537,
-0.587660539083344),.UNSPECIFIED.);
#4010=B_SPLINE_SURFACE_WITH_KNOTS('',3,3,((#11085,#11086,#11087,#11088),
(#11089,#11090,#11091,#11092),(#11093,#11094,#11095,#11096),(#11097,#11098,
#11099,#11100)),.UNSPECIFIED.,.F.,.F.,.F.,(4,4),(4,4),(0.,1.),(0.587659570074661,
0.785398163397471),.UNSPECIFIED.);
#4011=B_SPLINE_SURFACE_WITH_KNOTS('',3,3,((#11111,#11112,#11113,#11114),
(#11115,#11116,#11117,#11118),(#11119,#11120,#11121,#11122),(#11123,#11124,
#11125,#11126)),.UNSPECIFIED.,.F.,.F.,.F.,(4,4),(4,4),(0.,1.),(-1.45,-1.44139749455173),
 .UNSPECIFIED.);
#4012=B_SPLINE_SURFACE_WITH_KNOTS('',3,3,((#11131,#11132,#11133,#11134),
(#11135,#11136,#11137,#11138),(#11139,#11140,#11141,#11142),(#11143,#11144,
#11145,#11146)),.UNSPECIFIED.,.F.,.F.,.F.,(4,4),(4,4),(0.,1.),(0.,1.),
 .UNSPECIFIED.);
#4013=B_SPLINE_SURFACE_WITH_KNOTS('',3,3,((#11151,#11152,#11153,#11154),
(#11155,#11156,#11157,#11158),(#11159,#11160,#11161,#11162),(#11163,#11164,
#11165,#11166)),.UNSPECIFIED.,.F.,.F.,.F.,(4,4),(4,4),(0.,1.),(0.,1.),
 .UNSPECIFIED.);
#4014=ADVANCED_FACE('',(#1037),#3954,.T.);
#4015=ADVANCED_FACE('',(#1038),#3955,.F.);
#4016=ADVANCED_FACE('',(#1039),#3956,.T.);
#4017=ADVANCED_FACE('',(#1040),#3957,.F.);
#4018=ADVANCED_FACE('',(#1041),#3958,.T.);
#4019=ADVANCED_FACE('',(#1042),#3959,.F.);
#4020=ADVANCED_FACE('',(#1043),#3960,.T.);
#4021=ADVANCED_FACE('',(#1044),#3961,.F.);
#4022=ADVANCED_FACE('',(#1045),#3962,.F.);
#4023=ADVANCED_FACE('',(#1046),#94,.T.);
#4024=ADVANCED_FACE('',(#1047),#58,.T.);
#4025=ADVANCED_FACE('',(#1048),#59,.T.);
#4026=ADVANCED_FACE('',(#1049),#60,.T.);
#4027=ADVANCED_FACE('',(#1050),#3963,.T.);
#4028=ADVANCED_FACE('',(#1051),#30,.T.);
#4029=ADVANCED_FACE('',(#1052),#95,.T.);
#4030=ADVANCED_FACE('',(#1053),#3964,.T.);
#4031=ADVANCED_FACE('',(#1054),#3965,.T.);
#4032=ADVANCED_FACE('',(#1055),#96,.T.);
#4033=ADVANCED_FACE('',(#1056),#31,.T.);
#4034=ADVANCED_FACE('',(#1057),#97,.T.);
#4035=ADVANCED_FACE('',(#1058),#3966,.T.);
#4036=ADVANCED_FACE('',(#1059),#3967,.T.);
#4037=ADVANCED_FACE('',(#1060),#98,.T.);
#4038=ADVANCED_FACE('',(#1061),#32,.T.);
#4039=ADVANCED_FACE('',(#1062),#3968,.T.);
#4040=ADVANCED_FACE('',(#1063),#3969,.T.);
#4041=ADVANCED_FACE('',(#1064),#3970,.T.);
#4042=ADVANCED_FACE('',(#1065),#3971,.T.);
#4043=ADVANCED_FACE('',(#1066),#3972,.T.);
#4044=ADVANCED_FACE('',(#1067),#3973,.F.);
#4045=ADVANCED_FACE('',(#1068),#3974,.F.);
#4046=ADVANCED_FACE('',(#1069),#61,.T.);
#4047=ADVANCED_FACE('',(#1070),#99,.T.);
#4048=ADVANCED_FACE('',(#1071),#62,.T.);
#4049=ADVANCED_FACE('',(#1072),#100,.T.);
#4050=ADVANCED_FACE('',(#1073),#101,.T.);
#4051=ADVANCED_FACE('',(#1074),#102,.T.);
#4052=ADVANCED_FACE('',(#1075),#63,.T.);
#4053=ADVANCED_FACE('',(#1076),#103,.T.);
#4054=ADVANCED_FACE('',(#1077),#18,.F.);
#4055=ADVANCED_FACE('',(#1078),#19,.F.);
#4056=ADVANCED_FACE('',(#1079),#20,.F.);
#4057=ADVANCED_FACE('',(#1080),#104,.T.);
#4058=ADVANCED_FACE('',(#1081),#105,.T.);
#4059=ADVANCED_FACE('',(#1082),#33,.F.);
#4060=ADVANCED_FACE('',(#1083),#106,.T.);
#4061=ADVANCED_FACE('',(#1084),#107,.T.);
#4062=ADVANCED_FACE('',(#1085),#34,.T.);
#4063=ADVANCED_FACE('',(#1086),#108,.T.);
#4064=ADVANCED_FACE('',(#1087),#35,.T.);
#4065=ADVANCED_FACE('',(#1088),#109,.T.);
#4066=ADVANCED_FACE('',(#1089),#36,.T.);
#4067=ADVANCED_FACE('',(#1090),#110,.T.);
#4068=ADVANCED_FACE('',(#1091),#111,.F.);
#4069=ADVANCED_FACE('',(#1092),#112,.T.);
#4070=ADVANCED_FACE('',(#1093),#64,.F.);
#4071=ADVANCED_FACE('',(#1094),#113,.F.);
#4072=ADVANCED_FACE('',(#1095),#3975,.F.);
#4073=ADVANCED_FACE('',(#1096),#114,.T.);
#4074=ADVANCED_FACE('',(#1097),#65,.T.);
#4075=ADVANCED_FACE('',(#1098),#66,.T.);
#4076=ADVANCED_FACE('',(#1099),#67,.T.);
#4077=ADVANCED_FACE('',(#1100),#3976,.T.);
#4078=ADVANCED_FACE('',(#1101),#37,.T.);
#4079=ADVANCED_FACE('',(#1102),#115,.T.);
#4080=ADVANCED_FACE('',(#1103),#3977,.T.);
#4081=ADVANCED_FACE('',(#1104),#3978,.T.);
#4082=ADVANCED_FACE('',(#1105),#116,.T.);
#4083=ADVANCED_FACE('',(#1106),#38,.T.);
#4084=ADVANCED_FACE('',(#1107),#117,.T.);
#4085=ADVANCED_FACE('',(#1108),#3979,.T.);
#4086=ADVANCED_FACE('',(#1109),#3980,.T.);
#4087=ADVANCED_FACE('',(#1110),#118,.T.);
#4088=ADVANCED_FACE('',(#1111),#39,.T.);
#4089=ADVANCED_FACE('',(#1112),#3981,.T.);
#4090=ADVANCED_FACE('',(#1113),#3982,.T.);
#4091=ADVANCED_FACE('',(#1114),#3983,.T.);
#4092=ADVANCED_FACE('',(#1115),#3984,.T.);
#4093=ADVANCED_FACE('',(#1116),#3985,.T.);
#4094=ADVANCED_FACE('',(#1117),#3986,.F.);
#4095=ADVANCED_FACE('',(#1118),#3987,.F.);
#4096=ADVANCED_FACE('',(#1119),#68,.T.);
#4097=ADVANCED_FACE('',(#1120),#119,.T.);
#4098=ADVANCED_FACE('',(#1121),#69,.T.);
#4099=ADVANCED_FACE('',(#1122),#120,.T.);
#4100=ADVANCED_FACE('',(#1123),#121,.T.);
#4101=ADVANCED_FACE('',(#1124),#122,.T.);
#4102=ADVANCED_FACE('',(#1125),#70,.T.);
#4103=ADVANCED_FACE('',(#1126),#123,.T.);
#4104=ADVANCED_FACE('',(#1127),#21,.F.);
#4105=ADVANCED_FACE('',(#1128),#22,.F.);
#4106=ADVANCED_FACE('',(#1129),#23,.F.);
#4107=ADVANCED_FACE('',(#1130),#124,.T.);
#4108=ADVANCED_FACE('',(#1131),#125,.T.);
#4109=ADVANCED_FACE('',(#1132),#40,.F.);
#4110=ADVANCED_FACE('',(#1133),#126,.T.);
#4111=ADVANCED_FACE('',(#1134),#127,.T.);
#4112=ADVANCED_FACE('',(#1135),#41,.T.);
#4113=ADVANCED_FACE('',(#1136),#128,.T.);
#4114=ADVANCED_FACE('',(#1137),#42,.T.);
#4115=ADVANCED_FACE('',(#1138),#129,.T.);
#4116=ADVANCED_FACE('',(#1139),#43,.T.);
#4117=ADVANCED_FACE('',(#1140),#130,.T.);
#4118=ADVANCED_FACE('',(#1141),#131,.F.);
#4119=ADVANCED_FACE('',(#1142),#132,.T.);
#4120=ADVANCED_FACE('',(#1143),#71,.F.);
#4121=ADVANCED_FACE('',(#1144),#133,.F.);
#4122=ADVANCED_FACE('',(#1145),#3988,.F.);
#4123=ADVANCED_FACE('',(#1146),#134,.T.);
#4124=ADVANCED_FACE('',(#1147),#72,.T.);
#4125=ADVANCED_FACE('',(#1148),#73,.T.);
#4126=ADVANCED_FACE('',(#1149),#74,.T.);
#4127=ADVANCED_FACE('',(#1150),#3989,.T.);
#4128=ADVANCED_FACE('',(#1151),#44,.T.);
#4129=ADVANCED_FACE('',(#1152),#135,.T.);
#4130=ADVANCED_FACE('',(#1153),#3990,.T.);
#4131=ADVANCED_FACE('',(#1154),#3991,.T.);
#4132=ADVANCED_FACE('',(#1155),#136,.T.);
#4133=ADVANCED_FACE('',(#1156),#45,.T.);
#4134=ADVANCED_FACE('',(#1157),#137,.T.);
#4135=ADVANCED_FACE('',(#1158),#3992,.T.);
#4136=ADVANCED_FACE('',(#1159),#3993,.T.);
#4137=ADVANCED_FACE('',(#1160),#138,.T.);
#4138=ADVANCED_FACE('',(#1161),#46,.T.);
#4139=ADVANCED_FACE('',(#1162),#3994,.T.);
#4140=ADVANCED_FACE('',(#1163),#3995,.T.);
#4141=ADVANCED_FACE('',(#1164),#3996,.T.);
#4142=ADVANCED_FACE('',(#1165),#3997,.T.);
#4143=ADVANCED_FACE('',(#1166),#3998,.T.);
#4144=ADVANCED_FACE('',(#1167),#3999,.F.);
#4145=ADVANCED_FACE('',(#1168),#4000,.F.);
#4146=ADVANCED_FACE('',(#1169),#75,.T.);
#4147=ADVANCED_FACE('',(#1170),#139,.T.);
#4148=ADVANCED_FACE('',(#1171),#76,.T.);
#4149=ADVANCED_FACE('',(#1172),#140,.T.);
#4150=ADVANCED_FACE('',(#1173),#141,.T.);
#4151=ADVANCED_FACE('',(#1174),#142,.T.);
#4152=ADVANCED_FACE('',(#1175),#77,.T.);
#4153=ADVANCED_FACE('',(#1176),#143,.T.);
#4154=ADVANCED_FACE('',(#1177),#24,.F.);
#4155=ADVANCED_FACE('',(#1178),#25,.F.);
#4156=ADVANCED_FACE('',(#1179),#26,.F.);
#4157=ADVANCED_FACE('',(#1180),#144,.T.);
#4158=ADVANCED_FACE('',(#1181),#145,.T.);
#4159=ADVANCED_FACE('',(#1182),#47,.F.);
#4160=ADVANCED_FACE('',(#1183),#146,.T.);
#4161=ADVANCED_FACE('',(#1184),#147,.T.);
#4162=ADVANCED_FACE('',(#1185),#48,.T.);
#4163=ADVANCED_FACE('',(#1186),#148,.T.);
#4164=ADVANCED_FACE('',(#1187),#49,.T.);
#4165=ADVANCED_FACE('',(#1188),#149,.T.);
#4166=ADVANCED_FACE('',(#1189),#50,.T.);
#4167=ADVANCED_FACE('',(#1190),#150,.T.);
#4168=ADVANCED_FACE('',(#1191),#151,.F.);
#4169=ADVANCED_FACE('',(#1192),#152,.T.);
#4170=ADVANCED_FACE('',(#1193),#78,.F.);
#4171=ADVANCED_FACE('',(#1194),#153,.F.);
#4172=ADVANCED_FACE('',(#1195),#4001,.F.);
#4173=ADVANCED_FACE('',(#1196),#154,.T.);
#4174=ADVANCED_FACE('',(#1197),#79,.T.);
#4175=ADVANCED_FACE('',(#1198),#80,.T.);
#4176=ADVANCED_FACE('',(#1199),#81,.T.);
#4177=ADVANCED_FACE('',(#1200),#4002,.T.);
#4178=ADVANCED_FACE('',(#1201),#51,.T.);
#4179=ADVANCED_FACE('',(#1202),#155,.T.);
#4180=ADVANCED_FACE('',(#1203),#4003,.T.);
#4181=ADVANCED_FACE('',(#1204),#4004,.T.);
#4182=ADVANCED_FACE('',(#1205),#156,.T.);
#4183=ADVANCED_FACE('',(#1206),#52,.T.);
#4184=ADVANCED_FACE('',(#1207),#157,.T.);
#4185=ADVANCED_FACE('',(#1208),#4005,.T.);
#4186=ADVANCED_FACE('',(#1209),#4006,.T.);
#4187=ADVANCED_FACE('',(#1210),#158,.T.);
#4188=ADVANCED_FACE('',(#1211),#53,.T.);
#4189=ADVANCED_FACE('',(#1212),#4007,.T.);
#4190=ADVANCED_FACE('',(#1213),#4008,.T.);
#4191=ADVANCED_FACE('',(#1214),#4009,.T.);
#4192=ADVANCED_FACE('',(#1215),#4010,.T.);
#4193=ADVANCED_FACE('',(#1216),#4011,.T.);
#4194=ADVANCED_FACE('',(#1217),#4012,.F.);
#4195=ADVANCED_FACE('',(#1218),#4013,.F.);
#4196=ADVANCED_FACE('',(#1219),#82,.T.);
#4197=ADVANCED_FACE('',(#1220),#159,.T.);
#4198=ADVANCED_FACE('',(#1221),#83,.T.);
#4199=ADVANCED_FACE('',(#1222),#160,.T.);
#4200=ADVANCED_FACE('',(#1223),#161,.T.);
#4201=ADVANCED_FACE('',(#1224),#162,.T.);
#4202=ADVANCED_FACE('',(#1225),#84,.T.);
#4203=ADVANCED_FACE('',(#1226),#163,.T.);
#4204=ADVANCED_FACE('',(#1227),#27,.F.);
#4205=ADVANCED_FACE('',(#1228),#28,.F.);
#4206=ADVANCED_FACE('',(#1229),#29,.F.);
#4207=ADVANCED_FACE('',(#1230),#164,.T.);
#4208=ADVANCED_FACE('',(#1231),#165,.T.);
#4209=ADVANCED_FACE('',(#1232),#54,.F.);
#4210=ADVANCED_FACE('',(#1233),#166,.T.);
#4211=ADVANCED_FACE('',(#1234),#167,.T.);
#4212=ADVANCED_FACE('',(#1235),#55,.T.);
#4213=ADVANCED_FACE('',(#1236),#168,.T.);
#4214=ADVANCED_FACE('',(#1237),#56,.T.);
#4215=ADVANCED_FACE('',(#1238),#169,.T.);
#4216=ADVANCED_FACE('',(#1239),#57,.T.);
#4217=ADVANCED_FACE('',(#1240),#170,.T.);
#4218=ADVANCED_FACE('',(#1241),#171,.F.);
#4219=ADVANCED_FACE('',(#1242),#172,.T.);
#4220=ADVANCED_FACE('',(#1243),#85,.F.);
#4221=ADVANCED_FACE('',(#1244),#173,.F.);
#4222=ADVANCED_FACE('',(#1245),#174,.T.);
#4223=ADVANCED_FACE('',(#1246),#175,.T.);
#4224=ADVANCED_FACE('',(#1247),#176,.T.);
#4225=ADVANCED_FACE('',(#1248),#86,.F.);
#4226=ADVANCED_FACE('',(#1249),#177,.T.);
#4227=ADVANCED_FACE('',(#1250),#178,.T.);
#4228=ADVANCED_FACE('',(#1251),#179,.T.);
#4229=ADVANCED_FACE('',(#1252),#180,.T.);
#4230=ADVANCED_FACE('',(#1253),#181,.T.);
#4231=ADVANCED_FACE('',(#1254),#182,.T.);
#4232=ADVANCED_FACE('',(#1255),#87,.F.);
#4233=ADVANCED_FACE('',(#1256),#183,.T.);
#4234=ADVANCED_FACE('',(#1257),#184,.T.);
#4235=ADVANCED_FACE('',(#1258),#185,.T.);
#4236=ADVANCED_FACE('',(#1259),#186,.T.);
#4237=ADVANCED_FACE('',(#1260),#187,.T.);
#4238=ADVANCED_FACE('',(#1261),#88,.F.);
#4239=ADVANCED_FACE('',(#1262),#188,.T.);
#4240=ADVANCED_FACE('',(#1263),#189,.T.);
#4241=ADVANCED_FACE('',(#1264),#190,.T.);
#4242=ADVANCED_FACE('',(#1265),#89,.F.);
#4243=ADVANCED_FACE('',(#1266),#191,.T.);
#4244=ADVANCED_FACE('',(#1267),#192,.T.);
#4245=ADVANCED_FACE('',(#1268),#193,.T.);
#4246=ADVANCED_FACE('',(#1269),#194,.T.);
#4247=ADVANCED_FACE('',(#1270),#90,.T.);
#4248=ADVANCED_FACE('',(#1271),#195,.T.);
#4249=ADVANCED_FACE('',(#1272),#91,.T.);
#4250=ADVANCED_FACE('',(#1273),#196,.T.);
#4251=ADVANCED_FACE('',(#1274),#197,.T.);
#4252=ADVANCED_FACE('',(#1275),#198,.T.);
#4253=ADVANCED_FACE('',(#1276),#199,.T.);
#4254=ADVANCED_FACE('',(#1277,#15),#200,.F.);
#4255=ADVANCED_FACE('',(#1278,#16),#201,.T.);
#4256=ADVANCED_FACE('',(#1279),#202,.T.);
#4257=ADVANCED_FACE('',(#1280),#92,.T.);
#4258=ADVANCED_FACE('',(#1281),#203,.T.);
#4259=ADVANCED_FACE('',(#1282),#93,.T.);
#4260=ADVANCED_FACE('',(#1283,#17),#204,.F.);
#4261=CLOSED_SHELL('',(#4014,#4015,#4016,#4017,#4018,#4019,#4020,#4021,
#4022,#4023,#4024,#4025,#4026,#4027,#4028,#4029,#4030,#4031,#4032,#4033,
#4034,#4035,#4036,#4037,#4038,#4039,#4040,#4041,#4042,#4043,#4044,#4045,
#4046,#4047,#4048,#4049,#4050,#4051,#4052,#4053,#4054,#4055,#4056,#4057,
#4058,#4059,#4060,#4061,#4062,#4063,#4064,#4065,#4066,#4067,#4068,#4069,
#4070,#4071,#4072,#4073,#4074,#4075,#4076,#4077,#4078,#4079,#4080,#4081,
#4082,#4083,#4084,#4085,#4086,#4087,#4088,#4089,#4090,#4091,#4092,#4093,
#4094,#4095,#4096,#4097,#4098,#4099,#4100,#4101,#4102,#4103,#4104,#4105,
#4106,#4107,#4108,#4109,#4110,#4111,#4112,#4113,#4114,#4115,#4116,#4117,
#4118,#4119,#4120,#4121,#4122,#4123,#4124,#4125,#4126,#4127,#4128,#4129,
#4130,#4131,#4132,#4133,#4134,#4135,#4136,#4137,#4138,#4139,#4140,#4141,
#4142,#4143,#4144,#4145,#4146,#4147,#4148,#4149,#4150,#4151,#4152,#4153,
#4154,#4155,#4156,#4157,#4158,#4159,#4160,#4161,#4162,#4163,#4164,#4165,
#4166,#4167,#4168,#4169,#4170,#4171,#4172,#4173,#4174,#4175,#4176,#4177,
#4178,#4179,#4180,#4181,#4182,#4183,#4184,#4185,#4186,#4187,#4188,#4189,
#4190,#4191,#4192,#4193,#4194,#4195,#4196,#4197,#4198,#4199,#4200,#4201,
#4202,#4203,#4204,#4205,#4206,#4207,#4208,#4209,#4210,#4211,#4212,#4213,
#4214,#4215,#4216,#4217,#4218,#4219,#4220,#4221,#4222,#4223,#4224,#4225,
#4226,#4227,#4228,#4229,#4230,#4231,#4232,#4233,#4234,#4235,#4236,#4237,
#4238,#4239,#4240,#4241,#4242,#4243,#4244,#4245,#4246,#4247,#4248,#4249,
#4250,#4251,#4252,#4253,#4254,#4255,#4256,#4257,#4258,#4259,#4260));
#4262=DERIVED_UNIT_ELEMENT(#4264,1.);
#4263=DERIVED_UNIT_ELEMENT(#11457,-3.);
#4264=(
MASS_UNIT()
NAMED_UNIT(*)
SI_UNIT(.KILO.,.GRAM.)
);
#4265=DERIVED_UNIT((#4262,#4263));
#4266=MEASURE_REPRESENTATION_ITEM('density measure',
POSITIVE_RATIO_MEASURE(7850.),#4265);
#4267=PROPERTY_DEFINITION_REPRESENTATION(#4272,#4269);
#4268=PROPERTY_DEFINITION_REPRESENTATION(#4273,#4270);
#4269=REPRESENTATION('material name',(#4271),#11454);
#4270=REPRESENTATION('density',(#4266),#11454);
#4271=DESCRIPTIVE_REPRESENTATION_ITEM('Steel','Steel');
#4272=PROPERTY_DEFINITION('material property','material name',#11464);
#4273=PROPERTY_DEFINITION('material property','density of part',#11464);
#4274=AXIS2_PLACEMENT_3D('',#5554,#4582,#4583);
#4275=AXIS2_PLACEMENT_3D('',#6436,#4586,#4587);
#4276=AXIS2_PLACEMENT_3D('',#6438,#4588,#4589);
#4277=AXIS2_PLACEMENT_3D('',#6440,#4590,#4591);
#4278=AXIS2_PLACEMENT_3D('',#7230,#4596,#4597);
#4279=AXIS2_PLACEMENT_3D('',#7232,#4598,#4599);
#4280=AXIS2_PLACEMENT_3D('',#7234,#4600,#4601);
#4281=AXIS2_PLACEMENT_3D('',#8024,#4606,#4607);
#4282=AXIS2_PLACEMENT_3D('',#8026,#4608,#4609);
#4283=AXIS2_PLACEMENT_3D('',#8028,#4610,#4611);
#4284=AXIS2_PLACEMENT_3D('',#8913,#4616,#4617);
#4285=AXIS2_PLACEMENT_3D('',#8915,#4618,#4619);
#4286=AXIS2_PLACEMENT_3D('',#8917,#4620,#4621);
#4287=AXIS2_PLACEMENT_3D('',#8990,#4626,#4627);
#4288=AXIS2_PLACEMENT_3D('',#8994,#4630,#4631);
#4289=AXIS2_PLACEMENT_3D('',#8995,#4632,#4633);
#4290=AXIS2_PLACEMENT_3D('',#9021,#4638,#4639);
#4291=AXIS2_PLACEMENT_3D('',#9024,#4641,#4642);
#4292=AXIS2_PLACEMENT_3D('',#9025,#4643,#4644);
#4293=AXIS2_PLACEMENT_3D('',#9028,#4646,#4647);
#4294=AXIS2_PLACEMENT_3D('',#9029,#4648,#4649);
#4295=AXIS2_PLACEMENT_3D('',#9032,#4651,#4652);
#4296=AXIS2_PLACEMENT_3D('',#9075,#4654,#4655);
#4297=AXIS2_PLACEMENT_3D('',#9080,#4657,#4658);
#4298=AXIS2_PLACEMENT_3D('',#9083,#4660,#4661);
#4299=AXIS2_PLACEMENT_3D('',#9084,#4662,#4663);
#4300=AXIS2_PLACEMENT_3D('',#9144,#4669,#4670);
#4301=AXIS2_PLACEMENT_3D('',#9150,#4674,#4675);
#4302=AXIS2_PLACEMENT_3D('',#9152,#4676,#4677);
#4303=AXIS2_PLACEMENT_3D('',#9155,#4679,#4680);
#4304=AXIS2_PLACEMENT_3D('',#9156,#4681,#4682);
#4305=AXIS2_PLACEMENT_3D('',#9219,#4689,#4690);
#4306=AXIS2_PLACEMENT_3D('',#9222,#4693,#4694);
#4307=AXIS2_PLACEMENT_3D('',#9226,#4696,#4697);
#4308=AXIS2_PLACEMENT_3D('',#9227,#4698,#4699);
#4309=AXIS2_PLACEMENT_3D('',#9420,#4703,#4704);
#4310=AXIS2_PLACEMENT_3D('',#9423,#4706,#4707);
#4311=AXIS2_PLACEMENT_3D('',#9424,#4708,#4709);
#4312=AXIS2_PLACEMENT_3D('',#9428,#4712,#4713);
#4313=AXIS2_PLACEMENT_3D('',#9431,#4715,#4716);
#4314=AXIS2_PLACEMENT_3D('',#9432,#4717,#4718);
#4315=AXIS2_PLACEMENT_3D('',#9436,#4721,#4722);
#4316=AXIS2_PLACEMENT_3D('',#9437,#4723,#4724);
#4317=AXIS2_PLACEMENT_3D('',#9438,#4725,#4726);
#4318=AXIS2_PLACEMENT_3D('',#9439,#4727,#4728);
#4319=AXIS2_PLACEMENT_3D('',#9440,#4729,#4730);
#4320=AXIS2_PLACEMENT_3D('',#9443,#4732,#4733);
#4321=AXIS2_PLACEMENT_3D('',#9444,#4734,#4735);
#4322=AXIS2_PLACEMENT_3D('',#9448,#4738,#4739);
#4323=AXIS2_PLACEMENT_3D('',#9449,#4740,#4741);
#4324=AXIS2_PLACEMENT_3D('',#9450,#4742,#4743);
#4325=AXIS2_PLACEMENT_3D('',#9451,#4744,#4745);
#4326=AXIS2_PLACEMENT_3D('',#9452,#4746,#4747);
#4327=AXIS2_PLACEMENT_3D('',#9453,#4748,#4749);
#4328=AXIS2_PLACEMENT_3D('',#9454,#4750,#4751);
#4329=AXIS2_PLACEMENT_3D('',#9455,#4752,#4753);
#4330=AXIS2_PLACEMENT_3D('',#9463,#4758,#4759);
#4331=AXIS2_PLACEMENT_3D('',#9467,#4761,#4762);
#4332=AXIS2_PLACEMENT_3D('',#9468,#4763,#4764);
#4333=AXIS2_PLACEMENT_3D('',#9469,#4765,#4766);
#4334=AXIS2_PLACEMENT_3D('',#9474,#4770,#4771);
#4335=AXIS2_PLACEMENT_3D('',#9478,#4774,#4775);
#4336=AXIS2_PLACEMENT_3D('',#9481,#4777,#4778);
#4337=AXIS2_PLACEMENT_3D('',#9482,#4779,#4780);
#4338=AXIS2_PLACEMENT_3D('',#9486,#4783,#4784);
#4339=AXIS2_PLACEMENT_3D('',#9489,#4786,#4787);
#4340=AXIS2_PLACEMENT_3D('',#9490,#4788,#4789);
#4341=AXIS2_PLACEMENT_3D('',#9494,#4792,#4793);
#4342=AXIS2_PLACEMENT_3D('',#9497,#4795,#4796);
#4343=AXIS2_PLACEMENT_3D('',#9498,#4797,#4798);
#4344=AXIS2_PLACEMENT_3D('',#9500,#4800,#4801);
#4345=AXIS2_PLACEMENT_3D('',#9502,#4803,#4804);
#4346=AXIS2_PLACEMENT_3D('',#9503,#4805,#4806);
#4347=AXIS2_PLACEMENT_3D('',#9505,#4808,#4809);
#4348=AXIS2_PLACEMENT_3D('',#9575,#4812,#4813);
#4349=AXIS2_PLACEMENT_3D('',#9579,#4816,#4817);
#4350=AXIS2_PLACEMENT_3D('',#9580,#4818,#4819);
#4351=AXIS2_PLACEMENT_3D('',#9606,#4824,#4825);
#4352=AXIS2_PLACEMENT_3D('',#9609,#4827,#4828);
#4353=AXIS2_PLACEMENT_3D('',#9610,#4829,#4830);
#4354=AXIS2_PLACEMENT_3D('',#9613,#4832,#4833);
#4355=AXIS2_PLACEMENT_3D('',#9614,#4834,#4835);
#4356=AXIS2_PLACEMENT_3D('',#9617,#4837,#4838);
#4357=AXIS2_PLACEMENT_3D('',#9660,#4840,#4841);
#4358=AXIS2_PLACEMENT_3D('',#9665,#4843,#4844);
#4359=AXIS2_PLACEMENT_3D('',#9668,#4846,#4847);
#4360=AXIS2_PLACEMENT_3D('',#9669,#4848,#4849);
#4361=AXIS2_PLACEMENT_3D('',#9729,#4855,#4856);
#4362=AXIS2_PLACEMENT_3D('',#9735,#4860,#4861);
#4363=AXIS2_PLACEMENT_3D('',#9737,#4862,#4863);
#4364=AXIS2_PLACEMENT_3D('',#9740,#4865,#4866);
#4365=AXIS2_PLACEMENT_3D('',#9741,#4867,#4868);
#4366=AXIS2_PLACEMENT_3D('',#9804,#4875,#4876);
#4367=AXIS2_PLACEMENT_3D('',#9807,#4879,#4880);
#4368=AXIS2_PLACEMENT_3D('',#9811,#4882,#4883);
#4369=AXIS2_PLACEMENT_3D('',#9812,#4884,#4885);
#4370=AXIS2_PLACEMENT_3D('',#10005,#4889,#4890);
#4371=AXIS2_PLACEMENT_3D('',#10008,#4892,#4893);
#4372=AXIS2_PLACEMENT_3D('',#10009,#4894,#4895);
#4373=AXIS2_PLACEMENT_3D('',#10013,#4898,#4899);
#4374=AXIS2_PLACEMENT_3D('',#10016,#4901,#4902);
#4375=AXIS2_PLACEMENT_3D('',#10017,#4903,#4904);
#4376=AXIS2_PLACEMENT_3D('',#10021,#4907,#4908);
#4377=AXIS2_PLACEMENT_3D('',#10022,#4909,#4910);
#4378=AXIS2_PLACEMENT_3D('',#10023,#4911,#4912);
#4379=AXIS2_PLACEMENT_3D('',#10024,#4913,#4914);
#4380=AXIS2_PLACEMENT_3D('',#10025,#4915,#4916);
#4381=AXIS2_PLACEMENT_3D('',#10028,#4918,#4919);
#4382=AXIS2_PLACEMENT_3D('',#10029,#4920,#4921);
#4383=AXIS2_PLACEMENT_3D('',#10033,#4924,#4925);
#4384=AXIS2_PLACEMENT_3D('',#10034,#4926,#4927);
#4385=AXIS2_PLACEMENT_3D('',#10035,#4928,#4929);
#4386=AXIS2_PLACEMENT_3D('',#10036,#4930,#4931);
#4387=AXIS2_PLACEMENT_3D('',#10037,#4932,#4933);
#4388=AXIS2_PLACEMENT_3D('',#10038,#4934,#4935);
#4389=AXIS2_PLACEMENT_3D('',#10039,#4936,#4937);
#4390=AXIS2_PLACEMENT_3D('',#10040,#4938,#4939);
#4391=AXIS2_PLACEMENT_3D('',#10048,#4944,#4945);
#4392=AXIS2_PLACEMENT_3D('',#10052,#4947,#4948);
#4393=AXIS2_PLACEMENT_3D('',#10053,#4949,#4950);
#4394=AXIS2_PLACEMENT_3D('',#10054,#4951,#4952);
#4395=AXIS2_PLACEMENT_3D('',#10059,#4956,#4957);
#4396=AXIS2_PLACEMENT_3D('',#10063,#4960,#4961);
#4397=AXIS2_PLACEMENT_3D('',#10066,#4963,#4964);
#4398=AXIS2_PLACEMENT_3D('',#10067,#4965,#4966);
#4399=AXIS2_PLACEMENT_3D('',#10071,#4969,#4970);
#4400=AXIS2_PLACEMENT_3D('',#10074,#4972,#4973);
#4401=AXIS2_PLACEMENT_3D('',#10075,#4974,#4975);
#4402=AXIS2_PLACEMENT_3D('',#10079,#4978,#4979);
#4403=AXIS2_PLACEMENT_3D('',#10082,#4981,#4982);
#4404=AXIS2_PLACEMENT_3D('',#10083,#4983,#4984);
#4405=AXIS2_PLACEMENT_3D('',#10085,#4986,#4987);
#4406=AXIS2_PLACEMENT_3D('',#10087,#4989,#4990);
#4407=AXIS2_PLACEMENT_3D('',#10088,#4991,#4992);
#4408=AXIS2_PLACEMENT_3D('',#10090,#4994,#4995);
#4409=AXIS2_PLACEMENT_3D('',#10160,#4998,#4999);
#4410=AXIS2_PLACEMENT_3D('',#10164,#5002,#5003);
#4411=AXIS2_PLACEMENT_3D('',#10165,#5004,#5005);
#4412=AXIS2_PLACEMENT_3D('',#10191,#5010,#5011);
#4413=AXIS2_PLACEMENT_3D('',#10194,#5013,#5014);
#4414=AXIS2_PLACEMENT_3D('',#10195,#5015,#5016);
#4415=AXIS2_PLACEMENT_3D('',#10198,#5018,#5019);
#4416=AXIS2_PLACEMENT_3D('',#10199,#5020,#5021);
#4417=AXIS2_PLACEMENT_3D('',#10202,#5023,#5024);
#4418=AXIS2_PLACEMENT_3D('',#10245,#5026,#5027);
#4419=AXIS2_PLACEMENT_3D('',#10250,#5029,#5030);
#4420=AXIS2_PLACEMENT_3D('',#10253,#5032,#5033);
#4421=AXIS2_PLACEMENT_3D('',#10254,#5034,#5035);
#4422=AXIS2_PLACEMENT_3D('',#10314,#5041,#5042);
#4423=AXIS2_PLACEMENT_3D('',#10320,#5046,#5047);
#4424=AXIS2_PLACEMENT_3D('',#10322,#5048,#5049);
#4425=AXIS2_PLACEMENT_3D('',#10325,#5051,#5052);
#4426=AXIS2_PLACEMENT_3D('',#10326,#5053,#5054);
#4427=AXIS2_PLACEMENT_3D('',#10389,#5061,#5062);
#4428=AXIS2_PLACEMENT_3D('',#10392,#5065,#5066);
#4429=AXIS2_PLACEMENT_3D('',#10396,#5068,#5069);
#4430=AXIS2_PLACEMENT_3D('',#10397,#5070,#5071);
#4431=AXIS2_PLACEMENT_3D('',#10590,#5075,#5076);
#4432=AXIS2_PLACEMENT_3D('',#10593,#5078,#5079);
#4433=AXIS2_PLACEMENT_3D('',#10594,#5080,#5081);
#4434=AXIS2_PLACEMENT_3D('',#10598,#5084,#5085);
#4435=AXIS2_PLACEMENT_3D('',#10601,#5087,#5088);
#4436=AXIS2_PLACEMENT_3D('',#10602,#5089,#5090);
#4437=AXIS2_PLACEMENT_3D('',#10606,#5093,#5094);
#4438=AXIS2_PLACEMENT_3D('',#10607,#5095,#5096);
#4439=AXIS2_PLACEMENT_3D('',#10608,#5097,#5098);
#4440=AXIS2_PLACEMENT_3D('',#10609,#5099,#5100);
#4441=AXIS2_PLACEMENT_3D('',#10610,#5101,#5102);
#4442=AXIS2_PLACEMENT_3D('',#10613,#5104,#5105);
#4443=AXIS2_PLACEMENT_3D('',#10614,#5106,#5107);
#4444=AXIS2_PLACEMENT_3D('',#10618,#5110,#5111);
#4445=AXIS2_PLACEMENT_3D('',#10619,#5112,#5113);
#4446=AXIS2_PLACEMENT_3D('',#10620,#5114,#5115);
#4447=AXIS2_PLACEMENT_3D('',#10621,#5116,#5117);
#4448=AXIS2_PLACEMENT_3D('',#10622,#5118,#5119);
#4449=AXIS2_PLACEMENT_3D('',#10623,#5120,#5121);
#4450=AXIS2_PLACEMENT_3D('',#10624,#5122,#5123);
#4451=AXIS2_PLACEMENT_3D('',#10625,#5124,#5125);
#4452=AXIS2_PLACEMENT_3D('',#10633,#5130,#5131);
#4453=AXIS2_PLACEMENT_3D('',#10637,#5133,#5134);
#4454=AXIS2_PLACEMENT_3D('',#10638,#5135,#5136);
#4455=AXIS2_PLACEMENT_3D('',#10639,#5137,#5138);
#4456=AXIS2_PLACEMENT_3D('',#10644,#5142,#5143);
#4457=AXIS2_PLACEMENT_3D('',#10648,#5146,#5147);
#4458=AXIS2_PLACEMENT_3D('',#10651,#5149,#5150);
#4459=AXIS2_PLACEMENT_3D('',#10652,#5151,#5152);
#4460=AXIS2_PLACEMENT_3D('',#10656,#5155,#5156);
#4461=AXIS2_PLACEMENT_3D('',#10659,#5158,#5159);
#4462=AXIS2_PLACEMENT_3D('',#10660,#5160,#5161);
#4463=AXIS2_PLACEMENT_3D('',#10664,#5164,#5165);
#4464=AXIS2_PLACEMENT_3D('',#10667,#5167,#5168);
#4465=AXIS2_PLACEMENT_3D('',#10668,#5169,#5170);
#4466=AXIS2_PLACEMENT_3D('',#10670,#5172,#5173);
#4467=AXIS2_PLACEMENT_3D('',#10672,#5175,#5176);
#4468=AXIS2_PLACEMENT_3D('',#10673,#5177,#5178);
#4469=AXIS2_PLACEMENT_3D('',#10675,#5180,#5181);
#4470=AXIS2_PLACEMENT_3D('',#10745,#5184,#5185);
#4471=AXIS2_PLACEMENT_3D('',#10749,#5188,#5189);
#4472=AXIS2_PLACEMENT_3D('',#10750,#5190,#5191);
#4473=AXIS2_PLACEMENT_3D('',#10776,#5196,#5197);
#4474=AXIS2_PLACEMENT_3D('',#10779,#5199,#5200);
#4475=AXIS2_PLACEMENT_3D('',#10780,#5201,#5202);
#4476=AXIS2_PLACEMENT_3D('',#10783,#5204,#5205);
#4477=AXIS2_PLACEMENT_3D('',#10784,#5206,#5207);
#4478=AXIS2_PLACEMENT_3D('',#10787,#5209,#5210);
#4479=AXIS2_PLACEMENT_3D('',#10830,#5212,#5213);
#4480=AXIS2_PLACEMENT_3D('',#10835,#5215,#5216);
#4481=AXIS2_PLACEMENT_3D('',#10838,#5218,#5219);
#4482=AXIS2_PLACEMENT_3D('',#10839,#5220,#5221);
#4483=AXIS2_PLACEMENT_3D('',#10899,#5227,#5228);
#4484=AXIS2_PLACEMENT_3D('',#10905,#5232,#5233);
#4485=AXIS2_PLACEMENT_3D('',#10907,#5234,#5235);
#4486=AXIS2_PLACEMENT_3D('',#10910,#5237,#5238);
#4487=AXIS2_PLACEMENT_3D('',#10911,#5239,#5240);
#4488=AXIS2_PLACEMENT_3D('',#10974,#5247,#5248);
#4489=AXIS2_PLACEMENT_3D('',#10977,#5251,#5252);
#4490=AXIS2_PLACEMENT_3D('',#10981,#5254,#5255);
#4491=AXIS2_PLACEMENT_3D('',#10982,#5256,#5257);
#4492=AXIS2_PLACEMENT_3D('',#11175,#5261,#5262);
#4493=AXIS2_PLACEMENT_3D('',#11178,#5264,#5265);
#4494=AXIS2_PLACEMENT_3D('',#11179,#5266,#5267);
#4495=AXIS2_PLACEMENT_3D('',#11183,#5270,#5271);
#4496=AXIS2_PLACEMENT_3D('',#11186,#5273,#5274);
#4497=AXIS2_PLACEMENT_3D('',#11187,#5275,#5276);
#4498=AXIS2_PLACEMENT_3D('',#11191,#5279,#5280);
#4499=AXIS2_PLACEMENT_3D('',#11192,#5281,#5282);
#4500=AXIS2_PLACEMENT_3D('',#11193,#5283,#5284);
#4501=AXIS2_PLACEMENT_3D('',#11194,#5285,#5286);
#4502=AXIS2_PLACEMENT_3D('',#11195,#5287,#5288);
#4503=AXIS2_PLACEMENT_3D('',#11198,#5290,#5291);
#4504=AXIS2_PLACEMENT_3D('',#11199,#5292,#5293);
#4505=AXIS2_PLACEMENT_3D('',#11203,#5296,#5297);
#4506=AXIS2_PLACEMENT_3D('',#11204,#5298,#5299);
#4507=AXIS2_PLACEMENT_3D('',#11205,#5300,#5301);
#4508=AXIS2_PLACEMENT_3D('',#11206,#5302,#5303);
#4509=AXIS2_PLACEMENT_3D('',#11207,#5304,#5305);
#4510=AXIS2_PLACEMENT_3D('',#11208,#5306,#5307);
#4511=AXIS2_PLACEMENT_3D('',#11209,#5308,#5309);
#4512=AXIS2_PLACEMENT_3D('',#11210,#5310,#5311);
#4513=AXIS2_PLACEMENT_3D('',#11218,#5316,#5317);
#4514=AXIS2_PLACEMENT_3D('',#11222,#5319,#5320);
#4515=AXIS2_PLACEMENT_3D('',#11223,#5321,#5322);
#4516=AXIS2_PLACEMENT_3D('',#11224,#5323,#5324);
#4517=AXIS2_PLACEMENT_3D('',#11229,#5328,#5329);
#4518=AXIS2_PLACEMENT_3D('',#11233,#5332,#5333);
#4519=AXIS2_PLACEMENT_3D('',#11236,#5335,#5336);
#4520=AXIS2_PLACEMENT_3D('',#11237,#5337,#5338);
#4521=AXIS2_PLACEMENT_3D('',#11241,#5341,#5342);
#4522=AXIS2_PLACEMENT_3D('',#11244,#5344,#5345);
#4523=AXIS2_PLACEMENT_3D('',#11245,#5346,#5347);
#4524=AXIS2_PLACEMENT_3D('',#11249,#5350,#5351);
#4525=AXIS2_PLACEMENT_3D('',#11252,#5353,#5354);
#4526=AXIS2_PLACEMENT_3D('',#11253,#5355,#5356);
#4527=AXIS2_PLACEMENT_3D('',#11255,#5358,#5359);
#4528=AXIS2_PLACEMENT_3D('',#11257,#5361,#5362);
#4529=AXIS2_PLACEMENT_3D('',#11258,#5363,#5364);
#4530=AXIS2_PLACEMENT_3D('',#11260,#5366,#5367);
#4531=AXIS2_PLACEMENT_3D('',#11261,#5368,#5369);
#4532=AXIS2_PLACEMENT_3D('',#11269,#5374,#5375);
#4533=AXIS2_PLACEMENT_3D('',#11277,#5380,#5381);
#4534=AXIS2_PLACEMENT_3D('',#11281,#5384,#5385);
#4535=AXIS2_PLACEMENT_3D('',#11283,#5386,#5387);
#4536=AXIS2_PLACEMENT_3D('',#11285,#5389,#5390);
#4537=AXIS2_PLACEMENT_3D('',#11287,#5392,#5393);
#4538=AXIS2_PLACEMENT_3D('',#11293,#5397,#5398);
#4539=AXIS2_PLACEMENT_3D('',#11299,#5402,#5403);
#4540=AXIS2_PLACEMENT_3D('',#11307,#5408,#5409);
#4541=AXIS2_PLACEMENT_3D('',#11312,#5413,#5414);
#4542=AXIS2_PLACEMENT_3D('',#11316,#5417,#5418);
#4543=AXIS2_PLACEMENT_3D('',#11318,#5419,#5420);
#4544=AXIS2_PLACEMENT_3D('',#11320,#5422,#5423);
#4545=AXIS2_PLACEMENT_3D('',#11322,#5425,#5426);
#4546=AXIS2_PLACEMENT_3D('',#11328,#5430,#5431);
#4547=AXIS2_PLACEMENT_3D('',#11333,#5435,#5436);
#4548=AXIS2_PLACEMENT_3D('',#11341,#5441,#5442);
#4549=AXIS2_PLACEMENT_3D('',#11345,#5445,#5446);
#4550=AXIS2_PLACEMENT_3D('',#11347,#5447,#5448);
#4551=AXIS2_PLACEMENT_3D('',#11349,#5450,#5451);
#4552=AXIS2_PLACEMENT_3D('',#11351,#5453,#5454);
#4553=AXIS2_PLACEMENT_3D('',#11356,#5458,#5459);
#4554=AXIS2_PLACEMENT_3D('',#11360,#5462,#5463);
#4555=AXIS2_PLACEMENT_3D('',#11362,#5464,#5465);
#4556=AXIS2_PLACEMENT_3D('',#11364,#5467,#5468);
#4557=AXIS2_PLACEMENT_3D('',#11368,#5471,#5472);
#4558=AXIS2_PLACEMENT_3D('',#11374,#5476,#5477);
#4559=AXIS2_PLACEMENT_3D('',#11377,#5480,#5481);
#4560=AXIS2_PLACEMENT_3D('',#11386,#5486,#5487);
#4561=AXIS2_PLACEMENT_3D('',#11388,#5488,#5489);
#4562=AXIS2_PLACEMENT_3D('',#11391,#5491,#5492);
#4563=AXIS2_PLACEMENT_3D('',#11392,#5493,#5494);
#4564=AXIS2_PLACEMENT_3D('',#11398,#5498,#5499);
#4565=AXIS2_PLACEMENT_3D('',#11400,#5500,#5501);
#4566=AXIS2_PLACEMENT_3D('',#11403,#5503,#5504);
#4567=AXIS2_PLACEMENT_3D('',#11404,#5505,#5506);
#4568=AXIS2_PLACEMENT_3D('',#11413,#5511,#5512);
#4569=AXIS2_PLACEMENT_3D('',#11419,#5516,#5517);
#4570=AXIS2_PLACEMENT_3D('',#11425,#5521,#5522);
#4571=AXIS2_PLACEMENT_3D('',#11428,#5525,#5526);
#4572=AXIS2_PLACEMENT_3D('',#11431,#5527,#5528);
#4573=AXIS2_PLACEMENT_3D('',#11434,#5530,#5531);
#4574=AXIS2_PLACEMENT_3D('',#11436,#5533,#5534);
#4575=AXIS2_PLACEMENT_3D('',#11439,#5535,#5536);
#4576=AXIS2_PLACEMENT_3D('',#11442,#5538,#5539);
#4577=AXIS2_PLACEMENT_3D('',#11444,#5541,#5542);
#4578=AXIS2_PLACEMENT_3D('',#11447,#5545,#5546);
#4579=AXIS2_PLACEMENT_3D('',#11448,#5547,#5548);
#4580=AXIS2_PLACEMENT_3D('',#11450,#5550,#5551);
#4581=AXIS2_PLACEMENT_3D('',#11451,#5552,#5553);
#4582=DIRECTION('axis',(0.,0.,1.));
#4583=DIRECTION('refdir',(1.,0.,0.));
#4584=DIRECTION('',(-9.01365379566159E-5,0.,-0.999999995937702));
#4585=DIRECTION('',(0.,-1.,0.));
#4586=DIRECTION('center_axis',(0.,0.,-1.));
#4587=DIRECTION('ref_axis',(0.67082035881926,-0.741619879853284,0.));
#4588=DIRECTION('center_axis',(0.,0.,-1.));
#4589=DIRECTION('ref_axis',(-7.40148683083438E-16,-1.,0.));
#4590=DIRECTION('center_axis',(0.,0.,-1.));
#4591=DIRECTION('ref_axis',(-0.741619887890374,0.670820349933922,0.));
#4592=DIRECTION('',(1.,0.,0.));
#4593=DIRECTION('',(0.,-9.01365970505915E-5,-0.999999995937697));
#4594=DIRECTION('',(2.77380629624103E-17,9.013653795706E-5,-0.999999995937702));
#4595=DIRECTION('',(-1.,-1.94289029309402E-16,-2.77555756156267E-17));
#4596=DIRECTION('center_axis',(2.77555756156266E-17,4.44089209850063E-16,
-1.));
#4597=DIRECTION('ref_axis',(-0.741619879853284,-0.67082035881926,-3.184881697527E-16));
#4598=DIRECTION('center_axis',(2.77555756156266E-17,4.44089209850063E-16,
-1.));
#4599=DIRECTION('ref_axis',(-1.,5.45859653774036E-16,-2.77555756156264E-17));
#4600=DIRECTION('center_axis',(2.77555756156266E-17,4.44089209850063E-16,
-1.));
#4601=DIRECTION('ref_axis',(0.670820349933922,0.741619887890374,3.4796439496942E-16));
#4602=DIRECTION('',(1.94289029309402E-16,-1.,-4.44089209850063E-16));
#4603=DIRECTION('',(-9.01365970505638E-5,4.44071695494091E-16,-0.999999995937697));
#4604=DIRECTION('',(9.01365379566437E-5,-2.77166726451304E-16,-0.999999995937702));
#4605=DIRECTION('',(-4.3159920082303E-15,1.,-2.77555756156288E-16));
#4606=DIRECTION('center_axis',(2.77555756156301E-17,-2.77555756156288E-16,
-1.));
#4607=DIRECTION('ref_axis',(-0.670820358819263,0.741619879853281,-2.24459871726925E-16));
#4608=DIRECTION('center_axis',(2.77555756156301E-17,-2.77555756156288E-16,
-1.));
#4609=DIRECTION('ref_axis',(-3.57584332514686E-15,1.,-2.77555756156288E-16));
#4610=DIRECTION('center_axis',(2.77555756156301E-17,-2.77555756156288E-16,
-1.));
#4611=DIRECTION('ref_axis',(0.741619887890377,-0.670820349933918,2.06774136347331E-16));
#4612=DIRECTION('',(-1.,-4.3159920082303E-15,-2.77555756156289E-17));
#4613=DIRECTION('',(2.73665466703591E-17,9.0136597050314E-5,-0.999999995937697));
#4614=DIRECTION('',(-3.8277409873273E-19,-9.01365379573376E-5,-0.999999995937702));
#4615=DIRECTION('',(1.,-4.24660306919122E-15,3.1708510604391E-30));
#4616=DIRECTION('center_axis',(1.06311332930128E-31,-7.21644966006352E-16,
-1.));
#4617=DIRECTION('ref_axis',(0.741619879853287,0.670820358819257,-4.84094135036491E-16));
#4618=DIRECTION('center_axis',(1.06311332930128E-31,-7.21644966006352E-16,
-1.));
#4619=DIRECTION('ref_axis',(1.,-4.98675175227466E-15,3.70497563168249E-30));
#4620=DIRECTION('center_axis',(1.06311332930128E-31,-7.21644966006352E-16,
-1.));
#4621=DIRECTION('ref_axis',(-0.670820349933925,-0.741619887890371,5.35186258786281E-16));
#4622=DIRECTION('',(4.24660306919122E-15,1.,-7.21644966006352E-16));
#4623=DIRECTION('',(9.01365970505915E-5,-7.22027737424493E-16,-0.999999995937697));
#4624=DIRECTION('',(1.94289029309402E-16,-1.,-4.44089209850063E-16));
#4625=DIRECTION('',(-8.91473772060376E-15,-1.,0.));
#4626=DIRECTION('center_axis',(0.,0.,1.));
#4627=DIRECTION('ref_axis',(-1.48029736616687E-15,1.,0.));
#4628=DIRECTION('',(-1.,0.,0.));
#4629=DIRECTION('',(-1.,-3.58766514439055E-16,-2.77555756156268E-17));
#4630=DIRECTION('center_axis',(-2.77555756156266E-17,-4.44089209850063E-16,
1.));
#4631=DIRECTION('ref_axis',(-3.15488376164315E-15,1.,4.44089209850063E-16));
#4632=DIRECTION('center_axis',(1.,1.94289029309402E-16,2.77555756156267E-17));
#4633=DIRECTION('ref_axis',(1.94289029309402E-16,-1.,-4.44089209850063E-16));
#4634=DIRECTION('',(2.77555756156267E-17,4.44089209850063E-16,-1.));
#4635=DIRECTION('',(2.77555756156267E-17,4.44089209850063E-16,-1.));
#4636=DIRECTION('',(-1.94289029309402E-16,1.,4.44089209850063E-16));
#4637=DIRECTION('',(2.77555756156267E-17,4.44089209850063E-16,-1.));
#4638=DIRECTION('center_axis',(-2.77555756156266E-17,-4.44089209850063E-16,
1.));
#4639=DIRECTION('ref_axis',(0.670820349933922,0.741619887890374,3.4796439496942E-16));
#4640=DIRECTION('',(-2.77555756156267E-17,-4.44089209850063E-16,1.));
#4641=DIRECTION('center_axis',(-2.77555756156266E-17,-4.44089209850063E-16,
1.));
#4642=DIRECTION('ref_axis',(0.670820349933922,0.741619887890374,3.4796439496942E-16));
#4643=DIRECTION('center_axis',(-2.77555756156266E-17,-4.44089209850063E-16,
1.));
#4644=DIRECTION('ref_axis',(-1.,5.45859653774036E-16,-2.77555756156264E-17));
#4645=DIRECTION('',(2.77555756156267E-17,4.44089209850063E-16,-1.));
#4646=DIRECTION('center_axis',(-2.77555756156266E-17,-4.44089209850063E-16,
1.));
#4647=DIRECTION('ref_axis',(-0.707106789658381,0.707106772714714,2.94392332005819E-16));
#4648=DIRECTION('center_axis',(-2.77555756156266E-17,-4.44089209850063E-16,
1.));
#4649=DIRECTION('ref_axis',(-0.741619879853284,-0.67082035881926,-3.184881697527E-16));
#4650=DIRECTION('',(-2.77555756156267E-17,-4.44089209850063E-16,1.));
#4651=DIRECTION('center_axis',(-2.77555756156266E-17,-4.44089209850063E-16,
1.));
#4652=DIRECTION('ref_axis',(-0.741619879853284,-0.67082035881926,-3.184881697527E-16));
#4653=DIRECTION('',(0.702082455635753,-1.79827079094325E-16,0.712095657540805));
#4654=DIRECTION('center_axis',(-2.77555756156266E-17,-4.44089209850063E-16,
1.));
#4655=DIRECTION('ref_axis',(-0.70710678118656,-0.707106781186535,-3.33644647470295E-16));
#4656=DIRECTION('',(-0.138912219970432,-0.693327768910848,0.707106781186541));
#4657=DIRECTION('center_axis',(2.77555756156266E-17,4.44089209850063E-16,
-1.));
#4658=DIRECTION('ref_axis',(-0.70710678118656,-0.707106781186535,-3.33644647470295E-16));
#4659=DIRECTION('',(0.707106781186577,4.51401581871578E-16,-0.707106781186518));
#4660=DIRECTION('center_axis',(-2.77555756156266E-17,-4.44089209850063E-16,
1.));
#4661=DIRECTION('ref_axis',(-0.70710678118656,-0.707106781186535,-3.33644647470295E-16));
#4662=DIRECTION('center_axis',(-0.707106781186541,1.76635401601929E-16,
-0.707106781186554));
#4663=DIRECTION('ref_axis',(-1.94289029309402E-16,1.,4.44089209850063E-16));
#4664=DIRECTION('',(0.707106781186554,4.51401581871584E-16,-0.707106781186541));
#4665=DIRECTION('',(1.94289029309402E-16,-1.,-4.44089209850063E-16));
#4666=DIRECTION('',(-1.94289029309402E-16,1.,4.44089209850063E-16));
#4667=DIRECTION('',(0.695456275790264,4.5422800483235E-16,-0.718568415993867));
#4668=DIRECTION('',(0.707106781186554,4.51401581871584E-16,-0.707106781186541));
#4669=DIRECTION('center_axis',(-0.707106781186541,1.76635401601929E-16,
-0.707106781186554));
#4670=DIRECTION('ref_axis',(-1.94289029309402E-16,1.,4.44089209850063E-16));
#4671=DIRECTION('',(-1.94289029309402E-16,1.,4.44089209850063E-16));
#4672=DIRECTION('',(0.707106781186554,4.51401581871584E-16,-0.707106781186541));
#4673=DIRECTION('',(1.94289029309402E-16,-1.,-4.44089209850063E-16));
#4674=DIRECTION('center_axis',(-2.77555756156266E-17,-4.44089209850063E-16,
1.));
#4675=DIRECTION('ref_axis',(-0.707106781186548,0.707106781186547,2.94392336003209E-16));
#4676=DIRECTION('center_axis',(2.77555756156266E-17,4.44089209850063E-16,
-1.));
#4677=DIRECTION('ref_axis',(-0.707106781186548,0.707106781186547,2.94392336003209E-16));
#4678=DIRECTION('',(1.57009245868381E-16,-0.707106781186577,-0.707106781186518));
#4679=DIRECTION('center_axis',(-2.77555756156266E-17,-4.44089209850063E-16,
1.));
#4680=DIRECTION('ref_axis',(-0.707106781186548,0.707106781186547,2.94392336003209E-16));
#4681=DIRECTION('center_axis',(-1.17756934401284E-16,0.707106781186543,
-0.707106781186552));
#4682=DIRECTION('ref_axis',(-1.57009245868377E-16,0.707106781186552,0.707106781186543));
#4683=DIRECTION('',(-1.57009245868377E-16,0.707106781186552,0.707106781186543));
#4684=DIRECTION('',(1.,1.94289029309402E-16,2.77555756156267E-17));
#4685=DIRECTION('',(1.57009245868377E-16,-0.707106781186552,-0.707106781186543));
#4686=DIRECTION('',(-1.,-1.94289029309402E-16,-2.77555756156267E-17));
#4687=DIRECTION('',(-1.55063800265042E-16,0.695456248969493,0.71856844195197));
#4688=DIRECTION('',(-1.57009245868377E-16,0.707106781186552,0.707106781186543));
#4689=DIRECTION('center_axis',(-1.17756934401284E-16,0.707106781186543,
-0.707106781186552));
#4690=DIRECTION('ref_axis',(-1.57009245868377E-16,0.707106781186552,0.707106781186543));
#4691=DIRECTION('',(-1.,-1.94289029309402E-16,-2.77555756156267E-17));
#4692=DIRECTION('',(1.,1.94289029309402E-16,2.77555756156267E-17));
#4693=DIRECTION('center_axis',(-2.77555756156266E-17,-4.44089209850063E-16,
1.));
#4694=DIRECTION('ref_axis',(0.70710678118656,0.707106781186535,3.33644647470295E-16));
#4695=DIRECTION('',(-0.693327634303381,-0.138912891810961,-0.707106781186543));
#4696=DIRECTION('center_axis',(-2.77555756156266E-17,-4.44089209850063E-16,
1.));
#4697=DIRECTION('ref_axis',(0.70710678118656,0.707106781186535,3.33644647470295E-16));
#4698=DIRECTION('center_axis',(2.77555756156266E-17,4.44089209850063E-16,
-1.));
#4699=DIRECTION('ref_axis',(0.70710678118656,0.707106781186535,3.33644647470295E-16));
#4700=DIRECTION('',(4.97743188596535E-14,0.702082455635764,-0.712095657540794));
#4701=DIRECTION('',(5.00811163075929E-14,0.706483288035204,-0.707729725055382));
#4702=DIRECTION('',(-0.706483282318676,-2.49223340188213E-14,-0.707729730761842));
#4703=DIRECTION('center_axis',(-2.77555756156266E-17,-4.44089209850063E-16,
1.));
#4704=DIRECTION('ref_axis',(0.70710678118656,0.707106781186535,3.33644647470295E-16));
#4705=DIRECTION('',(-2.77555756156267E-17,-4.44089209850063E-16,1.));
#4706=DIRECTION('center_axis',(-2.77555756156266E-17,-4.44089209850063E-16,
1.));
#4707=DIRECTION('ref_axis',(0.70710678118656,0.707106781186535,3.33644647470295E-16));
#4708=DIRECTION('center_axis',(-1.94289029309402E-16,1.,4.44089209850063E-16));
#4709=DIRECTION('ref_axis',(-1.,-1.94289029309402E-16,-2.77555756156267E-17));
#4710=DIRECTION('',(2.77555756156267E-17,4.44089209850063E-16,-1.));
#4711=DIRECTION('',(-1.,-1.94289029309402E-16,-2.77555756156267E-17));
#4712=DIRECTION('center_axis',(-2.77555756156266E-17,-4.44089209850063E-16,
1.));
#4713=DIRECTION('ref_axis',(-0.707106781186548,0.707106781186547,2.94392336003209E-16));
#4714=DIRECTION('',(-2.77555756156267E-17,-4.44089209850063E-16,1.));
#4715=DIRECTION('center_axis',(-2.77555756156266E-17,-4.44089209850063E-16,
1.));
#4716=DIRECTION('ref_axis',(-0.707106781186548,0.707106781186547,2.94392336003209E-16));
#4717=DIRECTION('center_axis',(-1.,-1.94289029309402E-16,-2.77555756156267E-17));
#4718=DIRECTION('ref_axis',(1.94289029309402E-16,-1.,-4.44089209850063E-16));
#4719=DIRECTION('',(2.77555756156267E-17,4.44089209850063E-16,-1.));
#4720=DIRECTION('',(1.94289029309402E-16,-1.,-4.44089209850063E-16));
#4721=DIRECTION('center_axis',(2.77555756156266E-17,4.44089209850063E-16,
-1.));
#4722=DIRECTION('ref_axis',(1.94289029309402E-16,-1.,-4.44089209850063E-16));
#4723=DIRECTION('center_axis',(2.77555756156266E-17,4.44089209850063E-16,
-1.));
#4724=DIRECTION('ref_axis',(-0.741619879853284,-0.67082035881926,-3.184881697527E-16));
#4725=DIRECTION('center_axis',(2.77555756156266E-17,4.44089209850063E-16,
-1.));
#4726=DIRECTION('ref_axis',(1.94289029309402E-16,-1.,-4.44089209850063E-16));
#4727=DIRECTION('center_axis',(2.77555756156266E-17,4.44089209850063E-16,
-1.));
#4728=DIRECTION('ref_axis',(-0.707106789658382,0.707106772714713,2.94392332005819E-16));
#4729=DIRECTION('center_axis',(-2.77555756156266E-17,-4.44089209850063E-16,
1.));
#4730=DIRECTION('ref_axis',(-0.70710678118656,-0.707106781186535,-3.33644647470295E-16));
#4731=DIRECTION('',(-2.77555756156267E-17,-4.44089209850063E-16,1.));
#4732=DIRECTION('center_axis',(-2.77555756156266E-17,-4.44089209850063E-16,
1.));
#4733=DIRECTION('ref_axis',(-0.70710678118656,-0.707106781186535,-3.33644647470295E-16));
#4734=DIRECTION('center_axis',(1.94289029309402E-16,-1.,-4.44089209850063E-16));
#4735=DIRECTION('ref_axis',(-1.,-1.94289029309402E-16,-2.77555756156267E-17));
#4736=DIRECTION('',(-2.77555756156267E-17,-4.44089209850063E-16,1.));
#4737=DIRECTION('',(1.,1.94289029309402E-16,2.77555756156267E-17));
#4738=DIRECTION('center_axis',(-2.77555756156266E-17,-4.44089209850063E-16,
1.));
#4739=DIRECTION('ref_axis',(0.,-1.,-4.44089209850063E-16));
#4740=DIRECTION('center_axis',(0.100000092387202,0.994987427821353,4.44638740757753E-16));
#4741=DIRECTION('ref_axis',(-2.77555756156266E-17,-4.44089209850063E-16,
1.));
#4742=DIRECTION('center_axis',(-2.77555756156266E-17,-4.44089209850063E-16,
1.));
#4743=DIRECTION('ref_axis',(0.,-1.,-4.44089209850063E-16));
#4744=DIRECTION('center_axis',(0.994987425425153,0.10000011622906,7.20254213240633E-17));
#4745=DIRECTION('ref_axis',(-2.77555756156266E-17,-4.44089209850063E-16,
1.));
#4746=DIRECTION('center_axis',(2.77555756156266E-17,4.44089209850063E-16,
-1.));
#4747=DIRECTION('ref_axis',(0.,1.,4.44089209850063E-16));
#4748=DIRECTION('center_axis',(2.77555756156266E-17,4.44089209850063E-16,
-1.));
#4749=DIRECTION('ref_axis',(0.670820349933922,0.741619887890374,3.4796439496942E-16));
#4750=DIRECTION('center_axis',(2.77555756156266E-17,4.44089209850063E-16,
-1.));
#4751=DIRECTION('ref_axis',(1.94289029309402E-16,-1.,-4.44089209850063E-16));
#4752=DIRECTION('center_axis',(2.34060079488971E-16,-0.707106781186545,
0.70710678118655));
#4753=DIRECTION('ref_axis',(1.57009245868376E-16,-0.70710678118655,-0.707106781186545));
#4754=DIRECTION('',(-1.,-3.58766514439055E-16,-2.77555756156268E-17));
#4755=DIRECTION('',(1.57009245868376E-16,-0.707106781186547,-0.707106781186548));
#4756=DIRECTION('',(1.,3.58766514439055E-16,2.77555756156268E-17));
#4757=DIRECTION('',(0.577350269189616,-0.577350269189636,-0.577350269189626));
#4758=DIRECTION('center_axis',(-2.77555756156266E-17,-4.44089209850063E-16,
1.));
#4759=DIRECTION('ref_axis',(-3.15488376164316E-15,1.,4.44089209850063E-16));
#4760=DIRECTION('',(0.707106781186554,4.51401581871584E-16,-0.707106781186541));
#4761=DIRECTION('center_axis',(2.77555756156266E-17,4.44089209850063E-16,
-1.));
#4762=DIRECTION('ref_axis',(-3.15488376164315E-15,1.,4.44089209850063E-16));
#4763=DIRECTION('center_axis',(-2.77555756156266E-17,-4.44089209850063E-16,
1.));
#4764=DIRECTION('ref_axis',(-3.15488376164316E-15,1.,4.44089209850063E-16));
#4765=DIRECTION('center_axis',(0.70710678118657,-1.76635401601911E-16,0.707106781186526));
#4766=DIRECTION('ref_axis',(1.94289029309402E-16,-1.,-4.44089209850063E-16));
#4767=DIRECTION('',(-1.94289029309402E-16,1.,4.44089209850063E-16));
#4768=DIRECTION('',(1.94289029309402E-16,-1.,-4.44089209850063E-16));
#4769=DIRECTION('',(0.577350269189602,-0.577350269189642,-0.577350269189633));
#4770=DIRECTION('center_axis',(1.17756934401284E-16,-0.707106781186543,
0.707106781186552));
#4771=DIRECTION('ref_axis',(1.57009245868377E-16,-0.707106781186552,-0.707106781186543));
#4772=DIRECTION('',(-1.,-1.94289029309402E-16,-2.77555756156267E-17));
#4773=DIRECTION('',(1.57009245868377E-16,-0.707106781186552,-0.707106781186543));
#4774=DIRECTION('center_axis',(2.77555756156266E-17,4.44089209850063E-16,
-1.));
#4775=DIRECTION('ref_axis',(-0.70710678118656,-0.707106781186535,-3.33644647470295E-16));
#4776=DIRECTION('',(-0.707106781186577,1.76635401601906E-16,-0.707106781186518));
#4777=DIRECTION('center_axis',(2.77555756156266E-17,4.44089209850063E-16,
-1.));
#4778=DIRECTION('ref_axis',(-0.70710678118656,-0.707106781186535,-3.33644647470295E-16));
#4779=DIRECTION('center_axis',(-0.707106781186568,-4.5140158187158E-16,
0.707106781186527));
#4780=DIRECTION('ref_axis',(1.94289029309402E-16,-1.,-4.44089209850063E-16));
#4781=DIRECTION('',(-0.707106781186527,1.76635401601938E-16,-0.707106781186568));
#4782=DIRECTION('',(-1.94289029309402E-16,1.,4.44089209850063E-16));
#4783=DIRECTION('center_axis',(2.77555756156266E-17,4.44089209850063E-16,
-1.));
#4784=DIRECTION('ref_axis',(-0.707106781186548,0.707106781186547,2.94392336003209E-16));
#4785=DIRECTION('',(-1.17756934401291E-16,0.707106781186578,-0.707106781186517));
#4786=DIRECTION('center_axis',(2.77555756156266E-17,4.44089209850063E-16,
-1.));
#4787=DIRECTION('ref_axis',(-0.707106781186548,0.707106781186547,2.94392336003209E-16));
#4788=DIRECTION('center_axis',(-1.57009245868375E-16,0.707106781186543,
0.707106781186553));
#4789=DIRECTION('ref_axis',(1.17756934401286E-16,-0.707106781186553,0.707106781186543));
#4790=DIRECTION('',(-1.17756934401286E-16,0.707106781186552,-0.707106781186542));
#4791=DIRECTION('',(1.,1.94289029309402E-16,2.77555756156267E-17));
#4792=DIRECTION('center_axis',(2.77555756156266E-17,4.44089209850063E-16,
-1.));
#4793=DIRECTION('ref_axis',(0.70710678118656,0.707106781186535,3.33644647470295E-16));
#4794=DIRECTION('',(0.707106781186565,4.51401581871581E-16,-0.70710678118653));
#4795=DIRECTION('center_axis',(2.77555756156266E-17,4.44089209850063E-16,
-1.));
#4796=DIRECTION('ref_axis',(0.70710678118656,0.707106781186535,3.33644647470295E-16));
#4797=DIRECTION('center_axis',(0.707106781186555,-1.7663540160192E-16,0.70710678118654));
#4798=DIRECTION('ref_axis',(1.94289029309402E-16,-1.,-4.44089209850063E-16));
#4799=DIRECTION('',(1.94289029309402E-16,-1.,-4.44089209850063E-16));
#4800=DIRECTION('center_axis',(-3.58766514439055E-16,1.,4.44089209850063E-16));
#4801=DIRECTION('ref_axis',(1.,3.58766514439055E-16,2.77555756156268E-17));
#4802=DIRECTION('',(2.77555756156267E-17,4.44089209850063E-16,-1.));
#4803=DIRECTION('center_axis',(-2.77555756156266E-17,-4.44089209850063E-16,
1.));
#4804=DIRECTION('ref_axis',(1.94289029309402E-16,-1.,-4.44089209850063E-16));
#4805=DIRECTION('center_axis',(2.77555756156266E-17,4.44089209850063E-16,
-1.));
#4806=DIRECTION('ref_axis',(-3.15488376164315E-15,1.,4.44089209850063E-16));
#4807=DIRECTION('',(2.77555756156267E-17,4.44089209850063E-16,-1.));
#4808=DIRECTION('center_axis',(-1.,-1.94289029309402E-16,-2.77555756156267E-17));
#4809=DIRECTION('ref_axis',(-1.94289029309402E-16,1.,4.44089209850063E-16));
#4810=DIRECTION('',(1.,0.,0.));
#4811=DIRECTION('',(1.,1.78294754412075E-14,0.));
#4812=DIRECTION('center_axis',(0.,0.,1.));
#4813=DIRECTION('ref_axis',(-1.,-4.44089209850062E-15,0.));
#4814=DIRECTION('',(0.,-1.,0.));
#4815=DIRECTION('',(1.64477485129653E-16,-1.,0.));
#4816=DIRECTION('center_axis',(0.,0.,1.));
#4817=DIRECTION('ref_axis',(-1.,-2.96059473233375E-15,0.));
#4818=DIRECTION('center_axis',(0.,1.,0.));
#4819=DIRECTION('ref_axis',(1.,0.,0.));
#4820=DIRECTION('',(0.,0.,-1.));
#4821=DIRECTION('',(0.,0.,-1.));
#4822=DIRECTION('',(-1.,0.,0.));
#4823=DIRECTION('',(0.,0.,-1.));
#4824=DIRECTION('center_axis',(0.,0.,1.));
#4825=DIRECTION('ref_axis',(-0.741619887890374,0.670820349933922,0.));
#4826=DIRECTION('',(0.,0.,1.));
#4827=DIRECTION('center_axis',(0.,0.,1.));
#4828=DIRECTION('ref_axis',(-0.741619887890374,0.670820349933922,0.));
#4829=DIRECTION('center_axis',(0.,0.,1.));
#4830=DIRECTION('ref_axis',(-7.40148683083438E-16,-1.,0.));
#4831=DIRECTION('',(0.,0.,-1.));
#4832=DIRECTION('center_axis',(0.,0.,1.));
#4833=DIRECTION('ref_axis',(-0.707106772714714,-0.707106789658381,0.));
#4834=DIRECTION('center_axis',(0.,0.,1.));
#4835=DIRECTION('ref_axis',(0.67082035881926,-0.741619879853284,0.));
#4836=DIRECTION('',(0.,0.,1.));
#4837=DIRECTION('center_axis',(0.,0.,1.));
#4838=DIRECTION('ref_axis',(0.67082035881926,-0.741619879853284,0.));
#4839=DIRECTION('',(0.,0.702082455635753,0.712095657540805));
#4840=DIRECTION('center_axis',(0.,0.,1.));
#4841=DIRECTION('ref_axis',(0.707106781186535,-0.70710678118656,0.));
#4842=DIRECTION('',(0.693327768910848,-0.138912219970433,0.707106781186542));
#4843=DIRECTION('center_axis',(0.,0.,-1.));
#4844=DIRECTION('ref_axis',(0.707106781186535,-0.70710678118656,0.));
#4845=DIRECTION('',(0.,0.707106781186577,-0.707106781186518));
#4846=DIRECTION('center_axis',(0.,0.,1.));
#4847=DIRECTION('ref_axis',(0.707106781186535,-0.70710678118656,0.));
#4848=DIRECTION('center_axis',(0.,-0.707106781186541,-0.707106781186554));
#4849=DIRECTION('ref_axis',(-1.,0.,0.));
#4850=DIRECTION('',(0.,0.707106781186554,-0.707106781186541));
#4851=DIRECTION('',(1.,0.,0.));
#4852=DIRECTION('',(-1.,0.,0.));
#4853=DIRECTION('',(0.,0.695456275790264,-0.718568415993867));
#4854=DIRECTION('',(0.,0.707106781186554,-0.707106781186541));
#4855=DIRECTION('center_axis',(0.,-0.707106781186541,-0.707106781186554));
#4856=DIRECTION('ref_axis',(-1.,0.,0.));
#4857=DIRECTION('',(-1.,0.,0.));
#4858=DIRECTION('',(0.,0.707106781186554,-0.707106781186541));
#4859=DIRECTION('',(1.,0.,0.));
#4860=DIRECTION('center_axis',(0.,0.,1.));
#4861=DIRECTION('ref_axis',(-0.707106781186548,-0.707106781186548,0.));
#4862=DIRECTION('center_axis',(0.,0.,-1.));
#4863=DIRECTION('ref_axis',(-0.707106781186548,-0.707106781186548,0.));
#4864=DIRECTION('',(0.707106781186577,0.,-0.707106781186518));
#4865=DIRECTION('center_axis',(0.,0.,1.));
#4866=DIRECTION('ref_axis',(-0.707106781186548,-0.707106781186548,0.));
#4867=DIRECTION('center_axis',(-0.707106781186543,0.,-0.707106781186552));
#4868=DIRECTION('ref_axis',(-0.707106781186552,0.,0.707106781186543));
#4869=DIRECTION('',(-0.707106781186552,0.,0.707106781186543));
#4870=DIRECTION('',(0.,1.,0.));
#4871=DIRECTION('',(0.707106781186552,0.,-0.707106781186543));
#4872=DIRECTION('',(0.,-1.,0.));
#4873=DIRECTION('',(-0.695456248969494,0.,0.71856844195197));
#4874=DIRECTION('',(-0.707106781186552,0.,0.707106781186543));
#4875=DIRECTION('center_axis',(-0.707106781186543,0.,-0.707106781186552));
#4876=DIRECTION('ref_axis',(-0.707106781186552,0.,0.707106781186543));
#4877=DIRECTION('',(0.,-1.,0.));
#4878=DIRECTION('',(0.,1.,0.));
#4879=DIRECTION('center_axis',(0.,0.,1.));
#4880=DIRECTION('ref_axis',(-0.707106781186535,0.70710678118656,0.));
#4881=DIRECTION('',(0.138912891810961,-0.693327634303381,-0.707106781186543));
#4882=DIRECTION('center_axis',(0.,0.,1.));
#4883=DIRECTION('ref_axis',(-0.707106781186535,0.70710678118656,0.));
#4884=DIRECTION('center_axis',(0.,0.,-1.));
#4885=DIRECTION('ref_axis',(-0.707106781186535,0.70710678118656,0.));
#4886=DIRECTION('',(-0.702082455635764,4.98909611535857E-14,-0.712095657540794));
#4887=DIRECTION('',(-0.706483288035204,5.01987348139494E-14,-0.707729725055383));
#4888=DIRECTION('',(2.50993672045977E-14,-0.706483282318676,-0.707729730761842));
#4889=DIRECTION('center_axis',(0.,0.,1.));
#4890=DIRECTION('ref_axis',(-0.707106781186535,0.70710678118656,0.));
#4891=DIRECTION('',(0.,0.,1.));
#4892=DIRECTION('center_axis',(0.,0.,1.));
#4893=DIRECTION('ref_axis',(-0.707106781186535,0.70710678118656,0.));
#4894=DIRECTION('center_axis',(-1.,0.,0.));
#4895=DIRECTION('ref_axis',(0.,-1.,0.));
#4896=DIRECTION('',(0.,0.,-1.));
#4897=DIRECTION('',(0.,-1.,0.));
#4898=DIRECTION('center_axis',(0.,0.,1.));
#4899=DIRECTION('ref_axis',(-0.707106781186548,-0.707106781186548,0.));
#4900=DIRECTION('',(0.,0.,1.));
#4901=DIRECTION('center_axis',(0.,0.,1.));
#4902=DIRECTION('ref_axis',(-0.707106781186548,-0.707106781186548,0.));
#4903=DIRECTION('center_axis',(0.,-1.,0.));
#4904=DIRECTION('ref_axis',(1.,0.,0.));
#4905=DIRECTION('',(0.,0.,-1.));
#4906=DIRECTION('',(1.,0.,0.));
#4907=DIRECTION('center_axis',(0.,0.,-1.));
#4908=DIRECTION('ref_axis',(1.,0.,0.));
#4909=DIRECTION('center_axis',(0.,0.,-1.));
#4910=DIRECTION('ref_axis',(0.67082035881926,-0.741619879853284,0.));
#4911=DIRECTION('center_axis',(0.,0.,-1.));
#4912=DIRECTION('ref_axis',(1.,0.,0.));
#4913=DIRECTION('center_axis',(0.,0.,-1.));
#4914=DIRECTION('ref_axis',(-0.707106772714714,-0.707106789658381,0.));
#4915=DIRECTION('center_axis',(0.,0.,1.));
#4916=DIRECTION('ref_axis',(0.707106781186535,-0.70710678118656,0.));
#4917=DIRECTION('',(0.,0.,1.));
#4918=DIRECTION('center_axis',(0.,0.,1.));
#4919=DIRECTION('ref_axis',(0.707106781186535,-0.70710678118656,0.));
#4920=DIRECTION('center_axis',(1.,0.,0.));
#4921=DIRECTION('ref_axis',(0.,-1.,0.));
#4922=DIRECTION('',(0.,0.,1.));
#4923=DIRECTION('',(0.,1.,0.));
#4924=DIRECTION('center_axis',(0.,0.,1.));
#4925=DIRECTION('ref_axis',(1.,0.,0.));
#4926=DIRECTION('center_axis',(-0.994987427821353,0.100000092387202,0.));
#4927=DIRECTION('ref_axis',(0.,0.,1.));
#4928=DIRECTION('center_axis',(0.,0.,1.));
#4929=DIRECTION('ref_axis',(1.,0.,0.));
#4930=DIRECTION('center_axis',(-0.10000011622906,0.994987425425153,0.));
#4931=DIRECTION('ref_axis',(0.,0.,1.));
#4932=DIRECTION('center_axis',(0.,0.,-1.));
#4933=DIRECTION('ref_axis',(-1.,0.,0.));
#4934=DIRECTION('center_axis',(0.,0.,-1.));
#4935=DIRECTION('ref_axis',(-0.741619887890374,0.670820349933922,0.));
#4936=DIRECTION('center_axis',(0.,0.,-1.));
#4937=DIRECTION('ref_axis',(1.,0.,0.));
#4938=DIRECTION('center_axis',(0.707106781186544,1.16303145087687E-16,0.707106781186551));
#4939=DIRECTION('ref_axis',(0.707106781186551,0.,-0.707106781186544));
#4940=DIRECTION('',(1.64477485129653E-16,-1.,0.));
#4941=DIRECTION('',(0.707106781186547,0.,-0.707106781186547));
#4942=DIRECTION('',(-1.64477485129653E-16,1.,0.));
#4943=DIRECTION('',(0.577350269189636,0.577350269189616,-0.577350269189626));
#4944=DIRECTION('center_axis',(0.,0.,1.));
#4945=DIRECTION('ref_axis',(-1.,-2.96059473233375E-15,0.));
#4946=DIRECTION('',(0.,0.707106781186554,-0.707106781186541));
#4947=DIRECTION('center_axis',(0.,0.,-1.));
#4948=DIRECTION('ref_axis',(-1.,-2.96059473233375E-15,0.));
#4949=DIRECTION('center_axis',(0.,0.,1.));
#4950=DIRECTION('ref_axis',(-1.,-2.96059473233375E-15,0.));
#4951=DIRECTION('center_axis',(0.,0.70710678118657,0.707106781186526));
#4952=DIRECTION('ref_axis',(1.,0.,0.));
#4953=DIRECTION('',(-1.,0.,0.));
#4954=DIRECTION('',(1.,0.,0.));
#4955=DIRECTION('',(0.577350269189643,0.577350269189602,-0.577350269189633));
#4956=DIRECTION('center_axis',(0.707106781186543,0.,0.707106781186552));
#4957=DIRECTION('ref_axis',(0.707106781186552,0.,-0.707106781186543));
#4958=DIRECTION('',(0.,-1.,0.));
#4959=DIRECTION('',(0.707106781186552,0.,-0.707106781186543));
#4960=DIRECTION('center_axis',(0.,0.,-1.));
#4961=DIRECTION('ref_axis',(0.707106781186535,-0.70710678118656,0.));
#4962=DIRECTION('',(0.,-0.707106781186577,-0.707106781186518));
#4963=DIRECTION('center_axis',(0.,0.,-1.));
#4964=DIRECTION('ref_axis',(0.707106781186535,-0.70710678118656,0.));
#4965=DIRECTION('center_axis',(0.,-0.707106781186568,0.707106781186527));
#4966=DIRECTION('ref_axis',(1.,0.,0.));
#4967=DIRECTION('',(0.,-0.707106781186527,-0.707106781186568));
#4968=DIRECTION('',(-1.,0.,0.));
#4969=DIRECTION('center_axis',(0.,0.,-1.));
#4970=DIRECTION('ref_axis',(-0.707106781186548,-0.707106781186548,0.));
#4971=DIRECTION('',(-0.707106781186577,0.,-0.707106781186518));
#4972=DIRECTION('center_axis',(0.,0.,-1.));
#4973=DIRECTION('ref_axis',(-0.707106781186548,-0.707106781186548,0.));
#4974=DIRECTION('center_axis',(-0.707106781186543,0.,0.707106781186552));
#4975=DIRECTION('ref_axis',(0.707106781186552,0.,0.707106781186543));
#4976=DIRECTION('',(-0.707106781186552,0.,-0.707106781186543));
#4977=DIRECTION('',(0.,1.,0.));
#4978=DIRECTION('center_axis',(0.,0.,-1.));
#4979=DIRECTION('ref_axis',(-0.707106781186535,0.70710678118656,0.));
#4980=DIRECTION('',(0.,0.707106781186565,-0.70710678118653));
#4981=DIRECTION('center_axis',(0.,0.,-1.));
#4982=DIRECTION('ref_axis',(-0.707106781186535,0.70710678118656,0.));
#4983=DIRECTION('center_axis',(0.,0.707106781186555,0.70710678118654));
#4984=DIRECTION('ref_axis',(1.,0.,0.));
#4985=DIRECTION('',(1.,0.,0.));
#4986=DIRECTION('center_axis',(-1.,-1.64477485129653E-16,0.));
#4987=DIRECTION('ref_axis',(-1.64477485129653E-16,1.,0.));
#4988=DIRECTION('',(0.,0.,-1.));
#4989=DIRECTION('center_axis',(0.,0.,1.));
#4990=DIRECTION('ref_axis',(1.,0.,0.));
#4991=DIRECTION('center_axis',(0.,0.,-1.));
#4992=DIRECTION('ref_axis',(-1.,-2.96059473233375E-15,0.));
#4993=DIRECTION('',(0.,0.,-1.));
#4994=DIRECTION('center_axis',(0.,-1.,0.));
#4995=DIRECTION('ref_axis',(-1.,0.,0.));
#4996=DIRECTION('',(4.24660306919122E-15,1.,-7.21644966006352E-16));
#4997=DIRECTION('',(-8.91473772060376E-15,1.,0.));
#4998=DIRECTION('center_axis',(0.,0.,1.));
#4999=DIRECTION('ref_axis',(-4.44089209850063E-15,-1.,0.));
#5000=DIRECTION('',(1.,0.,0.));
#5001=DIRECTION('',(1.,-4.08212558406157E-15,3.0521567112739E-30));
#5002=DIRECTION('center_axis',(-1.06311332930128E-31,7.21644966006352E-16,
1.));
#5003=DIRECTION('ref_axis',(-1.28600833685747E-15,-1.,7.21644966006352E-16));
#5004=DIRECTION('center_axis',(-1.,4.24660306919122E-15,-3.1708510604391E-30));
#5005=DIRECTION('ref_axis',(4.24660306919122E-15,1.,-7.21644966006352E-16));
#5006=DIRECTION('',(1.06311332930128E-31,-7.21644966006352E-16,-1.));
#5007=DIRECTION('',(1.06311332930128E-31,-7.21644966006352E-16,-1.));
#5008=DIRECTION('',(-4.24660306919122E-15,-1.,7.21644966006352E-16));
#5009=DIRECTION('',(1.06311332930128E-31,-7.21644966006352E-16,-1.));
#5010=DIRECTION('center_axis',(-1.06311332930128E-31,7.21644966006352E-16,
1.));
#5011=DIRECTION('ref_axis',(-0.670820349933925,-0.741619887890371,5.35186258786281E-16));
#5012=DIRECTION('',(-1.06311332930128E-31,7.21644966006352E-16,1.));
#5013=DIRECTION('center_axis',(-1.06311332930128E-31,7.21644966006352E-16,
1.));
#5014=DIRECTION('ref_axis',(-0.670820349933925,-0.741619887890371,5.35186258786281E-16));
#5015=DIRECTION('center_axis',(-1.06311332930128E-31,7.21644966006352E-16,
1.));
#5016=DIRECTION('ref_axis',(1.,-4.98675175227466E-15,3.70497563168249E-30));
#5017=DIRECTION('',(1.06311332930128E-31,-7.21644966006352E-16,-1.));
#5018=DIRECTION('center_axis',(-1.06311332930128E-31,7.21644966006352E-16,
1.));
#5019=DIRECTION('ref_axis',(0.707106789658378,-0.707106772714716,5.10280042958573E-16));
#5020=DIRECTION('center_axis',(-1.06311332930128E-31,7.21644966006352E-16,
1.));
#5021=DIRECTION('ref_axis',(0.741619879853287,0.670820358819257,-4.84094135036491E-16));
#5022=DIRECTION('',(-1.06311332930128E-31,7.21644966006352E-16,1.));
#5023=DIRECTION('center_axis',(-1.06311332930128E-31,7.21644966006352E-16,
1.));
#5024=DIRECTION('ref_axis',(0.741619879853287,0.670820358819257,-4.84094135036491E-16));
#5025=DIRECTION('',(-0.702082455635753,3.4953457575074E-15,0.712095657540805));
#5026=DIRECTION('center_axis',(-1.06311332930128E-31,7.21644966006352E-16,
1.));
#5027=DIRECTION('ref_axis',(0.707106781186563,0.707106781186532,-5.10280049072216E-16));
#5028=DIRECTION('',(0.138912219970436,0.693327768910848,0.707106781186541));
#5029=DIRECTION('center_axis',(1.06311332930128E-31,-7.21644966006352E-16,
-1.));
#5030=DIRECTION('ref_axis',(0.707106781186563,0.707106781186532,-5.10280049072216E-16));
#5031=DIRECTION('',(-0.707106781186577,2.49252177816064E-15,-0.707106781186518));
#5032=DIRECTION('center_axis',(-1.06311332930128E-31,7.21644966006352E-16,
1.));
#5033=DIRECTION('ref_axis',(0.707106781186563,0.707106781186532,-5.10280049072216E-16));
#5034=DIRECTION('center_axis',(0.707106781186541,-3.51308187630492E-15,
-0.707106781186554));
#5035=DIRECTION('ref_axis',(-4.24660306919122E-15,-1.,7.21644966006352E-16));
#5036=DIRECTION('',(-0.707106781186554,2.49252177816052E-15,-0.707106781186541));
#5037=DIRECTION('',(4.24660306919122E-15,1.,-7.21644966006352E-16));
#5038=DIRECTION('',(-4.24660306919122E-15,-1.,7.21644966006352E-16));
#5039=DIRECTION('',(-0.695456275790264,2.4347754751261E-15,-0.718568415993867));
#5040=DIRECTION('',(-0.707106781186554,2.49252177816052E-15,-0.707106781186541));
#5041=DIRECTION('center_axis',(0.707106781186541,-3.51308187630492E-15,
-0.707106781186554));
#5042=DIRECTION('ref_axis',(-4.24660306919122E-15,-1.,7.21644966006352E-16));
#5043=DIRECTION('',(-4.24660306919122E-15,-1.,7.21644966006352E-16));
#5044=DIRECTION('',(-0.707106781186554,2.49252177816052E-15,-0.707106781186541));
#5045=DIRECTION('',(4.24660306919122E-15,1.,-7.21644966006352E-16));
#5046=DIRECTION('center_axis',(-1.06311332930128E-31,7.21644966006352E-16,
1.));
#5047=DIRECTION('ref_axis',(0.707106781186545,-0.70710678118655,5.10280049072229E-16));
#5048=DIRECTION('center_axis',(1.06311332930128E-31,-7.21644966006352E-16,
-1.));
#5049=DIRECTION('ref_axis',(0.707106781186545,-0.707106781186551,5.10280049072229E-16));
#5050=DIRECTION('',(3.00280182723285E-15,0.707106781186577,-0.707106781186518));
#5051=DIRECTION('center_axis',(-1.06311332930128E-31,7.21644966006352E-16,
1.));
#5052=DIRECTION('ref_axis',(0.707106781186544,-0.707106781186551,5.10280049072229E-16));
#5053=DIRECTION('center_axis',(-3.0028018272327E-15,-0.707106781186543,
-0.707106781186552));
#5054=DIRECTION('ref_axis',(-3.00280182723274E-15,-0.707106781186552,0.707106781186543));
#5055=DIRECTION('',(-3.00280182723274E-15,-0.707106781186552,0.707106781186543));
#5056=DIRECTION('',(-1.,4.24660306919122E-15,-3.1708510604391E-30));
#5057=DIRECTION('',(3.00280182723274E-15,0.707106781186552,-0.707106781186543));
#5058=DIRECTION('',(1.,-4.24660306919122E-15,3.1708510604391E-30));
#5059=DIRECTION('',(-2.95332664136207E-15,-0.695456248969493,0.71856844195197));
#5060=DIRECTION('',(-3.00280182723274E-15,-0.707106781186552,0.707106781186543));
#5061=DIRECTION('center_axis',(-3.0028018272327E-15,-0.707106781186543,
-0.707106781186552));
#5062=DIRECTION('ref_axis',(-3.00280182723274E-15,-0.707106781186552,0.707106781186543));
#5063=DIRECTION('',(1.,-4.24660306919122E-15,3.1708510604391E-30));
#5064=DIRECTION('',(-1.,4.24660306919122E-15,-3.1708510604391E-30));
#5065=DIRECTION('center_axis',(-1.06311332930128E-31,7.21644966006352E-16,
1.));
#5066=DIRECTION('ref_axis',(-0.707106781186563,-0.707106781186532,5.10280049072216E-16));
#5067=DIRECTION('',(0.693327634303382,0.138912891810958,-0.707106781186543));
#5068=DIRECTION('center_axis',(-1.06311332930128E-31,7.21644966006352E-16,
1.));
#5069=DIRECTION('ref_axis',(-0.707106781186563,-0.707106781186532,5.10280049072216E-16));
#5070=DIRECTION('center_axis',(1.06311332930128E-31,-7.21644966006352E-16,
-1.));
#5071=DIRECTION('ref_axis',(-0.707106781186563,-0.707106781186532,5.10280049072216E-16));
#5072=DIRECTION('',(-5.28724266645138E-14,-0.702082455635764,-0.712095657540794));
#5073=DIRECTION('',(-5.3198888913252E-14,-0.706483288035204,-0.707729725055382));
#5074=DIRECTION('',(0.706483282318676,2.15884835320736E-14,-0.707729730761842));
#5075=DIRECTION('center_axis',(-1.06311332930128E-31,7.21644966006352E-16,
1.));
#5076=DIRECTION('ref_axis',(-0.707106781186563,-0.707106781186532,5.10280049072216E-16));
#5077=DIRECTION('',(-1.06311332930128E-31,7.21644966006352E-16,1.));
#5078=DIRECTION('center_axis',(-1.06311332930128E-31,7.21644966006352E-16,
1.));
#5079=DIRECTION('ref_axis',(-0.707106781186563,-0.707106781186532,5.10280049072216E-16));
#5080=DIRECTION('center_axis',(-4.24660306919122E-15,-1.,7.21644966006352E-16));
#5081=DIRECTION('ref_axis',(1.,-4.24660306919122E-15,3.1708510604391E-30));
#5082=DIRECTION('',(1.06311332930128E-31,-7.21644966006352E-16,-1.));
#5083=DIRECTION('',(1.,-4.24660306919122E-15,3.1708510604391E-30));
#5084=DIRECTION('center_axis',(-1.06311332930128E-31,7.21644966006352E-16,
1.));
#5085=DIRECTION('ref_axis',(0.707106781186544,-0.707106781186551,5.10280049072229E-16));
#5086=DIRECTION('',(-1.06311332930128E-31,7.21644966006352E-16,1.));
#5087=DIRECTION('center_axis',(-1.06311332930128E-31,7.21644966006352E-16,
1.));
#5088=DIRECTION('ref_axis',(0.707106781186545,-0.707106781186551,5.10280049072229E-16));
#5089=DIRECTION('center_axis',(1.,-4.24660306919122E-15,3.1708510604391E-30));
#5090=DIRECTION('ref_axis',(4.24660306919122E-15,1.,-7.21644966006352E-16));
#5091=DIRECTION('',(1.06311332930128E-31,-7.21644966006352E-16,-1.));
#5092=DIRECTION('',(4.24660306919122E-15,1.,-7.21644966006352E-16));
#5093=DIRECTION('center_axis',(1.06311332930128E-31,-7.21644966006352E-16,
-1.));
#5094=DIRECTION('ref_axis',(4.24660306919122E-15,1.,-7.21644966006352E-16));
#5095=DIRECTION('center_axis',(1.06311332930128E-31,-7.21644966006352E-16,
-1.));
#5096=DIRECTION('ref_axis',(0.741619879853287,0.670820358819257,-4.84094135036491E-16));
#5097=DIRECTION('center_axis',(1.06311332930128E-31,-7.21644966006352E-16,
-1.));
#5098=DIRECTION('ref_axis',(4.24660306919122E-15,1.,-7.21644966006352E-16));
#5099=DIRECTION('center_axis',(1.06311332930128E-31,-7.21644966006352E-16,
-1.));
#5100=DIRECTION('ref_axis',(0.707106789658378,-0.707106772714716,5.10280042958573E-16));
#5101=DIRECTION('center_axis',(-1.06311332930128E-31,7.21644966006352E-16,
1.));
#5102=DIRECTION('ref_axis',(0.707106781186563,0.707106781186532,-5.10280049072216E-16));
#5103=DIRECTION('',(-1.06311332930128E-31,7.21644966006352E-16,1.));
#5104=DIRECTION('center_axis',(-1.06311332930128E-31,7.21644966006352E-16,
1.));
#5105=DIRECTION('ref_axis',(0.707106781186563,0.707106781186532,-5.10280049072216E-16));
#5106=DIRECTION('center_axis',(4.24660306919122E-15,1.,-7.21644966006352E-16));
#5107=DIRECTION('ref_axis',(1.,-4.24660306919122E-15,3.1708510604391E-30));
#5108=DIRECTION('',(-1.06311332930128E-31,7.21644966006352E-16,1.));
#5109=DIRECTION('',(-1.,4.24660306919122E-15,-3.1708510604391E-30));
#5110=DIRECTION('center_axis',(-1.06311332930128E-31,7.21644966006352E-16,
1.));
#5111=DIRECTION('ref_axis',(3.5527136788005E-15,1.,-7.40148683083438E-16));
#5112=DIRECTION('center_axis',(-0.100000092387206,-0.994987427821352,7.18027668526887E-16));
#5113=DIRECTION('ref_axis',(-1.06311332930128E-31,7.21644966006352E-16,
1.));
#5114=DIRECTION('center_axis',(-1.06311332930128E-31,7.21644966006352E-16,
1.));
#5115=DIRECTION('ref_axis',(3.99680288865056E-15,1.,-7.21644966006352E-16));
#5116=DIRECTION('center_axis',(-0.994987425425154,-0.100000116229056,7.21645804767481E-17));
#5117=DIRECTION('ref_axis',(-1.06311332930128E-31,7.21644966006352E-16,
1.));
#5118=DIRECTION('center_axis',(1.06311332930128E-31,-7.21644966006352E-16,
-1.));
#5119=DIRECTION('ref_axis',(-3.5527136788005E-15,-1.,7.40148683083438E-16));
#5120=DIRECTION('center_axis',(1.06311332930128E-31,-7.21644966006352E-16,
-1.));
#5121=DIRECTION('ref_axis',(-0.670820349933925,-0.741619887890371,5.35186258786281E-16));
#5122=DIRECTION('center_axis',(1.06311332930128E-31,-7.21644966006352E-16,
-1.));
#5123=DIRECTION('ref_axis',(4.24660306919122E-15,1.,-7.21644966006352E-16));
#5124=DIRECTION('center_axis',(2.88649868214502E-15,0.707106781186545,0.70710678118655));
#5125=DIRECTION('ref_axis',(3.00280182723273E-15,0.70710678118655,-0.707106781186545));
#5126=DIRECTION('',(1.,-4.08212558406157E-15,3.0521567112739E-30));
#5127=DIRECTION('',(3.00280182723272E-15,0.707106781186547,-0.707106781186548));
#5128=DIRECTION('',(-1.,4.08212558406157E-15,-3.0521567112739E-30));
#5129=DIRECTION('',(-0.577350269189613,0.577350269189638,-0.577350269189626));
#5130=DIRECTION('center_axis',(-1.06311332930128E-31,7.21644966006352E-16,
1.));
#5131=DIRECTION('ref_axis',(-1.28600833685747E-15,-1.,7.21644966006352E-16));
#5132=DIRECTION('',(-0.707106781186554,2.49252177816052E-15,-0.707106781186541));
#5133=DIRECTION('center_axis',(1.06311332930128E-31,-7.21644966006352E-16,
-1.));
#5134=DIRECTION('ref_axis',(-1.28600833685747E-15,-1.,7.21644966006352E-16));
#5135=DIRECTION('center_axis',(-1.06311332930128E-31,7.21644966006352E-16,
1.));
#5136=DIRECTION('ref_axis',(-1.28600833685747E-15,-1.,7.21644966006352E-16));
#5137=DIRECTION('center_axis',(-0.70710678118657,3.51308187630502E-15,0.707106781186526));
#5138=DIRECTION('ref_axis',(4.24660306919122E-15,1.,-7.21644966006352E-16));
#5139=DIRECTION('',(-4.24660306919122E-15,-1.,7.21644966006352E-16));
#5140=DIRECTION('',(4.24660306919122E-15,1.,-7.21644966006352E-16));
#5141=DIRECTION('',(-0.577350269189599,0.577350269189645,-0.577350269189633));
#5142=DIRECTION('center_axis',(3.0028018272327E-15,0.707106781186543,0.707106781186552));
#5143=DIRECTION('ref_axis',(3.00280182723274E-15,0.707106781186552,-0.707106781186543));
#5144=DIRECTION('',(1.,-4.24660306919122E-15,3.1708510604391E-30));
#5145=DIRECTION('',(3.00280182723274E-15,0.707106781186552,-0.707106781186543));
#5146=DIRECTION('center_axis',(1.06311332930128E-31,-7.21644966006352E-16,
-1.));
#5147=DIRECTION('ref_axis',(0.707106781186563,0.707106781186532,-5.10280049072216E-16));
#5148=DIRECTION('',(0.707106781186577,-3.51308187630505E-15,-0.707106781186518));
#5149=DIRECTION('center_axis',(1.06311332930128E-31,-7.21644966006352E-16,
-1.));
#5150=DIRECTION('ref_axis',(0.707106781186563,0.707106781186532,-5.10280049072216E-16));
#5151=DIRECTION('center_axis',(0.707106781186568,-2.49252177816059E-15,
0.707106781186527));
#5152=DIRECTION('ref_axis',(4.24660306919122E-15,1.,-7.21644966006352E-16));
#5153=DIRECTION('',(0.707106781186527,-3.51308187630487E-15,-0.707106781186568));
#5154=DIRECTION('',(-4.24660306919122E-15,-1.,7.21644966006352E-16));
#5155=DIRECTION('center_axis',(1.06311332930128E-31,-7.21644966006352E-16,
-1.));
#5156=DIRECTION('ref_axis',(0.707106781186545,-0.70710678118655,5.10280049072229E-16));
#5157=DIRECTION('',(-3.00280182723285E-15,-0.707106781186578,-0.707106781186517));
#5158=DIRECTION('center_axis',(1.06311332930128E-31,-7.21644966006352E-16,
-1.));
#5159=DIRECTION('ref_axis',(0.707106781186544,-0.707106781186551,5.10280049072229E-16));
#5160=DIRECTION('center_axis',(-3.0028018272327E-15,-0.707106781186542,
0.707106781186553));
#5161=DIRECTION('ref_axis',(3.00280182723274E-15,0.707106781186553,0.707106781186542));
#5162=DIRECTION('',(-3.00280182723274E-15,-0.707106781186553,-0.707106781186542));
#5163=DIRECTION('',(-1.,4.24660306919122E-15,-3.1708510604391E-30));
#5164=DIRECTION('center_axis',(1.06311332930128E-31,-7.21644966006352E-16,
-1.));
#5165=DIRECTION('ref_axis',(-0.707106781186563,-0.707106781186532,5.10280049072216E-16));
#5166=DIRECTION('',(-0.707106781186565,2.49252177816058E-15,-0.70710678118653));
#5167=DIRECTION('center_axis',(1.06311332930128E-31,-7.21644966006352E-16,
-1.));
#5168=DIRECTION('ref_axis',(-0.707106781186563,-0.707106781186532,5.10280049072216E-16));
#5169=DIRECTION('center_axis',(-0.707106781186555,3.51308187630497E-15,
0.70710678118654));
#5170=DIRECTION('ref_axis',(4.24660306919122E-15,1.,-7.21644966006352E-16));
#5171=DIRECTION('',(4.24660306919122E-15,1.,-7.21644966006352E-16));
#5172=DIRECTION('center_axis',(-4.08212558406157E-15,-1.,7.21644966006352E-16));
#5173=DIRECTION('ref_axis',(-1.,4.08212558406157E-15,-3.0521567112739E-30));
#5174=DIRECTION('',(1.06311332930128E-31,-7.21644966006352E-16,-1.));
#5175=DIRECTION('center_axis',(-1.06311332930128E-31,7.21644966006352E-16,
1.));
#5176=DIRECTION('ref_axis',(4.24660306919122E-15,1.,-7.21644966006352E-16));
#5177=DIRECTION('center_axis',(1.06311332930128E-31,-7.21644966006352E-16,
-1.));
#5178=DIRECTION('ref_axis',(-1.28600833685747E-15,-1.,7.21644966006352E-16));
#5179=DIRECTION('',(1.06311332930128E-31,-7.21644966006352E-16,-1.));
#5180=DIRECTION('center_axis',(1.,-4.24660306919122E-15,3.1708510604391E-30));
#5181=DIRECTION('ref_axis',(-4.24660306919122E-15,-1.,7.21644966006352E-16));
#5182=DIRECTION('',(-1.,-4.3159920082303E-15,-2.77555756156289E-17));
#5183=DIRECTION('',(-1.,-4.45736886030192E-15,0.));
#5184=DIRECTION('center_axis',(0.,0.,1.));
#5185=DIRECTION('ref_axis',(1.,6.66133814775094E-15,0.));
#5186=DIRECTION('',(-8.91473987560814E-15,1.,0.));
#5187=DIRECTION('',(-4.48046949335995E-15,1.,-2.77555756156288E-16));
#5188=DIRECTION('center_axis',(-2.77555756156301E-17,2.77555756156288E-16,
1.));
#5189=DIRECTION('ref_axis',(1.,7.27658674056405E-15,2.77555756156281E-17));
#5190=DIRECTION('center_axis',(4.3159920082303E-15,-1.,2.77555756156288E-16));
#5191=DIRECTION('ref_axis',(-1.,-4.3159920082303E-15,-2.77555756156289E-17));
#5192=DIRECTION('',(2.77555756156301E-17,-2.77555756156288E-16,-1.));
#5193=DIRECTION('',(2.77555756156301E-17,-2.77555756156288E-16,-1.));
#5194=DIRECTION('',(1.,4.3159920082303E-15,2.77555756156289E-17));
#5195=DIRECTION('',(2.77555756156301E-17,-2.77555756156288E-16,-1.));
#5196=DIRECTION('center_axis',(-2.77555756156301E-17,2.77555756156288E-16,
1.));
#5197=DIRECTION('ref_axis',(0.741619887890377,-0.670820349933918,2.06774136347331E-16));
#5198=DIRECTION('',(-2.77555756156301E-17,2.77555756156288E-16,1.));
#5199=DIRECTION('center_axis',(-2.77555756156301E-17,2.77555756156288E-16,
1.));
#5200=DIRECTION('ref_axis',(0.741619887890377,-0.670820349933919,2.06774136347331E-16));
#5201=DIRECTION('center_axis',(-2.77555756156301E-17,2.77555756156288E-16,
1.));
#5202=DIRECTION('ref_axis',(-3.57584332514686E-15,1.,-2.77555756156288E-16));
#5203=DIRECTION('',(2.77555756156301E-17,-2.77555756156288E-16,-1.));
#5204=DIRECTION('center_axis',(-2.77555756156301E-17,2.77555756156288E-16,
1.));
#5205=DIRECTION('ref_axis',(0.707106772714711,0.707106789658384,-1.76635404188471E-16));
#5206=DIRECTION('center_axis',(-2.77555756156301E-17,2.77555756156288E-16,
1.));
#5207=DIRECTION('ref_axis',(-0.670820358819263,0.741619879853281,-2.24459871726925E-16));
#5208=DIRECTION('',(-2.77555756156301E-17,2.77555756156288E-16,1.));
#5209=DIRECTION('center_axis',(-2.77555756156301E-17,2.77555756156288E-16,
1.));
#5210=DIRECTION('ref_axis',(-0.670820358819263,0.741619879853281,-2.24459871726925E-16));
#5211=DIRECTION('',(3.01041764277417E-15,-0.702082455635752,0.712095657540805));
#5212=DIRECTION('center_axis',(-2.77555756156301E-17,2.77555756156288E-16,
1.));
#5213=DIRECTION('ref_axis',(-0.707106781186538,0.707106781186557,-2.15887713069022E-16));
#5214=DIRECTION('',(-0.693327768910849,0.13891221997043,0.707106781186542));
#5215=DIRECTION('center_axis',(2.77555756156301E-17,-2.77555756156288E-16,
-1.));
#5216=DIRECTION('ref_axis',(-0.707106781186538,0.707106781186557,-2.15887713069022E-16));
#5217=DIRECTION('',(3.07149337230026E-15,-0.707106781186578,-0.707106781186517));
#5218=DIRECTION('center_axis',(-2.77555756156301E-17,2.77555756156288E-16,
1.));
#5219=DIRECTION('ref_axis',(-0.707106781186538,0.707106781186557,-2.15887713069022E-16));
#5220=DIRECTION('center_axis',(-3.03224106083301E-15,0.707106781186541,
-0.707106781186554));
#5221=DIRECTION('ref_axis',(1.,4.3159920082303E-15,2.77555756156289E-17));
#5222=DIRECTION('',(3.07149337230016E-15,-0.707106781186554,-0.707106781186541));
#5223=DIRECTION('',(-1.,-4.3159920082303E-15,-2.77555756156289E-17));
#5224=DIRECTION('',(1.,4.3159920082303E-15,2.77555756156289E-17));
#5225=DIRECTION('',(3.02152800838951E-15,-0.695456275790265,-0.718568415993867));
#5226=DIRECTION('',(3.07149337230016E-15,-0.707106781186554,-0.707106781186541));
#5227=DIRECTION('center_axis',(-3.03224106083301E-15,0.707106781186541,
-0.707106781186554));
#5228=DIRECTION('ref_axis',(1.,4.3159920082303E-15,2.77555756156289E-17));
#5229=DIRECTION('',(1.,4.3159920082303E-15,2.77555756156289E-17));
#5230=DIRECTION('',(3.07149337230016E-15,-0.707106781186554,-0.707106781186541));
#5231=DIRECTION('',(-1.,-4.3159920082303E-15,-2.77555756156289E-17));
#5232=DIRECTION('center_axis',(-2.77555756156301E-17,2.77555756156288E-16,
1.));
#5233=DIRECTION('ref_axis',(0.707106781186544,0.707106781186551,-1.76635401601924E-16));
#5234=DIRECTION('center_axis',(2.77555756156301E-17,-2.77555756156288E-16,
-1.));
#5235=DIRECTION('ref_axis',(0.707106781186545,0.707106781186551,-1.76635401601924E-16));
#5236=DIRECTION('',(-0.707106781186577,-3.24812877390218E-15,-0.707106781186518));
#5237=DIRECTION('center_axis',(-2.77555756156301E-17,2.77555756156288E-16,
1.));
#5238=DIRECTION('ref_axis',(0.707106781186544,0.707106781186551,-1.76635401601924E-16));
#5239=DIRECTION('center_axis',(0.707106781186543,2.85560565923109E-15,-0.707106781186552));
#5240=DIRECTION('ref_axis',(0.707106781186552,3.24812877390208E-15,0.707106781186543));
#5241=DIRECTION('',(0.707106781186552,3.24812877390208E-15,0.707106781186543));
#5242=DIRECTION('',(4.3159920082303E-15,-1.,2.77555756156288E-16));
#5243=DIRECTION('',(-0.707106781186552,-3.24812877390208E-15,-0.707106781186543));
#5244=DIRECTION('',(-4.3159920082303E-15,1.,-2.77555756156288E-16));
#5245=DIRECTION('',(0.695456248969494,3.20102641988218E-15,0.71856844195197));
#5246=DIRECTION('',(0.707106781186552,3.24812877390208E-15,0.707106781186543));
#5247=DIRECTION('center_axis',(0.707106781186543,2.85560565923109E-15,-0.707106781186552));
#5248=DIRECTION('ref_axis',(0.707106781186552,3.24812877390208E-15,0.707106781186543));
#5249=DIRECTION('',(-4.3159920082303E-15,1.,-2.77555756156288E-16));
#5250=DIRECTION('',(4.3159920082303E-15,-1.,2.77555756156288E-16));
#5251=DIRECTION('center_axis',(-2.77555756156301E-17,2.77555756156288E-16,
1.));
#5252=DIRECTION('ref_axis',(0.707106781186538,-0.707106781186557,2.15887713069022E-16));
#5253=DIRECTION('',(-0.138912891810964,0.69332763430338,-0.707106781186543));
#5254=DIRECTION('center_axis',(-2.77555756156301E-17,2.77555756156288E-16,
1.));
#5255=DIRECTION('ref_axis',(0.707106781186538,-0.707106781186557,2.15887713069022E-16));
#5256=DIRECTION('center_axis',(2.77555756156301E-17,-2.77555756156288E-16,
-1.));
#5257=DIRECTION('ref_axis',(0.707106781186538,-0.707106781186557,2.15887713069022E-16));
#5258=DIRECTION('',(0.702082455635764,-4.70584251346274E-14,-0.712095657540794));
#5259=DIRECTION('',(0.706483288035204,-4.73459930478332E-14,-0.707729725055383));
#5260=DIRECTION('',(-2.81288999589758E-14,0.706483282318676,-0.707729730761843));
#5261=DIRECTION('center_axis',(-2.77555756156301E-17,2.77555756156288E-16,
1.));
#5262=DIRECTION('ref_axis',(0.707106781186538,-0.707106781186557,2.15887713069022E-16));
#5263=DIRECTION('',(-2.77555756156301E-17,2.77555756156288E-16,1.));
#5264=DIRECTION('center_axis',(-2.77555756156301E-17,2.77555756156288E-16,
1.));
#5265=DIRECTION('ref_axis',(0.707106781186538,-0.707106781186557,2.15887713069022E-16));
#5266=DIRECTION('center_axis',(1.,4.3159920082303E-15,2.77555756156289E-17));
#5267=DIRECTION('ref_axis',(-4.3159920082303E-15,1.,-2.77555756156288E-16));
#5268=DIRECTION('',(2.77555756156301E-17,-2.77555756156288E-16,-1.));
#5269=DIRECTION('',(-4.3159920082303E-15,1.,-2.77555756156288E-16));
#5270=DIRECTION('center_axis',(-2.77555756156301E-17,2.77555756156288E-16,
1.));
#5271=DIRECTION('ref_axis',(0.707106781186544,0.707106781186551,-1.76635401601924E-16));
#5272=DIRECTION('',(-2.77555756156301E-17,2.77555756156288E-16,1.));
#5273=DIRECTION('center_axis',(-2.77555756156301E-17,2.77555756156288E-16,
1.));
#5274=DIRECTION('ref_axis',(0.707106781186545,0.707106781186551,-1.76635401601924E-16));
#5275=DIRECTION('center_axis',(-4.3159920082303E-15,1.,-2.77555756156288E-16));
#5276=DIRECTION('ref_axis',(-1.,-4.3159920082303E-15,-2.77555756156289E-17));
#5277=DIRECTION('',(2.77555756156301E-17,-2.77555756156288E-16,-1.));
#5278=DIRECTION('',(-1.,-4.3159920082303E-15,-2.77555756156289E-17));
#5279=DIRECTION('center_axis',(2.77555756156301E-17,-2.77555756156288E-16,
-1.));
#5280=DIRECTION('ref_axis',(-1.,-4.3159920082303E-15,-2.77555756156289E-17));
#5281=DIRECTION('center_axis',(2.77555756156301E-17,-2.77555756156288E-16,
-1.));
#5282=DIRECTION('ref_axis',(-0.670820358819263,0.741619879853281,-2.24459871726925E-16));
#5283=DIRECTION('center_axis',(2.77555756156301E-17,-2.77555756156288E-16,
-1.));
#5284=DIRECTION('ref_axis',(-1.,-4.3159920082303E-15,-2.77555756156289E-17));
#5285=DIRECTION('center_axis',(2.77555756156301E-17,-2.77555756156288E-16,
-1.));
#5286=DIRECTION('ref_axis',(0.70710677271471,0.707106789658384,-1.76635404188471E-16));
#5287=DIRECTION('center_axis',(-2.77555756156301E-17,2.77555756156288E-16,
1.));
#5288=DIRECTION('ref_axis',(-0.707106781186538,0.707106781186557,-2.15887713069022E-16));
#5289=DIRECTION('',(-2.77555756156301E-17,2.77555756156288E-16,1.));
#5290=DIRECTION('center_axis',(-2.77555756156301E-17,2.77555756156288E-16,
1.));
#5291=DIRECTION('ref_axis',(-0.707106781186538,0.707106781186557,-2.15887713069022E-16));
#5292=DIRECTION('center_axis',(-1.,-4.3159920082303E-15,-2.77555756156289E-17));
#5293=DIRECTION('ref_axis',(-4.3159920082303E-15,1.,-2.77555756156288E-16));
#5294=DIRECTION('',(-2.77555756156301E-17,2.77555756156288E-16,1.));
#5295=DIRECTION('',(4.3159920082303E-15,-1.,2.77555756156288E-16));
#5296=DIRECTION('center_axis',(-2.77555756156301E-17,2.77555756156288E-16,
1.));
#5297=DIRECTION('ref_axis',(-1.,-3.5527136788005E-15,0.));
#5298=DIRECTION('center_axis',(0.994987427821353,-0.100000092387198,5.53720500477241E-17));
#5299=DIRECTION('ref_axis',(-2.77555756156301E-17,2.77555756156288E-16,
1.));
#5300=DIRECTION('center_axis',(-2.77555756156301E-17,2.77555756156288E-16,
1.));
#5301=DIRECTION('ref_axis',(-1.,-4.2188474935756E-15,0.));
#5302=DIRECTION('center_axis',(0.100000116229064,-0.994987425425153,2.78940048017444E-16));
#5303=DIRECTION('ref_axis',(-2.77555756156301E-17,2.77555756156288E-16,
1.));
#5304=DIRECTION('center_axis',(2.77555756156301E-17,-2.77555756156288E-16,
-1.));
#5305=DIRECTION('ref_axis',(1.,4.14483262526725E-15,0.));
#5306=DIRECTION('center_axis',(2.77555756156301E-17,-2.77555756156288E-16,
-1.));
#5307=DIRECTION('ref_axis',(0.741619887890377,-0.670820349933919,2.06774136347331E-16));
#5308=DIRECTION('center_axis',(2.77555756156301E-17,-2.77555756156288E-16,
-1.));
#5309=DIRECTION('ref_axis',(-1.,-4.3159920082303E-15,-2.77555756156289E-17));
#5310=DIRECTION('center_axis',(-0.707106781186544,-2.97190880431879E-15,
0.707106781186551));
#5311=DIRECTION('ref_axis',(-0.707106781186551,-3.24812877390207E-15,-0.707106781186544));
#5312=DIRECTION('',(-4.48046949335995E-15,1.,-2.77555756156288E-16));
#5313=DIRECTION('',(-0.707106781186547,-3.24812877390206E-15,-0.707106781186547));
#5314=DIRECTION('',(4.48046949335995E-15,-1.,2.77555756156288E-16));
#5315=DIRECTION('',(-0.577350269189634,-0.577350269189618,-0.577350269189626));
#5316=DIRECTION('center_axis',(-2.77555756156301E-17,2.77555756156288E-16,
1.));
#5317=DIRECTION('ref_axis',(1.,7.27658674056405E-15,2.77555756156281E-17));
#5318=DIRECTION('',(3.07149337230016E-15,-0.707106781186554,-0.707106781186541));
#5319=DIRECTION('center_axis',(2.77555756156301E-17,-2.77555756156288E-16,
-1.));
#5320=DIRECTION('ref_axis',(1.,7.27658674056405E-15,2.77555756156281E-17));
#5321=DIRECTION('center_axis',(-2.77555756156301E-17,2.77555756156288E-16,
1.));
#5322=DIRECTION('ref_axis',(1.,7.27658674056405E-15,2.77555756156281E-17));
#5323=DIRECTION('center_axis',(3.03224106083313E-15,-0.707106781186569,
0.707106781186526));
#5324=DIRECTION('ref_axis',(-1.,-4.3159920082303E-15,-2.77555756156289E-17));
#5325=DIRECTION('',(1.,4.3159920082303E-15,2.77555756156289E-17));
#5326=DIRECTION('',(-1.,-4.3159920082303E-15,-2.77555756156289E-17));
#5327=DIRECTION('',(-0.57735026918964,-0.577350269189604,-0.577350269189633));
#5328=DIRECTION('center_axis',(-0.707106781186543,-2.85560565923109E-15,
0.707106781186552));
#5329=DIRECTION('ref_axis',(-0.707106781186552,-3.24812877390208E-15,-0.707106781186543));
#5330=DIRECTION('',(-4.3159920082303E-15,1.,-2.77555756156288E-16));
#5331=DIRECTION('',(-0.707106781186552,-3.24812877390208E-15,-0.707106781186543));
#5332=DIRECTION('center_axis',(2.77555756156301E-17,-2.77555756156288E-16,
-1.));
#5333=DIRECTION('ref_axis',(-0.707106781186538,0.707106781186557,-2.15887713069022E-16));
#5334=DIRECTION('',(-3.03224106083317E-15,0.707106781186577,-0.707106781186518));
#5335=DIRECTION('center_axis',(2.77555756156301E-17,-2.77555756156288E-16,
-1.));
#5336=DIRECTION('ref_axis',(-0.707106781186538,0.707106781186557,-2.15887713069022E-16));
#5337=DIRECTION('center_axis',(-3.07149337230022E-15,0.707106781186568,
0.707106781186527));
#5338=DIRECTION('ref_axis',(-1.,-4.3159920082303E-15,-2.77555756156289E-17));
#5339=DIRECTION('',(-3.03224106083295E-15,0.707106781186527,-0.707106781186568));
#5340=DIRECTION('',(1.,4.3159920082303E-15,2.77555756156289E-17));
#5341=DIRECTION('center_axis',(2.77555756156301E-17,-2.77555756156288E-16,
-1.));
#5342=DIRECTION('ref_axis',(0.707106781186544,0.707106781186551,-1.76635401601924E-16));
#5343=DIRECTION('',(0.707106781186577,2.85560565923125E-15,-0.707106781186518));
#5344=DIRECTION('center_axis',(2.77555756156301E-17,-2.77555756156288E-16,
-1.));
#5345=DIRECTION('ref_axis',(0.707106781186544,0.707106781186551,-1.76635401601924E-16));
#5346=DIRECTION('center_axis',(0.707106781186543,3.24812877390204E-15,0.707106781186552));
#5347=DIRECTION('ref_axis',(-0.707106781186552,-2.85560565923114E-15,0.707106781186543));
#5348=DIRECTION('',(0.707106781186552,2.85560565923114E-15,-0.707106781186543));
#5349=DIRECTION('',(4.3159920082303E-15,-1.,2.77555756156288E-16));
#5350=DIRECTION('center_axis',(2.77555756156301E-17,-2.77555756156288E-16,
-1.));
#5351=DIRECTION('ref_axis',(0.707106781186538,-0.707106781186557,2.15887713069022E-16));
#5352=DIRECTION('',(3.07149337230021E-15,-0.707106781186565,-0.70710678118653));
#5353=DIRECTION('center_axis',(2.77555756156301E-17,-2.77555756156288E-16,
-1.));
#5354=DIRECTION('ref_axis',(0.707106781186538,-0.707106781186557,2.15887713069022E-16));
#5355=DIRECTION('center_axis',(3.03224106083307E-15,-0.707106781186555,
0.70710678118654));
#5356=DIRECTION('ref_axis',(-1.,-4.3159920082303E-15,-2.77555756156289E-17));
#5357=DIRECTION('',(-1.,-4.3159920082303E-15,-2.77555756156289E-17));
#5358=DIRECTION('center_axis',(1.,4.48046949335995E-15,2.77555756156288E-17));
#5359=DIRECTION('ref_axis',(4.48046949335995E-15,-1.,2.77555756156288E-16));
#5360=DIRECTION('',(2.77555756156301E-17,-2.77555756156288E-16,-1.));
#5361=DIRECTION('center_axis',(-2.77555756156301E-17,2.77555756156288E-16,
1.));
#5362=DIRECTION('ref_axis',(-1.,-4.3159920082303E-15,-2.77555756156289E-17));
#5363=DIRECTION('center_axis',(2.77555756156301E-17,-2.77555756156288E-16,
-1.));
#5364=DIRECTION('ref_axis',(1.,7.27658674056405E-15,2.77555756156281E-17));
#5365=DIRECTION('',(2.77555756156301E-17,-2.77555756156288E-16,-1.));
#5366=DIRECTION('center_axis',(-4.3159920082303E-15,1.,-2.77555756156288E-16));
#5367=DIRECTION('ref_axis',(1.,4.3159920082303E-15,2.77555756156289E-17));
#5368=DIRECTION('center_axis',(-1.,0.,0.));
#5369=DIRECTION('ref_axis',(0.,1.,0.));
#5370=DIRECTION('',(0.,0.,-1.));
#5371=DIRECTION('',(0.,1.,0.));
#5372=DIRECTION('',(0.,0.,-1.));
#5373=DIRECTION('',(0.,-1.,0.));
#5374=DIRECTION('center_axis',(0.,1.,0.));
#5375=DIRECTION('ref_axis',(1.,0.,0.));
#5376=DIRECTION('',(1.,0.,0.));
#5377=DIRECTION('',(0.,0.,1.));
#5378=DIRECTION('',(1.,0.,0.));
#5379=DIRECTION('',(0.,0.,-1.));
#5380=DIRECTION('center_axis',(-1.,-8.91473772060376E-15,0.));
#5381=DIRECTION('ref_axis',(-8.91473772060376E-15,1.,0.));
#5382=DIRECTION('',(-8.91473772060376E-15,1.,0.));
#5383=DIRECTION('',(0.,0.,-1.));
#5384=DIRECTION('center_axis',(0.,0.,-1.));
#5385=DIRECTION('ref_axis',(-4.44089209850063E-15,-1.,0.));
#5386=DIRECTION('center_axis',(0.,0.,1.));
#5387=DIRECTION('ref_axis',(-4.44089209850063E-15,-1.,0.));
#5388=DIRECTION('',(0.,0.,-1.));
#5389=DIRECTION('center_axis',(0.,1.,0.));
#5390=DIRECTION('ref_axis',(1.,0.,0.));
#5391=DIRECTION('',(1.,0.,0.));
#5392=DIRECTION('center_axis',(-1.,0.,0.));
#5393=DIRECTION('ref_axis',(0.,-1.,0.));
#5394=DIRECTION('',(0.,-1.,0.));
#5395=DIRECTION('',(0.,0.,-1.));
#5396=DIRECTION('',(0.,-1.,0.));
#5397=DIRECTION('center_axis',(0.,1.,0.));
#5398=DIRECTION('ref_axis',(-1.,0.,0.));
#5399=DIRECTION('',(-1.,0.,0.));
#5400=DIRECTION('',(0.,0.,1.));
#5401=DIRECTION('',(-1.,0.,0.));
#5402=DIRECTION('center_axis',(0.,1.,0.));
#5403=DIRECTION('ref_axis',(1.,0.,0.));
#5404=DIRECTION('',(0.,0.,-1.));
#5405=DIRECTION('',(1.,0.,0.));
#5406=DIRECTION('',(0.,0.,-1.));
#5407=DIRECTION('',(-1.,0.,0.));
#5408=DIRECTION('center_axis',(1.,0.,0.));
#5409=DIRECTION('ref_axis',(0.,-1.,0.));
#5410=DIRECTION('',(0.,-1.,0.));
#5411=DIRECTION('',(0.,-1.,0.));
#5412=DIRECTION('',(0.,0.,-1.));
#5413=DIRECTION('center_axis',(-1.78294754412075E-14,1.,0.));
#5414=DIRECTION('ref_axis',(1.,1.78294754412075E-14,0.));
#5415=DIRECTION('',(1.,1.78294754412075E-14,0.));
#5416=DIRECTION('',(0.,0.,-1.));
#5417=DIRECTION('center_axis',(0.,0.,-1.));
#5418=DIRECTION('ref_axis',(-1.,-4.44089209850062E-15,0.));
#5419=DIRECTION('center_axis',(0.,0.,1.));
#5420=DIRECTION('ref_axis',(-1.,-4.44089209850062E-15,0.));
#5421=DIRECTION('',(0.,0.,-1.));
#5422=DIRECTION('center_axis',(1.,0.,0.));
#5423=DIRECTION('ref_axis',(0.,-1.,0.));
#5424=DIRECTION('',(0.,-1.,0.));
#5425=DIRECTION('center_axis',(1.,0.,0.));
#5426=DIRECTION('ref_axis',(0.,1.,0.));
#5427=DIRECTION('',(0.,1.,0.));
#5428=DIRECTION('',(0.,0.,1.));
#5429=DIRECTION('',(0.,1.,0.));
#5430=DIRECTION('center_axis',(0.,-1.,0.));
#5431=DIRECTION('ref_axis',(-1.,0.,0.));
#5432=DIRECTION('',(0.,0.,-1.));
#5433=DIRECTION('',(-1.,0.,0.));
#5434=DIRECTION('',(1.,0.,0.));
#5435=DIRECTION('center_axis',(-1.,0.,0.));
#5436=DIRECTION('ref_axis',(0.,1.,0.));
#5437=DIRECTION('',(0.,1.,0.));
#5438=DIRECTION('',(0.,0.,1.));
#5439=DIRECTION('',(0.,1.,0.));
#5440=DIRECTION('',(0.,0.,-1.));
#5441=DIRECTION('center_axis',(4.45736886030192E-15,-1.,0.));
#5442=DIRECTION('ref_axis',(-1.,-4.45736886030192E-15,0.));
#5443=DIRECTION('',(-1.,-4.45736886030192E-15,0.));
#5444=DIRECTION('',(0.,0.,-1.));
#5445=DIRECTION('center_axis',(0.,0.,-1.));
#5446=DIRECTION('ref_axis',(1.,6.66133814775094E-15,0.));
#5447=DIRECTION('center_axis',(0.,0.,1.));
#5448=DIRECTION('ref_axis',(1.,6.66133814775094E-15,0.));
#5449=DIRECTION('',(0.,0.,-1.));
#5450=DIRECTION('center_axis',(-1.,-8.91473987560814E-15,0.));
#5451=DIRECTION('ref_axis',(-8.91473987560814E-15,1.,0.));
#5452=DIRECTION('',(-8.91473987560814E-15,1.,0.));
#5453=DIRECTION('center_axis',(0.,-1.,0.));
#5454=DIRECTION('ref_axis',(-1.,0.,0.));
#5455=DIRECTION('',(-1.,0.,0.));
#5456=DIRECTION('',(-1.,0.,0.));
#5457=DIRECTION('',(0.,0.,-1.));
#5458=DIRECTION('center_axis',(1.,-8.91473772060376E-15,0.));
#5459=DIRECTION('ref_axis',(-8.91473772060376E-15,-1.,0.));
#5460=DIRECTION('',(-8.91473772060376E-15,-1.,0.));
#5461=DIRECTION('',(0.,0.,-1.));
#5462=DIRECTION('center_axis',(0.,0.,-1.));
#5463=DIRECTION('ref_axis',(-1.48029736616687E-15,1.,0.));
#5464=DIRECTION('center_axis',(0.,0.,1.));
#5465=DIRECTION('ref_axis',(-1.48029736616687E-15,1.,0.));
#5466=DIRECTION('',(0.,0.,-1.));
#5467=DIRECTION('center_axis',(0.,-1.,0.));
#5468=DIRECTION('ref_axis',(-1.,0.,0.));
#5469=DIRECTION('',(-1.,0.,0.));
#5470=DIRECTION('',(0.,0.,-1.));
#5471=DIRECTION('center_axis',(1.,0.,0.));
#5472=DIRECTION('ref_axis',(0.,-1.,0.));
#5473=DIRECTION('',(0.,-1.,0.));
#5474=DIRECTION('',(0.,0.,-1.));
#5475=DIRECTION('',(0.,1.,0.));
#5476=DIRECTION('center_axis',(0.,-1.,0.));
#5477=DIRECTION('ref_axis',(1.,0.,0.));
#5478=DIRECTION('',(1.,0.,0.));
#5479=DIRECTION('',(1.,0.,0.));
#5480=DIRECTION('center_axis',(1.,0.,0.));
#5481=DIRECTION('ref_axis',(0.,1.,0.));
#5482=DIRECTION('',(0.,-1.,0.));
#5483=DIRECTION('',(0.,0.,1.));
#5484=DIRECTION('',(0.,-1.,0.));
#5485=DIRECTION('',(0.,0.,1.));
#5486=DIRECTION('center_axis',(0.,0.,1.));
#5487=DIRECTION('ref_axis',(-4.44089209850064E-15,-1.,0.));
#5488=DIRECTION('center_axis',(0.,0.,-1.));
#5489=DIRECTION('ref_axis',(-4.44089209850064E-15,-1.,0.));
#5490=DIRECTION('',(0.,0.,1.));
#5491=DIRECTION('center_axis',(0.,0.,-1.));
#5492=DIRECTION('ref_axis',(-4.44089209850064E-15,-1.,0.));
#5493=DIRECTION('center_axis',(0.,-1.,0.));
#5494=DIRECTION('ref_axis',(1.,0.,0.));
#5495=DIRECTION('',(-1.,0.,0.));
#5496=DIRECTION('',(0.,0.,1.));
#5497=DIRECTION('',(-1.,0.,0.));
#5498=DIRECTION('center_axis',(0.,0.,1.));
#5499=DIRECTION('ref_axis',(-1.,0.,0.));
#5500=DIRECTION('center_axis',(0.,0.,-1.));
#5501=DIRECTION('ref_axis',(-1.,0.,0.));
#5502=DIRECTION('',(0.,0.,1.));
#5503=DIRECTION('center_axis',(0.,0.,-1.));
#5504=DIRECTION('ref_axis',(-1.,0.,0.));
#5505=DIRECTION('center_axis',(-1.,0.,0.));
#5506=DIRECTION('ref_axis',(0.,1.,0.));
#5507=DIRECTION('',(0.,-1.,0.));
#5508=DIRECTION('',(0.,0.,-1.));
#5509=DIRECTION('',(0.,1.,0.));
#5510=DIRECTION('',(0.,0.,-1.));
#5511=DIRECTION('center_axis',(0.,-1.,0.));
#5512=DIRECTION('ref_axis',(-1.,0.,0.));
#5513=DIRECTION('',(1.,0.,0.));
#5514=DIRECTION('',(0.,0.,-1.));
#5515=DIRECTION('',(-1.,0.,0.));
#5516=DIRECTION('center_axis',(0.,1.,0.));
#5517=DIRECTION('ref_axis',(1.,0.,0.));
#5518=DIRECTION('',(-1.,0.,0.));
#5519=DIRECTION('',(1.,0.,0.));
#5520=DIRECTION('',(0.,0.,-1.));
#5521=DIRECTION('center_axis',(1.,0.,0.));
#5522=DIRECTION('ref_axis',(0.,-1.,0.));
#5523=DIRECTION('',(0.,1.,0.));
#5524=DIRECTION('',(0.,-1.,0.));
#5525=DIRECTION('center_axis',(0.,0.,1.));
#5526=DIRECTION('ref_axis',(1.,0.,0.));
#5527=DIRECTION('center_axis',(0.,0.,-1.));
#5528=DIRECTION('ref_axis',(-4.4408920985006E-15,1.,0.));
#5529=DIRECTION('',(1.,-5.84327907697451E-17,0.));
#5530=DIRECTION('center_axis',(0.,0.,-1.));
#5531=DIRECTION('ref_axis',(1.,0.,0.));
#5532=DIRECTION('',(0.,1.,0.));
#5533=DIRECTION('center_axis',(0.,0.,1.));
#5534=DIRECTION('ref_axis',(1.,0.,0.));
#5535=DIRECTION('center_axis',(0.,0.,-1.));
#5536=DIRECTION('ref_axis',(-4.4408920985006E-15,1.,0.));
#5537=DIRECTION('',(0.,1.,0.));
#5538=DIRECTION('center_axis',(0.,0.,-1.));
#5539=DIRECTION('ref_axis',(1.,0.,0.));
#5540=DIRECTION('',(1.,-5.84327907697451E-17,0.));
#5541=DIRECTION('center_axis',(5.84327907697451E-17,1.,0.));
#5542=DIRECTION('ref_axis',(-1.,5.84327907697451E-17,0.));
#5543=DIRECTION('',(0.,0.,1.));
#5544=DIRECTION('',(0.,0.,-1.));
#5545=DIRECTION('center_axis',(0.,0.,1.));
#5546=DIRECTION('ref_axis',(1.,0.,0.));
#5547=DIRECTION('center_axis',(-1.,0.,0.));
#5548=DIRECTION('ref_axis',(0.,-1.,0.));
#5549=DIRECTION('',(0.,0.,1.));
#5550=DIRECTION('center_axis',(0.,0.,1.));
#5551=DIRECTION('ref_axis',(-4.4408920985006E-15,1.,0.));
#5552=DIRECTION('center_axis',(0.,0.,1.));
#5553=DIRECTION('ref_axis',(1.,0.,0.));
#5554=CARTESIAN_POINT('',(0.,0.,0.));
#5555=CARTESIAN_POINT('Ctrl Pts',(-47.010854231329,-85.3044777790169,-68.));
#5556=CARTESIAN_POINT('Ctrl Pts',(-47.067912897175,-86.471233176732,-68.));
#5557=CARTESIAN_POINT('Ctrl Pts',(-47.6386444427645,-88.7941198077294,-68.));
#5558=CARTESIAN_POINT('Ctrl Pts',(-49.0608200618527,-90.7266830247884,-67.9999999999998));
#5559=CARTESIAN_POINT('Ctrl Pts',(-50.0243288702848,-91.5892765993394,-67.9999999999997));
#5560=CARTESIAN_POINT('Ctrl Pts',(-50.209119371686,-91.747420209269,-67.9999999999997));
#5561=CARTESIAN_POINT('Ctrl Pts',(-50.5920482461581,-92.0447437941204,-67.9999999999996));
#5562=CARTESIAN_POINT('Ctrl Pts',(-51.2960713820347,-92.5169625317982,-67.9999999999994));
#5563=CARTESIAN_POINT('Ctrl Pts',(-52.2935819433064,-92.9975177544709,-67.9999999999987));
#5564=CARTESIAN_POINT('Ctrl Pts',(-53.2282083936907,-93.269462124125,-67.9999999999977));
#5565=CARTESIAN_POINT('Ctrl Pts',(-53.762785536231,-93.3724057571423,-67.9999999999975));
#5566=CARTESIAN_POINT('Ctrl Pts',(-54.0029322490779,-93.4099181244159,-67.9999999999973));
#5567=CARTESIAN_POINT('Ctrl Pts',(-54.1535660776628,-93.4298320451754,-67.9999999999973));
#5568=CARTESIAN_POINT('Ctrl Pts',(-54.2744842761617,-93.4436527557269,-67.9999999999972));
#5569=CARTESIAN_POINT('Ctrl Pts',(-54.3653200680096,-93.4529527195607,-67.9999999999972));
#5570=CARTESIAN_POINT('Ctrl Pts',(-54.4563070598774,-93.4611871108292,-67.9999999999971));
#5571=CARTESIAN_POINT('Ctrl Pts',(-54.6081601448211,-93.4731283148732,-67.9999999999971));
#5572=CARTESIAN_POINT('Ctrl Pts',(-54.760385564437,-93.4814950990732,-67.9999999999967));
#5573=CARTESIAN_POINT('Ctrl Pts',(-54.912787223607,-93.4862708638741,-67.9999999999966));
#5574=CARTESIAN_POINT('Ctrl Pts',(-55.0042632189081,-93.4880584308112,-67.9999999999966));
#5575=CARTESIAN_POINT('Ctrl Pts',(-55.0805058732851,-93.4886492904935,-67.9999999999965));
#5576=CARTESIAN_POINT('Ctrl Pts',(-55.1414976205728,-93.4885828172498,-67.9999999999965));
#5577=CARTESIAN_POINT('Ctrl Pts',(-55.2024844798032,-93.4881569655691,-67.9999999999965));
#5578=CARTESIAN_POINT('Ctrl Pts',(-55.2482155650263,-93.487433375684,-67.9999999999964));
#5579=CARTESIAN_POINT('Ctrl Pts',(-55.3133137823124,-93.4860198372961,-67.9999999999964));
#5580=CARTESIAN_POINT('Ctrl Pts',(-55.3825344577623,-93.4841333541153,-67.9999999999962));
#5581=CARTESIAN_POINT('Ctrl Pts',(-55.5208680930107,-93.4788319338639,-67.9999999999961));
#5582=CARTESIAN_POINT('Ctrl Pts',(-55.6935580503906,-93.4693382920706,-67.9999999999955));
#5583=CARTESIAN_POINT('Ctrl Pts',(-55.9001841880069,-93.4533896600708,-67.9999999999954));
#5584=CARTESIAN_POINT('Ctrl Pts',(-56.1747684158235,-93.4260697594727,-67.9999999999943));
#5585=CARTESIAN_POINT('Ctrl Pts',(-56.5152360661966,-93.3807743960298,-67.9999999999933));
#5586=CARTESIAN_POINT('Ctrl Pts',(-56.7857717555476,-93.3325959355115,-67.9999999999907));
#5587=CARTESIAN_POINT('Ctrl Pts',(-56.9421147871615,-93.3011843046739,-67.9999999999898));
#5588=CARTESIAN_POINT('Ctrl Pts',(-56.985454714616,-93.2923736355592,-67.9999999999898));
#5589=CARTESIAN_POINT('Ctrl Pts',(-57.0720732866359,-93.2743523389968,-67.9999999999897));
#5590=CARTESIAN_POINT('Ctrl Pts',(-57.1477778903314,-93.2580597757081,-67.9999999999894));
#5591=CARTESIAN_POINT('Ctrl Pts',(-57.207199844542,-93.2449156326253,-67.9999999999894));
#5592=CARTESIAN_POINT('Ctrl Pts',(-57.2288010601027,-93.2400985831277,-67.9999999999893));
#5593=CARTESIAN_POINT('Ctrl Pts',(-57.2611961080059,-93.2328356442968,-67.9999999999894));
#5594=CARTESIAN_POINT('Ctrl Pts',(-57.3313471901361,-93.2168972755515,-67.9999999999894));
#5595=CARTESIAN_POINT('Ctrl Pts',(-57.4822440804198,-93.1815233695471,-67.9999999999897));
#5596=CARTESIAN_POINT('Ctrl Pts',(-57.6541943770842,-93.1387178476175,-67.9999999999904));
#5597=CARTESIAN_POINT('Ctrl Pts',(-57.8256094591236,-93.0935367678442,-67.9999999999905));
#5598=CARTESIAN_POINT('Ctrl Pts',(-58.0820932354134,-93.0234172931704,-67.9999999999907));
#5599=CARTESIAN_POINT('Ctrl Pts',(-58.4647543038365,-92.9093366039457,-67.9999999999919));
#5600=CARTESIAN_POINT('Ctrl Pts',(-59.471467973425,-92.5685013947897,-67.9999999999932));
#5601=CARTESIAN_POINT('Ctrl Pts',(-61.5867304723565,-91.63112963054,-67.9999999999995));
#5602=CARTESIAN_POINT('Ctrl Pts',(-63.9104339730353,-89.9071511945896,-67.9999999999988));
#5603=CARTESIAN_POINT('Ctrl Pts',(-65.7652404938437,-87.7540656394971,-68.0000000000001));
#5604=CARTESIAN_POINT('Ctrl Pts',(-66.7293123297108,-86.2362143234955,-68.));
#5605=CARTESIAN_POINT('Ctrl Pts',(-67.3524032847107,-84.9581626264176,-68.0000000000001));
#5606=CARTESIAN_POINT('Ctrl Pts',(-67.6488892217951,-84.2191249150616,-68.0000000000002));
#5607=CARTESIAN_POINT('Ctrl Pts',(-67.8240223214549,-83.7168123287088,-68.0000000000002));
#5608=CARTESIAN_POINT('Ctrl Pts',(-67.9346504287563,-83.3798794937167,-68.0000000000002));
#5609=CARTESIAN_POINT('Ctrl Pts',(-68.0360046655203,-83.0398996056005,-68.0000000000003));
#5610=CARTESIAN_POINT('Ctrl Pts',(-68.1107053698647,-82.7616693531202,-68.0000000000003));
#5611=CARTESIAN_POINT('Ctrl Pts',(-68.1437028133356,-82.6329051146644,-68.0000000000003));
#5612=CARTESIAN_POINT('Ctrl Pts',(-68.1599050252847,-82.5684558119678,-68.0000000000003));
#5613=CARTESIAN_POINT('Ctrl Pts',(-68.1758100780892,-82.5039416344131,-68.0000000000003));
#5614=CARTESIAN_POINT('Ctrl Pts',(-68.2278367698441,-82.2886786851974,-68.0000000000003));
#5615=CARTESIAN_POINT('Ctrl Pts',(-68.2706287240211,-82.0941430748566,-68.0000000000001));
#5616=CARTESIAN_POINT('Ctrl Pts',(-68.3122460715358,-81.8870118909193,-68.0000000000001));
#5617=CARTESIAN_POINT('Ctrl Pts',(-68.3254077534634,-81.8195869643074,-68.0000000000001));
#5618=CARTESIAN_POINT('Ctrl Pts',(-68.3502520204509,-81.6844227581512,-68.0000000000001));
#5619=CARTESIAN_POINT('Ctrl Pts',(-68.3897985168473,-81.4472608360129,-68.0000000000001));
#5620=CARTESIAN_POINT('Ctrl Pts',(-68.4532564251087,-80.9703740160917,-68.0000000000001));
#5621=CARTESIAN_POINT('Ctrl Pts',(-68.4807517655047,-80.5554223735592,-68.0000000000001));
#5622=CARTESIAN_POINT('Ctrl Pts',(-68.4874031088304,-80.2479188567737,-68.0000000000001));
#5623=CARTESIAN_POINT('Ctrl Pts',(-68.4883672732593,-80.1868926814098,-68.0000000000001));
#5624=CARTESIAN_POINT('Ctrl Pts',(-68.4888527607142,-80.0648109096757,-68.0000000000001));
#5625=CARTESIAN_POINT('Ctrl Pts',(-68.4859284656681,-79.8511607957009,-68.0000000000001));
#5626=CARTESIAN_POINT('Ctrl Pts',(-68.4709316865164,-79.5462474763532,-68.0000000000001));
#5627=CARTESIAN_POINT('Ctrl Pts',(-68.435800092229,-79.1822525469219,-68.0000000000001));
#5628=CARTESIAN_POINT('Ctrl Pts',(-68.3661919364912,-78.7003691049756,-68.0000000000001));
#5629=CARTESIAN_POINT('Ctrl Pts',(-68.263569227111,-78.2274463283452,-68.0000000000001));
#5630=CARTESIAN_POINT('Ctrl Pts',(-68.1443075976333,-77.8187144909676,-68.0000000000001));
#5631=CARTESIAN_POINT('Ctrl Pts',(-68.067802297708,-77.5873315635388,-68.0000000000001));
#5632=CARTESIAN_POINT('Ctrl Pts',(-67.9447366330817,-77.2426592556313,-68.0000000000001));
#5633=CARTESIAN_POINT('Ctrl Pts',(-67.7294278835923,-76.736124394279,-68.));
#5634=CARTESIAN_POINT('Ctrl Pts',(-67.3798817385332,-76.0914634858899,-68.));
#5635=CARTESIAN_POINT('Ctrl Pts',(-66.9748677988074,-75.4875754257302,-68.));
#5636=CARTESIAN_POINT('Ctrl Pts',(-66.6675340935572,-75.1107892836004,-68.));
#5637=CARTESIAN_POINT('Ctrl Pts',(-66.4559934685768,-74.8751556771628,-68.));
#5638=CARTESIAN_POINT('Ctrl Pts',(-66.3565351698493,-74.7672402118223,-68.));
#5639=CARTESIAN_POINT('Ctrl Pts',(-66.1524091753548,-74.5566900404274,-68.));
#5640=CARTESIAN_POINT('Ctrl Pts',(-65.7801319988325,-74.2015775813311,-68.));
#5641=CARTESIAN_POINT('Ctrl Pts',(-64.9907847187787,-73.5541081168465,-68.));
#5642=CARTESIAN_POINT('Ctrl Pts',(-63.2072679891412,-72.4929724149182,-68.));
#5643=CARTESIAN_POINT('Ctrl Pts',(-61.4703323912576,-72.0678649299367,-68.));
#5644=CARTESIAN_POINT('Ctrl Pts',(-60.3044724407873,-72.0108541238781,-68.));
#5645=CARTESIAN_POINT('Ctrl Pts',(-47.9074468055749,-85.260631077134,-68.));
#5646=CARTESIAN_POINT('Ctrl Pts',(-47.9594083048132,-86.3120757606954,-68.0000017545217));
#5647=CARTESIAN_POINT('Ctrl Pts',(-48.4809074095381,-88.4038694944691,-67.9999874115964));
#5648=CARTESIAN_POINT('Ctrl Pts',(-49.7724132505291,-90.1261297436787,-67.999982671752));
#5649=CARTESIAN_POINT('Ctrl Pts',(-50.6362486115515,-90.8860758530646,-67.9999861117062));
#5650=CARTESIAN_POINT('Ctrl Pts',(-50.799035513697,-91.0235376685543,-67.9999915414004));
#5651=CARTESIAN_POINT('Ctrl Pts',(-51.137979828057,-91.2830529826744,-67.9999975307172));
#5652=CARTESIAN_POINT('Ctrl Pts',(-51.7589468544387,-91.6940956921417,-68.000005103381));
#5653=CARTESIAN_POINT('Ctrl Pts',(-52.6372586251193,-92.1119704736401,-68.0000039011689));
#5654=CARTESIAN_POINT('Ctrl Pts',(-53.4586042452441,-92.3479055718654,-67.9999953769887));
#5655=CARTESIAN_POINT('Ctrl Pts',(-53.9279076277765,-92.4370521116135,-67.999999188752));
#5656=CARTESIAN_POINT('Ctrl Pts',(-54.1387007052666,-92.4695043083102,-67.9999997421538));
#5657=CARTESIAN_POINT('Ctrl Pts',(-54.2709031098283,-92.4867149564038,-68.0000003027625));
#5658=CARTESIAN_POINT('Ctrl Pts',(-54.377015262666,-92.4986477674171,-68.0000007805161));
#5659=CARTESIAN_POINT('Ctrl Pts',(-54.4567248860334,-92.506670796147,-68.000001133715));
#5660=CARTESIAN_POINT('Ctrl Pts',(-54.5365643474022,-92.5137673707973,-68.0000014452677));
#5661=CARTESIAN_POINT('Ctrl Pts',(-54.6698074914903,-92.5240449214462,-68.0000019540684));
#5662=CARTESIAN_POINT('Ctrl Pts',(-54.803395677292,-92.531216992396,-68.0000015656094));
#5663=CARTESIAN_POINT('Ctrl Pts',(-54.9371102253792,-92.535265670103,-68.0000018412293));
#5664=CARTESIAN_POINT('Ctrl Pts',(-55.0173676967791,-92.5367580093668,-68.0000019819881));
#5665=CARTESIAN_POINT('Ctrl Pts',(-55.0842609831589,-92.537220214874,-68.0000020785113));
#5666=CARTESIAN_POINT('Ctrl Pts',(-55.1377700512598,-92.5371214336709,-68.0000021830196));
#5667=CARTESIAN_POINT('Ctrl Pts',(-55.1912787434105,-92.5367098071022,-68.0000022834569));
#5668=CARTESIAN_POINT('Ctrl Pts',(-55.231393387799,-92.5360509581038,-68.0000023098792));
#5669=CARTESIAN_POINT('Ctrl Pts',(-55.2885331179921,-92.5347756923795,-68.0000023459239));
#5670=CARTESIAN_POINT('Ctrl Pts',(-55.3511502726055,-92.5328789171584,-68.0000027802711));
#5671=CARTESIAN_POINT('Ctrl Pts',(-55.4751767623606,-92.5278635759496,-68.0000035747856));
#5672=CARTESIAN_POINT('Ctrl Pts',(-55.6304886810112,-92.5190306602861,-68.0000039291836));
#5673=CARTESIAN_POINT('Ctrl Pts',(-55.8160147940038,-92.5044589298383,-68.0000046936272));
#5674=CARTESIAN_POINT('Ctrl Pts',(-56.0626278507724,-92.4797226227024,-68.0000047490251));
#5675=CARTESIAN_POINT('Ctrl Pts',(-56.3686036980932,-92.438965039137,-68.0000042939132));
#5676=CARTESIAN_POINT('Ctrl Pts',(-56.6112572694754,-92.3960034043648,-68.0000025921694));
#5677=CARTESIAN_POINT('Ctrl Pts',(-56.7527202668443,-92.3677405603774,-68.0000017398461));
#5678=CARTESIAN_POINT('Ctrl Pts',(-56.7937236429422,-92.3593780416566,-68.0000018433389));
#5679=CARTESIAN_POINT('Ctrl Pts',(-56.8743319910394,-92.3426027759557,-68.0000018132594));
#5680=CARTESIAN_POINT('Ctrl Pts',(-56.9452625555588,-92.3273202008764,-68.0000018157042));
#5681=CARTESIAN_POINT('Ctrl Pts',(-57.0007457175738,-92.3150377699014,-68.0000018356249));
#5682=CARTESIAN_POINT('Ctrl Pts',(-57.0209324184409,-92.3105323358533,-68.0000018474271));
#5683=CARTESIAN_POINT('Ctrl Pts',(-57.0511980391903,-92.3037412350761,-68.0000018637847));
#5684=CARTESIAN_POINT('Ctrl Pts',(-57.1167439571917,-92.2888372015017,-68.0000018846292));
#5685=CARTESIAN_POINT('Ctrl Pts',(-57.2577305438356,-92.255761151103,-68.0000019214654));
#5686=CARTESIAN_POINT('Ctrl Pts',(-57.4183951455641,-92.2157377478024,-68.0000018558893));
#5687=CARTESIAN_POINT('Ctrl Pts',(-57.5785526349001,-92.1734958994074,-68.0000019167147));
#5688=CARTESIAN_POINT('Ctrl Pts',(-57.8181937561603,-92.1079396419269,-68.0000019875149));
#5689=CARTESIAN_POINT('Ctrl Pts',(-58.1757379290209,-92.0012894907074,-68.0000018725846));
#5690=CARTESIAN_POINT('Ctrl Pts',(-59.1163614513264,-91.6826801167592,-68.0000019292622));
#5691=CARTESIAN_POINT('Ctrl Pts',(-61.0928834202823,-90.8065501061689,-68.0000003575872));
#5692=CARTESIAN_POINT('Ctrl Pts',(-63.2641222938099,-89.1955071762696,-68.000000982162));
#5693=CARTESIAN_POINT('Ctrl Pts',(-64.9974088316209,-87.1836263809419,-68.0000005321841));
#5694=CARTESIAN_POINT('Ctrl Pts',(-65.898324989383,-85.7654062899927,-68.0000011984395));
#5695=CARTESIAN_POINT('Ctrl Pts',(-66.480673927571,-84.5712602332227,-68.0000013240444));
#5696=CARTESIAN_POINT('Ctrl Pts',(-66.7577909330383,-83.8807584645342,-68.000001899248));
#5697=CARTESIAN_POINT('Ctrl Pts',(-66.921495040123,-83.4114411580465,-68.0000018515063));
#5698=CARTESIAN_POINT('Ctrl Pts',(-67.0249068977349,-83.0966419030866,-68.0000017945997));
#5699=CARTESIAN_POINT('Ctrl Pts',(-67.1196522850172,-82.7790074774665,-68.0000021313417));
#5700=CARTESIAN_POINT('Ctrl Pts',(-67.1894890547634,-82.5190603835275,-68.0000021646523));
#5701=CARTESIAN_POINT('Ctrl Pts',(-67.2203402342826,-82.3987545735791,-68.0000021255768));
#5702=CARTESIAN_POINT('Ctrl Pts',(-67.2354886122085,-82.3385399238664,-68.000002103509));
#5703=CARTESIAN_POINT('Ctrl Pts',(-67.2503599985412,-82.2782621799923,-68.0000020835673));
#5704=CARTESIAN_POINT('Ctrl Pts',(-67.299001317496,-82.0771557714149,-68.0000020266247));
#5705=CARTESIAN_POINT('Ctrl Pts',(-67.3390181466533,-81.8953550377549,-68.0000028541711));
#5706=CARTESIAN_POINT('Ctrl Pts',(-67.3778891137981,-81.7020244032125,-68.0000030752545));
#5707=CARTESIAN_POINT('Ctrl Pts',(-67.3895137896607,-81.64196086214,-68.0000034223853));
#5708=CARTESIAN_POINT('Ctrl Pts',(-67.4117812289473,-81.5202452557548,-68.0000039143222));
#5709=CARTESIAN_POINT('Ctrl Pts',(-67.447124679709,-81.3073602386057,-68.0000047378484));
#5710=CARTESIAN_POINT('Ctrl Pts',(-67.5041674368589,-80.8791422992885,-68.0000053202357));
#5711=CARTESIAN_POINT('Ctrl Pts',(-67.5294725260122,-80.5059742523665,-68.0000061364659));
#5712=CARTESIAN_POINT('Ctrl Pts',(-67.5360630053696,-80.2306597662601,-68.0000054250436));
#5713=CARTESIAN_POINT('Ctrl Pts',(-67.5368956141797,-80.177544604728,-68.0000054083369));
#5714=CARTESIAN_POINT('Ctrl Pts',(-67.5374262368061,-80.0701903368776,-68.0000052506215));
#5715=CARTESIAN_POINT('Ctrl Pts',(-67.5350076291074,-79.8829079924533,-68.0000051835477));
#5716=CARTESIAN_POINT('Ctrl Pts',(-67.5221807162613,-79.6152331826362,-68.0000059310108));
#5717=CARTESIAN_POINT('Ctrl Pts',(-67.491872231189,-79.2958640241531,-68.0000059103048));
#5718=CARTESIAN_POINT('Ctrl Pts',(-67.4316664647996,-78.8728438539006,-68.0000062981827));
#5719=CARTESIAN_POINT('Ctrl Pts',(-67.3427282962364,-78.4575579158679,-68.000007334658));
#5720=CARTESIAN_POINT('Ctrl Pts',(-67.2392387423383,-78.0983583191893,-68.0000058023014));
#5721=CARTESIAN_POINT('Ctrl Pts',(-67.1728294037118,-77.8949985974732,-68.0000040861997));
#5722=CARTESIAN_POINT('Ctrl Pts',(-67.0659853651788,-77.5920476724728,-68.0000014303392));
#5723=CARTESIAN_POINT('Ctrl Pts',(-66.8788516793886,-77.1463634603851,-68.000005778399));
#5724=CARTESIAN_POINT('Ctrl Pts',(-66.5747829279187,-76.5784347524097,-67.9999996588005));
#5725=CARTESIAN_POINT('Ctrl Pts',(-66.2218343438691,-76.0451687352984,-68.0000021395561));
#5726=CARTESIAN_POINT('Ctrl Pts',(-65.9538210922271,-75.7119809709717,-68.000000973338));
#5727=CARTESIAN_POINT('Ctrl Pts',(-65.7691580882269,-75.5032622355954,-67.9999985763376));
#5728=CARTESIAN_POINT('Ctrl Pts',(-65.6811057176009,-75.4059307060243,-67.9999964707679));
#5729=CARTESIAN_POINT('Ctrl Pts',(-65.5008427874483,-75.21680469739,-67.9999900129116));
#5730=CARTESIAN_POINT('Ctrl Pts',(-65.1710314337677,-74.8967277904954,-67.9999862005546));
#5731=CARTESIAN_POINT('Ctrl Pts',(-64.4694714487521,-74.311773693332,-67.9999801848665));
#5732=CARTESIAN_POINT('Ctrl Pts',(-62.8760141913121,-73.3484942055208,-67.9999672361762));
#5733=CARTESIAN_POINT('Ctrl Pts',(-61.3112864436406,-72.959366245792,-68.0000017546154));
#5734=CARTESIAN_POINT('Ctrl Pts',(-60.2606288594626,-72.9074468768235,-68.));
#5735=CARTESIAN_POINT('Ctrl Pts',(-49.6958236124311,-85.1731728191058,-67.5888465207013));
#5736=CARTESIAN_POINT('Ctrl Pts',(-49.7376056172829,-85.9945109486851,-67.5883463967213));
#5737=CARTESIAN_POINT('Ctrl Pts',(-50.1607851135943,-87.6255312477054,-67.5819482943949));
#5738=CARTESIAN_POINT('Ctrl Pts',(-51.1915238027157,-88.928589402768,-67.5658822132685));
#5739=CARTESIAN_POINT('Ctrl Pts',(-51.8565004761096,-89.4840416159445,-67.5563145821449));
#5740=CARTESIAN_POINT('Ctrl Pts',(-51.975374638204,-89.5802566690665,-67.5549806522299));
#5741=CARTESIAN_POINT('Ctrl Pts',(-52.2265652236526,-89.7644056517713,-67.55216944631));
#5742=CARTESIAN_POINT('Ctrl Pts',(-52.6818510095887,-90.0535120957772,-67.5478389623875));
#5743=CARTESIAN_POINT('Ctrl Pts',(-53.3225194801791,-90.3465177412097,-67.5432253987948));
#5744=CARTESIAN_POINT('Ctrl Pts',(-53.9180910123542,-90.5107687079781,-67.5403895811549));
#5745=CARTESIAN_POINT('Ctrl Pts',(-54.2572062659389,-90.5724154934782,-67.5392062230107));
#5746=CARTESIAN_POINT('Ctrl Pts',(-54.4094624176368,-90.5947874803288,-67.5387451745519));
#5747=CARTESIAN_POINT('Ctrl Pts',(-54.5049071170478,-90.6066119685295,-67.5384854659682));
#5748=CARTESIAN_POINT('Ctrl Pts',(-54.5814894401394,-90.6147832237029,-67.5382946030874));
#5749=CARTESIAN_POINT('Ctrl Pts',(-54.6390086224497,-90.6202620155528,-67.538159951405));
#5750=CARTESIAN_POINT('Ctrl Pts',(-54.6966153629053,-90.6250917451647,-67.5380337585054));
#5751=CARTESIAN_POINT('Ctrl Pts',(-54.7927423275292,-90.6320549403536,-67.537837636579));
#5752=CARTESIAN_POINT('Ctrl Pts',(-54.8891793639535,-90.6368503333158,-67.5376685835844));
#5753=CARTESIAN_POINT('Ctrl Pts',(-54.9856256707775,-90.6394517793122,-67.537529208646));
#5754=CARTESIAN_POINT('Ctrl Pts',(-55.0435094655896,-90.6403569334095,-67.5374542122884));
#5755=CARTESIAN_POINT('Ctrl Pts',(-55.091756998386,-90.6405637377276,-67.5373987184124));
#5756=CARTESIAN_POINT('Ctrl Pts',(-55.1303419454202,-90.6404012914029,-67.5373588358416));
#5757=CARTESIAN_POINT('Ctrl Pts',(-55.1689354394409,-90.64001874856,-67.5373214559369));
#5758=CARTESIAN_POINT('Ctrl Pts',(-55.1978491824657,-90.6394895532265,-67.5372974483362));
#5759=CARTESIAN_POINT('Ctrl Pts',(-55.239117398526,-90.6384908127649,-67.5372631474528));
#5760=CARTESIAN_POINT('Ctrl Pts',(-55.2885702907355,-90.6365771450403,-67.5370727368601));
#5761=CARTESIAN_POINT('Ctrl Pts',(-55.3840624492064,-90.6321369241628,-67.5368195139461));
#5762=CARTESIAN_POINT('Ctrl Pts',(-55.5047355856108,-90.6246277141112,-67.5365190942477));
#5763=CARTESIAN_POINT('Ctrl Pts',(-55.6481787585026,-90.6128065255321,-67.5362776221406));
#5764=CARTESIAN_POINT('Ctrl Pts',(-55.8390284560667,-90.5932267133453,-67.5360684645554));
#5765=CARTESIAN_POINT('Ctrl Pts',(-56.0762321510906,-90.5615204689775,-67.5360288064306));
#5766=CARTESIAN_POINT('Ctrl Pts',(-56.2633196863718,-90.5289581750487,-67.5362485703174));
#5767=CARTESIAN_POINT('Ctrl Pts',(-56.3751193576477,-90.5069725842282,-67.5363973919878));
#5768=CARTESIAN_POINT('Ctrl Pts',(-56.4114618621628,-90.4995044163563,-67.5363704851174));
#5769=CARTESIAN_POINT('Ctrl Pts',(-56.4800842274223,-90.4852144220046,-67.5363679324754));
#5770=CARTESIAN_POINT('Ctrl Pts',(-56.5414963072464,-90.471946431528,-67.5363475461637));
#5771=CARTESIAN_POINT('Ctrl Pts',(-56.5891237394975,-90.4613828723111,-67.5363389639264));
#5772=CARTESIAN_POINT('Ctrl Pts',(-56.6064891425745,-90.4574990419626,-67.536335193577));
#5773=CARTESIAN_POINT('Ctrl Pts',(-56.6325075601256,-90.4516491461568,-67.5363298577744));
#5774=CARTESIAN_POINT('Ctrl Pts',(-56.6888693184234,-90.4388082395233,-67.5363181224478));
#5775=CARTESIAN_POINT('Ctrl Pts',(-56.8100920682533,-90.4103155101987,-67.5362933179726));
#5776=CARTESIAN_POINT('Ctrl Pts',(-56.9482575535832,-90.3758400294284,-67.5362654207206));
#5777=CARTESIAN_POINT('Ctrl Pts',(-57.0859631630891,-90.3394608322882,-67.5362384505761));
#5778=CARTESIAN_POINT('Ctrl Pts',(-57.292015609406,-90.2830057957103,-67.5361986577766));
#5779=CARTESIAN_POINT('Ctrl Pts',(-57.5994875218607,-90.1911724396783,-67.5361413150277));
#5780=CARTESIAN_POINT('Ctrl Pts',(-58.4083373293308,-89.9168793866526,-67.5360004409204));
#5781=CARTESIAN_POINT('Ctrl Pts',(-60.1083984934268,-89.1628254621837,-67.5357542940522));
#5782=CARTESIAN_POINT('Ctrl Pts',(-61.9757062470827,-87.7768694102162,-67.5356331604057));
#5783=CARTESIAN_POINT('Ctrl Pts',(-63.4668303885294,-86.0464284569991,-67.5356926632712));
#5784=CARTESIAN_POINT('Ctrl Pts',(-64.2418210302867,-84.8268027092852,-67.5358046226795));
#5785=CARTESIAN_POINT('Ctrl Pts',(-64.7429547083984,-83.7999178983165,-67.535939098889));
#5786=CARTESIAN_POINT('Ctrl Pts',(-64.9814619915144,-83.2061408605983,-67.5360298299508));
#5787=CARTESIAN_POINT('Ctrl Pts',(-65.1223740538983,-82.8026183423066,-67.536098286878));
#5788=CARTESIAN_POINT('Ctrl Pts',(-65.2113934776099,-82.5319581677043,-67.5361458181656));
#5789=CARTESIAN_POINT('Ctrl Pts',(-65.2929636298179,-82.2588578204737,-67.5361951665973));
#5790=CARTESIAN_POINT('Ctrl Pts',(-65.3530998624093,-82.035366932545,-67.5362380514538));
#5791=CARTESIAN_POINT('Ctrl Pts',(-65.3796700764964,-81.9319302677752,-67.5362584460981));
#5792=CARTESIAN_POINT('Ctrl Pts',(-65.3927163877494,-81.8801612836737,-67.5362686963158));
#5793=CARTESIAN_POINT('Ctrl Pts',(-65.4055259415952,-81.8283326277455,-67.5362791265823));
#5794=CARTESIAN_POINT('Ctrl Pts',(-65.4474144948063,-81.6554596125765,-67.5363133751758));
#5795=CARTESIAN_POINT('Ctrl Pts',(-65.481898369245,-81.499015878068,-67.5363471949604));
#5796=CARTESIAN_POINT('Ctrl Pts',(-65.5152916537083,-81.333197530946,-67.5363752343319));
#5797=CARTESIAN_POINT('Ctrl Pts',(-65.5238522689864,-81.2878161471587,-67.5362825036395));
#5798=CARTESIAN_POINT('Ctrl Pts',(-65.5409819867631,-81.1929203154951,-67.5361750610864));
#5799=CARTESIAN_POINT('Ctrl Pts',(-65.5679443401894,-81.028445174283,-67.5360419177132));
#5800=CARTESIAN_POINT('Ctrl Pts',(-65.6121909651571,-80.6972760891276,-67.5360737712112));
#5801=CARTESIAN_POINT('Ctrl Pts',(-65.6331105812671,-80.4073671529453,-67.5367029285703));
#5802=CARTESIAN_POINT('Ctrl Pts',(-65.6395653240744,-80.1962188714431,-67.5373349202572));
#5803=CARTESIAN_POINT('Ctrl Pts',(-65.6401356528619,-80.1588839720639,-67.5373309029123));
#5804=CARTESIAN_POINT('Ctrl Pts',(-65.6407540462161,-80.0809010637343,-67.5374296487129));
#5805=CARTESIAN_POINT('Ctrl Pts',(-65.6393398542682,-79.9462026119277,-67.5375804941977));
#5806=CARTESIAN_POINT('Ctrl Pts',(-65.6308277312284,-79.752767841088,-67.5379141769868));
#5807=CARTESIAN_POINT('Ctrl Pts',(-65.6101231013048,-79.5223794255712,-67.5384322604665));
#5808=CARTESIAN_POINT('Ctrl Pts',(-65.5686408588267,-79.2167184953975,-67.5393153444061));
#5809=CARTESIAN_POINT('Ctrl Pts',(-65.5069558585426,-78.9163291720919,-67.5404557799581));
#5810=CARTESIAN_POINT('Ctrl Pts',(-65.4348919864842,-78.6559059718437,-67.5416998005243));
#5811=CARTESIAN_POINT('Ctrl Pts',(-65.3886036122124,-78.5084372359163,-67.542472597385));
#5812=CARTESIAN_POINT('Ctrl Pts',(-65.3140890947724,-78.2887012430816,-67.5436939781669));
#5813=CARTESIAN_POINT('Ctrl Pts',(-65.1830639334902,-77.9643109107642,-67.5457896222257));
#5814=CARTESIAN_POINT('Ctrl Pts',(-64.9696355749277,-77.549444175201,-67.5490896612374));
#5815=CARTESIAN_POINT('Ctrl Pts',(-64.7204151406539,-77.1569977593276,-67.5528828297278));
#5816=CARTESIAN_POINT('Ctrl Pts',(-64.5307627739352,-76.910778496609,-67.5556918316308));
#5817=CARTESIAN_POINT('Ctrl Pts',(-64.3996733608135,-76.7557557906173,-67.5576347180232));
#5818=CARTESIAN_POINT('Ctrl Pts',(-64.3343517394125,-76.6795442449023,-67.5587941302413));
#5819=CARTESIAN_POINT('Ctrl Pts',(-64.2016650082855,-76.5331808233512,-67.560930418908));
#5820=CARTESIAN_POINT('Ctrl Pts',(-63.9564873451069,-76.283016376729,-67.5646865781233));
#5821=CARTESIAN_POINT('Ctrl Pts',(-63.4299026182921,-75.8228278964261,-67.5716525702407));
#5822=CARTESIAN_POINT('Ctrl Pts',(-62.215446069352,-75.0549074799021,-67.5834584645423));
#5823=CARTESIAN_POINT('Ctrl Pts',(-60.9939440683787,-74.73757534727,-67.5883463458175));
#5824=CARTESIAN_POINT('Ctrl Pts',(-60.1731768258392,-74.6958240396379,-67.5888464964979));
#5825=CARTESIAN_POINT('Ctrl Pts',(-52.2182074468394,-85.0498188953745,-65.5818599257592));
#5826=CARTESIAN_POINT('Ctrl Pts',(-52.2449448359773,-85.5474135781021,-65.5790717732967));
#5827=CARTESIAN_POINT('Ctrl Pts',(-52.51974738914,-86.528436475928,-65.5434456748542));
#5828=CARTESIAN_POINT('Ctrl Pts',(-53.1651760806607,-87.259565089942,-65.4543162268014));
#5829=CARTESIAN_POINT('Ctrl Pts',(-53.5452082822575,-87.5420259319722,-65.4014615193591));
#5830=CARTESIAN_POINT('Ctrl Pts',(-53.6021713053514,-87.5828342997678,-65.3940876041704));
#5831=CARTESIAN_POINT('Ctrl Pts',(-53.7296162702175,-87.6662333707843,-65.3785621407265));
#5832=CARTESIAN_POINT('Ctrl Pts',(-53.9528778094788,-87.7926309908543,-65.3546664787269));
#5833=CARTESIAN_POINT('Ctrl Pts',(-54.263260098363,-87.9200423603722,-65.3292498088198));
#5834=CARTESIAN_POINT('Ctrl Pts',(-54.5472345584406,-87.9896959248181,-65.313648599232));
#5835=CARTESIAN_POINT('Ctrl Pts',(-54.707881169362,-88.0154954163212,-65.3071361582743));
#5836=CARTESIAN_POINT('Ctrl Pts',(-54.7799056695591,-88.0247439035961,-65.3045998035624));
#5837=CARTESIAN_POINT('Ctrl Pts',(-54.8250102567755,-88.0295877093409,-65.3031710162469));
#5838=CARTESIAN_POINT('Ctrl Pts',(-54.8611812929607,-88.0329005473339,-65.3021210334143));
#5839=CARTESIAN_POINT('Ctrl Pts',(-54.8883394002288,-88.0351028434168,-65.3013802933824));
#5840=CARTESIAN_POINT('Ctrl Pts',(-54.9155313290761,-88.0370225766246,-65.3006861190092));
#5841=CARTESIAN_POINT('Ctrl Pts',(-54.9608950264555,-88.0397499965713,-65.2996072920631));
#5842=CARTESIAN_POINT('Ctrl Pts',(-55.0064030089659,-88.0415328311351,-65.298677725605));
#5843=CARTESIAN_POINT('Ctrl Pts',(-55.0518962703731,-88.0423649260701,-65.2979111577951));
#5844=CARTESIAN_POINT('Ctrl Pts',(-55.0791959985254,-88.0425794185145,-65.2974986874014));
#5845=CARTESIAN_POINT('Ctrl Pts',(-55.1019566727987,-88.042520040967,-65.2971934842428));
#5846=CARTESIAN_POINT('Ctrl Pts',(-55.1201511982856,-88.0423306608477,-65.2969741304987));
#5847=CARTESIAN_POINT('Ctrl Pts',(-55.1383677331185,-88.0420442184783,-65.296768541731));
#5848=CARTESIAN_POINT('Ctrl Pts',(-55.1519720706187,-88.0417279246169,-65.2966365131313));
#5849=CARTESIAN_POINT('Ctrl Pts',(-55.1715467064953,-88.0411581625143,-65.2964478779271));
#5850=CARTESIAN_POINT('Ctrl Pts',(-55.2029797820816,-88.0395085587497,-65.29540068781));
#5851=CARTESIAN_POINT('Ctrl Pts',(-55.2595055093981,-88.0362374084215,-65.2940080878148));
#5852=CARTESIAN_POINT('Ctrl Pts',(-55.3327510867051,-88.0309881709541,-65.2923561984896));
#5853=CARTESIAN_POINT('Ctrl Pts',(-55.4187603331972,-88.0232875934206,-65.2910284243754));
#5854=CARTESIAN_POINT('Ctrl Pts',(-55.5333417069255,-88.0110656490106,-65.2898785538033));
#5855=CARTESIAN_POINT('Ctrl Pts',(-55.6765316859737,-87.9917744720259,-65.2896606636007));
#5856=CARTESIAN_POINT('Ctrl Pts',(-55.7873894293301,-87.9730937806484,-65.2908692692911));
#5857=CARTESIAN_POINT('Ctrl Pts',(-55.8585354919886,-87.9594610780404,-65.291687707205));
#5858=CARTESIAN_POINT('Ctrl Pts',(-55.8885272343309,-87.9532537029553,-65.2915397481402));
#5859=CARTESIAN_POINT('Ctrl Pts',(-55.9407755647272,-87.9423607040403,-65.2915257226824));
#5860=CARTESIAN_POINT('Ctrl Pts',(-55.9891752411468,-87.9318750311166,-65.291413640743));
#5861=CARTESIAN_POINT('Ctrl Pts',(-56.0260787236078,-87.9236707622205,-65.2913664518025));
#5862=CARTESIAN_POINT('Ctrl Pts',(-56.0395937995869,-87.920641064165,-65.2913457198976));
#5863=CARTESIAN_POINT('Ctrl Pts',(-56.0598157308009,-87.9160839050413,-65.2913163802156));
#5864=CARTESIAN_POINT('Ctrl Pts',(-56.1036365610001,-87.9060776293232,-65.2912518557));
#5865=CARTESIAN_POINT('Ctrl Pts',(-56.1978691001194,-87.883880527515,-65.2911154751821));
#5866=CARTESIAN_POINT('Ctrl Pts',(-56.3052569954991,-87.857031256696,-65.2909621163443));
#5867=CARTESIAN_POINT('Ctrl Pts',(-56.4123116859665,-87.8286964545559,-65.2908138251803));
#5868=CARTESIAN_POINT('Ctrl Pts',(-56.572497001966,-87.7847306350339,-65.290595035541));
#5869=CARTESIAN_POINT('Ctrl Pts',(-56.8114748201902,-87.7132395595642,-65.2902798024789));
#5870=CARTESIAN_POINT('Ctrl Pts',(-57.440210911414,-87.4997547199858,-65.2895052987146));
#5871=CARTESIAN_POINT('Ctrl Pts',(-58.7612917210779,-86.9131988208531,-65.2881523631451));
#5872=CARTESIAN_POINT('Ctrl Pts',(-60.2128473945233,-85.8357093157384,-65.2874863188774));
#5873=CARTESIAN_POINT('Ctrl Pts',(-61.3719566220002,-84.4906320084921,-65.2878134917989));
#5874=CARTESIAN_POINT('Ctrl Pts',(-61.9746585076295,-83.5427841533256,-65.2884288241878));
#5875=CARTESIAN_POINT('Ctrl Pts',(-62.364427958232,-82.7447184624908,-65.2891680600566));
#5876=CARTESIAN_POINT('Ctrl Pts',(-62.5499417932914,-82.2834757336105,-65.2896666975672));
#5877=CARTESIAN_POINT('Ctrl Pts',(-62.6596123067057,-81.9698330450516,-65.2900430483171));
#5878=CARTESIAN_POINT('Ctrl Pts',(-62.7289070776872,-81.7594489494695,-65.2903043651915));
#5879=CARTESIAN_POINT('Ctrl Pts',(-62.7923696645968,-81.5473590113431,-65.2905755535529));
#5880=CARTESIAN_POINT('Ctrl Pts',(-62.839190033951,-81.3736879935825,-65.2908113014858));
#5881=CARTESIAN_POINT('Ctrl Pts',(-62.8598848073327,-81.2932822061052,-65.2909234341093));
#5882=CARTESIAN_POINT('Ctrl Pts',(-62.8700462411158,-81.2530422262882,-65.290979791956));
#5883=CARTESIAN_POINT('Ctrl Pts',(-62.8800254495584,-81.2127482345128,-65.2910371390015));
#5884=CARTESIAN_POINT('Ctrl Pts',(-62.9126442369171,-81.0784216183086,-65.2912254395498));
#5885=CARTESIAN_POINT('Ctrl Pts',(-62.939504065081,-80.9568845248866,-65.2914110640334));
#5886=CARTESIAN_POINT('Ctrl Pts',(-62.9653728990621,-80.8287116785234,-65.2915651306223));
#5887=CARTESIAN_POINT('Ctrl Pts',(-62.9698889095695,-80.8034064722268,-65.2910552179782));
#5888=CARTESIAN_POINT('Ctrl Pts',(-62.9801655591802,-80.7451812001314,-65.2904643937386));
#5889=CARTESIAN_POINT('Ctrl Pts',(-62.9958884699178,-80.6469013048634,-65.2897321831117));
#5890=CARTESIAN_POINT('Ctrl Pts',(-63.022624402809,-80.4483388356683,-65.289907073479));
#5891=CARTESIAN_POINT('Ctrl Pts',(-63.0366392212442,-80.2725613638517,-65.2933653687596));
#5892=CARTESIAN_POINT('Ctrl Pts',(-63.0419701921387,-80.1492951760637,-65.2968408402918));
#5893=CARTESIAN_POINT('Ctrl Pts',(-63.0421880917257,-80.1335072270983,-65.296818757638));
#5894=CARTESIAN_POINT('Ctrl Pts',(-63.0427799359217,-80.0956695384247,-65.2973618074508));
#5895=CARTESIAN_POINT('Ctrl Pts',(-63.0425192630863,-80.0328671219802,-65.2981913286526));
#5896=CARTESIAN_POINT('Ctrl Pts',(-63.0394446722192,-79.9411315201134,-65.3000259788378));
#5897=CARTESIAN_POINT('Ctrl Pts',(-63.0311297288343,-79.8326292535388,-65.3028753392959));
#5898=CARTESIAN_POINT('Ctrl Pts',(-63.0140194773004,-79.6879568133207,-65.3077325773122));
#5899=CARTESIAN_POINT('Ctrl Pts',(-62.9880712159378,-79.5455935584469,-65.3140066218465));
#5900=CARTESIAN_POINT('Ctrl Pts',(-62.9573142783183,-79.421137243104,-65.3208544276953));
#5901=CARTESIAN_POINT('Ctrl Pts',(-62.9375080139575,-79.3506656550795,-65.3251097757592));
#5902=CARTESIAN_POINT('Ctrl Pts',(-62.905606656523,-79.2456674144369,-65.3318360770141));
#5903=CARTESIAN_POINT('Ctrl Pts',(-62.8490120300411,-79.0895688981887,-65.3433754521268));
#5904=CARTESIAN_POINT('Ctrl Pts',(-62.7559127428509,-78.8875602562588,-65.3615688202007));
#5905=CARTESIAN_POINT('Ctrl Pts',(-62.6453012302657,-78.6928432328802,-65.3824925243956));
#5906=CARTESIAN_POINT('Ctrl Pts',(-62.5608115426646,-78.5695549212121,-65.3980045704366));
#5907=CARTESIAN_POINT('Ctrl Pts',(-62.5017407483154,-78.49080232694,-65.4087418862697));
#5908=CARTESIAN_POINT('Ctrl Pts',(-62.4666368063966,-78.4450144393404,-65.4151512999782));
#5909=CARTESIAN_POINT('Ctrl Pts',(-62.3975346275141,-78.3600578648172,-65.4269688799904));
#5910=CARTESIAN_POINT('Ctrl Pts',(-62.2660905267526,-78.2110323073261,-65.4477516226352));
#5911=CARTESIAN_POINT('Ctrl Pts',(-61.9767852353279,-77.9325462341844,-65.4863372674581));
#5912=CARTESIAN_POINT('Ctrl Pts',(-61.2836597998586,-77.4531490928048,-65.5518952214937));
#5913=CARTESIAN_POINT('Ctrl Pts',(-60.5471597108447,-77.2449310825708,-65.579071489727));
#5914=CARTESIAN_POINT('Ctrl Pts',(-60.0498316828815,-77.2182083418652,-65.5818597910245));
#5915=CARTESIAN_POINT('Ctrl Pts',(-53.0038480422484,-85.0113981567207,-63.345801347361));
#5916=CARTESIAN_POINT('Ctrl Pts',(-53.024499541847,-85.4073399529886,-63.3409448479191));
#5917=CARTESIAN_POINT('Ctrl Pts',(-53.2346575686327,-86.1892907640807,-63.2788053380805));
#5918=CARTESIAN_POINT('Ctrl Pts',(-53.7287847003681,-86.7794841141983,-63.1248399472586));
#5919=CARTESIAN_POINT('Ctrl Pts',(-54.0119689277771,-87.0071239651067,-63.0342892112032));
#5920=CARTESIAN_POINT('Ctrl Pts',(-54.0492213818998,-87.035326924356,-63.0216548251589));
#5921=CARTESIAN_POINT('Ctrl Pts',(-54.1377816887259,-87.0973550654901,-62.9950902035383));
#5922=CARTESIAN_POINT('Ctrl Pts',(-54.29125377388,-87.1899411769257,-62.954273157051));
#5923=CARTESIAN_POINT('Ctrl Pts',(-54.5091212007683,-87.2859395368375,-62.9109970806117));
#5924=CARTESIAN_POINT('Ctrl Pts',(-54.7108463980313,-87.3394246834816,-62.8845066489807));
#5925=CARTESIAN_POINT('Ctrl Pts',(-54.8245208431316,-87.3592428212429,-62.8734435138216));
#5926=CARTESIAN_POINT('Ctrl Pts',(-54.875625777395,-87.3664342387217,-62.8691377318733));
#5927=CARTESIAN_POINT('Ctrl Pts',(-54.9076359059821,-87.3702200712055,-62.8667121357096));
#5928=CARTESIAN_POINT('Ctrl Pts',(-54.9333025868436,-87.3728267639745,-62.8649297026188));
#5929=CARTESIAN_POINT('Ctrl Pts',(-54.9525807913407,-87.3745700589826,-62.8636722953252));
#5930=CARTESIAN_POINT('Ctrl Pts',(-54.9718921410857,-87.3761026233466,-62.8624940484096));
#5931=CARTESIAN_POINT('Ctrl Pts',(-55.0041163650012,-87.3783025800667,-62.8606629878723));
#5932=CARTESIAN_POINT('Ctrl Pts',(-55.0366259878041,-87.3798183355049,-62.8590869837348));
#5933=CARTESIAN_POINT('Ctrl Pts',(-55.0689972399593,-87.3805995684787,-62.8577863394196));
#5934=CARTESIAN_POINT('Ctrl Pts',(-55.0884243410614,-87.3808547021425,-62.8570865381879));
#5935=CARTESIAN_POINT('Ctrl Pts',(-55.104629857305,-87.3808883882338,-62.8565687612341));
#5936=CARTESIAN_POINT('Ctrl Pts',(-55.1175728287974,-87.380807628953,-62.8561965710901));
#5937=CARTESIAN_POINT('Ctrl Pts',(-55.1305419038502,-87.3806541499399,-62.8558477376058));
#5938=CARTESIAN_POINT('Ctrl Pts',(-55.1402134860888,-87.3804626441698,-62.8556237933716));
#5939=CARTESIAN_POINT('Ctrl Pts',(-55.1542175452626,-87.3801031717047,-62.8553038410868));
#5940=CARTESIAN_POINT('Ctrl Pts',(-55.181077801801,-87.3790725558385,-62.8535273125953));
#5941=CARTESIAN_POINT('Ctrl Pts',(-55.2276216858438,-87.3768329159595,-62.851164732298));
#5942=CARTESIAN_POINT('Ctrl Pts',(-55.288902877018,-87.3730334673763,-62.8483637148561));
#5943=CARTESIAN_POINT('Ctrl Pts',(-55.3602413391834,-87.3670856351233,-62.8461117874434));
#5944=CARTESIAN_POINT('Ctrl Pts',(-55.4555301967608,-87.357348118749,-62.8441628893877));
#5945=CARTESIAN_POINT('Ctrl Pts',(-55.5748367662211,-87.3413478594282,-62.8437944982119));
#5946=CARTESIAN_POINT('Ctrl Pts',(-55.6664096224233,-87.325581754543,-62.845845915451));
#5947=CARTESIAN_POINT('Ctrl Pts',(-55.7271630433961,-87.3136662027763,-62.8472347532639));
#5948=CARTESIAN_POINT('Ctrl Pts',(-55.7555354350206,-87.3078588515517,-62.8469837704055));
#5949=CARTESIAN_POINT('Ctrl Pts',(-55.8035963181428,-87.297844453222,-62.8469600544925));
#5950=CARTESIAN_POINT('Ctrl Pts',(-55.8486960808055,-87.2881284117732,-62.8467700735259));
#5951=CARTESIAN_POINT('Ctrl Pts',(-55.8828557520923,-87.2805537286107,-62.8466900535458));
#5952=CARTESIAN_POINT('Ctrl Pts',(-55.8953851841806,-87.2777538941599,-62.8466548919203));
#5953=CARTESIAN_POINT('Ctrl Pts',(-55.914123213933,-87.2735435726167,-62.8466051321613));
#5954=CARTESIAN_POINT('Ctrl Pts',(-55.9547414649021,-87.2642968484997,-62.8464957280217));
#5955=CARTESIAN_POINT('Ctrl Pts',(-56.0420857358588,-87.2437824969871,-62.846264504451));
#5956=CARTESIAN_POINT('Ctrl Pts',(-56.1416803382331,-87.2189548101063,-62.8460047009219));
#5957=CARTESIAN_POINT('Ctrl Pts',(-56.2409064743604,-87.1927568822581,-62.845753253045));
#5958=CARTESIAN_POINT('Ctrl Pts',(-56.3893934712269,-87.1520973037504,-62.8453823051517));
#5959=CARTESIAN_POINT('Ctrl Pts',(-56.6110442684377,-87.0859438160501,-62.8448482670424));
#5960=CARTESIAN_POINT('Ctrl Pts',(-57.1940918817331,-86.8883027778414,-62.8435355873819));
#5961=CARTESIAN_POINT('Ctrl Pts',(-58.4204377867728,-86.3446980485991,-62.8412459899058));
#5962=CARTESIAN_POINT('Ctrl Pts',(-59.7671559634548,-85.3450714137141,-62.840116372722));
#5963=CARTESIAN_POINT('Ctrl Pts',(-60.8428711675922,-84.0969188349432,-62.840671550937));
#5964=CARTESIAN_POINT('Ctrl Pts',(-61.4015386499597,-83.2174926471512,-62.8417129036346));
#5965=CARTESIAN_POINT('Ctrl Pts',(-61.7628180771977,-82.4771454965692,-62.8429653277752));
#5966=CARTESIAN_POINT('Ctrl Pts',(-61.9346995006709,-82.049123671671,-62.8438092650665));
#5967=CARTESIAN_POINT('Ctrl Pts',(-62.0362123768127,-81.7583348962356,-62.844447169576));
#5968=CARTESIAN_POINT('Ctrl Pts',(-62.100331710718,-81.5633058718872,-62.8448901480017));
#5969=CARTESIAN_POINT('Ctrl Pts',(-62.1590724205809,-81.3665475821575,-62.8453491423396));
#5970=CARTESIAN_POINT('Ctrl Pts',(-62.2023700863692,-81.2055432032541,-62.8457486466414));
#5971=CARTESIAN_POINT('Ctrl Pts',(-62.2215022488968,-81.1310192063823,-62.8459387728292));
#5972=CARTESIAN_POINT('Ctrl Pts',(-62.2308951380336,-81.0937257386935,-62.8460343353033));
#5973=CARTESIAN_POINT('Ctrl Pts',(-62.2401193242631,-81.0563788393787,-62.8461315711093));
#5974=CARTESIAN_POINT('Ctrl Pts',(-62.2702646388999,-80.9319001621992,-62.8464508334737));
#5975=CARTESIAN_POINT('Ctrl Pts',(-62.2950964171051,-80.8189603223247,-62.8467639635265));
#5976=CARTESIAN_POINT('Ctrl Pts',(-62.3189599824625,-80.7003279377447,-62.847024710597));
#5977=CARTESIAN_POINT('Ctrl Pts',(-62.3227007473757,-80.6802198623776,-62.8461597876266));
#5978=CARTESIAN_POINT('Ctrl Pts',(-62.3315255876528,-80.6314203658071,-62.8451575258008));
#5979=CARTESIAN_POINT('Ctrl Pts',(-62.3447453481643,-80.5500813667513,-62.8439151048765));
#5980=CARTESIAN_POINT('Ctrl Pts',(-62.3669052936905,-80.3852863341015,-62.8442104349107));
#5981=CARTESIAN_POINT('Ctrl Pts',(-62.3772947419988,-80.238011219506,-62.8500700635923));
#5982=CARTESIAN_POINT('Ctrl Pts',(-62.3804909834409,-80.1370617889194,-62.8559650713215));
#5983=CARTESIAN_POINT('Ctrl Pts',(-62.3806299485299,-80.1268370214801,-62.8559276618407));
#5984=CARTESIAN_POINT('Ctrl Pts',(-62.3809264241395,-80.0993166558334,-62.8568488912739));
#5985=CARTESIAN_POINT('Ctrl Pts',(-62.3805168511576,-80.0549938963202,-62.8582558732987));
#5986=CARTESIAN_POINT('Ctrl Pts',(-62.377830952725,-79.9892740927361,-62.8613664095704));
#5987=CARTESIAN_POINT('Ctrl Pts',(-62.3711800426722,-79.9122005927494,-62.866200585707));
#5988=CARTESIAN_POINT('Ctrl Pts',(-62.3577588492918,-79.8092231062199,-62.8744431286287));
#5989=CARTESIAN_POINT('Ctrl Pts',(-62.337730928686,-79.7081392937926,-62.885094336402));
#5990=CARTESIAN_POINT('Ctrl Pts',(-62.3142709374263,-79.6200948038813,-62.8967338739149));
#5991=CARTESIAN_POINT('Ctrl Pts',(-62.299294663305,-79.5704976435739,-62.9039714496365));
#5992=CARTESIAN_POINT('Ctrl Pts',(-62.2752796278744,-79.496838388824,-62.9154151098837));
#5993=CARTESIAN_POINT('Ctrl Pts',(-62.2324572702304,-79.3869527136764,-62.9350472073702));
#5994=CARTESIAN_POINT('Ctrl Pts',(-62.1631968526135,-79.2464278629625,-62.96607004499));
#5995=CARTESIAN_POINT('Ctrl Pts',(-62.0808017593691,-79.1108675447679,-63.0017983157629));
#5996=CARTESIAN_POINT('Ctrl Pts',(-62.0189488350605,-79.0263760056201,-63.0283451822215));
#5997=CARTESIAN_POINT('Ctrl Pts',(-61.9757747392691,-78.9724495609123,-63.0467448460148));
#5998=CARTESIAN_POINT('Ctrl Pts',(-61.9466736810425,-78.9373472375266,-63.0577337847866));
#5999=CARTESIAN_POINT('Ctrl Pts',(-61.8911734781705,-78.8738857913698,-63.0780160726818));
#6000=CARTESIAN_POINT('Ctrl Pts',(-61.7845320410289,-78.7610694126597,-63.1137189900343));
#6001=CARTESIAN_POINT('Ctrl Pts',(-61.5509661771097,-78.5499472454828,-63.180161151046));
#6002=CARTESIAN_POINT('Ctrl Pts',(-60.9964992480944,-78.1852534427009,-63.2935981461455));
#6003=CARTESIAN_POINT('Ctrl Pts',(-60.4071844201352,-78.0244908377785,-63.3409443541226));
#6004=CARTESIAN_POINT('Ctrl Pts',(-60.0114136824019,-78.0038490165532,-63.3458011127516));
#6005=CARTESIAN_POINT('Ctrl Pts',(-53.0036923165937,-85.0114057722827,-61.9993052556571));
#6006=CARTESIAN_POINT('Ctrl Pts',(-53.0230974139198,-85.4082213645827,-61.9936403877221));
#6007=CARTESIAN_POINT('Ctrl Pts',(-53.2159155346674,-86.1909712190773,-61.9209957856609));
#6008=CARTESIAN_POINT('Ctrl Pts',(-53.679901260037,-86.8154161741897,-61.7427279633195));
#6009=CARTESIAN_POINT('Ctrl Pts',(-53.9556275033173,-87.0700781516134,-61.6387708558724));
#6010=CARTESIAN_POINT('Ctrl Pts',(-53.9928499623569,-87.1029504749197,-61.6242772391188));
#6011=CARTESIAN_POINT('Ctrl Pts',(-54.081446791141,-87.1744788167033,-61.5938304242325));
#6012=CARTESIAN_POINT('Ctrl Pts',(-54.2377935163324,-87.2829414444123,-61.5471221135644));
#6013=CARTESIAN_POINT('Ctrl Pts',(-54.4645899474843,-87.3971200256099,-61.497727192916));
#6014=CARTESIAN_POINT('Ctrl Pts',(-54.678721979003,-87.461995790127,-61.4675480324087));
#6015=CARTESIAN_POINT('Ctrl Pts',(-54.8011075404316,-87.4867595635916,-61.4549634595232));
#6016=CARTESIAN_POINT('Ctrl Pts',(-54.8561906073814,-87.4958135660239,-61.4500657166278));
#6017=CARTESIAN_POINT('Ctrl Pts',(-54.8907569670937,-87.5006415471666,-61.4473074155444));
#6018=CARTESIAN_POINT('Ctrl Pts',(-54.9185169060262,-87.5040032912636,-61.4452808442112));
#6019=CARTESIAN_POINT('Ctrl Pts',(-54.9393787724781,-87.5062729660345,-61.4438513303679));
#6020=CARTESIAN_POINT('Ctrl Pts',(-54.960284936554,-87.508290478574,-61.4425118749236));
#6021=CARTESIAN_POINT('Ctrl Pts',(-54.9951902495659,-87.5112307590582,-61.4404304535898));
#6022=CARTESIAN_POINT('Ctrl Pts',(-55.0302758498072,-87.5133322021369,-61.4386379133008));
#6023=CARTESIAN_POINT('Ctrl Pts',(-55.0653769049172,-87.5145729360077,-61.4371596037186));
#6024=CARTESIAN_POINT('Ctrl Pts',(-55.0864501529812,-87.5150608198962,-61.4363642332257));
#6025=CARTESIAN_POINT('Ctrl Pts',(-55.1040303245173,-87.5152536228682,-61.4357757536797));
#6026=CARTESIAN_POINT('Ctrl Pts',(-55.1180837358381,-87.5152788622464,-61.4353528056638));
#6027=CARTESIAN_POINT('Ctrl Pts',(-55.1321643264887,-87.5152182055996,-61.4349564093037));
#6028=CARTESIAN_POINT('Ctrl Pts',(-55.142664134249,-87.5150776166878,-61.4347018756254));
#6029=CARTESIAN_POINT('Ctrl Pts',(-55.1578417886159,-87.5147841658115,-61.4343382205513));
#6030=CARTESIAN_POINT('Ctrl Pts',(-55.1856540975515,-87.5142385915636,-61.4323195130026));
#6031=CARTESIAN_POINT('Ctrl Pts',(-55.2343573044293,-87.5126005609498,-61.4296355885199));
#6032=CARTESIAN_POINT('Ctrl Pts',(-55.2981436855546,-87.5094632653771,-61.4264530585504));
#6033=CARTESIAN_POINT('Ctrl Pts',(-55.3727193425161,-87.5039201477459,-61.4238956380633));
#6034=CARTESIAN_POINT('Ctrl Pts',(-55.4721339401129,-87.4943230450772,-61.4216815747184));
#6035=CARTESIAN_POINT('Ctrl Pts',(-55.5965650621814,-87.4777311684467,-61.4212623519689));
#6036=CARTESIAN_POINT('Ctrl Pts',(-55.6919578973351,-87.4606344209405,-61.4235901300143));
#6037=CARTESIAN_POINT('Ctrl Pts',(-55.7547779518839,-87.4478745133084,-61.4251668110719));
#6038=CARTESIAN_POINT('Ctrl Pts',(-55.7835224630482,-87.4420661903844,-61.4248818010315));
#6039=CARTESIAN_POINT('Ctrl Pts',(-55.8324843893714,-87.4318695141561,-61.424854806924));
#6040=CARTESIAN_POINT('Ctrl Pts',(-55.878294288854,-87.4220528972921,-61.4246389487035));
#6041=CARTESIAN_POINT('Ctrl Pts',(-55.9130539713423,-87.414368824771,-61.4245480613661));
#6042=CARTESIAN_POINT('Ctrl Pts',(-55.925800111337,-87.4115310323027,-61.4245081293146));
#6043=CARTESIAN_POINT('Ctrl Pts',(-55.9448641417974,-87.4072623040281,-61.4244516181874));
#6044=CARTESIAN_POINT('Ctrl Pts',(-55.986180795976,-87.3978885321383,-61.4243273459543));
#6045=CARTESIAN_POINT('Ctrl Pts',(-56.0750254344132,-87.3770889680412,-61.4240646894236));
#6046=CARTESIAN_POINT('Ctrl Pts',(-56.1762763563881,-87.3519194202587,-61.4237693977961));
#6047=CARTESIAN_POINT('Ctrl Pts',(-56.2772183846128,-87.3253429782872,-61.4234838103575));
#6048=CARTESIAN_POINT('Ctrl Pts',(-56.4282604381159,-87.2840945954553,-61.4230624711874));
#6049=CARTESIAN_POINT('Ctrl Pts',(-56.6536037181921,-87.2169844294239,-61.4224555461449));
#6050=CARTESIAN_POINT('Ctrl Pts',(-57.2465172103868,-87.0164135465935,-61.4209643151386));
#6051=CARTESIAN_POINT('Ctrl Pts',(-58.4924866930432,-86.464575839736,-61.4183607649572));
#6052=CARTESIAN_POINT('Ctrl Pts',(-59.8616880839156,-85.4490276329252,-61.4170787774951));
#6053=CARTESIAN_POINT('Ctrl Pts',(-60.9544387705372,-84.1804748339014,-61.4177085939856));
#6054=CARTESIAN_POINT('Ctrl Pts',(-61.5222488490743,-83.2864807981914,-61.418892535673));
#6055=CARTESIAN_POINT('Ctrl Pts',(-61.8891081477042,-82.5337896460571,-61.4203154364576));
#6056=CARTESIAN_POINT('Ctrl Pts',(-62.0635613419874,-82.0988486452343,-61.4212750935889));
#6057=CARTESIAN_POINT('Ctrl Pts',(-62.1666178629526,-81.8030816196753,-61.4219997165552));
#6058=CARTESIAN_POINT('Ctrl Pts',(-62.2317106477498,-81.6046932189929,-61.4225028850777));
#6059=CARTESIAN_POINT('Ctrl Pts',(-62.2912845433111,-81.4047438451481,-61.4230248905322));
#6060=CARTESIAN_POINT('Ctrl Pts',(-62.3352049478524,-81.2410039405016,-61.4234788373212));
#6061=CARTESIAN_POINT('Ctrl Pts',(-62.3546113906751,-81.1651923729031,-61.4236947887812));
#6062=CARTESIAN_POINT('Ctrl Pts',(-62.3641388217219,-81.1272527651462,-61.4238033283168));
#6063=CARTESIAN_POINT('Ctrl Pts',(-62.373493887272,-81.0892605143337,-61.4239137730083));
#6064=CARTESIAN_POINT('Ctrl Pts',(-62.4040676681507,-80.962628057995,-61.4242764200175));
#6065=CARTESIAN_POINT('Ctrl Pts',(-62.429215360548,-80.8480440395881,-61.4246334962121));
#6066=CARTESIAN_POINT('Ctrl Pts',(-62.453420593809,-80.7274008860074,-61.4249301096047));
#6067=CARTESIAN_POINT('Ctrl Pts',(-62.4576266628653,-80.7062267953457,-61.4239479335697));
#6068=CARTESIAN_POINT('Ctrl Pts',(-62.4671124914703,-80.6554620800631,-61.4228100180379));
#6069=CARTESIAN_POINT('Ctrl Pts',(-62.4813083554863,-80.5705653116929,-61.4213998559941));
#6070=CARTESIAN_POINT('Ctrl Pts',(-62.504370720077,-80.3984781957903,-61.421736266936));
#6071=CARTESIAN_POINT('Ctrl Pts',(-62.5135279587488,-80.2452844854683,-61.4283944779698));
#6072=CARTESIAN_POINT('Ctrl Pts',(-62.5151430601465,-80.1397590861966,-61.4350945080514));
#6073=CARTESIAN_POINT('Ctrl Pts',(-62.5153116220065,-80.1283466282868,-61.4350519654677));
#6074=CARTESIAN_POINT('Ctrl Pts',(-62.5153530715935,-80.0986560215937,-61.4360989634719));
#6075=CARTESIAN_POINT('Ctrl Pts',(-62.5144941292774,-80.0504780673459,-61.4376984007134));
#6076=CARTESIAN_POINT('Ctrl Pts',(-62.5106855305437,-79.9795314093464,-61.4412361201891));
#6077=CARTESIAN_POINT('Ctrl Pts',(-62.502058195803,-79.8962412107249,-61.4467337003252));
#6078=CARTESIAN_POINT('Ctrl Pts',(-62.4851426071342,-79.7853944716909,-61.4561108720625));
#6079=CARTESIAN_POINT('Ctrl Pts',(-62.4604631449429,-79.677209424615,-61.4682351824533));
#6080=CARTESIAN_POINT('Ctrl Pts',(-62.4318596629856,-79.5834029207381,-61.4814913071598));
#6081=CARTESIAN_POINT('Ctrl Pts',(-62.4136656810407,-79.5306820236902,-61.489736746722));
#6082=CARTESIAN_POINT('Ctrl Pts',(-62.3845827507014,-79.4525492907742,-61.5027779861362));
#6083=CARTESIAN_POINT('Ctrl Pts',(-62.3335457069571,-79.3375328857449,-61.5251801621019));
#6084=CARTESIAN_POINT('Ctrl Pts',(-62.2514652072789,-79.1918491209162,-61.5606170867626));
#6085=CARTESIAN_POINT('Ctrl Pts',(-62.1556736145459,-79.0544429140101,-61.601516627981));
#6086=CARTESIAN_POINT('Ctrl Pts',(-62.0845287302007,-78.9703348915347,-61.6319632897047));
#6087=CARTESIAN_POINT('Ctrl Pts',(-62.0352385001856,-78.9173033469131,-61.653089201231));
#6088=CARTESIAN_POINT('Ctrl Pts',(-62.0029569871534,-78.8832838018758,-61.6657107699084));
#6089=CARTESIAN_POINT('Ctrl Pts',(-61.9414460015013,-78.8217529773529,-61.6890232021367));
#6090=CARTESIAN_POINT('Ctrl Pts',(-61.8249915412183,-78.7132662866237,-61.7301202251349));
#6091=CARTESIAN_POINT('Ctrl Pts',(-61.5747403411733,-78.5120488818186,-61.8067809899008));
#6092=CARTESIAN_POINT('Ctrl Pts',(-60.9972345086499,-78.1701952654932,-61.9382930380507));
#6093=CARTESIAN_POINT('Ctrl Pts',(-60.4080650789114,-78.0230885398472,-61.993639811759));
#6094=CARTESIAN_POINT('Ctrl Pts',(-60.0114213004219,-78.0036932295175,-61.9993049819544));
#6095=CARTESIAN_POINT('',(-60.0114935401942,-78.0036967627847,-61.9993039498354));
#6096=CARTESIAN_POINT('',(-68.1972314987775,-78.0036967627863,-68.));
#6097=CARTESIAN_POINT('Ctrl Pts',(-60.0114935401925,-78.0036967627847,-61.9993039498354));
#6098=CARTESIAN_POINT('Ctrl Pts',(-60.0114211275168,-78.0036967627847,-62.0298057196593));
#6099=CARTESIAN_POINT('Ctrl Pts',(-60.0161469059206,-78.0036967627848,-62.0591393708199));
#6100=CARTESIAN_POINT('Ctrl Pts',(-60.0325288175709,-78.0036967627848,-62.1180713057202));
#6101=CARTESIAN_POINT('Ctrl Pts',(-60.04432492624,-78.0036967627847,-62.1476132439139));
#6102=CARTESIAN_POINT('Ctrl Pts',(-60.080628385959,-78.0036967627847,-62.2265165990002));
#6103=CARTESIAN_POINT('Ctrl Pts',(-60.1128046196688,-78.0036967627847,-62.2831953712481));
#6104=CARTESIAN_POINT('Ctrl Pts',(-60.2133372265534,-78.0036967627847,-62.4467879528348));
#6105=CARTESIAN_POINT('Ctrl Pts',(-60.2995861898512,-78.0036967627847,-62.5734044382402));
#6106=CARTESIAN_POINT('Ctrl Pts',(-60.5031915884986,-78.0036967627847,-62.8669107075812));
#6107=CARTESIAN_POINT('Ctrl Pts',(-60.6698275476245,-78.0036967627846,-63.0970005184732));
#6108=CARTESIAN_POINT('Ctrl Pts',(-61.111803957455,-78.0036967627846,-63.6927597030303));
#6109=CARTESIAN_POINT('Ctrl Pts',(-61.4337279543781,-78.0036967627847,-64.1041100294866));
#6110=CARTESIAN_POINT('Ctrl Pts',(-62.2002753028269,-78.0036967627847,-65.0035230237785));
#6111=CARTESIAN_POINT('Ctrl Pts',(-63.0015895923512,-78.0036967627847,-65.8855182329065));
#6112=CARTESIAN_POINT('Ctrl Pts',(-64.6533001871999,-78.0036967627847,-67.0449098561236));
#6113=CARTESIAN_POINT('Ctrl Pts',(-65.3116561486011,-78.0036967627847,-67.3926191856344));
#6114=CARTESIAN_POINT('Ctrl Pts',(-66.7249006127432,-78.0036967627847,-67.8733283948073));
#6115=CARTESIAN_POINT('Ctrl Pts',(-67.4565501121133,-78.0036967627847,-68.));
#6116=CARTESIAN_POINT('Ctrl Pts',(-68.1972314987765,-78.0036967627847,-68.));
#6117=CARTESIAN_POINT('',(-53.0036965219445,-93.1971089460831,-68.));
#6118=CARTESIAN_POINT('Ctrl Pts',(-68.19721249739,-78.0037021218787,-68.0000000000001));
#6119=CARTESIAN_POINT('Ctrl Pts',(-68.2072997919898,-78.0394679714007,-68.0000000000001));
#6120=CARTESIAN_POINT('Ctrl Pts',(-68.2813785423377,-78.3095181315334,-68.0000000000001));
#6121=CARTESIAN_POINT('Ctrl Pts',(-68.3661919364912,-78.7003691049756,-68.0000000000001));
#6122=CARTESIAN_POINT('Ctrl Pts',(-68.435800092229,-79.1822525469219,-68.0000000000001));
#6123=CARTESIAN_POINT('Ctrl Pts',(-68.4709316865164,-79.5462474763532,-68.0000000000001));
#6124=CARTESIAN_POINT('Ctrl Pts',(-68.4859284656681,-79.8511607957009,-68.0000000000001));
#6125=CARTESIAN_POINT('Ctrl Pts',(-68.4888527607142,-80.0648109096757,-68.0000000000001));
#6126=CARTESIAN_POINT('Ctrl Pts',(-68.4883672732593,-80.1868926814098,-68.0000000000001));
#6127=CARTESIAN_POINT('Ctrl Pts',(-68.4874031088304,-80.2479188567737,-68.0000000000001));
#6128=CARTESIAN_POINT('Ctrl Pts',(-68.4807517655047,-80.5554223735592,-68.0000000000001));
#6129=CARTESIAN_POINT('Ctrl Pts',(-68.4532564251087,-80.9703740160917,-68.0000000000001));
#6130=CARTESIAN_POINT('Ctrl Pts',(-68.3897985168473,-81.4472608360129,-68.0000000000001));
#6131=CARTESIAN_POINT('Ctrl Pts',(-68.3502520204509,-81.6844227581512,-68.0000000000001));
#6132=CARTESIAN_POINT('Ctrl Pts',(-68.3254077534634,-81.8195869643074,-68.0000000000001));
#6133=CARTESIAN_POINT('Ctrl Pts',(-68.3122460715358,-81.8870118909193,-68.0000000000001));
#6134=CARTESIAN_POINT('Ctrl Pts',(-68.2706287240211,-82.0941430748566,-68.0000000000001));
#6135=CARTESIAN_POINT('Ctrl Pts',(-68.2278367698441,-82.2886786851974,-68.0000000000003));
#6136=CARTESIAN_POINT('Ctrl Pts',(-68.1758100780892,-82.5039416344131,-68.0000000000003));
#6137=CARTESIAN_POINT('Ctrl Pts',(-68.1599050252847,-82.5684558119678,-68.0000000000003));
#6138=CARTESIAN_POINT('Ctrl Pts',(-68.1437028133356,-82.6329051146644,-68.0000000000003));
#6139=CARTESIAN_POINT('Ctrl Pts',(-68.1107053698647,-82.7616693531202,-68.0000000000003));
#6140=CARTESIAN_POINT('Ctrl Pts',(-68.0360046655203,-83.0398996056005,-68.0000000000003));
#6141=CARTESIAN_POINT('Ctrl Pts',(-67.9346504287563,-83.3798794937167,-68.0000000000002));
#6142=CARTESIAN_POINT('Ctrl Pts',(-67.8240223214549,-83.7168123287088,-68.0000000000002));
#6143=CARTESIAN_POINT('Ctrl Pts',(-67.6488892217951,-84.2191249150616,-68.0000000000002));
#6144=CARTESIAN_POINT('Ctrl Pts',(-67.3524032847107,-84.9581626264176,-68.0000000000001));
#6145=CARTESIAN_POINT('Ctrl Pts',(-66.7293123297108,-86.2362143234955,-68.));
#6146=CARTESIAN_POINT('Ctrl Pts',(-65.7652404938437,-87.7540656394971,-68.0000000000001));
#6147=CARTESIAN_POINT('Ctrl Pts',(-63.9104339730353,-89.9071511945896,-67.9999999999988));
#6148=CARTESIAN_POINT('Ctrl Pts',(-61.5867304723565,-91.63112963054,-67.9999999999995));
#6149=CARTESIAN_POINT('Ctrl Pts',(-59.471467973425,-92.5685013947897,-67.9999999999932));
#6150=CARTESIAN_POINT('Ctrl Pts',(-58.4647543038365,-92.9093366039457,-67.9999999999919));
#6151=CARTESIAN_POINT('Ctrl Pts',(-58.0820932354134,-93.0234172931704,-67.9999999999907));
#6152=CARTESIAN_POINT('Ctrl Pts',(-57.8256094591236,-93.0935367678442,-67.9999999999905));
#6153=CARTESIAN_POINT('Ctrl Pts',(-57.6541943770842,-93.1387178476175,-67.9999999999904));
#6154=CARTESIAN_POINT('Ctrl Pts',(-57.4822440804198,-93.1815233695471,-67.9999999999897));
#6155=CARTESIAN_POINT('Ctrl Pts',(-57.3313471901361,-93.2168972755515,-67.9999999999894));
#6156=CARTESIAN_POINT('Ctrl Pts',(-57.2611961080059,-93.2328356442968,-67.9999999999894));
#6157=CARTESIAN_POINT('Ctrl Pts',(-57.2288010601027,-93.2400985831277,-67.9999999999893));
#6158=CARTESIAN_POINT('Ctrl Pts',(-57.207199844542,-93.2449156326253,-67.9999999999894));
#6159=CARTESIAN_POINT('Ctrl Pts',(-57.1477778903314,-93.2580597757081,-67.9999999999894));
#6160=CARTESIAN_POINT('Ctrl Pts',(-57.0720732866359,-93.2743523389968,-67.9999999999897));
#6161=CARTESIAN_POINT('Ctrl Pts',(-56.985454714616,-93.2923736355592,-67.9999999999898));
#6162=CARTESIAN_POINT('Ctrl Pts',(-56.9421147871615,-93.3011843046739,-67.9999999999898));
#6163=CARTESIAN_POINT('Ctrl Pts',(-56.7857717555476,-93.3325959355115,-67.9999999999907));
#6164=CARTESIAN_POINT('Ctrl Pts',(-56.5152360661966,-93.3807743960298,-67.9999999999933));
#6165=CARTESIAN_POINT('Ctrl Pts',(-56.1747684158235,-93.4260697594727,-67.9999999999943));
#6166=CARTESIAN_POINT('Ctrl Pts',(-55.9001841880069,-93.4533896600708,-67.9999999999954));
#6167=CARTESIAN_POINT('Ctrl Pts',(-55.6935580503906,-93.4693382920706,-67.9999999999955));
#6168=CARTESIAN_POINT('Ctrl Pts',(-55.5208680930107,-93.4788319338639,-67.9999999999961));
#6169=CARTESIAN_POINT('Ctrl Pts',(-55.3825344577623,-93.4841333541153,-67.9999999999962));
#6170=CARTESIAN_POINT('Ctrl Pts',(-55.3133137823124,-93.4860198372961,-67.9999999999964));
#6171=CARTESIAN_POINT('Ctrl Pts',(-55.2482155650263,-93.487433375684,-67.9999999999964));
#6172=CARTESIAN_POINT('Ctrl Pts',(-55.2024844798032,-93.4881569655691,-67.9999999999965));
#6173=CARTESIAN_POINT('Ctrl Pts',(-55.1414976205728,-93.4885828172498,-67.9999999999965));
#6174=CARTESIAN_POINT('Ctrl Pts',(-55.0805058732851,-93.4886492904935,-67.9999999999965));
#6175=CARTESIAN_POINT('Ctrl Pts',(-55.0042632189081,-93.4880584308112,-67.9999999999966));
#6176=CARTESIAN_POINT('Ctrl Pts',(-54.912787223607,-93.4862708638741,-67.9999999999966));
#6177=CARTESIAN_POINT('Ctrl Pts',(-54.760385564437,-93.4814950990732,-67.9999999999967));
#6178=CARTESIAN_POINT('Ctrl Pts',(-54.6081601448211,-93.4731283148732,-67.9999999999971));
#6179=CARTESIAN_POINT('Ctrl Pts',(-54.4563070598774,-93.4611871108292,-67.9999999999971));
#6180=CARTESIAN_POINT('Ctrl Pts',(-54.3653200680096,-93.4529527195607,-67.9999999999972));
#6181=CARTESIAN_POINT('Ctrl Pts',(-54.2744842761617,-93.4436527557269,-67.9999999999972));
#6182=CARTESIAN_POINT('Ctrl Pts',(-54.1535660776628,-93.4298320451754,-67.9999999999973));
#6183=CARTESIAN_POINT('Ctrl Pts',(-54.0029322490779,-93.4099181244159,-67.9999999999973));
#6184=CARTESIAN_POINT('Ctrl Pts',(-53.762785536231,-93.3724057571423,-67.9999999999975));
#6185=CARTESIAN_POINT('Ctrl Pts',(-53.4288079412502,-93.308091621281,-67.9999999999976));
#6186=CARTESIAN_POINT('Ctrl Pts',(-53.1568544533549,-93.2403680166739,-67.9999999999978));
#6187=CARTESIAN_POINT('Ctrl Pts',(-53.0036790772116,-93.1971707163568,-67.999999999998));
#6188=CARTESIAN_POINT('',(-53.0036965219433,-85.0114917431188,-61.9993040278784));
#6189=CARTESIAN_POINT('Ctrl Pts',(-53.0036965219432,-93.1971089460823,-68.));
#6190=CARTESIAN_POINT('Ctrl Pts',(-53.0036965219432,-92.3452042136416,-68.));
#6191=CARTESIAN_POINT('Ctrl Pts',(-53.0036965219432,-91.5074762067509,-67.8327377975172));
#6192=CARTESIAN_POINT('Ctrl Pts',(-53.0036965219432,-89.691653353679,-67.1208881977866));
#6193=CARTESIAN_POINT('Ctrl Pts',(-53.0036965219432,-88.8904210919489,-66.542425523789));
#6194=CARTESIAN_POINT('Ctrl Pts',(-53.0036965219432,-87.958047601165,-65.7510678993879));
#6195=CARTESIAN_POINT('Ctrl Pts',(-53.0036965219433,-87.6453915099008,-65.4538810482282));
#6196=CARTESIAN_POINT('Ctrl Pts',(-53.0036965219433,-86.8838607629174,-64.6527766519024));
#6197=CARTESIAN_POINT('Ctrl Pts',(-53.0036965219432,-86.4666779999336,-64.1486655058148));
#6198=CARTESIAN_POINT('Ctrl Pts',(-53.0036965219432,-85.8733819518987,-63.3747415383364));
#6199=CARTESIAN_POINT('Ctrl Pts',(-53.0036965219432,-85.6714666428685,-63.1013107202873));
#6200=CARTESIAN_POINT('Ctrl Pts',(-53.0036965219432,-85.4019221500955,-62.721846992819));
#6201=CARTESIAN_POINT('Ctrl Pts',(-53.0036965219432,-85.2921437525497,-62.5647476082356));
#6202=CARTESIAN_POINT('Ctrl Pts',(-53.0036965219432,-85.1595402590268,-62.3607477087198));
#6203=CARTESIAN_POINT('Ctrl Pts',(-53.0036965219432,-85.1144454723725,-62.2876405898229));
#6204=CARTESIAN_POINT('Ctrl Pts',(-53.0036965219432,-85.0602401743205,-62.1841868499605));
#6205=CARTESIAN_POINT('Ctrl Pts',(-53.0036965219432,-85.0438496592337,-62.1479960548693));
#6206=CARTESIAN_POINT('Ctrl Pts',(-53.0036965219432,-85.0180604023312,-62.0725247978098));
#6207=CARTESIAN_POINT('Ctrl Pts',(-53.0036965219432,-85.0114055664513,-62.0356134467926));
#6208=CARTESIAN_POINT('Ctrl Pts',(-53.0036965219432,-85.0114917431168,-61.9993040278784));
#6209=CARTESIAN_POINT('',(-53.9324478263898,-87.0486592370142,-61.6476869032978));
#6210=CARTESIAN_POINT('Ctrl Pts',(-53.0036965219491,-85.0114917430356,-61.9993040278732));
#6211=CARTESIAN_POINT('Ctrl Pts',(-53.0231113390751,-85.4082778924482,-61.9936351413882));
#6212=CARTESIAN_POINT('Ctrl Pts',(-53.2159322885629,-86.190993766938,-61.9209893486515));
#6213=CARTESIAN_POINT('Ctrl Pts',(-53.679901260037,-86.8154161741897,-61.7427279633195));
#6214=CARTESIAN_POINT('Ctrl Pts',(-53.9306624065447,-87.0470202778505,-61.6481834501062));
#6215=CARTESIAN_POINT('Ctrl Pts',(-53.931557514435,-87.0478460836687,-61.6478456868196));
#6216=CARTESIAN_POINT('Ctrl Pts',(-53.9324441450421,-87.0486631333176,-61.6475108695818));
#6217=CARTESIAN_POINT('',(-55.1490517611566,-87.5148646064877,-61.4346747973461));
#6218=CARTESIAN_POINT('Ctrl Pts',(-53.9324441450421,-87.0486631333176,-61.6475108695818));
#6219=CARTESIAN_POINT('Ctrl Pts',(-53.9569303674115,-87.0712277269941,-61.6382641672113));
#6220=CARTESIAN_POINT('Ctrl Pts',(-53.9936239456784,-87.1035753476642,-61.6240112552541));
#6221=CARTESIAN_POINT('Ctrl Pts',(-54.081446791141,-87.1744788167033,-61.5938304242325));
#6222=CARTESIAN_POINT('Ctrl Pts',(-54.2377935163324,-87.2829414444123,-61.5471221135644));
#6223=CARTESIAN_POINT('Ctrl Pts',(-54.4645899474843,-87.3971200256099,-61.497727192916));
#6224=CARTESIAN_POINT('Ctrl Pts',(-54.678721979003,-87.461995790127,-61.4675480324087));
#6225=CARTESIAN_POINT('Ctrl Pts',(-54.8011075404316,-87.4867595635916,-61.4549634595232));
#6226=CARTESIAN_POINT('Ctrl Pts',(-54.8561906073814,-87.4958135660239,-61.4500657166278));
#6227=CARTESIAN_POINT('Ctrl Pts',(-54.8907569670937,-87.5006415471666,-61.4473074155444));
#6228=CARTESIAN_POINT('Ctrl Pts',(-54.9185169060262,-87.5040032912636,-61.4452808442112));
#6229=CARTESIAN_POINT('Ctrl Pts',(-54.9393787724781,-87.5062729660345,-61.4438513303679));
#6230=CARTESIAN_POINT('Ctrl Pts',(-54.960284936554,-87.508290478574,-61.4425118749236));
#6231=CARTESIAN_POINT('Ctrl Pts',(-54.9951902495659,-87.5112307590582,-61.4404304535898));
#6232=CARTESIAN_POINT('Ctrl Pts',(-55.0302758498072,-87.5133322021369,-61.4386379133008));
#6233=CARTESIAN_POINT('Ctrl Pts',(-55.0653769049172,-87.5145729360077,-61.4371596037186));
#6234=CARTESIAN_POINT('Ctrl Pts',(-55.0864501529812,-87.5150608198962,-61.4363642332257));
#6235=CARTESIAN_POINT('Ctrl Pts',(-55.1040303245173,-87.5152536228682,-61.4357757536797));
#6236=CARTESIAN_POINT('Ctrl Pts',(-55.1180837358381,-87.5152788622464,-61.4353528056638));
#6237=CARTESIAN_POINT('Ctrl Pts',(-55.1319274831952,-87.5152192258779,-61.4349630769089));
#6238=CARTESIAN_POINT('Ctrl Pts',(-55.1421931369443,-87.5150838749434,-61.434713314193));
#6239=CARTESIAN_POINT('Ctrl Pts',(-55.1490536644565,-87.5149539376141,-61.4345487904457));
#6240=CARTESIAN_POINT('',(-55.7440452128019,-87.4501519608728,-61.4250273100463));
#6241=CARTESIAN_POINT('Ctrl Pts',(-55.1490536644565,-87.5149539376141,-61.4345487904457));
#6242=CARTESIAN_POINT('Ctrl Pts',(-55.1492924946744,-87.5149494142067,-61.4345430630082));
#6243=CARTESIAN_POINT('Ctrl Pts',(-55.1495314403406,-87.5149448414288,-61.4345373356613));
#6244=CARTESIAN_POINT('Ctrl Pts',(-55.1578417886159,-87.5147841658115,-61.4343382205513));
#6245=CARTESIAN_POINT('Ctrl Pts',(-55.1856540975515,-87.5142385915636,-61.4323195130026));
#6246=CARTESIAN_POINT('Ctrl Pts',(-55.2343573044293,-87.5126005609498,-61.4296355885199));
#6247=CARTESIAN_POINT('Ctrl Pts',(-55.2981436855546,-87.5094632653771,-61.4264530585504));
#6248=CARTESIAN_POINT('Ctrl Pts',(-55.3727193425161,-87.5039201477459,-61.4238956380633));
#6249=CARTESIAN_POINT('Ctrl Pts',(-55.4721339401129,-87.4943230450772,-61.4216815747184));
#6250=CARTESIAN_POINT('Ctrl Pts',(-55.5959389020373,-87.4778146618018,-61.4212644615744));
#6251=CARTESIAN_POINT('Ctrl Pts',(-55.6907576476054,-87.4608493545603,-61.4235609508761));
#6252=CARTESIAN_POINT('Ctrl Pts',(-55.7440264026838,-87.4500578093893,-61.4248969817787));
#6253=CARTESIAN_POINT('',(-62.4501193660127,-80.744181539663,-61.4250297027966));
#6254=CARTESIAN_POINT('Ctrl Pts',(-55.7440264026838,-87.4500578093893,-61.4248969817787));
#6255=CARTESIAN_POINT('Ctrl Pts',(-55.7447050861053,-87.4499203171053,-61.4249140038026));
#6256=CARTESIAN_POINT('Ctrl Pts',(-55.7453847693745,-87.4497824413109,-61.4249310574891));
#6257=CARTESIAN_POINT('Ctrl Pts',(-55.7547779518839,-87.4478745133084,-61.4251668110719));
#6258=CARTESIAN_POINT('Ctrl Pts',(-55.7835224630482,-87.4420661903844,-61.4248818010315));
#6259=CARTESIAN_POINT('Ctrl Pts',(-55.8324843893714,-87.4318695141561,-61.424854806924));
#6260=CARTESIAN_POINT('Ctrl Pts',(-55.878294288854,-87.4220528972921,-61.4246389487035));
#6261=CARTESIAN_POINT('Ctrl Pts',(-55.9130539713423,-87.414368824771,-61.4245480613661));
#6262=CARTESIAN_POINT('Ctrl Pts',(-55.925800111337,-87.4115310323027,-61.4245081293146));
#6263=CARTESIAN_POINT('Ctrl Pts',(-55.9448641417974,-87.4072623040281,-61.4244516181874));
#6264=CARTESIAN_POINT('Ctrl Pts',(-55.986180795976,-87.3978885321383,-61.4243273459543));
#6265=CARTESIAN_POINT('Ctrl Pts',(-56.0750254344132,-87.3770889680412,-61.4240646894236));
#6266=CARTESIAN_POINT('Ctrl Pts',(-56.1762763563881,-87.3519194202587,-61.4237693977961));
#6267=CARTESIAN_POINT('Ctrl Pts',(-56.2772183846128,-87.3253429782872,-61.4234838103575));
#6268=CARTESIAN_POINT('Ctrl Pts',(-56.4282604381159,-87.2840945954553,-61.4230624711874));
#6269=CARTESIAN_POINT('Ctrl Pts',(-56.6536037181921,-87.2169844294239,-61.4224555461449));
#6270=CARTESIAN_POINT('Ctrl Pts',(-57.2465172103868,-87.0164135465935,-61.4209643151386));
#6271=CARTESIAN_POINT('Ctrl Pts',(-58.4924866930432,-86.464575839736,-61.4183607649572));
#6272=CARTESIAN_POINT('Ctrl Pts',(-59.8616880839156,-85.4490276329252,-61.4170787774951));
#6273=CARTESIAN_POINT('Ctrl Pts',(-60.9544387705372,-84.1804748339014,-61.4177085939856));
#6274=CARTESIAN_POINT('Ctrl Pts',(-61.5222488490743,-83.2864807981914,-61.418892535673));
#6275=CARTESIAN_POINT('Ctrl Pts',(-61.8891081477042,-82.5337896460571,-61.4203154364576));
#6276=CARTESIAN_POINT('Ctrl Pts',(-62.0635613419874,-82.0988486452343,-61.4212750935889));
#6277=CARTESIAN_POINT('Ctrl Pts',(-62.1666178629526,-81.8030816196753,-61.4219997165552));
#6278=CARTESIAN_POINT('Ctrl Pts',(-62.2317106477498,-81.6046932189929,-61.4225028850777));
#6279=CARTESIAN_POINT('Ctrl Pts',(-62.2912845433111,-81.4047438451481,-61.4230248905322));
#6280=CARTESIAN_POINT('Ctrl Pts',(-62.3352049478524,-81.2410039405016,-61.4234788373212));
#6281=CARTESIAN_POINT('Ctrl Pts',(-62.3546113906751,-81.1651923729031,-61.4236947887812));
#6282=CARTESIAN_POINT('Ctrl Pts',(-62.3641388217219,-81.1272527651462,-61.4238033283168));
#6283=CARTESIAN_POINT('Ctrl Pts',(-62.373493887272,-81.0892605143337,-61.4239137730083));
#6284=CARTESIAN_POINT('Ctrl Pts',(-62.4040676681507,-80.962628057995,-61.4242764200175));
#6285=CARTESIAN_POINT('Ctrl Pts',(-62.429215360548,-80.8480440395881,-61.4246334962121));
#6286=CARTESIAN_POINT('Ctrl Pts',(-62.4496801282069,-80.7460440265726,-61.4248842735584));
#6287=CARTESIAN_POINT('Ctrl Pts',(-62.4498702763376,-80.7450960375092,-61.4248853392647));
#6288=CARTESIAN_POINT('Ctrl Pts',(-62.4500561806166,-80.7441689096897,-61.424885163415));
#6289=CARTESIAN_POINT('',(-62.5148442807998,-80.1490066313556,-61.4346864868746));
#6290=CARTESIAN_POINT('Ctrl Pts',(-62.4500561806166,-80.7441689096897,-61.424885163415));
#6291=CARTESIAN_POINT('Ctrl Pts',(-62.4536289543754,-80.7263510414635,-61.4248817838747));
#6292=CARTESIAN_POINT('Ctrl Pts',(-62.4577439551759,-80.7055990894279,-61.4239338632393));
#6293=CARTESIAN_POINT('Ctrl Pts',(-62.4671124914703,-80.6554620800631,-61.4228100180379));
#6294=CARTESIAN_POINT('Ctrl Pts',(-62.4813083554863,-80.5705653116929,-61.4213998559941));
#6295=CARTESIAN_POINT('Ctrl Pts',(-62.504370720077,-80.3984781957903,-61.421736266936));
#6296=CARTESIAN_POINT('Ctrl Pts',(-62.5135279587488,-80.2452844854683,-61.4283944779698));
#6297=CARTESIAN_POINT('Ctrl Pts',(-62.5149891730441,-80.1498135620027,-61.4344561281844));
#6298=CARTESIAN_POINT('Ctrl Pts',(-62.5149953718632,-80.1494082412934,-61.434481266499));
#6299=CARTESIAN_POINT('Ctrl Pts',(-62.5150014550308,-80.1490099781475,-61.434505389211));
#6300=CARTESIAN_POINT('',(-62.0478603631669,-78.9309065187048,-61.6478181850989));
#6301=CARTESIAN_POINT('Ctrl Pts',(-62.5150014550308,-80.1490099781475,-61.434505389211));
#6302=CARTESIAN_POINT('Ctrl Pts',(-62.5151496490967,-80.1393077574833,-61.4350930506038));
#6303=CARTESIAN_POINT('Ctrl Pts',(-62.5153120305969,-80.1280539523455,-61.4350622862782));
#6304=CARTESIAN_POINT('Ctrl Pts',(-62.5153530715935,-80.0986560215937,-61.4360989634719));
#6305=CARTESIAN_POINT('Ctrl Pts',(-62.5144941292774,-80.0504780673459,-61.4376984007134));
#6306=CARTESIAN_POINT('Ctrl Pts',(-62.5106855305437,-79.9795314093464,-61.4412361201891));
#6307=CARTESIAN_POINT('Ctrl Pts',(-62.502058195803,-79.8962412107249,-61.4467337003252));
#6308=CARTESIAN_POINT('Ctrl Pts',(-62.4851426071342,-79.7853944716909,-61.4561108720625));
#6309=CARTESIAN_POINT('Ctrl Pts',(-62.4604631449429,-79.677209424615,-61.4682351824533));
#6310=CARTESIAN_POINT('Ctrl Pts',(-62.4318596629856,-79.5834029207381,-61.4814913071598));
#6311=CARTESIAN_POINT('Ctrl Pts',(-62.4136656810407,-79.5306820236902,-61.489736746722));
#6312=CARTESIAN_POINT('Ctrl Pts',(-62.3845827507014,-79.4525492907742,-61.5027779861362));
#6313=CARTESIAN_POINT('Ctrl Pts',(-62.3335457069571,-79.3375328857449,-61.5251801621019));
#6314=CARTESIAN_POINT('Ctrl Pts',(-62.2514652072789,-79.1918491209162,-61.5606170867626));
#6315=CARTESIAN_POINT('Ctrl Pts',(-62.1560163716828,-79.0549345746739,-61.6013702830957));
#6316=CARTESIAN_POINT('Ctrl Pts',(-62.0852922225792,-78.9712379620221,-61.6316365527238));
#6317=CARTESIAN_POINT('Ctrl Pts',(-62.0478714605105,-78.9308965039075,-61.6476746919274));
#6318=CARTESIAN_POINT('Ctrl Pts',(-62.0478714605105,-78.9308965039075,-61.6476746919274));
#6319=CARTESIAN_POINT('Ctrl Pts',(-62.0474654099493,-78.9304587610397,-61.6478487208638));
#6320=CARTESIAN_POINT('Ctrl Pts',(-62.0470590945244,-78.9300211690037,-61.6480228659732));
#6321=CARTESIAN_POINT('Ctrl Pts',(-62.0352385001856,-78.9173033469131,-61.653089201231));
#6322=CARTESIAN_POINT('Ctrl Pts',(-62.0029569871534,-78.8832838018758,-61.6657107699084));
#6323=CARTESIAN_POINT('Ctrl Pts',(-61.9414460015013,-78.8217529773529,-61.6890232021367));
#6324=CARTESIAN_POINT('Ctrl Pts',(-61.8249915412183,-78.7132662866237,-61.7301202251349));
#6325=CARTESIAN_POINT('Ctrl Pts',(-61.5747403411733,-78.5120488818186,-61.8067809899008));
#6326=CARTESIAN_POINT('Ctrl Pts',(-60.9972545428852,-78.1702071247255,-61.9382884757707));
#6327=CARTESIAN_POINT('Ctrl Pts',(-60.408112769423,-78.0231004477266,-61.9936353315878));
#6328=CARTESIAN_POINT('Ctrl Pts',(-60.0114935401478,-78.0036967628082,-61.9993039498254));
#6329=CARTESIAN_POINT('Ctrl Pts',(-60.,-78.0000011622906,-27.));
#6330=CARTESIAN_POINT('Ctrl Pts',(-60.,-78.0012330291219,-40.6666666666667));
#6331=CARTESIAN_POINT('Ctrl Pts',(-60.,-78.0024648959533,-54.3333333333333));
#6332=CARTESIAN_POINT('Ctrl Pts',(-60.,-78.0036967627847,-68.));
#6333=CARTESIAN_POINT('Ctrl Pts',(-60.6583123757086,-78.0000011622906,-27.));
#6334=CARTESIAN_POINT('Ctrl Pts',(-60.5562104508603,-78.0079665885039,-40.6666666666667));
#6335=CARTESIAN_POINT('Ctrl Pts',(-60.4547036753159,-78.0167687760235,-54.3333333333333));
#6336=CARTESIAN_POINT('Ctrl Pts',(-60.3526017504676,-78.0247342022368,-68.));
#6337=CARTESIAN_POINT('Ctrl Pts',(-61.9749105529729,-77.9998982495115,-27.));
#6338=CARTESIAN_POINT('Ctrl Pts',(-61.6652804397836,-78.0833448816669,-40.6666666666667));
#6339=CARTESIAN_POINT('Ctrl Pts',(-61.3552045853671,-78.166211175792,-54.3333333333333));
#6340=CARTESIAN_POINT('Ctrl Pts',(-61.0455744721777,-78.2496578079475,-68.));
#6341=CARTESIAN_POINT('Ctrl Pts',(-63.2915241163581,-77.9998980689465,-27.));
#6342=CARTESIAN_POINT('Ctrl Pts',(-62.7072597124982,-78.2622484993713,-40.6666666666667));
#6343=CARTESIAN_POINT('Ctrl Pts',(-62.1229660535526,-78.5254434710811,-54.3333333333333));
#6344=CARTESIAN_POINT('Ctrl Pts',(-61.5387016496927,-78.7877939015059,-68.));
#6345=CARTESIAN_POINT('Ctrl Pts',(-64.3411082880632,-77.9995541244422,-27.));
#6346=CARTESIAN_POINT('Ctrl Pts',(-63.4922875776126,-78.4292313092511,-40.6666666666667));
#6347=CARTESIAN_POINT('Ctrl Pts',(-62.6441332458991,-78.8584385384833,-54.3333333333333));
#6348=CARTESIAN_POINT('Ctrl Pts',(-61.7953125354484,-79.2881157232923,-68.));
#6349=CARTESIAN_POINT('Ctrl Pts',(-65.1224781508609,-78.2376071851509,-27.));
#6350=CARTESIAN_POINT('Ctrl Pts',(-64.0572006546557,-78.7228860307972,-40.6666666666667));
#6351=CARTESIAN_POINT('Ctrl Pts',(-62.9921941512212,-79.2070169179425,-54.3333333333333));
#6352=CARTESIAN_POINT('Ctrl Pts',(-61.926916655016,-79.6922957635889,-68.));
#6353=CARTESIAN_POINT('Ctrl Pts',(-65.6439335011947,-78.8662271025475,-27.));
#6354=CARTESIAN_POINT('Ctrl Pts',(-64.404021750183,-79.2835568066448,-40.6666666666667));
#6355=CARTESIAN_POINT('Ctrl Pts',(-63.1645967801997,-79.7003484157417,-54.3333333333333));
#6356=CARTESIAN_POINT('Ctrl Pts',(-61.924685029188,-80.1176781198391,-68.));
#6357=CARTESIAN_POINT('Ctrl Pts',(-65.9233079250569,-79.532694507988,-27.));
#6358=CARTESIAN_POINT('Ctrl Pts',(-64.5692052689525,-79.855163034267,-40.6666666666666));
#6359=CARTESIAN_POINT('Ctrl Pts',(-63.2144627424471,-80.1780103433348,-54.3333333333333));
#6360=CARTESIAN_POINT('Ctrl Pts',(-61.8603600863428,-80.5004788696138,-67.9999999999999));
#6361=CARTESIAN_POINT('Ctrl Pts',(-65.9738176510175,-79.870416108633,-27.));
#6362=CARTESIAN_POINT('Ctrl Pts',(-64.5910044551029,-80.1386164933968,-40.6666666666666));
#6363=CARTESIAN_POINT('Ctrl Pts',(-63.2078388239374,-80.4068995058796,-54.3333333333333));
#6364=CARTESIAN_POINT('Ctrl Pts',(-61.8250256280229,-80.6750998906435,-67.9999999999999));
#6365=CARTESIAN_POINT('Ctrl Pts',(-65.8029291782972,-81.5635451257156,-27.));
#6366=CARTESIAN_POINT('Ctrl Pts',(-64.4064127702673,-81.5639368816131,-40.6666666666667));
#6367=CARTESIAN_POINT('Ctrl Pts',(-63.0102850713767,-81.5642925775959,-54.3333333333333));
#6368=CARTESIAN_POINT('Ctrl Pts',(-61.6137686633468,-81.5646843334935,-68.));
#6369=CARTESIAN_POINT('Ctrl Pts',(-65.0571730828693,-84.2433816645711,-27.));
#6370=CARTESIAN_POINT('Ctrl Pts',(-63.7295198333728,-83.8123143030292,-40.6666666666667));
#6371=CARTESIAN_POINT('Ctrl Pts',(-62.4020348379622,-83.3814085693221,-54.3333333333334));
#6372=CARTESIAN_POINT('Ctrl Pts',(-61.0743815884656,-82.9503412077803,-68.));
#6373=CARTESIAN_POINT('Ctrl Pts',(-62.8531523226908,-87.3679870655921,-27.));
#6374=CARTESIAN_POINT('Ctrl Pts',(-61.8491460284611,-86.4388227838776,-40.6666666666667));
#6375=CARTESIAN_POINT('Ctrl Pts',(-60.8454918397924,-85.510104130559,-54.3333333333333));
#6376=CARTESIAN_POINT('Ctrl Pts',(-59.8414855455626,-84.5809398488444,-68.));
#6377=CARTESIAN_POINT('Ctrl Pts',(-59.5699908228705,-89.900343173181,-27.));
#6378=CARTESIAN_POINT('Ctrl Pts',(-59.0855826253676,-88.5938849368365,-40.6666666666666));
#6379=CARTESIAN_POINT('Ctrl Pts',(-58.6013193024819,-87.287280109883,-54.3333333333334));
#6380=CARTESIAN_POINT('Ctrl Pts',(-58.116911104979,-85.9808218735386,-68.));
#6381=CARTESIAN_POINT('Ctrl Pts',(-56.9051060143805,-90.7695031499356,-27.));
#6382=CARTESIAN_POINT('Ctrl Pts',(-56.8512395507144,-89.3697685519666,-40.6666666666667));
#6383=CARTESIAN_POINT('Ctrl Pts',(-56.798186029045,-87.9713039414956,-54.3333333333332));
#6384=CARTESIAN_POINT('Ctrl Pts',(-56.744319565379,-86.5715693435266,-68.));
#6385=CARTESIAN_POINT('Ctrl Pts',(-54.8707254170362,-90.9739831583323,-27.));
#6386=CARTESIAN_POINT('Ctrl Pts',(-55.1389018742213,-89.5912561317117,-40.6666666666666));
#6387=CARTESIAN_POINT('Ctrl Pts',(-55.4074686305242,-88.2078809029256,-54.3333333333333));
#6388=CARTESIAN_POINT('Ctrl Pts',(-55.6756450877094,-86.825153876305,-68.));
#6389=CARTESIAN_POINT('Ctrl Pts',(-54.5331560286417,-90.923596596703,-27.));
#6390=CARTESIAN_POINT('Ctrl Pts',(-54.8555085986694,-89.5694494754172,-40.6666666666666));
#6391=CARTESIAN_POINT('Ctrl Pts',(-55.1787519642893,-88.2146504777344,-54.3333333333333));
#6392=CARTESIAN_POINT('Ctrl Pts',(-55.501104534317,-86.8605033564487,-68.));
#6393=CARTESIAN_POINT('Ctrl Pts',(-53.8666555796084,-90.6442900760345,-27.));
#6394=CARTESIAN_POINT('Ctrl Pts',(-54.283928061034,-89.404355488857,-40.6666666666667));
#6395=CARTESIAN_POINT('Ctrl Pts',(-54.7010180467735,-88.164722086897,-54.3333333333333));
#6396=CARTESIAN_POINT('Ctrl Pts',(-55.1182905281992,-86.9247874997195,-68.));
#6397=CARTESIAN_POINT('Ctrl Pts',(-53.2378631660485,-90.1228121371532,-27.));
#6398=CARTESIAN_POINT('Ctrl Pts',(-53.7236207191707,-89.0574488022529,-40.6666666666667));
#6399=CARTESIAN_POINT('Ctrl Pts',(-54.2095685738418,-87.9927096096252,-54.3333333333333));
#6400=CARTESIAN_POINT('Ctrl Pts',(-54.695326126964,-86.927346274725,-68.));
#6401=CARTESIAN_POINT('Ctrl Pts',(-52.9997459845428,-89.3413267950901,-27.));
#6402=CARTESIAN_POINT('Ctrl Pts',(-53.4298853129713,-88.4927204933741,-40.6666666666666));
#6403=CARTESIAN_POINT('Ctrl Pts',(-53.8597888107635,-87.6445334422041,-54.3333333333333));
#6404=CARTESIAN_POINT('Ctrl Pts',(-54.289928139192,-86.7959271404881,-68.));
#6405=CARTESIAN_POINT('Ctrl Pts',(-52.999983773103,-88.2916179207888,-27.));
#6406=CARTESIAN_POINT('Ctrl Pts',(-53.2628909617714,-87.7076607509048,-40.6666666666667));
#6407=CARTESIAN_POINT('Ctrl Pts',(-53.526698541653,-87.1240454951355,-54.3333333333333));
#6408=CARTESIAN_POINT('Ctrl Pts',(-53.7896057303215,-86.5400883252515,-68.));
#6409=CARTESIAN_POINT('Ctrl Pts',(-52.9999017174278,-86.9749667465622,-27.));
#6410=CARTESIAN_POINT('Ctrl Pts',(-53.0835664657094,-86.6659147124961,-40.6666666666667));
#6411=CARTESIAN_POINT('Ctrl Pts',(-53.1667009633785,-86.3567884007063,-54.3333333333333));
#6412=CARTESIAN_POINT('Ctrl Pts',(-53.2503657116601,-86.0477363666402,-68.));
#6413=CARTESIAN_POINT('Ctrl Pts',(-53.000000923872,-85.6583123797023,-27.));
#6414=CARTESIAN_POINT('Ctrl Pts',(-53.0079849952779,-85.556373012985,-40.6666666666667));
#6415=CARTESIAN_POINT('Ctrl Pts',(-53.0167628228141,-85.4547579959645,-54.3333333333333));
#6416=CARTESIAN_POINT('Ctrl Pts',(-53.0247468942201,-85.3528186292473,-68.));
#6417=CARTESIAN_POINT('Ctrl Pts',(-53.000000923872,-85.,-27.));
#6418=CARTESIAN_POINT('Ctrl Pts',(-53.0012327898957,-85.,-40.6666666666667));
#6419=CARTESIAN_POINT('Ctrl Pts',(-53.0024646559195,-85.,-54.3333333333333));
#6420=CARTESIAN_POINT('Ctrl Pts',(-53.0036965219432,-85.,-68.));
#6421=CARTESIAN_POINT('',(-60.,-78.0036967627847,-68.));
#6422=CARTESIAN_POINT('Ctrl Pts',(-60.,-78.0036967627847,-68.));
#6423=CARTESIAN_POINT('Ctrl Pts',(-60.0027815647103,-78.0036967627847,-66.1588192606128));
#6424=CARTESIAN_POINT('Ctrl Pts',(-60.0064477860818,-78.0036974066595,-64.1212283048457));
#6425=CARTESIAN_POINT('Ctrl Pts',(-60.0114954897674,-78.0036992941379,-61.9993039498354));
#6426=CARTESIAN_POINT('',(-53.0036965219432,-85.,-68.));
#6427=CARTESIAN_POINT('Ctrl Pts',(-53.0036989809523,-85.0114929470354,-61.9993040278784));
#6428=CARTESIAN_POINT('Ctrl Pts',(-53.0036971263178,-85.006447239958,-64.1211504279893));
#6429=CARTESIAN_POINT('Ctrl Pts',(-53.0036965219432,-85.0027817177059,-66.1587173868986));
#6430=CARTESIAN_POINT('Ctrl Pts',(-53.0036965219432,-85.,-68.));
#6431=CARTESIAN_POINT('',(-53.000000923872,-85.,-27.));
#6432=CARTESIAN_POINT('',(-53.000000923872,-85.,-27.));
#6433=CARTESIAN_POINT('',(-53.000000923872,-88.9498742782135,-27.));
#6434=CARTESIAN_POINT('',(-53.000000923872,-80.0000008046627,-27.));
#6435=CARTESIAN_POINT('',(-55.2000011086464,-90.9398491338562,-27.));
#6436=CARTESIAN_POINT('Origin',(-55.000000923872,-88.9498742782135,-27.));
#6437=CARTESIAN_POINT('',(-65.9398491051018,-80.2000013947487,-27.));
#6438=CARTESIAN_POINT('Origin',(-54.,-79.,-27.));
#6439=CARTESIAN_POINT('',(-63.9498742542515,-78.0000011622906,-27.));
#6440=CARTESIAN_POINT('Origin',(-63.9498742542515,-80.0000011622906,-27.));
#6441=CARTESIAN_POINT('',(-60.,-78.0000011622906,-27.));
#6442=CARTESIAN_POINT('',(-63.0000005960464,-78.0000011622906,-27.));
#6443=CARTESIAN_POINT('',(-60.,-78.0000011622906,-27.));
#6444=CARTESIAN_POINT('Ctrl Pts',(-60.3044730093485,21.9609453195699,-68.));
#6445=CARTESIAN_POINT('Ctrl Pts',(-61.1795395576349,22.0037393189543,-68.));
#6446=CARTESIAN_POINT('Ctrl Pts',(-63.503426844819,22.4559123510375,-68.));
#6447=CARTESIAN_POINT('Ctrl Pts',(-65.5313615408914,23.7912698181496,-67.9999999999999));
#6448=CARTESIAN_POINT('Ctrl Pts',(-66.5891565005805,24.9743235915342,-67.9999999999997));
#6449=CARTESIAN_POINT('Ctrl Pts',(-66.7472712255698,25.1590686288763,-67.9999999999997));
#6450=CARTESIAN_POINT('Ctrl Pts',(-67.044603062617,25.5420342283574,-67.9999999999997));
#6451=CARTESIAN_POINT('Ctrl Pts',(-67.5168511861834,26.2460526132291,-67.9999999999998));
#6452=CARTESIAN_POINT('Ctrl Pts',(-67.997468553229,27.2436796607956,-67.9999999999996));
#6453=CARTESIAN_POINT('Ctrl Pts',(-68.269430675421,28.1782037876871,-67.9999999999994));
#6454=CARTESIAN_POINT('Ctrl Pts',(-68.3838317634319,28.7722951201072,-67.9999999999993));
#6455=CARTESIAN_POINT('Ctrl Pts',(-68.4359435168212,29.1335770675733,-67.9999999999993));
#6456=CARTESIAN_POINT('Ctrl Pts',(-68.4622392165261,29.4062752682105,-67.9999999999992));
#6457=CARTESIAN_POINT('Ctrl Pts',(-68.4744273894269,29.5887387974498,-67.9999999999992));
#6458=CARTESIAN_POINT('Ctrl Pts',(-68.481118448961,29.7104864127868,-67.9999999999991));
#6459=CARTESIAN_POINT('Ctrl Pts',(-68.4856585272147,29.8323898053899,-67.9999999999991));
#6460=CARTESIAN_POINT('Ctrl Pts',(-68.4880417680354,29.9543573556729,-67.9999999999991));
#6461=CARTESIAN_POINT('Ctrl Pts',(-68.4889872908504,30.0763467716937,-67.9999999999991));
#6462=CARTESIAN_POINT('Ctrl Pts',(-68.4880785934952,30.1678323739986,-67.9999999999991));
#6463=CARTESIAN_POINT('Ctrl Pts',(-68.4860030003617,30.2634121154991,-67.9999999999991));
#6464=CARTESIAN_POINT('Ctrl Pts',(-68.484117498444,30.3326285691065,-67.9999999999991));
#6465=CARTESIAN_POINT('Ctrl Pts',(-68.4788133659738,30.4709758730948,-67.999999999999));
#6466=CARTESIAN_POINT('Ctrl Pts',(-68.4655328632956,30.7126909467451,-67.999999999999));
#6467=CARTESIAN_POINT('Ctrl Pts',(-68.4351203080579,31.0567366588558,-67.9999999999987));
#6468=CARTESIAN_POINT('Ctrl Pts',(-68.3807525819856,31.4653624707548,-67.9999999999986));
#6469=CARTESIAN_POINT('Ctrl Pts',(-68.3325768878,31.7358806086539,-67.9999999999982));
#6470=CARTESIAN_POINT('Ctrl Pts',(-68.3011637903853,31.8922294764142,-67.9999999999981));
#6471=CARTESIAN_POINT('Ctrl Pts',(-68.292353149725,31.9355691830628,-67.9999999999981));
#6472=CARTESIAN_POINT('Ctrl Pts',(-68.27433177028,32.0221881866765,-67.9999999999981));
#6473=CARTESIAN_POINT('Ctrl Pts',(-68.2417453691176,32.1736007115969,-67.9999999999981));
#6474=CARTESIAN_POINT('Ctrl Pts',(-68.1922050897289,32.3893695692615,-67.9999999999982));
#6475=CARTESIAN_POINT('Ctrl Pts',(-68.1279849866694,32.6473268717371,-67.9999999999983));
#6476=CARTESIAN_POINT('Ctrl Pts',(-67.9900966595518,33.1609554650495,-67.9999999999984));
#6477=CARTESIAN_POINT('Ctrl Pts',(-67.7477441728578,33.922484067456,-67.9999999999991));
#6478=CARTESIAN_POINT('Ctrl Pts',(-67.4182882085611,34.7441253420344,-67.9999999999995));
#6479=CARTESIAN_POINT('Ctrl Pts',(-67.1186593920898,35.3873329862449,-67.9999999999996));
#6480=CARTESIAN_POINT('Ctrl Pts',(-66.306042175478,36.9752384518986,-67.9999999999997));
#6481=CARTESIAN_POINT('Ctrl Pts',(-64.4843974685712,39.4334084397789,-68.0000000000001));
#6482=CARTESIAN_POINT('Ctrl Pts',(-61.8801867656032,41.3635474378668,-67.9999999999995));
#6483=CARTESIAN_POINT('Ctrl Pts',(-59.9571763026665,42.3032733467114,-67.9999999999991));
#6484=CARTESIAN_POINT('Ctrl Pts',(-59.2603966896897,42.5823283665833,-67.9999999999986));
#6485=CARTESIAN_POINT('Ctrl Pts',(-58.8423988006225,42.7302920993532,-67.9999999999985));
#6486=CARTESIAN_POINT('Ctrl Pts',(-58.6747683366508,42.7878820933704,-67.9999999999985));
#6487=CARTESIAN_POINT('Ctrl Pts',(-58.3798950885658,42.8847035572638,-67.9999999999984));
#6488=CARTESIAN_POINT('Ctrl Pts',(-57.9549486925618,43.0114045137961,-67.9999999999979));
#6489=CARTESIAN_POINT('Ctrl Pts',(-57.5258365508237,43.1224184748848,-67.9999999999973));
#6490=CARTESIAN_POINT('Ctrl Pts',(-57.2237590669528,43.1917810568408,-67.999999999997));
#6491=CARTESIAN_POINT('Ctrl Pts',(-57.0507148391943,43.2290257700045,-67.999999999997));
#6492=CARTESIAN_POINT('Ctrl Pts',(-56.9640681354065,43.246847912099,-67.9999999999969));
#6493=CARTESIAN_POINT('Ctrl Pts',(-56.9038676416732,43.2589442322695,-67.9999999999969));
#6494=CARTESIAN_POINT('Ctrl Pts',(-56.8701678844597,43.2656187365001,-67.9999999999969));
#6495=CARTESIAN_POINT('Ctrl Pts',(-56.8027145992279,43.2785947584543,-67.9999999999969));
#6496=CARTESIAN_POINT('Ctrl Pts',(-56.6844038682918,43.3003371069406,-67.999999999997));
#6497=CARTESIAN_POINT('Ctrl Pts',(-56.1765817974822,43.3850596484008,-67.9999999999972));
#6498=CARTESIAN_POINT('Ctrl Pts',(-55.6942367189292,43.4278338813663,-67.9999999999985));
#6499=CARTESIAN_POINT('Ctrl Pts',(-55.2174750000327,43.4381705873173,-67.999999999999));
#6500=CARTESIAN_POINT('Ctrl Pts',(-55.0954178045094,43.4393775401773,-67.999999999999));
#6501=CARTESIAN_POINT('Ctrl Pts',(-54.9122689756863,43.4368693223878,-67.9999999999991));
#6502=CARTESIAN_POINT('Ctrl Pts',(-54.7292823690518,43.4300432340748,-67.9999999999992));
#6503=CARTESIAN_POINT('Ctrl Pts',(-54.4856691132672,43.4151948958493,-67.9999999999992));
#6504=CARTESIAN_POINT('Ctrl Pts',(-54.1823014130906,43.3859073835575,-67.9999999999994));
#6505=CARTESIAN_POINT('Ctrl Pts',(-53.8210244047425,43.3337603699392,-67.9999999999995));
#6506=CARTESIAN_POINT('Ctrl Pts',(-53.4638033714244,43.264947387654,-67.9999999999997));
#6507=CARTESIAN_POINT('Ctrl Pts',(-53.1107289025621,43.1796358576892,-67.9999999999997));
#6508=CARTESIAN_POINT('Ctrl Pts',(-52.8186687428239,43.0944256176195,-67.9999999999998));
#6509=CARTESIAN_POINT('Ctrl Pts',(-52.5873089510299,43.0179131993311,-67.9999999999998));
#6510=CARTESIAN_POINT('Ctrl Pts',(-52.0129266733796,42.8129612235454,-67.9999999999999));
#6511=CARTESIAN_POINT('Ctrl Pts',(-51.2927660937223,42.4650910003374,-67.9999999999999));
#6512=CARTESIAN_POINT('Ctrl Pts',(-50.4874812182027,41.9248069534402,-68.));
#6513=CARTESIAN_POINT('Ctrl Pts',(-50.1107500901938,41.6175895881415,-68.));
#6514=CARTESIAN_POINT('Ctrl Pts',(-49.8751148841901,41.4060410073262,-68.));
#6515=CARTESIAN_POINT('Ctrl Pts',(-49.7672022140876,41.3065874651866,-68.));
#6516=CARTESIAN_POINT('Ctrl Pts',(-49.5566525106819,41.1024616667395,-68.));
#6517=CARTESIAN_POINT('Ctrl Pts',(-49.2015462096943,40.730194153859,-68.));
#6518=CARTESIAN_POINT('Ctrl Pts',(-48.5540860521307,39.9408596186568,-68.));
#6519=CARTESIAN_POINT('Ctrl Pts',(-47.492955958963,38.1573617040392,-68.));
#6520=CARTESIAN_POINT('Ctrl Pts',(-47.067860160269,36.4204234795002,-68.));
#6521=CARTESIAN_POINT('Ctrl Pts',(-47.0108493542102,35.2545635290303,-68.));
#6522=CARTESIAN_POINT('Ctrl Pts',(-60.2606263074656,22.8575378938158,-68.));
#6523=CARTESIAN_POINT('Ctrl Pts',(-61.0492098201369,22.8965090182444,-68.0000013158913));
#6524=CARTESIAN_POINT('Ctrl Pts',(-63.1429882031285,23.3095968669538,-67.9999942680297));
#6525=CARTESIAN_POINT('Ctrl Pts',(-64.95316698343,24.5239327987719,-67.9999828489524));
#6526=CARTESIAN_POINT('Ctrl Pts',(-65.8859563038475,25.5862267056616,-67.9999856292872));
#6527=CARTESIAN_POINT('Ctrl Pts',(-66.0235797750107,25.7492398144605,-67.9999907112732));
#6528=CARTESIAN_POINT('Ctrl Pts',(-66.2829952720945,26.0880687079629,-67.9999960290973));
#6529=CARTESIAN_POINT('Ctrl Pts',(-66.6941100240108,26.7090963188704,-68.0000043616659));
#6530=CARTESIAN_POINT('Ctrl Pts',(-67.1119410714461,27.5873743137297,-68.0000043215921));
#6531=CARTESIAN_POINT('Ctrl Pts',(-67.3478802311831,28.4086134557089,-67.9999975220403));
#6532=CARTESIAN_POINT('Ctrl Pts',(-67.4469428166458,28.9301597246928,-68.0000018356034));
#6533=CARTESIAN_POINT('Ctrl Pts',(-67.4920069874391,29.2472849128847,-68.0000011834314));
#6534=CARTESIAN_POINT('Ctrl Pts',(-67.5146820884507,29.4865992907304,-68.0000012856538));
#6535=CARTESIAN_POINT('Ctrl Pts',(-67.5251538379126,29.6466988377619,-68.0000016798406));
#6536=CARTESIAN_POINT('Ctrl Pts',(-67.5308877505766,29.7535170455188,-68.000002088558));
#6537=CARTESIAN_POINT('Ctrl Pts',(-67.5347520212584,29.8604812914832,-68.000002121659));
#6538=CARTESIAN_POINT('Ctrl Pts',(-67.5367416664471,29.9674878632221,-68.0000023371763));
#6539=CARTESIAN_POINT('Ctrl Pts',(-67.5374805618031,30.0745228965083,-68.0000025073257));
#6540=CARTESIAN_POINT('Ctrl Pts',(-67.536630840501,30.1547769588432,-68.0000024659411));
#6541=CARTESIAN_POINT('Ctrl Pts',(-67.5347582201541,30.2386727740265,-68.0000024960876));
#6542=CARTESIAN_POINT('Ctrl Pts',(-67.5328617879201,30.3012808898412,-68.0000029878708));
#6543=CARTESIAN_POINT('Ctrl Pts',(-67.5278448760367,30.4253248846887,-68.0000037482655));
#6544=CARTESIAN_POINT('Ctrl Pts',(-67.5154836818178,30.6426776677752,-68.0000046052086));
#6545=CARTESIAN_POINT('Ctrl Pts',(-67.4878628155447,30.9514914460631,-68.0000050073309));
#6546=CARTESIAN_POINT('Ctrl Pts',(-67.4389401049861,31.3187793133388,-68.0000043584992));
#6547=CARTESIAN_POINT('Ctrl Pts',(-67.3959790108881,31.5613776387537,-68.0000029610594));
#6548=CARTESIAN_POINT('Ctrl Pts',(-67.3677116145029,31.7028553351195,-68.0000021718932));
#6549=CARTESIAN_POINT('Ctrl Pts',(-67.359351964369,31.7438465636665,-68.0000022746532));
#6550=CARTESIAN_POINT('Ctrl Pts',(-67.3425675358805,31.8244926684576,-68.0000022531239));
#6551=CARTESIAN_POINT('Ctrl Pts',(-67.3120469700223,31.966161778166,-68.0000023092249));
#6552=CARTESIAN_POINT('Ctrl Pts',(-67.265757228322,32.1676254095164,-68.000002219656));
#6553=CARTESIAN_POINT('Ctrl Pts',(-67.2056952081967,32.4087132091688,-68.0000022364029));
#6554=CARTESIAN_POINT('Ctrl Pts',(-67.076786792771,32.8885809130729,-68.0000022460894));
#6555=CARTESIAN_POINT('Ctrl Pts',(-66.8502139458974,33.6002010401235,-68.0000013429092));
#6556=CARTESIAN_POINT('Ctrl Pts',(-66.5422714470449,34.3679174549735,-68.0000009462));
#6557=CARTESIAN_POINT('Ctrl Pts',(-66.2622366561178,34.9688993484496,-68.0000009627901));
#6558=CARTESIAN_POINT('Ctrl Pts',(-65.5027915123381,36.4525544567557,-68.0000010595163));
#6559=CARTESIAN_POINT('Ctrl Pts',(-63.8004508667804,38.7495486822013,-68.0000001875528));
#6560=CARTESIAN_POINT('Ctrl Pts',(-61.3670504341839,40.5532437871414,-68.0000011150577));
#6561=CARTESIAN_POINT('Ctrl Pts',(-59.5702888532997,41.4315069683712,-68.000001226631));
#6562=CARTESIAN_POINT('Ctrl Pts',(-58.9192419650739,41.692341573957,-68.0000017454146));
#6563=CARTESIAN_POINT('Ctrl Pts',(-58.5286955946949,41.8306492783553,-68.0000016930424));
#6564=CARTESIAN_POINT('Ctrl Pts',(-58.3720754645555,41.8844814332606,-68.0000016446274));
#6565=CARTESIAN_POINT('Ctrl Pts',(-58.0965694188128,41.9749881104577,-68.0000016554988));
#6566=CARTESIAN_POINT('Ctrl Pts',(-57.6995283521949,42.0934339214258,-68.0000019564311));
#6567=CARTESIAN_POINT('Ctrl Pts',(-57.2986084470579,42.1972227362131,-68.0000023897105));
#6568=CARTESIAN_POINT('Ctrl Pts',(-57.0163655173262,42.2620815785891,-68.0000024902339));
#6569=CARTESIAN_POINT('Ctrl Pts',(-56.854699570389,42.2969069396082,-68.0000024686618));
#6570=CARTESIAN_POINT('Ctrl Pts',(-56.7737241516294,42.313578243374,-68.0000024724112));
#6571=CARTESIAN_POINT('Ctrl Pts',(-56.7175149082904,42.3248817264236,-68.0000024698285));
#6572=CARTESIAN_POINT('Ctrl Pts',(-56.6875743574958,42.330756986818,-68.0000026739986));
#6573=CARTESIAN_POINT('Ctrl Pts',(-56.6267862659457,42.3423884019384,-68.0000028903582));
#6574=CARTESIAN_POINT('Ctrl Pts',(-56.5206237744326,42.3617802353423,-68.0000034362803));
#6575=CARTESIAN_POINT('Ctrl Pts',(-56.0646053199598,42.4375919397927,-68.0000046232474));
#6576=CARTESIAN_POINT('Ctrl Pts',(-55.6307005899615,42.4765110058855,-68.0000072082653));
#6577=CARTESIAN_POINT('Ctrl Pts',(-55.2036336979371,42.4867798324623,-68.0000060085901));
#6578=CARTESIAN_POINT('Ctrl Pts',(-55.0974718510694,42.4878089196943,-68.0000060932064));
#6579=CARTESIAN_POINT('Ctrl Pts',(-54.9362714838165,42.4858068262094,-68.0000059294518));
#6580=CARTESIAN_POINT('Ctrl Pts',(-54.775934345823,42.4799708413,-68.0000058546324));
#6581=CARTESIAN_POINT('Ctrl Pts',(-54.5620489080837,42.4672391084985,-68.0000056018318));
#6582=CARTESIAN_POINT('Ctrl Pts',(-54.295887478844,42.4419677417789,-68.0000060611703));
#6583=CARTESIAN_POINT('Ctrl Pts',(-53.9787453478043,42.3968735559153,-68.0000054711616));
#6584=CARTESIAN_POINT('Ctrl Pts',(-53.6651000382257,42.3372644060042,-68.0000057036633));
#6585=CARTESIAN_POINT('Ctrl Pts',(-53.3550019910872,42.2633092813777,-68.0000033745751));
#6586=CARTESIAN_POINT('Ctrl Pts',(-53.0983268357087,42.1893601565609,-68.0000031563825));
#6587=CARTESIAN_POINT('Ctrl Pts',(-52.8949946537642,42.1229497273429,-68.0000008634242));
#6588=CARTESIAN_POINT('Ctrl Pts',(-52.390106947961,41.9449905918835,-67.9999986421992));
#6589=CARTESIAN_POINT('Ctrl Pts',(-51.756085874815,41.6425443225334,-68.0000098850628));
#6590=CARTESIAN_POINT('Ctrl Pts',(-51.0450956000988,41.1717992184974,-68.0000021703477));
#6591=CARTESIAN_POINT('Ctrl Pts',(-50.7119231390956,40.9038652453084,-68.0000036017568));
#6592=CARTESIAN_POINT('Ctrl Pts',(-50.5032088053443,40.7191995335821,-68.0000005732295));
#6593=CARTESIAN_POINT('Ctrl Pts',(-50.4058792181056,40.6311510485506,-67.9999984605342));
#6594=CARTESIAN_POINT('Ctrl Pts',(-50.2167541387472,40.4508886576603,-67.9999919389766));
#6595=CARTESIAN_POINT('Ctrl Pts',(-49.8966832695845,40.121086393915,-67.9999880019218));
#6596=CARTESIAN_POINT('Ctrl Pts',(-49.3117404005285,39.4195394111136,-67.9999817339638));
#6597=CARTESIAN_POINT('Ctrl Pts',(-48.3484661773546,37.8260999629952,-67.9999688288128));
#6598=CARTESIAN_POINT('Ctrl Pts',(-47.9593614761243,36.2613775318831,-68.0000017546154));
#6599=CARTESIAN_POINT('Ctrl Pts',(-47.9074421071556,35.2107199477054,-68.));
#6600=CARTESIAN_POINT('Ctrl Pts',(-60.1731653928516,24.6459690234634,-67.5888745700638));
#6601=CARTESIAN_POINT('Ctrl Pts',(-60.7891689900364,24.6773055271023,-67.5884994770788));
#6602=CARTESIAN_POINT('Ctrl Pts',(-62.4240318915078,25.0123344689385,-67.5834982218829));
#6603=CARTESIAN_POINT('Ctrl Pts',(-63.8001138618869,25.9851137181753,-67.5683503748597));
#6604=CARTESIAN_POINT('Ctrl Pts',(-64.4838725732247,26.8064790263594,-67.5563493346094));
#6605=CARTESIAN_POINT('Ctrl Pts',(-64.5806328173763,26.9261208018462,-67.5549739046154));
#6606=CARTESIAN_POINT('Ctrl Pts',(-64.7644676040297,27.1768963838608,-67.5521864541755));
#6607=CARTESIAN_POINT('Ctrl Pts',(-65.0537252686453,27.6323624010292,-67.5478447743996));
#6608=CARTESIAN_POINT('Ctrl Pts',(-65.3464637158303,28.272678460478,-67.543251606577));
#6609=CARTESIAN_POINT('Ctrl Pts',(-65.510676707679,28.8681080480578,-67.5404170634904));
#6610=CARTESIAN_POINT('Ctrl Pts',(-65.5791666679897,29.2449623075587,-67.5391028542076));
#6611=CARTESIAN_POINT('Ctrl Pts',(-65.6101979760064,29.4740496555174,-67.5384436921585));
#6612=CARTESIAN_POINT('Ctrl Pts',(-65.6256625927969,29.6468013303974,-67.5380517053958));
#6613=CARTESIAN_POINT('Ctrl Pts',(-65.6327159507637,29.7622991728087,-67.5378333214148));
#6614=CARTESIAN_POINT('Ctrl Pts',(-65.6365432048198,29.8393400579355,-67.537699341794));
#6615=CARTESIAN_POINT('Ctrl Pts',(-65.6390627178799,29.9165145120016,-67.5375817171927));
#6616=CARTESIAN_POINT('Ctrl Pts',(-65.6402693732156,29.9936827687785,-67.5374819640238));
#6617=CARTESIAN_POINT('Ctrl Pts',(-65.6405980140316,30.0708930042164,-67.5373927431445));
#6618=CARTESIAN_POINT('Ctrl Pts',(-65.6398673089243,30.128750337315,-67.5373402394527));
#6619=CARTESIAN_POINT('Ctrl Pts',(-65.6384006697865,30.1893452040245,-67.5372898057263));
#6620=CARTESIAN_POINT('Ctrl Pts',(-65.6364860527059,30.2387767317643,-67.5370999783918));
#6621=CARTESIAN_POINT('Ctrl Pts',(-65.6320465223838,30.334295234809,-67.53684589136));
#6622=CARTESIAN_POINT('Ctrl Pts',(-65.6215270383078,30.5030716501076,-67.5364302062278));
#6623=CARTESIAN_POINT('Ctrl Pts',(-65.5994794942283,30.7416396917007,-67.5361089612524));
#6624=CARTESIAN_POINT('Ctrl Pts',(-65.5614182148721,31.0265052158698,-67.5360546612653));
#6625=CARTESIAN_POINT('Ctrl Pts',(-65.5288521253345,31.2134459268883,-67.5362785725465));
#6626=CARTESIAN_POINT('Ctrl Pts',(-65.5068559048578,31.3252738948093,-67.5364270062319));
#6627=CARTESIAN_POINT('Ctrl Pts',(-65.4993962698923,31.3615804534095,-67.5364005677101));
#6628=CARTESIAN_POINT('Ctrl Pts',(-65.4850789952222,31.4303147923012,-67.5363965944161));
#6629=CARTESIAN_POINT('Ctrl Pts',(-65.45867915756,31.5525530714314,-67.5363633341208));
#6630=CARTESIAN_POINT('Ctrl Pts',(-65.4188719517004,31.7254950720787,-67.5363327640263));
#6631=CARTESIAN_POINT('Ctrl Pts',(-65.3671030364365,31.9329438369896,-67.5362885703238));
#6632=CARTESIAN_POINT('Ctrl Pts',(-65.256103441493,32.34549148115,-67.5362096176677));
#6633=CARTESIAN_POINT('Ctrl Pts',(-65.0609831317754,32.9576668887726,-67.5360971415855));
#6634=CARTESIAN_POINT('Ctrl Pts',(-64.7959282960293,33.6179023177457,-67.5359942496598));
#6635=CARTESIAN_POINT('Ctrl Pts',(-64.5549686054933,34.13468542665,-67.5359225688388));
#6636=CARTESIAN_POINT('Ctrl Pts',(-63.9015557383701,35.4104667363838,-67.5357621485045));
#6637=CARTESIAN_POINT('Ctrl Pts',(-62.4369916768649,37.3862791374745,-67.5356331646874));
#6638=CARTESIAN_POINT('Ctrl Pts',(-60.3440074530496,38.9379370516645,-67.5357680477433));
#6639=CARTESIAN_POINT('Ctrl Pts',(-58.7989572602783,39.6936477471495,-67.5359704571774));
#6640=CARTESIAN_POINT('Ctrl Pts',(-58.2390519608502,39.9181630149979,-67.5360566305981));
#6641=CARTESIAN_POINT('Ctrl Pts',(-57.9032475198854,40.0372135564265,-67.536113218362));
#6642=CARTESIAN_POINT('Ctrl Pts',(-57.7685862573033,40.0835503961705,-67.5361363554274));
#6643=CARTESIAN_POINT('Ctrl Pts',(-57.5316988681035,40.1614633191607,-67.5361778786056));
#6644=CARTESIAN_POINT('Ctrl Pts',(-57.190284348958,40.2634484401355,-67.5362403221333));
#6645=CARTESIAN_POINT('Ctrl Pts',(-56.8455581440147,40.3528305562377,-67.5363067172015));
#6646=CARTESIAN_POINT('Ctrl Pts',(-56.6028627119372,40.4087071007368,-67.5363564500906));
#6647=CARTESIAN_POINT('Ctrl Pts',(-56.4638879771534,40.4387067013624,-67.5363850692192));
#6648=CARTESIAN_POINT('Ctrl Pts',(-56.3942218758349,40.4530824542988,-67.5364005894613));
#6649=CARTESIAN_POINT('Ctrl Pts',(-56.3459723019965,40.4628044691055,-67.5364094891999));
#6650=CARTESIAN_POINT('Ctrl Pts',(-56.3235289872383,40.4670864705649,-67.5363582354604));
#6651=CARTESIAN_POINT('Ctrl Pts',(-56.2760353259463,40.4760370577796,-67.5362953533863));
#6652=CARTESIAN_POINT('Ctrl Pts',(-56.194097970957,40.4907423787316,-67.5361885783327));
#6653=CARTESIAN_POINT('Ctrl Pts',(-55.8413967149834,40.5487867073623,-67.5358928457505));
#6654=CARTESIAN_POINT('Ctrl Pts',(-55.5039863806034,40.5800006374496,-67.5364152080466));
#6655=CARTESIAN_POINT('Ctrl Pts',(-55.1759841954565,40.5901120635673,-67.5374105461696));
#6656=CARTESIAN_POINT('Ctrl Pts',(-55.1015261723357,40.5907863700031,-67.537401901197));
#6657=CARTESIAN_POINT('Ctrl Pts',(-54.9840938662753,40.5897891744909,-67.5375877957972));
#6658=CARTESIAN_POINT('Ctrl Pts',(-54.8689242278231,40.585923780777,-67.5377449727685));
#6659=CARTESIAN_POINT('Ctrl Pts',(-54.7143205281794,40.5774060517361,-67.5380362232055));
#6660=CARTESIAN_POINT('Ctrl Pts',(-54.5223387564394,40.5601303145822,-67.5384660681785));
#6661=CARTESIAN_POINT('Ctrl Pts',(-54.2932036325002,40.5290855788673,-67.5391273689293));
#6662=CARTESIAN_POINT('Ctrl Pts',(-54.066438452413,40.4878082548862,-67.5399188469479));
#6663=CARTESIAN_POINT('Ctrl Pts',(-53.8420549986116,40.4364860081531,-67.5408424088246));
#6664=CARTESIAN_POINT('Ctrl Pts',(-53.6559364330833,40.384970963266,-67.5417315771647));
#6665=CARTESIAN_POINT('Ctrl Pts',(-53.5085105415074,40.3386965388769,-67.5425038253421));
#6666=CARTESIAN_POINT('Ctrl Pts',(-53.1422177963582,40.2145236975659,-67.5445411625238));
#6667=CARTESIAN_POINT('Ctrl Pts',(-52.6798821359473,40.0025236713209,-67.5478634907813));
#6668=CARTESIAN_POINT('Ctrl Pts',(-52.1570019855451,39.6703795775222,-67.5529129706854));
#6669=CARTESIAN_POINT('Ctrl Pts',(-51.9107013179143,39.4807226111001,-67.5557236288832));
#6670=CARTESIAN_POINT('Ctrl Pts',(-51.7557008554471,39.349645458802,-67.5576660855588));
#6671=CARTESIAN_POINT('Ctrl Pts',(-51.679490113543,39.2843266454377,-67.5588254961499));
#6672=CARTESIAN_POINT('Ctrl Pts',(-51.5331292751182,39.1516417893272,-67.5609617357457));
#6673=CARTESIAN_POINT('Ctrl Pts',(-51.2829741200485,38.9064757394774,-67.5647177076194));
#6674=CARTESIAN_POINT('Ctrl Pts',(-50.8228068862509,38.3799122890574,-67.5716831379858));
#6675=CARTESIAN_POINT('Ctrl Pts',(-50.05489813826,37.1654808400919,-67.5834887743306));
#6676=CARTESIAN_POINT('Ctrl Pts',(-49.7376249004099,35.9440325002237,-67.5883743951813));
#6677=CARTESIAN_POINT('Ctrl Pts',(-49.6958735927775,35.1232652576844,-67.5888745458617));
#6678=CARTESIAN_POINT('Ctrl Pts',(-60.0498087265137,27.1684089396449,-65.5818995880081));
#6679=CARTESIAN_POINT('Ctrl Pts',(-60.4230047385601,27.1884619814984,-65.5798084736612));
#6680=CARTESIAN_POINT('Ctrl Pts',(-61.4105231686314,27.4061011522831,-65.5519611587211));
#6681=CARTESIAN_POINT('Ctrl Pts',(-62.1900650379991,28.0196136106151,-65.4678313011434));
#6682=CARTESIAN_POINT('Ctrl Pts',(-62.541781686646,28.4951773094962,-65.4015297896355));
#6683=CARTESIAN_POINT('Ctrl Pts',(-62.5836906885994,28.5536182759101,-65.3939274801866));
#6684=CARTESIAN_POINT('Ctrl Pts',(-62.6664351203858,28.680217732662,-65.3785331928724));
#6685=CARTESIAN_POINT('Ctrl Pts',(-62.7931324826748,28.9038711796008,-65.3545748892807));
#6686=CARTESIAN_POINT('Ctrl Pts',(-62.9199950443749,29.2135474040743,-65.3292687739421));
#6687=CARTESIAN_POINT('Ctrl Pts',(-62.9896174306089,29.4974433757351,-65.3136723496799));
#6688=CARTESIAN_POINT('Ctrl Pts',(-63.018256891673,29.6759501658939,-65.3064397571));
#6689=CARTESIAN_POINT('Ctrl Pts',(-63.0310042435017,29.7842536930173,-65.3028142015314));
#6690=CARTESIAN_POINT('Ctrl Pts',(-63.0371776088922,29.8658001978766,-65.300658123944));
#6691=CARTESIAN_POINT('Ctrl Pts',(-63.0398812964252,29.920293366783,-65.2994569374557));
#6692=CARTESIAN_POINT('Ctrl Pts',(-63.0413057141693,29.9566332626464,-65.2987199564146));
#6693=CARTESIAN_POINT('Ctrl Pts',(-63.0421586495133,29.9930468356529,-65.2980730691791));
#6694=CARTESIAN_POINT('Ctrl Pts',(-63.0424448445972,30.029431771653,-65.2975244210801));
#6695=CARTESIAN_POINT('Ctrl Pts',(-63.0423463341914,30.065878406775,-65.2970337162959));
#6696=CARTESIAN_POINT('Ctrl Pts',(-63.0418548411443,30.0931037976157,-65.2967449958629));
#6697=CARTESIAN_POINT('Ctrl Pts',(-63.0410176261083,30.1218474211919,-65.2964676406876));
#6698=CARTESIAN_POINT('Ctrl Pts',(-63.0393642703021,30.1532592724093,-65.2954236359906));
#6699=CARTESIAN_POINT('Ctrl Pts',(-63.0360984719397,30.2098133636649,-65.2940262875493));
#6700=CARTESIAN_POINT('Ctrl Pts',(-63.028718970253,30.3121847014518,-65.2917404822302));
#6701=CARTESIAN_POINT('Ctrl Pts',(-63.0147702335786,30.4547212398501,-65.2899743105284));
#6702=CARTESIAN_POINT('Ctrl Pts',(-62.9916149201895,30.6268985652919,-65.2896759289482));
#6703=CARTESIAN_POINT('Ctrl Pts',(-62.9729175340415,30.7375844189961,-65.2909072338632));
#6704=CARTESIAN_POINT('Ctrl Pts',(-62.9592662389498,30.8088001314207,-65.2917235092497));
#6705=CARTESIAN_POINT('Ctrl Pts',(-62.9530743670667,30.8387235842929,-65.2915781258387));
#6706=CARTESIAN_POINT('Ctrl Pts',(-62.9421317469163,30.8911864899484,-65.2915562857986));
#6707=CARTESIAN_POINT('Ctrl Pts',(-62.9214088524635,30.9868880438376,-65.2913734072894));
#6708=CARTESIAN_POINT('Ctrl Pts',(-62.8905068396451,31.1208246488863,-65.2912053519241));
#6709=CARTESIAN_POINT('Ctrl Pts',(-62.850132928313,31.2823101175891,-65.2909623719185));
#6710=CARTESIAN_POINT('Ctrl Pts',(-62.7637217679735,31.6028630616233,-65.2905282903374));
#6711=CARTESIAN_POINT('Ctrl Pts',(-62.6118668035186,32.078611394443,-65.2899100610797));
#6712=CARTESIAN_POINT('Ctrl Pts',(-62.4056702311502,32.591658662719,-65.2893444351414));
#6713=CARTESIAN_POINT('Ctrl Pts',(-62.2181935306917,32.9934096420855,-65.288950354951));
#6714=CARTESIAN_POINT('Ctrl Pts',(-61.7098897275465,33.98517941371,-65.288068399627));
#6715=CARTESIAN_POINT('Ctrl Pts',(-60.571292164213,35.5207169599703,-65.2873593980752));
#6716=CARTESIAN_POINT('Ctrl Pts',(-58.9446885335331,36.7270887833348,-65.2881007872468));
#6717=CARTESIAN_POINT('Ctrl Pts',(-57.7437471069487,37.3149588224418,-65.2892135361403));
#6718=CARTESIAN_POINT('Ctrl Pts',(-57.3087369248123,37.4896055815207,-65.2896871911696));
#6719=CARTESIAN_POINT('Ctrl Pts',(-57.0477059928756,37.5822661799346,-65.2899983044048));
#6720=CARTESIAN_POINT('Ctrl Pts',(-56.9430185641775,37.6183369614944,-65.2901255142649));
#6721=CARTESIAN_POINT('Ctrl Pts',(-56.7588989626059,37.6789839614447,-65.2903537925589));
#6722=CARTESIAN_POINT('Ctrl Pts',(-56.4936237002699,37.758366148195,-65.2906970177054));
#6723=CARTESIAN_POINT('Ctrl Pts',(-56.2258545738176,37.8279434598438,-65.2910619336673));
#6724=CARTESIAN_POINT('Ctrl Pts',(-56.0372292129082,37.8714727380329,-65.2913353292291));
#6725=CARTESIAN_POINT('Ctrl Pts',(-55.9292468810864,37.8948398453044,-65.2914926781898));
#6726=CARTESIAN_POINT('Ctrl Pts',(-55.8750324905169,37.9060576381158,-65.291578004547));
#6727=CARTESIAN_POINT('Ctrl Pts',(-55.8376546392115,37.9136070427414,-65.2916269346526));
#6728=CARTESIAN_POINT('Ctrl Pts',(-55.8254680729274,37.9157902906963,-65.2913450921832));
#6729=CARTESIAN_POINT('Ctrl Pts',(-55.796139721813,37.9211752438501,-65.2909993261529));
#6730=CARTESIAN_POINT('Ctrl Pts',(-55.7473418310995,37.9296431040665,-65.2904121505659));
#6731=CARTESIAN_POINT('Ctrl Pts',(-55.5357971480787,37.9638764307457,-65.2887861425572));
#6732=CARTESIAN_POINT('Ctrl Pts',(-55.3308474964777,37.9838275312449,-65.2916565681905));
#6733=CARTESIAN_POINT('Ctrl Pts',(-55.1385333487692,37.9922428273363,-65.2971302892018));
#6734=CARTESIAN_POINT('Ctrl Pts',(-55.1073873755068,37.9924468969586,-65.2970827382149));
#6735=CARTESIAN_POINT('Ctrl Pts',(-55.0498189149774,37.9925495349957,-65.2981050556497));
#6736=CARTESIAN_POINT('Ctrl Pts',(-54.9964316782105,37.9911484329128,-65.2989694744524));
#6737=CARTESIAN_POINT('Ctrl Pts',(-54.9229497256701,37.9879658540953,-65.3005713321217));
#6738=CARTESIAN_POINT('Ctrl Pts',(-54.8326448034978,37.9810198356424,-65.3029353324846));
#6739=CARTESIAN_POINT('Ctrl Pts',(-54.7241567013825,37.9682355654505,-65.3065732789962));
#6740=CARTESIAN_POINT('Ctrl Pts',(-54.6167322210697,37.9509415352714,-65.3109276859887));
#6741=CARTESIAN_POINT('Ctrl Pts',(-54.5100452944035,37.9292515452922,-65.3160110441444));
#6742=CARTESIAN_POINT('Ctrl Pts',(-54.4211166305419,37.9072528762325,-65.3209052175642));
#6743=CARTESIAN_POINT('Ctrl Pts',(-54.3506648992836,37.8874622475363,-65.3251579157186));
#6744=CARTESIAN_POINT('Ctrl Pts',(-54.1755908925462,37.8342556235907,-65.3363766036106));
#6745=CARTESIAN_POINT('Ctrl Pts',(-53.9522936862146,37.7425863073082,-65.3546723537062));
#6746=CARTESIAN_POINT('Ctrl Pts',(-53.6929292993918,37.5952797373297,-65.3825348948323));
#6747=CARTESIAN_POINT('Ctrl Pts',(-53.5695773342444,37.5107586888683,-65.3980550780638));
#6748=CARTESIAN_POINT('Ctrl Pts',(-53.4908366197474,37.4516981257085,-65.4087907567499));
#6749=CARTESIAN_POINT('Ctrl Pts',(-53.4450476074199,37.4165948237073,-65.4152003061921));
#6750=CARTESIAN_POINT('Ctrl Pts',(-53.3600921996616,37.3474940127166,-65.4270177278409));
#6751=CARTESIAN_POINT('Ctrl Pts',(-53.2110693652537,37.2160579363041,-65.4478001262042));
#6752=CARTESIAN_POINT('Ctrl Pts',(-52.9325967115596,36.9267735423181,-65.4863840262828));
#6753=CARTESIAN_POINT('Ctrl Pts',(-52.4532006704603,36.2336714774124,-65.5519421200288));
#6754=CARTESIAN_POINT('Ctrl Pts',(-52.2450367175005,35.4972454002775,-65.5791111519763));
#6755=CARTESIAN_POINT('Ctrl Pts',(-52.2183139767948,34.9999173723144,-65.5818994532738));
#6756=CARTESIAN_POINT('Ctrl Pts',(-60.0113933870526,27.9539391304893,-63.345801347361));
#6757=CARTESIAN_POINT('Ctrl Pts',(-60.3083497342544,27.9694277551883,-63.3421589727796));
#6758=CARTESIAN_POINT('Ctrl Pts',(-61.095941683837,28.1364880837965,-63.2936124950315));
#6759=CARTESIAN_POINT('Ctrl Pts',(-61.7208543860217,28.6045841597793,-63.1479297347669));
#6760=CARTESIAN_POINT('Ctrl Pts',(-62.0069888178243,28.9618854224987,-63.0343396534677));
#6761=CARTESIAN_POINT('Ctrl Pts',(-62.0365559112657,29.0007400031499,-63.0213147862586));
#6762=CARTESIAN_POINT('Ctrl Pts',(-62.097812095319,29.0884234919336,-62.9949757909709));
#6763=CARTESIAN_POINT('Ctrl Pts',(-62.1907398853499,29.2422642634854,-62.9540500562929));
#6764=CARTESIAN_POINT('Ctrl Pts',(-62.2860282829851,29.4593110328887,-62.9109613956552));
#6765=CARTESIAN_POINT('Ctrl Pts',(-62.3394213949293,29.6608761732059,-62.8844762208865));
#6766=CARTESIAN_POINT('Ctrl Pts',(-62.3614041383749,29.7871802273851,-62.872189699437));
#6767=CARTESIAN_POINT('Ctrl Pts',(-62.3713960748934,29.8642360845635,-62.8660381979809));
#6768=CARTESIAN_POINT('Ctrl Pts',(-62.3763255261581,29.9223026244406,-62.862380198384));
#6769=CARTESIAN_POINT('Ctrl Pts',(-62.3785445059423,29.9610411140649,-62.8603418984902));
#6770=CARTESIAN_POINT('Ctrl Pts',(-62.3797350029835,29.9868565165336,-62.8590910718189));
#6771=CARTESIAN_POINT('Ctrl Pts',(-62.3805057489091,30.0128047436023,-62.8579938475509));
#6772=CARTESIAN_POINT('Ctrl Pts',(-62.3808446198557,30.0386869940344,-62.857062956883));
#6773=CARTESIAN_POINT('Ctrl Pts',(-62.3808956963655,30.0646456524375,-62.8562304521559));
#6774=CARTESIAN_POINT('Ctrl Pts',(-62.3806207534239,30.0840239969534,-62.8557409150055));
#6775=CARTESIAN_POINT('Ctrl Pts',(-62.3800930013524,30.1045927785384,-62.8552705257609));
#6776=CARTESIAN_POINT('Ctrl Pts',(-62.3790565133908,30.1314135642717,-62.8534992957968));
#6777=CARTESIAN_POINT('Ctrl Pts',(-62.3768256255592,30.1779982368562,-62.8511287253194));
#6778=CARTESIAN_POINT('Ctrl Pts',(-62.3714569229772,30.2635022275509,-62.8472521659087));
#6779=CARTESIAN_POINT('Ctrl Pts',(-62.3605041067493,30.3817182429822,-62.844258239233));
#6780=CARTESIAN_POINT('Ctrl Pts',(-62.3413215257458,30.5252897452636,-62.8437537594476));
#6781=CARTESIAN_POINT('Ctrl Pts',(-62.3255240962497,30.6165774058062,-62.8458431215237));
#6782=CARTESIAN_POINT('Ctrl Pts',(-62.3135892111842,30.6773881048871,-62.8472281800448));
#6783=CARTESIAN_POINT('Ctrl Pts',(-62.3077979017057,30.7056832415356,-62.8469815642191));
#6784=CARTESIAN_POINT('Ctrl Pts',(-62.2977318357297,30.7539852091365,-62.8469445873305));
#6785=CARTESIAN_POINT('Ctrl Pts',(-62.2785574300981,30.8429203848805,-62.8466345098231));
#6786=CARTESIAN_POINT('Ctrl Pts',(-62.2500144028781,30.9669603101818,-62.8463498403207));
#6787=CARTESIAN_POINT('Ctrl Pts',(-62.2126775912544,31.1167515259591,-62.8459379849168));
#6788=CARTESIAN_POINT('Ctrl Pts',(-62.1327639624177,31.4139149999786,-62.8452022682733));
#6789=CARTESIAN_POINT('Ctrl Pts',(-61.9921156650513,31.8556326885467,-62.8441562518917));
#6790=CARTESIAN_POINT('Ctrl Pts',(-61.8010737607087,32.331706676276,-62.8431984985821));
#6791=CARTESIAN_POINT('Ctrl Pts',(-61.6274224087492,32.7042655944607,-62.8425306767747));
#6792=CARTESIAN_POINT('Ctrl Pts',(-61.156485792984,33.6239979078351,-62.8410360240346));
#6793=CARTESIAN_POINT('Ctrl Pts',(-60.100014596509,35.0496149526931,-62.839836522877));
#6794=CARTESIAN_POINT('Ctrl Pts',(-58.5901494138466,36.1687362278983,-62.8410907976898));
#6795=CARTESIAN_POINT('Ctrl Pts',(-57.4762608348996,36.7134424797636,-62.8429761513402));
#6796=CARTESIAN_POINT('Ctrl Pts',(-57.0725292537905,36.8752831273956,-62.8437778328562));
#6797=CARTESIAN_POINT('Ctrl Pts',(-56.8305155292292,36.9610526220008,-62.8443051777277));
#6798=CARTESIAN_POINT('Ctrl Pts',(-56.733476137974,36.9944308042082,-62.8445208556269));
#6799=CARTESIAN_POINT('Ctrl Pts',(-56.5627625576637,37.0505554786903,-62.8449077103749));
#6800=CARTESIAN_POINT('Ctrl Pts',(-56.3166893949872,37.1240182535685,-62.845488843557));
#6801=CARTESIAN_POINT('Ctrl Pts',(-56.0682980385597,37.1883769359062,-62.8461065197438));
#6802=CARTESIAN_POINT('Ctrl Pts',(-55.8934003995508,37.2286114476935,-62.8465697208074));
#6803=CARTESIAN_POINT('Ctrl Pts',(-55.7933264217832,37.2501980285003,-62.8468364628854));
#6804=CARTESIAN_POINT('Ctrl Pts',(-55.7430490701418,37.2605626088949,-62.8469810832655));
#6805=CARTESIAN_POINT('Ctrl Pts',(-55.7084475093019,37.2675295988148,-62.8470640253713));
#6806=CARTESIAN_POINT('Ctrl Pts',(-55.6989146631075,37.269319364719,-62.8465859253446));
#6807=CARTESIAN_POINT('Ctrl Pts',(-55.6742822578471,37.2739677294645,-62.8459994873612));
#6808=CARTESIAN_POINT('Ctrl Pts',(-55.6339940353348,37.2811379397441,-62.8450032564797));
#6809=CARTESIAN_POINT('Ctrl Pts',(-55.4586954477381,37.310119411516,-62.8422457262693));
#6810=CARTESIAN_POINT('Ctrl Pts',(-55.2863915332731,37.3256395015844,-62.8471039980937));
#6811=CARTESIAN_POINT('Ctrl Pts',(-55.1285083885056,37.3307114827565,-62.8563881814205));
#6812=CARTESIAN_POINT('Ctrl Pts',(-55.1085230089285,37.3308181874969,-62.8563074412874));
#6813=CARTESIAN_POINT('Ctrl Pts',(-55.06631032835,37.3306577971851,-62.8580414875589));
#6814=CARTESIAN_POINT('Ctrl Pts',(-55.028810518162,37.3294280618142,-62.8595078014378));
#6815=CARTESIAN_POINT('Ctrl Pts',(-54.9762149487364,37.3267642231001,-62.8622254135708));
#6816=CARTESIAN_POINT('Ctrl Pts',(-54.9120481157527,37.32119697596,-62.8662352775307));
#6817=CARTESIAN_POINT('Ctrl Pts',(-54.8348868220679,37.3112075261478,-62.8724101629116));
#6818=CARTESIAN_POINT('Ctrl Pts',(-54.7585930537022,37.2978114960739,-62.879802354878));
#6819=CARTESIAN_POINT('Ctrl Pts',(-54.6831556039564,37.2812470178728,-62.8884403378307));
#6820=CARTESIAN_POINT('Ctrl Pts',(-54.6201721228773,37.26442737665,-62.8967577197236));
#6821=CARTESIAN_POINT('Ctrl Pts',(-54.5706378436207,37.2494897612854,-62.903991737402));
#6822=CARTESIAN_POINT('Ctrl Pts',(-54.4476432996966,37.2093180786215,-62.9230748784886));
#6823=CARTESIAN_POINT('Ctrl Pts',(-54.2907618539069,37.1401406667335,-62.9542084370078));
#6824=CARTESIAN_POINT('Ctrl Pts',(-54.1109210726993,37.0309039139238,-63.0018029055627));
#6825=CARTESIAN_POINT('Ctrl Pts',(-54.0261868719092,36.9688995415289,-63.0283593271051));
#6826=CARTESIAN_POINT('Ctrl Pts',(-53.9723064611155,36.9257583252117,-63.0467571980185));
#6827=CARTESIAN_POINT('Ctrl Pts',(-53.9372014210506,36.8966564660819,-63.0577463707526));
#6828=CARTESIAN_POINT('Ctrl Pts',(-53.8737442810415,36.8411593768119,-63.0780284842963));
#6829=CARTESIAN_POINT('Ctrl Pts',(-53.760935949484,36.7345258384373,-63.1137310229623));
#6830=CARTESIAN_POINT('Ctrl Pts',(-53.5498391500484,36.5009783403917,-63.1801705743399));
#6831=CARTESIAN_POINT('Ctrl Pts',(-53.185157195501,35.946525681698,-63.2936081997883));
#6832=CARTESIAN_POINT('Ctrl Pts',(-53.0244860681106,35.3572755083767,-63.3409443541225));
#6833=CARTESIAN_POINT('Ctrl Pts',(-53.0038442468852,34.9615047706435,-63.3458011127516));
#6834=CARTESIAN_POINT('Ctrl Pts',(-60.0114010026146,27.9537834048346,-61.9993052556571));
#6835=CARTESIAN_POINT('Ctrl Pts',(-60.3090126968404,27.9683372278292,-61.9950566047058));
#6836=CARTESIAN_POINT('Ctrl Pts',(-61.0969585976549,28.1223119594585,-61.9383410680417));
#6837=CARTESIAN_POINT('Ctrl Pts',(-61.7501029355837,28.5582046204138,-61.7692445487035));
#6838=CARTESIAN_POINT('Ctrl Pts',(-62.0699113782402,28.9055531085033,-61.638828819083));
#6839=CARTESIAN_POINT('Ctrl Pts',(-62.1041868820898,28.9442864338038,-61.6238871609025));
#6840=CARTESIAN_POINT('Ctrl Pts',(-62.1748910676976,29.0320183592738,-61.5936980157841));
#6841=CARTESIAN_POINT('Ctrl Pts',(-62.2837390867376,29.1887656048575,-61.5468660019832));
#6842=CARTESIAN_POINT('Ctrl Pts',(-62.3972285732207,29.4148532016368,-61.4976873684677));
#6843=CARTESIAN_POINT('Ctrl Pts',(-62.4620767647628,29.6289352959909,-61.4675163779172));
#6844=CARTESIAN_POINT('Ctrl Pts',(-62.4895590735058,29.7649251798683,-61.453540417832));
#6845=CARTESIAN_POINT('Ctrl Pts',(-62.5021500158726,29.8478674537463,-61.4465418443442));
#6846=CARTESIAN_POINT('Ctrl Pts',(-62.5085772710737,29.9105566672475,-61.4423819591469));
#6847=CARTESIAN_POINT('Ctrl Pts',(-62.5115958230711,29.9525199585124,-61.4400648527599));
#6848=CARTESIAN_POINT('Ctrl Pts',(-62.5132682981007,29.9805200939346,-61.4386432543987));
#6849=CARTESIAN_POINT('Ctrl Pts',(-62.5144312032178,30.0086161251073,-61.4373958320328));
#6850=CARTESIAN_POINT('Ctrl Pts',(-62.5150806835583,30.0366983429236,-61.4363378573014));
#6851=CARTESIAN_POINT('Ctrl Pts',(-62.5153878515025,30.0648596581398,-61.4353917003184));
#6852=CARTESIAN_POINT('Ctrl Pts',(-62.5152349342383,30.0858732729387,-61.4348351390772));
#6853=CARTESIAN_POINT('Ctrl Pts',(-62.5148038084609,30.1081619541685,-61.4343004653354));
#6854=CARTESIAN_POINT('Ctrl Pts',(-62.5142507992194,30.1359527127598,-61.4322878781341));
#6855=CARTESIAN_POINT('Ctrl Pts',(-62.5126238321644,30.1846857761111,-61.429594813869));
#6856=CARTESIAN_POINT('Ctrl Pts',(-62.5081695240347,30.2738092837515,-61.4251908804074));
#6857=CARTESIAN_POINT('Ctrl Pts',(-62.4976127618271,30.3972703171382,-61.4217902498268));
#6858=CARTESIAN_POINT('Ctrl Pts',(-62.4777353536816,30.5469683766033,-61.4212160630443));
#6859=CARTESIAN_POINT('Ctrl Pts',(-62.4605963407803,30.6421828238864,-61.4235874863781));
#6860=CARTESIAN_POINT('Ctrl Pts',(-62.4478182979812,30.7050818114004,-61.4251599786488));
#6861=CARTESIAN_POINT('Ctrl Pts',(-62.4420243480014,30.7337509470408,-61.424879929403));
#6862=CARTESIAN_POINT('Ctrl Pts',(-62.4317812165153,30.7829498459335,-61.4248378818919));
#6863=CARTESIAN_POINT('Ctrl Pts',(-62.4123783924541,30.8733596433352,-61.4244856548471));
#6864=CARTESIAN_POINT('Ctrl Pts',(-62.3834284292122,30.9995074434768,-61.4241620712236));
#6865=CARTESIAN_POINT('Ctrl Pts',(-62.3455783200525,31.1518288575583,-61.4236941558224));
#6866=CARTESIAN_POINT('Ctrl Pts',(-62.2645200709644,31.4540459180905,-61.4228582833003));
#6867=CARTESIAN_POINT('Ctrl Pts',(-62.1219156279429,31.9026990032001,-61.4216684301202));
#6868=CARTESIAN_POINT('Ctrl Pts',(-61.9280130308013,32.3865451218815,-61.4205797447151));
#6869=CARTESIAN_POINT('Ctrl Pts',(-61.7515864662843,32.765471728342,-61.4198211402623));
#6870=CARTESIAN_POINT('Ctrl Pts',(-61.2730627760162,33.7009140871884,-61.4181234479859));
#6871=CARTESIAN_POINT('Ctrl Pts',(-60.1998891581584,35.1493522345299,-61.4167596132563));
#6872=CARTESIAN_POINT('Ctrl Pts',(-58.6655730650101,36.2864120316465,-61.4181857234716));
#6873=CARTESIAN_POINT('Ctrl Pts',(-57.5328682148278,36.8397443652902,-61.4203275763468));
#6874=CARTESIAN_POINT('Ctrl Pts',(-57.1226296795673,37.0039840033336,-61.4212391392651));
#6875=CARTESIAN_POINT('Ctrl Pts',(-56.8764664909215,37.0910653134809,-61.4218381500218));
#6876=CARTESIAN_POINT('Ctrl Pts',(-56.7777422839892,37.1249584408718,-61.4220830966715));
#6877=CARTESIAN_POINT('Ctrl Pts',(-56.6041203319146,37.1819285162471,-61.4225226117915));
#6878=CARTESIAN_POINT('Ctrl Pts',(-56.3539939058382,37.256451477628,-61.4231833211902));
#6879=CARTESIAN_POINT('Ctrl Pts',(-56.1015537023375,37.3217027756672,-61.4238857815065));
#6880=CARTESIAN_POINT('Ctrl Pts',(-55.9237175832433,37.3624856616966,-61.4244122235597));
#6881=CARTESIAN_POINT('Ctrl Pts',(-55.8219265845874,37.3843659371386,-61.4247152637343));
#6882=CARTESIAN_POINT('Ctrl Pts',(-55.7707986124872,37.3948652665344,-61.4248795893983));
#6883=CARTESIAN_POINT('Ctrl Pts',(-55.7355954036978,37.4019298861793,-61.4249738267253));
#6884=CARTESIAN_POINT('Ctrl Pts',(-55.7255244195961,37.4039689840302,-61.424430920333));
#6885=CARTESIAN_POINT('Ctrl Pts',(-55.6999085759291,37.408979226325,-61.4237649775438));
#6886=CARTESIAN_POINT('Ctrl Pts',(-55.6578645970636,37.41677479163,-61.4226339420651));
#6887=CARTESIAN_POINT('Ctrl Pts',(-55.4748514697664,37.4478566786099,-61.4195034962779));
#6888=CARTESIAN_POINT('Ctrl Pts',(-55.2958343911261,37.4626857617685,-61.4250249525886));
#6889=CARTESIAN_POINT('Ctrl Pts',(-55.1308959250468,37.465259619063,-61.4355765494915));
#6890=CARTESIAN_POINT('Ctrl Pts',(-55.1085478661729,37.4654161938751,-61.4354849584422));
#6891=CARTESIAN_POINT('Ctrl Pts',(-55.0631470258048,37.4647158263489,-61.4374559955932));
#6892=CARTESIAN_POINT('Ctrl Pts',(-55.0223714419022,37.4629493104231,-61.4391230405503));
#6893=CARTESIAN_POINT('Ctrl Pts',(-54.9655241020274,37.4592499867506,-61.442212694095));
#6894=CARTESIAN_POINT('Ctrl Pts',(-54.8962415241701,37.4520538590529,-61.4467736080571));
#6895=CARTESIAN_POINT('Ctrl Pts',(-54.8131013009502,37.439416124793,-61.4537971523221));
#6896=CARTESIAN_POINT('Ctrl Pts',(-54.7312390573359,37.4228077755396,-61.4622099015944));
#6897=CARTESIAN_POINT('Ctrl Pts',(-54.6503739279428,37.402371760236,-61.4720408495057));
#6898=CARTESIAN_POINT('Ctrl Pts',(-54.5833442715533,37.3819082017766,-61.4815147486105));
#6899=CARTESIAN_POINT('Ctrl Pts',(-54.5306409116086,37.3637333277694,-61.4897552770218));
#6900=CARTESIAN_POINT('Ctrl Pts',(-54.4003204351468,37.3151976532838,-61.51150574441));
#6901=CARTESIAN_POINT('Ctrl Pts',(-54.2374175636546,37.2332634119655,-61.5470537465828));
#6902=CARTESIAN_POINT('Ctrl Pts',(-54.0544819852081,37.1057684868301,-61.6015217641837));
#6903=CARTESIAN_POINT('Ctrl Pts',(-53.9702910695336,37.0345666648701,-61.6319831122559));
#6904=CARTESIAN_POINT('Ctrl Pts',(-53.9172695528676,36.9852863933802,-61.6531061185855));
#6905=CARTESIAN_POINT('Ctrl Pts',(-53.8832472097002,36.9530036825366,-61.6657279591925));
#6906=CARTESIAN_POINT('Ctrl Pts',(-53.8217169328538,36.8914935285874,-61.6890401042665));
#6907=CARTESIAN_POINT('Ctrl Pts',(-53.7132277777469,36.7750408984686,-61.7301365421118));
#6908=CARTESIAN_POINT('Ctrl Pts',(-53.512014316849,36.5247986307341,-61.8067939039187));
#6909=CARTESIAN_POINT('Ctrl Pts',(-53.1701553422598,35.9472978372078,-61.9383067675709));
#6910=CARTESIAN_POINT('Ctrl Pts',(-53.0230837701793,35.3581561671529,-61.9936398117589));
#6911=CARTESIAN_POINT('Ctrl Pts',(-53.0036884598495,34.9615123886635,-61.9993049819544));
#6912=CARTESIAN_POINT('',(-53.0036919931167,34.9615846284359,-61.9993039498354));
#6913=CARTESIAN_POINT('',(-53.0036919931183,43.1473225870183,-68.));
#6914=CARTESIAN_POINT('Ctrl Pts',(-53.0036919931167,34.9615846284342,-61.9993039498354));
#6915=CARTESIAN_POINT('Ctrl Pts',(-53.0036919931167,34.9615122157584,-62.02980571966));
#6916=CARTESIAN_POINT('Ctrl Pts',(-53.0036919931168,34.9662379941628,-62.0591393708216));
#6917=CARTESIAN_POINT('Ctrl Pts',(-53.0036919931168,34.9826199058128,-62.1180713057208));
#6918=CARTESIAN_POINT('Ctrl Pts',(-53.0036919931167,34.994416014482,-62.1476132439148));
#6919=CARTESIAN_POINT('Ctrl Pts',(-53.0036919931167,35.030719474201,-62.2265165990013));
#6920=CARTESIAN_POINT('Ctrl Pts',(-53.0036919931167,35.0628957079112,-62.2831953712497));
#6921=CARTESIAN_POINT('Ctrl Pts',(-53.0036919931167,35.1634283147957,-62.4467879528363));
#6922=CARTESIAN_POINT('Ctrl Pts',(-53.0036919931167,35.2496772780929,-62.573404438241));
#6923=CARTESIAN_POINT('Ctrl Pts',(-53.0036919931167,35.4532826767415,-62.8669107075837));
#6924=CARTESIAN_POINT('Ctrl Pts',(-53.0036919931167,35.6199186358666,-63.0970005184748));
#6925=CARTESIAN_POINT('Ctrl Pts',(-53.0036919931167,36.061895045701,-63.6927597030369));
#6926=CARTESIAN_POINT('Ctrl Pts',(-53.0036919931167,36.3838190426245,-64.1041100294934));
#6927=CARTESIAN_POINT('Ctrl Pts',(-53.0036919931167,37.1503663910773,-65.0035230237889));
#6928=CARTESIAN_POINT('Ctrl Pts',(-53.0036919931167,37.9516806806044,-65.8855182329185));
#6929=CARTESIAN_POINT('Ctrl Pts',(-53.0036919931167,39.6033912754551,-67.0449098561316));
#6930=CARTESIAN_POINT('Ctrl Pts',(-53.0036919931167,40.2617472368542,-67.3926191856396));
#6931=CARTESIAN_POINT('Ctrl Pts',(-53.0036919931167,41.6749917009905,-67.8733283948084));
#6932=CARTESIAN_POINT('Ctrl Pts',(-53.0036919931167,42.4066412003574,-68.));
#6933=CARTESIAN_POINT('Ctrl Pts',(-53.0036919931167,43.1473225870174,-68.));
#6934=CARTESIAN_POINT('',(-68.1971041764151,27.9537876101854,-68.));
#6935=CARTESIAN_POINT('Ctrl Pts',(-53.003688828739,43.1473338071627,-67.9999999999997));
#6936=CARTESIAN_POINT('Ctrl Pts',(-53.039466562463,43.1574233940935,-67.9999999999997));
#6937=CARTESIAN_POINT('Ctrl Pts',(-53.1924194046763,43.1993743047693,-67.9999999999997));
#6938=CARTESIAN_POINT('Ctrl Pts',(-53.4638033714244,43.264947387654,-67.9999999999997));
#6939=CARTESIAN_POINT('Ctrl Pts',(-53.8210244047425,43.3337603699392,-67.9999999999995));
#6940=CARTESIAN_POINT('Ctrl Pts',(-54.1823014130906,43.3859073835575,-67.9999999999994));
#6941=CARTESIAN_POINT('Ctrl Pts',(-54.4856691132672,43.4151948958493,-67.9999999999992));
#6942=CARTESIAN_POINT('Ctrl Pts',(-54.7292823690518,43.4300432340748,-67.9999999999992));
#6943=CARTESIAN_POINT('Ctrl Pts',(-54.9122689756863,43.4368693223878,-67.9999999999991));
#6944=CARTESIAN_POINT('Ctrl Pts',(-55.0954178045094,43.4393775401773,-67.999999999999));
#6945=CARTESIAN_POINT('Ctrl Pts',(-55.2174750000327,43.4381705873173,-67.999999999999));
#6946=CARTESIAN_POINT('Ctrl Pts',(-55.6942367189292,43.4278338813663,-67.9999999999985));
#6947=CARTESIAN_POINT('Ctrl Pts',(-56.1765817974822,43.3850596484008,-67.9999999999972));
#6948=CARTESIAN_POINT('Ctrl Pts',(-56.6844038682918,43.3003371069406,-67.999999999997));
#6949=CARTESIAN_POINT('Ctrl Pts',(-56.8027145992279,43.2785947584543,-67.9999999999969));
#6950=CARTESIAN_POINT('Ctrl Pts',(-56.8701678844597,43.2656187365001,-67.9999999999969));
#6951=CARTESIAN_POINT('Ctrl Pts',(-56.9038676416732,43.2589442322695,-67.9999999999969));
#6952=CARTESIAN_POINT('Ctrl Pts',(-56.9640681354065,43.246847912099,-67.9999999999969));
#6953=CARTESIAN_POINT('Ctrl Pts',(-57.0507148391943,43.2290257700045,-67.999999999997));
#6954=CARTESIAN_POINT('Ctrl Pts',(-57.2237590669528,43.1917810568408,-67.999999999997));
#6955=CARTESIAN_POINT('Ctrl Pts',(-57.5258365508237,43.1224184748848,-67.9999999999973));
#6956=CARTESIAN_POINT('Ctrl Pts',(-57.9549486925618,43.0114045137961,-67.9999999999979));
#6957=CARTESIAN_POINT('Ctrl Pts',(-58.3798950885658,42.8847035572638,-67.9999999999984));
#6958=CARTESIAN_POINT('Ctrl Pts',(-58.6747683366508,42.7878820933704,-67.9999999999985));
#6959=CARTESIAN_POINT('Ctrl Pts',(-58.8423988006225,42.7302920993532,-67.9999999999985));
#6960=CARTESIAN_POINT('Ctrl Pts',(-59.2603966896897,42.5823283665833,-67.9999999999986));
#6961=CARTESIAN_POINT('Ctrl Pts',(-59.9571763026665,42.3032733467114,-67.9999999999991));
#6962=CARTESIAN_POINT('Ctrl Pts',(-61.8801867656032,41.3635474378668,-67.9999999999995));
#6963=CARTESIAN_POINT('Ctrl Pts',(-64.4843974685712,39.4334084397789,-68.0000000000001));
#6964=CARTESIAN_POINT('Ctrl Pts',(-66.306042175478,36.9752384518986,-67.9999999999997));
#6965=CARTESIAN_POINT('Ctrl Pts',(-67.1186593920898,35.3873329862449,-67.9999999999996));
#6966=CARTESIAN_POINT('Ctrl Pts',(-67.4182882085611,34.7441253420344,-67.9999999999995));
#6967=CARTESIAN_POINT('Ctrl Pts',(-67.7477441728578,33.922484067456,-67.9999999999991));
#6968=CARTESIAN_POINT('Ctrl Pts',(-67.9900966595518,33.1609554650495,-67.9999999999984));
#6969=CARTESIAN_POINT('Ctrl Pts',(-68.1279849866694,32.6473268717371,-67.9999999999983));
#6970=CARTESIAN_POINT('Ctrl Pts',(-68.1922050897289,32.3893695692615,-67.9999999999982));
#6971=CARTESIAN_POINT('Ctrl Pts',(-68.2417453691176,32.1736007115969,-67.9999999999981));
#6972=CARTESIAN_POINT('Ctrl Pts',(-68.27433177028,32.0221881866765,-67.9999999999981));
#6973=CARTESIAN_POINT('Ctrl Pts',(-68.292353149725,31.9355691830628,-67.9999999999981));
#6974=CARTESIAN_POINT('Ctrl Pts',(-68.3011637903853,31.8922294764142,-67.9999999999981));
#6975=CARTESIAN_POINT('Ctrl Pts',(-68.3325768878,31.7358806086539,-67.9999999999982));
#6976=CARTESIAN_POINT('Ctrl Pts',(-68.3807525819856,31.4653624707548,-67.9999999999986));
#6977=CARTESIAN_POINT('Ctrl Pts',(-68.4351203080579,31.0567366588558,-67.9999999999987));
#6978=CARTESIAN_POINT('Ctrl Pts',(-68.4655328632956,30.7126909467451,-67.999999999999));
#6979=CARTESIAN_POINT('Ctrl Pts',(-68.4788133659738,30.4709758730948,-67.999999999999));
#6980=CARTESIAN_POINT('Ctrl Pts',(-68.484117498444,30.3326285691065,-67.9999999999991));
#6981=CARTESIAN_POINT('Ctrl Pts',(-68.4860030003617,30.2634121154991,-67.9999999999991));
#6982=CARTESIAN_POINT('Ctrl Pts',(-68.4880785934952,30.1678323739986,-67.9999999999991));
#6983=CARTESIAN_POINT('Ctrl Pts',(-68.4889872908504,30.0763467716937,-67.9999999999991));
#6984=CARTESIAN_POINT('Ctrl Pts',(-68.4880417680354,29.9543573556729,-67.9999999999991));
#6985=CARTESIAN_POINT('Ctrl Pts',(-68.4856585272147,29.8323898053899,-67.9999999999991));
#6986=CARTESIAN_POINT('Ctrl Pts',(-68.481118448961,29.7104864127868,-67.9999999999991));
#6987=CARTESIAN_POINT('Ctrl Pts',(-68.4744273894269,29.5887387974498,-67.9999999999992));
#6988=CARTESIAN_POINT('Ctrl Pts',(-68.4622392165261,29.4062752682105,-67.9999999999992));
#6989=CARTESIAN_POINT('Ctrl Pts',(-68.4359435168212,29.1335770675733,-67.9999999999993));
#6990=CARTESIAN_POINT('Ctrl Pts',(-68.3838317634319,28.7722951201072,-67.9999999999993));
#6991=CARTESIAN_POINT('Ctrl Pts',(-68.3080707895455,28.3788640898241,-67.9999999999994));
#6992=CARTESIAN_POINT('Ctrl Pts',(-68.2403468738142,28.1069258216909,-67.9999999999994));
#6993=CARTESIAN_POINT('Ctrl Pts',(-68.1971528720519,27.9537738568559,-67.9999999999994));
#6994=CARTESIAN_POINT('',(-60.0114869734506,27.9537876101841,-61.9993040278784));
#6995=CARTESIAN_POINT('Ctrl Pts',(-68.1971041764143,27.9537876101841,-68.));
#6996=CARTESIAN_POINT('Ctrl Pts',(-67.3451994439736,27.9537876101841,-68.));
#6997=CARTESIAN_POINT('Ctrl Pts',(-66.5074714370829,27.9537876101841,-67.8327377975172));
#6998=CARTESIAN_POINT('Ctrl Pts',(-64.6916485840094,27.9537876101841,-67.120888197786));
#6999=CARTESIAN_POINT('Ctrl Pts',(-63.890416322279,27.9537876101841,-66.5424255237874));
#7000=CARTESIAN_POINT('Ctrl Pts',(-62.9580428314969,27.9537876101841,-65.7510678993878));
#7001=CARTESIAN_POINT('Ctrl Pts',(-62.6453867402328,27.9537876101841,-65.4538810482283));
#7002=CARTESIAN_POINT('Ctrl Pts',(-61.883855993249,27.9537876101841,-64.6527766519021));
#7003=CARTESIAN_POINT('Ctrl Pts',(-61.466673230265,27.9537876101841,-64.1486655058141));
#7004=CARTESIAN_POINT('Ctrl Pts',(-60.8733771822299,27.9537876101841,-63.3747415383355));
#7005=CARTESIAN_POINT('Ctrl Pts',(-60.6714618731999,27.9537876101841,-63.1013107202864));
#7006=CARTESIAN_POINT('Ctrl Pts',(-60.4019173804254,27.9537876101841,-62.7218469928161));
#7007=CARTESIAN_POINT('Ctrl Pts',(-60.2921389828813,27.9537876101841,-62.5647476082351));
#7008=CARTESIAN_POINT('Ctrl Pts',(-60.15953548936,27.9537876101841,-62.3607477087217));
#7009=CARTESIAN_POINT('Ctrl Pts',(-60.1144407027046,27.9537876101841,-62.2876405898233));
#7010=CARTESIAN_POINT('Ctrl Pts',(-60.0602354046579,27.9537876101841,-62.1841868499712));
#7011=CARTESIAN_POINT('Ctrl Pts',(-60.0438448895681,27.9537876101841,-62.1479960548763));
#7012=CARTESIAN_POINT('Ctrl Pts',(-60.0180556326604,27.9537876101841,-62.0725247978016));
#7013=CARTESIAN_POINT('Ctrl Pts',(-60.0114007967834,27.9537876101841,-62.0356134467854));
#7014=CARTESIAN_POINT('Ctrl Pts',(-60.0114869734488,27.9537876101841,-61.9993040278784));
#7015=CARTESIAN_POINT('',(-62.0486544673462,28.8825389146307,-61.6476869032978));
#7016=CARTESIAN_POINT('Ctrl Pts',(-60.0114869733933,27.9537876101863,-61.9993040278795));
#7017=CARTESIAN_POINT('Ctrl Pts',(-60.3090695999809,27.9683483478343,-61.995052508717));
#7018=CARTESIAN_POINT('Ctrl Pts',(-61.0969821818113,28.1223276989515,-61.9383349621956));
#7019=CARTESIAN_POINT('Ctrl Pts',(-61.7501029355837,28.5582046204138,-61.7692445487035));
#7020=CARTESIAN_POINT('Ctrl Pts',(-62.0465430832955,28.8801724717357,-61.6483582524209));
#7021=CARTESIAN_POINT('Ctrl Pts',(-62.0476230934532,28.8813469941294,-61.6479168660464));
#7022=CARTESIAN_POINT('Ctrl Pts',(-62.0486891159554,28.8825078536678,-61.6474802678538));
#7023=CARTESIAN_POINT('',(-62.5148598368197,30.0991428493975,-61.4346747973461));
#7024=CARTESIAN_POINT('Ctrl Pts',(-62.0486891159554,28.8825078536678,-61.6474802678538));
#7025=CARTESIAN_POINT('Ctrl Pts',(-62.0714456902925,28.9072889312977,-61.6381601276067));
#7026=CARTESIAN_POINT('Ctrl Pts',(-62.1049778564467,28.9452678990838,-61.6235494321041));
#7027=CARTESIAN_POINT('Ctrl Pts',(-62.1748910676976,29.0320183592738,-61.5936980157841));
#7028=CARTESIAN_POINT('Ctrl Pts',(-62.2837390867376,29.1887656048575,-61.5468660019832));
#7029=CARTESIAN_POINT('Ctrl Pts',(-62.3972285732207,29.4148532016368,-61.4976873684677));
#7030=CARTESIAN_POINT('Ctrl Pts',(-62.4620767647628,29.6289352959909,-61.4675163779172));
#7031=CARTESIAN_POINT('Ctrl Pts',(-62.4895590735058,29.7649251798683,-61.453540417832));
#7032=CARTESIAN_POINT('Ctrl Pts',(-62.5021500158726,29.8478674537463,-61.4465418443442));
#7033=CARTESIAN_POINT('Ctrl Pts',(-62.5085772710737,29.9105566672475,-61.4423819591469));
#7034=CARTESIAN_POINT('Ctrl Pts',(-62.5115958230711,29.9525199585124,-61.4400648527599));
#7035=CARTESIAN_POINT('Ctrl Pts',(-62.5132682981007,29.9805200939346,-61.4386432543987));
#7036=CARTESIAN_POINT('Ctrl Pts',(-62.5144312032178,30.0086161251073,-61.4373958320328));
#7037=CARTESIAN_POINT('Ctrl Pts',(-62.5150806835583,30.0366983429236,-61.4363378573014));
#7038=CARTESIAN_POINT('Ctrl Pts',(-62.5153844521125,30.0645480003144,-61.4354021713218));
#7039=CARTESIAN_POINT('Ctrl Pts',(-62.5152393636264,30.0852531026252,-61.4348515974564));
#7040=CARTESIAN_POINT('Ctrl Pts',(-62.5149779665748,30.0991453457948,-61.4345168126987));
#7041=CARTESIAN_POINT('',(-62.4501471912048,30.6941363010428,-61.4250273100463));
#7042=CARTESIAN_POINT('Ctrl Pts',(-62.5149779665748,30.0991453457948,-61.4345168126987));
#7043=CARTESIAN_POINT('Ctrl Pts',(-62.5149720499187,30.0994597932031,-61.4345092349305));
#7044=CARTESIAN_POINT('Ctrl Pts',(-62.5149660485251,30.0997743390853,-61.4345016722841));
#7045=CARTESIAN_POINT('Ctrl Pts',(-62.5148038084609,30.1081619541685,-61.4343004653354));
#7046=CARTESIAN_POINT('Ctrl Pts',(-62.5142507992194,30.1359527127598,-61.4322878781341));
#7047=CARTESIAN_POINT('Ctrl Pts',(-62.5126238321644,30.1846857761111,-61.429594813869));
#7048=CARTESIAN_POINT('Ctrl Pts',(-62.5081695240347,30.2738092837515,-61.4251908804074));
#7049=CARTESIAN_POINT('Ctrl Pts',(-62.4976127618271,30.3972703171382,-61.4217902498268));
#7050=CARTESIAN_POINT('Ctrl Pts',(-62.4778269237157,30.5462787566934,-61.4212187081731));
#7051=CARTESIAN_POINT('Ctrl Pts',(-62.4608330200429,30.6408667206265,-61.4235548443046));
#7052=CARTESIAN_POINT('Ctrl Pts',(-62.4500453969369,30.6941159690432,-61.424885833974));
#7053=CARTESIAN_POINT('',(-55.744176769995,37.4002104542536,-61.4250297027966));
#7054=CARTESIAN_POINT('Ctrl Pts',(-62.4500453969369,30.6941159690432,-61.424885833974));
#7055=CARTESIAN_POINT('Ctrl Pts',(-62.4498942203467,30.6948621982843,-61.4249044863202));
#7056=CARTESIAN_POINT('Ctrl Pts',(-62.4497425822823,30.6956096617032,-61.4249231722585));
#7057=CARTESIAN_POINT('Ctrl Pts',(-62.4478182979812,30.7050818114004,-61.4251599786488));
#7058=CARTESIAN_POINT('Ctrl Pts',(-62.4420243480014,30.7337509470408,-61.424879929403));
#7059=CARTESIAN_POINT('Ctrl Pts',(-62.4317812165153,30.7829498459335,-61.4248378818919));
#7060=CARTESIAN_POINT('Ctrl Pts',(-62.4123783924541,30.8733596433352,-61.4244856548471));
#7061=CARTESIAN_POINT('Ctrl Pts',(-62.3834284292122,30.9995074434768,-61.4241620712236));
#7062=CARTESIAN_POINT('Ctrl Pts',(-62.3455783200525,31.1518288575583,-61.4236941558224));
#7063=CARTESIAN_POINT('Ctrl Pts',(-62.2645200709644,31.4540459180905,-61.4228582833003));
#7064=CARTESIAN_POINT('Ctrl Pts',(-62.1219156279429,31.9026990032001,-61.4216684301202));
#7065=CARTESIAN_POINT('Ctrl Pts',(-61.9280130308013,32.3865451218815,-61.4205797447151));
#7066=CARTESIAN_POINT('Ctrl Pts',(-61.7515864662843,32.765471728342,-61.4198211402623));
#7067=CARTESIAN_POINT('Ctrl Pts',(-61.2730627760162,33.7009140871884,-61.4181234479859));
#7068=CARTESIAN_POINT('Ctrl Pts',(-60.1998891581584,35.1493522345299,-61.4167596132563));
#7069=CARTESIAN_POINT('Ctrl Pts',(-58.6655730650101,36.2864120316465,-61.4181857234716));
#7070=CARTESIAN_POINT('Ctrl Pts',(-57.5328682148278,36.8397443652902,-61.4203275763468));
#7071=CARTESIAN_POINT('Ctrl Pts',(-57.1226296795673,37.0039840033336,-61.4212391392651));
#7072=CARTESIAN_POINT('Ctrl Pts',(-56.8764664909215,37.0910653134809,-61.4218381500218));
#7073=CARTESIAN_POINT('Ctrl Pts',(-56.7777422839892,37.1249584408718,-61.4220830966715));
#7074=CARTESIAN_POINT('Ctrl Pts',(-56.6041203319146,37.1819285162471,-61.4225226117915));
#7075=CARTESIAN_POINT('Ctrl Pts',(-56.3539939058382,37.256451477628,-61.4231833211902));
#7076=CARTESIAN_POINT('Ctrl Pts',(-56.1015537023375,37.3217027756672,-61.4238857815065));
#7077=CARTESIAN_POINT('Ctrl Pts',(-55.9237175832433,37.3624856616966,-61.4244122235597));
#7078=CARTESIAN_POINT('Ctrl Pts',(-55.8219265845874,37.3843659371386,-61.4247152637343));
#7079=CARTESIAN_POINT('Ctrl Pts',(-55.7707986124872,37.3948652665344,-61.4248795893983));
#7080=CARTESIAN_POINT('Ctrl Pts',(-55.7450103233837,37.4000404894778,-61.42494862343));
#7081=CARTESIAN_POINT('Ctrl Pts',(-55.7445889303001,37.4001250723715,-61.424949206474));
#7082=CARTESIAN_POINT('Ctrl Pts',(-55.7441762779656,37.4002079159209,-61.424949249187));
#7083=CARTESIAN_POINT('',(-55.1490018616876,37.4649353690407,-61.4346864868746));
#7084=CARTESIAN_POINT('Ctrl Pts',(-55.7441762779656,37.4002079159209,-61.424949249187));
#7085=CARTESIAN_POINT('Ctrl Pts',(-55.7351536405078,37.4020192889564,-61.4249501831062));
#7086=CARTESIAN_POINT('Ctrl Pts',(-55.7252443424092,37.4040237647583,-61.4244236390821));
#7087=CARTESIAN_POINT('Ctrl Pts',(-55.6999085759291,37.408979226325,-61.4237649775438));
#7088=CARTESIAN_POINT('Ctrl Pts',(-55.6578645970636,37.41677479163,-61.4226339420651));
#7089=CARTESIAN_POINT('Ctrl Pts',(-55.4748514697664,37.4478566786099,-61.4195034962779));
#7090=CARTESIAN_POINT('Ctrl Pts',(-55.2958343911261,37.4626857617685,-61.4250249525886));
#7091=CARTESIAN_POINT('Ctrl Pts',(-55.1509857126068,37.4649461188378,-61.4342913469233));
#7092=CARTESIAN_POINT('Ctrl Pts',(-55.1499831964559,37.4649615362191,-61.4343536850771));
#7093=CARTESIAN_POINT('Ctrl Pts',(-55.1490027838221,37.4649763714357,-61.4344129264967));
#7094=CARTESIAN_POINT('',(-53.9309017490367,36.9979514514077,-61.6478181850989));
#7095=CARTESIAN_POINT('Ctrl Pts',(-55.1490027838221,37.4649763714357,-61.4344129264967));
#7096=CARTESIAN_POINT('Ctrl Pts',(-55.1298053888068,37.4652668588325,-61.43557292882));
#7097=CARTESIAN_POINT('Ctrl Pts',(-55.1078125441754,37.4654048505686,-61.4355168817935));
#7098=CARTESIAN_POINT('Ctrl Pts',(-55.0631470258048,37.4647158263489,-61.4374559955932));
#7099=CARTESIAN_POINT('Ctrl Pts',(-55.0223714419022,37.4629493104231,-61.4391230405503));
#7100=CARTESIAN_POINT('Ctrl Pts',(-54.9655241020274,37.4592499867506,-61.442212694095));
#7101=CARTESIAN_POINT('Ctrl Pts',(-54.8962415241701,37.4520538590529,-61.4467736080571));
#7102=CARTESIAN_POINT('Ctrl Pts',(-54.8131013009502,37.439416124793,-61.4537971523221));
#7103=CARTESIAN_POINT('Ctrl Pts',(-54.7312390573359,37.4228077755396,-61.4622099015944));
#7104=CARTESIAN_POINT('Ctrl Pts',(-54.6503739279428,37.402371760236,-61.4720408495057));
#7105=CARTESIAN_POINT('Ctrl Pts',(-54.5833442715533,37.3819082017766,-61.4815147486105));
#7106=CARTESIAN_POINT('Ctrl Pts',(-54.5306409116086,37.3637333277694,-61.4897552770218));
#7107=CARTESIAN_POINT('Ctrl Pts',(-54.4003204351468,37.3151976532838,-61.51150574441));
#7108=CARTESIAN_POINT('Ctrl Pts',(-54.2374175636546,37.2332634119655,-61.5470537465828));
#7109=CARTESIAN_POINT('Ctrl Pts',(-54.0549877335174,37.1061209625125,-61.6013711805299));
#7110=CARTESIAN_POINT('Ctrl Pts',(-53.9712223173134,37.0353538223748,-61.6316463540826));
#7111=CARTESIAN_POINT('Ctrl Pts',(-53.9308997922484,36.9979535780097,-61.647676592914));
#7112=CARTESIAN_POINT('Ctrl Pts',(-53.9308997922484,36.9979535780097,-61.647676592914));
#7113=CARTESIAN_POINT('Ctrl Pts',(-53.9304488993742,36.9975353625421,-61.6478558455885));
#7114=CARTESIAN_POINT('Ctrl Pts',(-53.9299981724685,36.9971168703086,-61.6480352204048));
#7115=CARTESIAN_POINT('Ctrl Pts',(-53.9172695528676,36.9852863933802,-61.6531061185855));
#7116=CARTESIAN_POINT('Ctrl Pts',(-53.8832472097002,36.9530036825366,-61.6657279591925));
#7117=CARTESIAN_POINT('Ctrl Pts',(-53.8217169328538,36.8914935285874,-61.6890401042665));
#7118=CARTESIAN_POINT('Ctrl Pts',(-53.7132277777469,36.7750408984686,-61.7301365421118));
#7119=CARTESIAN_POINT('Ctrl Pts',(-53.512014316849,36.5247986307341,-61.8067939039187));
#7120=CARTESIAN_POINT('Ctrl Pts',(-53.170167201678,35.9473178712684,-61.9383022052626));
#7121=CARTESIAN_POINT('Ctrl Pts',(-53.0230956752132,35.3582038554176,-61.9936353326991));
#7122=CARTESIAN_POINT('Ctrl Pts',(-53.00369199314,34.9615846283893,-61.9993039498254));
#7123=CARTESIAN_POINT('Ctrl Pts',(-52.9999963926226,34.9500910882408,-26.9999999999999));
#7124=CARTESIAN_POINT('Ctrl Pts',(-53.0012282594539,34.9500910882408,-40.6666666666666));
#7125=CARTESIAN_POINT('Ctrl Pts',(-53.0024601262853,34.9500910882409,-54.3333333333333));
#7126=CARTESIAN_POINT('Ctrl Pts',(-53.0036919931167,34.9500910882409,-67.9999999999999));
#7127=CARTESIAN_POINT('Ctrl Pts',(-52.9999963926226,35.6084034639494,-26.9999999999999));
#7128=CARTESIAN_POINT('Ctrl Pts',(-53.0079618188359,35.5063015391011,-40.6666666666666));
#7129=CARTESIAN_POINT('Ctrl Pts',(-53.0167640063555,35.4047947635567,-54.3333333333333));
#7130=CARTESIAN_POINT('Ctrl Pts',(-53.0247294325688,35.3026928387084,-67.9999999999999));
#7131=CARTESIAN_POINT('Ctrl Pts',(-52.9998904559463,36.9250003736626,-26.9999999999999));
#7132=CARTESIAN_POINT('Ctrl Pts',(-53.0833370881018,36.6153702604732,-40.6666666666666));
#7133=CARTESIAN_POINT('Ctrl Pts',(-53.1662032997101,36.3052903113896,-54.3333333333332));
#7134=CARTESIAN_POINT('Ctrl Pts',(-53.2496499318656,35.9956601982002,-67.9999999999999));
#7135=CARTESIAN_POINT('Ctrl Pts',(-52.9998853727829,38.2416122355984,-26.9999999999999));
#7136=CARTESIAN_POINT('Ctrl Pts',(-53.2622358032077,37.6573478317384,-40.6666666666666));
#7137=CARTESIAN_POINT('Ctrl Pts',(-53.5254375981264,37.0730457191832,-54.3333333333332));
#7138=CARTESIAN_POINT('Ctrl Pts',(-53.7877880285512,36.4887813153233,-67.9999999999999));
#7139=CARTESIAN_POINT('Ctrl Pts',(-52.9995337156039,39.2911933709275,-26.9999999999999));
#7140=CARTESIAN_POINT('Ctrl Pts',(-53.4292109004129,38.4423726604769,-40.6666666666666));
#7141=CARTESIAN_POINT('Ctrl Pts',(-53.8584328532732,37.5942029604831,-54.3333333333332));
#7142=CARTESIAN_POINT('Ctrl Pts',(-54.2881100380822,36.7453822500324,-67.9999999999998));
#7143=CARTESIAN_POINT('Ctrl Pts',(-53.2375836336182,40.0725636522411,-26.9999999999999));
#7144=CARTESIAN_POINT('Ctrl Pts',(-53.7228624792646,39.0072861560359,-40.6666666666666));
#7145=CARTESIAN_POINT('Ctrl Pts',(-54.207012089672,37.9422621620987,-54.3333333333332));
#7146=CARTESIAN_POINT('Ctrl Pts',(-54.6922909353184,36.8769846658935,-67.9999999999998));
#7147=CARTESIAN_POINT('Ctrl Pts',(-53.8662056697266,40.594016202788,-26.9999999999999));
#7148=CARTESIAN_POINT('Ctrl Pts',(-54.2835353738239,39.3541044517763,-40.6666666666666));
#7149=CARTESIAN_POINT('Ctrl Pts',(-54.7003418593949,38.1146636120125,-54.3333333333332));
#7150=CARTESIAN_POINT('Ctrl Pts',(-55.1176715634923,36.8747518610008,-67.9999999999998));
#7151=CARTESIAN_POINT('Ctrl Pts',(-54.5326740239227,40.8733881816733,-26.9999999999999));
#7152=CARTESIAN_POINT('Ctrl Pts',(-54.8551425502017,39.5192855255689,-40.6666666666666));
#7153=CARTESIAN_POINT('Ctrl Pts',(-55.1780023271259,38.1645275318244,-54.3333333333331));
#7154=CARTESIAN_POINT('Ctrl Pts',(-55.5004708534049,36.81042487572,-67.9999999999998));
#7155=CARTESIAN_POINT('Ctrl Pts',(-54.8703953335398,40.9238975876981,-26.9999999999999));
#7156=CARTESIAN_POINT('Ctrl Pts',(-55.1385957183036,39.5410843917835,-40.6666666666666));
#7157=CARTESIAN_POINT('Ctrl Pts',(-55.4068916958991,38.1579039583295,-54.3333333333331));
#7158=CARTESIAN_POINT('Ctrl Pts',(-55.675092080663,36.7750907624149,-67.9999999999998));
#7159=CARTESIAN_POINT('Ctrl Pts',(-56.5635297873978,40.7530107826395,-26.9999999999999));
#7160=CARTESIAN_POINT('Ctrl Pts',(-56.5639215432954,39.3564943746096,-40.6666666666666));
#7161=CARTESIAN_POINT('Ctrl Pts',(-56.5642810443998,37.9603446007454,-54.3333333333332));
#7162=CARTESIAN_POINT('Ctrl Pts',(-56.5646728002973,36.5638281927155,-67.9999999999998));
#7163=CARTESIAN_POINT('Ctrl Pts',(-59.2433862695012,40.0072625768361,-26.9999999999999));
#7164=CARTESIAN_POINT('Ctrl Pts',(-58.8123189079593,38.6796093273396,-40.6666666666666));
#7165=CARTESIAN_POINT('Ctrl Pts',(-58.3813908513007,37.3520821566055,-54.3333333333332));
#7166=CARTESIAN_POINT('Ctrl Pts',(-57.9503234897587,36.024428907109,-67.9999999999999));
#7167=CARTESIAN_POINT('Ctrl Pts',(-62.3679881297457,37.803232821122,-26.9999999999999));
#7168=CARTESIAN_POINT('Ctrl Pts',(-61.4388238480311,36.7992265268922,-40.6666666666666));
#7169=CARTESIAN_POINT('Ctrl Pts',(-60.5100824472827,35.7955329995234,-54.3333333333332));
#7170=CARTESIAN_POINT('Ctrl Pts',(-59.5809181655681,34.7915267052936,-67.9999999999999));
#7171=CARTESIAN_POINT('Ctrl Pts',(-64.900354248222,34.5200729975933,-26.9999999999999));
#7172=CARTESIAN_POINT('Ctrl Pts',(-63.5938960118775,34.0356648000905,-40.6666666666666));
#7173=CARTESIAN_POINT('Ctrl Pts',(-62.2872555192952,33.5513500909773,-54.3333333333333));
#7174=CARTESIAN_POINT('Ctrl Pts',(-60.9807972829507,33.0669418934745,-67.9999999999999));
#7175=CARTESIAN_POINT('Ctrl Pts',(-65.7694892119454,31.8551728340385,-27.));
#7176=CARTESIAN_POINT('Ctrl Pts',(-64.3697546139765,31.8013063703725,-40.6666666666667));
#7177=CARTESIAN_POINT('Ctrl Pts',(-62.9712714156154,31.748219281672,-54.3333333333332));
#7178=CARTESIAN_POINT('Ctrl Pts',(-61.5715368176465,31.6943528180059,-67.9999999999999));
#7179=CARTESIAN_POINT('Ctrl Pts',(-65.9739582456231,29.8207859619922,-26.9999999999999));
#7180=CARTESIAN_POINT('Ctrl Pts',(-64.5912312190025,30.0889624191773,-40.6666666666666));
#7181=CARTESIAN_POINT('Ctrl Pts',(-63.2078445581949,30.3575032218216,-54.3333333333333));
#7182=CARTESIAN_POINT('Ctrl Pts',(-61.8251175315744,30.6256796790067,-67.9999999999999));
#7183=CARTESIAN_POINT('Ctrl Pts',(-65.9235726967569,29.4832169845867,-27.));
#7184=CARTESIAN_POINT('Ctrl Pts',(-64.5694255754712,29.8055695546145,-40.6666666666666));
#7185=CARTESIAN_POINT('Ctrl Pts',(-63.2146144623887,30.1287866388962,-54.3333333333333));
#7186=CARTESIAN_POINT('Ctrl Pts',(-61.860467341103,30.4511392089239,-67.9999999999999));
#7187=CARTESIAN_POINT('Ctrl Pts',(-65.6442684846508,28.8167167855532,-26.9999999999999));
#7188=CARTESIAN_POINT('Ctrl Pts',(-64.4043338974733,29.2339892669788,-40.6666666666666));
#7189=CARTESIAN_POINT('Ctrl Pts',(-63.1646871046167,29.6510562201456,-54.3333333333332));
#7190=CARTESIAN_POINT('Ctrl Pts',(-61.9247525174392,30.0683287015713,-67.9999999999999));
#7191=CARTESIAN_POINT('Ctrl Pts',(-65.1227929630705,28.1879224910079,-26.9999999999999));
#7192=CARTESIAN_POINT('Ctrl Pts',(-64.0574296281703,28.6736800441301,-40.6666666666666));
#7193=CARTESIAN_POINT('Ctrl Pts',(-62.9926744695263,29.1596076049099,-54.3333333333333));
#7194=CARTESIAN_POINT('Ctrl Pts',(-61.927311134626,29.6453651580321,-67.9999999999999));
#7195=CARTESIAN_POINT('Ctrl Pts',(-64.3413084783246,27.9498105364094,-26.9999999999999));
#7196=CARTESIAN_POINT('Ctrl Pts',(-63.4927021766086,28.3799498648379,-40.6666666666666));
#7197=CARTESIAN_POINT('Ctrl Pts',(-62.644501369628,28.809833745761,-54.3333333333332));
#7198=CARTESIAN_POINT('Ctrl Pts',(-61.795895067912,29.2399730741895,-67.9999999999999));
#7199=CARTESIAN_POINT('Ctrl Pts',(-63.2916048529629,27.9500593915101,-26.9999999999999));
#7200=CARTESIAN_POINT('Ctrl Pts',(-62.7076476830789,28.2129665801786,-40.6666666666666));
#7201=CARTESIAN_POINT('Ctrl Pts',(-62.1240225497904,28.476760366273,-54.3333333333332));
#7202=CARTESIAN_POINT('Ctrl Pts',(-61.5400653799064,28.7396675549415,-67.9999999999999));
#7203=CARTESIAN_POINT('Ctrl Pts',(-61.9749556411123,27.9499822591832,-26.9999999999999));
#7204=CARTESIAN_POINT('Ctrl Pts',(-61.6659036070462,28.0336470074648,-40.6666666666666));
#7205=CARTESIAN_POINT('Ctrl Pts',(-61.3567684925263,28.116768608543,-54.3333333333332));
#7206=CARTESIAN_POINT('Ctrl Pts',(-61.0477164584602,28.2004333568246,-67.9999999999999));
#7207=CARTESIAN_POINT('Ctrl Pts',(-60.6583076100342,27.9500920121129,-27.));
#7208=CARTESIAN_POINT('Ctrl Pts',(-60.556368243317,27.9580760835188,-40.6666666666666));
#7209=CARTESIAN_POINT('Ctrl Pts',(-60.4547532262965,27.966853911055,-54.3333333333333));
#7210=CARTESIAN_POINT('Ctrl Pts',(-60.3528138595792,27.974837982461,-67.9999999999999));
#7211=CARTESIAN_POINT('Ctrl Pts',(-59.999995230332,27.9500920121129,-27.));
#7212=CARTESIAN_POINT('Ctrl Pts',(-59.999995230332,27.9513238781366,-40.6666666666666));
#7213=CARTESIAN_POINT('Ctrl Pts',(-59.999995230332,27.9525557441603,-54.3333333333333));
#7214=CARTESIAN_POINT('Ctrl Pts',(-59.999995230332,27.9537876101841,-67.9999999999999));
#7215=CARTESIAN_POINT('',(-53.0036919931167,34.9500910882408,-68.));
#7216=CARTESIAN_POINT('Ctrl Pts',(-53.0036919931167,34.9500910882409,-67.9999999999999));
#7217=CARTESIAN_POINT('Ctrl Pts',(-53.0036919931167,34.9528726529513,-66.158819260551));
#7218=CARTESIAN_POINT('Ctrl Pts',(-53.0036926369035,34.9565388741568,-64.1212283047963));
#7219=CARTESIAN_POINT('Ctrl Pts',(-53.0036945240398,34.9615865772964,-61.9993039498354));
#7220=CARTESIAN_POINT('',(-59.999995230332,27.9537876101841,-68.));
#7221=CARTESIAN_POINT('Ctrl Pts',(-60.0114881753384,27.9537900660453,-61.9993040278784));
#7222=CARTESIAN_POINT('Ctrl Pts',(-60.0064424698301,27.9537882138496,-64.121150428012));
#7223=CARTESIAN_POINT('Ctrl Pts',(-60.0027769480378,27.9537876101841,-66.1587173869269));
#7224=CARTESIAN_POINT('Ctrl Pts',(-59.999995230332,27.9537876101841,-67.9999999999999));
#7225=CARTESIAN_POINT('',(-59.999995230332,27.9500920121129,-27.));
#7226=CARTESIAN_POINT('',(-59.999995230332,27.9500920121129,-27.));
#7227=CARTESIAN_POINT('',(-63.9498695085455,27.9500920121129,-27.));
#7228=CARTESIAN_POINT('',(-54.9999960349947,27.9500920121129,-27.));
#7229=CARTESIAN_POINT('',(-65.9398443641882,30.1500921968873,-27.));
#7230=CARTESIAN_POINT('Origin',(-63.9498695085455,29.9500920121129,-27.));
#7231=CARTESIAN_POINT('',(-55.1999966250807,40.8899401933427,-26.9999999999999));
#7232=CARTESIAN_POINT('Origin',(-53.999995230332,28.9500910882408,-27.));
#7233=CARTESIAN_POINT('',(-52.9999963926226,38.8999653424924,-26.9999999999999));
#7234=CARTESIAN_POINT('Origin',(-54.9999963926226,38.8999653424924,-26.9999999999999));
#7235=CARTESIAN_POINT('',(-52.9999963926226,34.9500910882408,-26.9999999999999));
#7236=CARTESIAN_POINT('',(-52.9999963926226,37.9500916842873,-26.9999999999999));
#7237=CARTESIAN_POINT('',(-52.9999963926226,34.9500910882408,-26.9999999999999));
#7238=CARTESIAN_POINT('Ctrl Pts',(46.9609500892382,35.2545640975889,-68.));
#7239=CARTESIAN_POINT('Ctrl Pts',(47.0037440886226,36.1296306458754,-68.));
#7240=CARTESIAN_POINT('Ctrl Pts',(47.4559171765436,38.453518090646,-68.));
#7241=CARTESIAN_POINT('Ctrl Pts',(48.7912745840755,40.4814527278219,-67.9999999999999));
#7242=CARTESIAN_POINT('Ctrl Pts',(49.9743283446262,41.5392475860474,-67.9999999999998));
#7243=CARTESIAN_POINT('Ctrl Pts',(50.1590733821553,41.6973623130788,-67.9999999999999));
#7244=CARTESIAN_POINT('Ctrl Pts',(50.5420389808538,41.9946941463139,-67.9999999999998));
#7245=CARTESIAN_POINT('Ctrl Pts',(51.2460573634024,42.4669422694194,-67.9999999999998));
#7246=CARTESIAN_POINT('Ctrl Pts',(52.2436844143925,42.9475596352225,-67.9999999999997));
#7247=CARTESIAN_POINT('Ctrl Pts',(53.178208561082,43.2195217624474,-67.9999999999996));
#7248=CARTESIAN_POINT('Ctrl Pts',(53.7722998915519,43.3339228504875,-67.9999999999995));
#7249=CARTESIAN_POINT('Ctrl Pts',(54.1335818414524,43.3860346047205,-67.9999999999995));
#7250=CARTESIAN_POINT('Ctrl Pts',(54.4062800422943,43.4123303047503,-67.9999999999994));
#7251=CARTESIAN_POINT('Ctrl Pts',(54.588743571765,43.4245184777519,-67.9999999999994));
#7252=CARTESIAN_POINT('Ctrl Pts',(54.7104911871054,43.431209537298,-67.9999999999994));
#7253=CARTESIAN_POINT('Ctrl Pts',(54.8323945798322,43.4357496156389,-67.9999999999994));
#7254=CARTESIAN_POINT('Ctrl Pts',(54.9543621301404,43.4381328564868,-67.9999999999994));
#7255=CARTESIAN_POINT('Ctrl Pts',(55.0763515461882,43.4390783793299,-67.9999999999994));
#7256=CARTESIAN_POINT('Ctrl Pts',(55.1678371485218,43.4381696820165,-67.9999999999994));
#7257=CARTESIAN_POINT('Ctrl Pts',(55.2634168900369,43.4360940889083,-67.9999999999994));
#7258=CARTESIAN_POINT('Ctrl Pts',(55.3326333436593,43.4342085870201,-67.9999999999994));
#7259=CARTESIAN_POINT('Ctrl Pts',(55.4709806476554,43.4289044545669,-67.9999999999994));
#7260=CARTESIAN_POINT('Ctrl Pts',(55.7126957213178,43.4156239519825,-67.9999999999993));
#7261=CARTESIAN_POINT('Ctrl Pts',(56.0567414334207,43.3852113968305,-67.9999999999992));
#7262=CARTESIAN_POINT('Ctrl Pts',(56.4653672452674,43.3308436708703,-67.999999999999));
#7263=CARTESIAN_POINT('Ctrl Pts',(56.735885383056,43.2826679767729,-67.9999999999988));
#7264=CARTESIAN_POINT('Ctrl Pts',(56.8922342507917,43.2512548793931,-67.9999999999987));
#7265=CARTESIAN_POINT('Ctrl Pts',(56.9355739574389,43.2424442387325,-67.9999999999987));
#7266=CARTESIAN_POINT('Ctrl Pts',(57.0221929610463,43.2244228592908,-67.9999999999987));
#7267=CARTESIAN_POINT('Ctrl Pts',(57.1736054859117,43.1918364581597,-67.9999999999987));
#7268=CARTESIAN_POINT('Ctrl Pts',(57.3893743434692,43.1422961787773,-67.9999999999987));
#7269=CARTESIAN_POINT('Ctrl Pts',(57.6473316455995,43.0780760759219,-67.9999999999988));
#7270=CARTESIAN_POINT('Ctrl Pts',(58.1609602391225,42.9401877483505,-67.9999999999989));
#7271=CARTESIAN_POINT('Ctrl Pts',(58.9224888327992,42.6978352669044,-67.9999999999994));
#7272=CARTESIAN_POINT('Ctrl Pts',(59.744130119662,42.368379292211,-67.9999999999996));
#7273=CARTESIAN_POINT('Ctrl Pts',(60.3873377491303,42.0687504866546,-67.9999999999997));
#7274=CARTESIAN_POINT('Ctrl Pts',(61.9752433350879,41.2561331791581,-67.9999999999998));
#7275=CARTESIAN_POINT('Ctrl Pts',(64.4334132040048,39.4344885151349,-68.));
#7276=CARTESIAN_POINT('Ctrl Pts',(66.3635521204858,36.8302779820401,-68.0000000000003));
#7277=CARTESIAN_POINT('Ctrl Pts',(67.3032781321385,34.9072673718457,-68.0000000000005));
#7278=CARTESIAN_POINT('Ctrl Pts',(67.5823331322395,34.2104877851286,-68.0000000000008));
#7279=CARTESIAN_POINT('Ctrl Pts',(67.7302968691183,33.7924898898143,-68.0000000000008));
#7280=CARTESIAN_POINT('Ctrl Pts',(67.7878868625993,33.6248594266031,-68.0000000000008));
#7281=CARTESIAN_POINT('Ctrl Pts',(67.8847083271839,33.3299861773976,-68.0000000000009));
#7282=CARTESIAN_POINT('Ctrl Pts',(68.0114092838642,32.9050397810057,-68.0000000000011));
#7283=CARTESIAN_POINT('Ctrl Pts',(68.1224232452947,32.4759276386232,-68.0000000000013));
#7284=CARTESIAN_POINT('Ctrl Pts',(68.1917858272544,32.1738501546844,-68.0000000000014));
#7285=CARTESIAN_POINT('Ctrl Pts',(68.2290305404299,32.0008059268903,-68.0000000000014));
#7286=CARTESIAN_POINT('Ctrl Pts',(68.2468526825219,31.9141592230899,-68.0000000000015));
#7287=CARTESIAN_POINT('Ctrl Pts',(68.2589490026919,31.8539587293508,-68.0000000000015));
#7288=CARTESIAN_POINT('Ctrl Pts',(68.2656235069221,31.8202589721217,-68.0000000000015));
#7289=CARTESIAN_POINT('Ctrl Pts',(68.2785995288744,31.7528056869137,-68.0000000000015));
#7290=CARTESIAN_POINT('Ctrl Pts',(68.3003418773563,31.6344949558397,-68.0000000000014));
#7291=CARTESIAN_POINT('Ctrl Pts',(68.3850644187101,31.1266728858778,-68.0000000000013));
#7292=CARTESIAN_POINT('Ctrl Pts',(68.4278386515193,30.6443278039548,-68.0000000000008));
#7293=CARTESIAN_POINT('Ctrl Pts',(68.4381753574445,30.1675660831121,-68.0000000000005));
#7294=CARTESIAN_POINT('Ctrl Pts',(68.439382310307,30.0455088876135,-68.0000000000006));
#7295=CARTESIAN_POINT('Ctrl Pts',(68.436874092543,29.862360058606,-68.0000000000006));
#7296=CARTESIAN_POINT('Ctrl Pts',(68.4300480042758,29.6793734519121,-68.0000000000005));
#7297=CARTESIAN_POINT('Ctrl Pts',(68.4151996661395,29.4357601960971,-68.0000000000005));
#7298=CARTESIAN_POINT('Ctrl Pts',(68.3859121541885,29.1323924960951,-68.0000000000004));
#7299=CARTESIAN_POINT('Ctrl Pts',(68.3337651408652,28.771115487984,-68.0000000000004));
#7300=CARTESIAN_POINT('Ctrl Pts',(68.264952159489,28.4138944554827,-68.0000000000003));
#7301=CARTESIAN_POINT('Ctrl Pts',(68.1796406297044,28.0608199869657,-68.0000000000003));
#7302=CARTESIAN_POINT('Ctrl Pts',(68.0944303910717,27.7687598281972,-68.0000000000003));
#7303=CARTESIAN_POINT('Ctrl Pts',(68.0179179728494,27.5374000365259,-68.0000000000002));
#7304=CARTESIAN_POINT('Ctrl Pts',(67.812966000843,26.9630177604877,-68.0000000000002));
#7305=CARTESIAN_POINT('Ctrl Pts',(67.4650957923116,26.2428571863273,-68.));
#7306=CARTESIAN_POINT('Ctrl Pts',(66.9248117461635,25.4375723097354,-68.));
#7307=CARTESIAN_POINT('Ctrl Pts',(66.6175943854657,25.0608411827185,-67.9999999999999));
#7308=CARTESIAN_POINT('Ctrl Pts',(66.4060458053049,24.8252059763956,-67.9999999999999));
#7309=CARTESIAN_POINT('Ctrl Pts',(66.3065922635051,24.7172933060671,-67.9999999999999));
#7310=CARTESIAN_POINT('Ctrl Pts',(66.102466465658,24.5067436030112,-67.9999999999999));
#7311=CARTESIAN_POINT('Ctrl Pts',(65.7301989528504,24.1516372992812,-67.9999999999999));
#7312=CARTESIAN_POINT('Ctrl Pts',(64.9408644210217,23.5041771433147,-68.));
#7313=CARTESIAN_POINT('Ctrl Pts',(63.1573665314296,22.4430470357372,-68.));
#7314=CARTESIAN_POINT('Ctrl Pts',(61.4204282491692,22.01795124851,-68.));
#7315=CARTESIAN_POINT('Ctrl Pts',(60.2545682986993,21.9609404424511,-68.));
#7316=CARTESIAN_POINT('Ctrl Pts',(47.8575426634841,35.2107173957061,-68.));
#7317=CARTESIAN_POINT('Ctrl Pts',(47.8965137879127,35.9993009083773,-68.0000013158913));
#7318=CARTESIAN_POINT('Ctrl Pts',(48.309601707908,38.0930794518758,-67.9999942698782));
#7319=CARTESIAN_POINT('Ctrl Pts',(49.523937568646,39.9032581814751,-67.9999828511155));
#7320=CARTESIAN_POINT('Ctrl Pts',(50.5862314265193,40.8360473802945,-67.9999856306057));
#7321=CARTESIAN_POINT('Ctrl Pts',(50.749244534221,40.9736708526419,-67.9999907125886));
#7322=CARTESIAN_POINT('Ctrl Pts',(51.0880734251336,41.2330863454929,-67.9999960301675));
#7323=CARTESIAN_POINT('Ctrl Pts',(51.7091010311399,41.6442010970651,-68.0000043622014));
#7324=CARTESIAN_POINT('Ctrl Pts',(52.5873790374161,42.0620321494258,-68.0000043216291));
#7325=CARTESIAN_POINT('Ctrl Pts',(53.4086182067333,42.2979713188337,-67.9999975216928));
#7326=CARTESIAN_POINT('Ctrl Pts',(53.9301644777667,42.3970339043523,-68.0000018352091));
#7327=CARTESIAN_POINT('Ctrl Pts',(54.2472896729169,42.4420980767282,-68.0000011829374));
#7328=CARTESIAN_POINT('Ctrl Pts',(54.4866040562796,42.4647731781851,-68.0000012850989));
#7329=CARTESIAN_POINT('Ctrl Pts',(54.6467036046441,42.4752449278014,-68.0000016792709));
#7330=CARTESIAN_POINT('Ctrl Pts',(54.753521812746,42.4809788404737,-68.0000020879853));
#7331=CARTESIAN_POINT('Ctrl Pts',(54.8604860608988,42.4848431112227,-68.0000021210682));
#7332=CARTESIAN_POINT('Ctrl Pts',(54.9674926335606,42.486832756416,-68.0000023365788));
#7333=CARTESIAN_POINT('Ctrl Pts',(55.0745276679361,42.4875716517645,-68.0000025067212));
#7334=CARTESIAN_POINT('Ctrl Pts',(55.1547817322371,42.4867219304243,-68.0000024653251));
#7335=CARTESIAN_POINT('Ctrl Pts',(55.2386775488242,42.4848493100379,-68.0000024954642));
#7336=CARTESIAN_POINT('Ctrl Pts',(55.3012856663029,42.4829528777484,-68.0000029872383));
#7337=CARTESIAN_POINT('Ctrl Pts',(55.4253296619824,42.4779359658766,-68.0000037476284));
#7338=CARTESIAN_POINT('Ctrl Pts',(55.6426824500044,42.4655747715421,-68.0000046045388));
#7339=CARTESIAN_POINT('Ctrl Pts',(55.9514962307747,42.4379539056799,-68.0000050066511));
#7340=CARTESIAN_POINT('Ctrl Pts',(56.318784102575,42.3890311952943,-68.0000043577995));
#7341=CARTESIAN_POINT('Ctrl Pts',(56.5613824259522,42.3460701023813,-68.0000029603877));
#7342=CARTESIAN_POINT('Ctrl Pts',(56.7028601220378,42.3178027064035,-68.000002171228));
#7343=CARTESIAN_POINT('Ctrl Pts',(56.7438513506015,42.3094430562514,-68.0000022739878));
#7344=CARTESIAN_POINT('Ctrl Pts',(56.8244974553793,42.2926586278033,-68.0000022524596));
#7345=CARTESIAN_POINT('Ctrl Pts',(56.9661665650585,42.2621380620146,-68.0000023085626));
#7346=CARTESIAN_POINT('Ctrl Pts',(57.1676301964646,42.2158483203964,-68.0000022190017));
#7347=CARTESIAN_POINT('Ctrl Pts',(57.4087179959237,42.1557863004784,-68.0000022357556));
#7348=CARTESIAN_POINT('Ctrl Pts',(57.8885857003282,42.0268778845343,-68.0000022454597));
#7349=CARTESIAN_POINT('Ctrl Pts',(58.6002058196025,41.8003050418924,-68.0000013424018));
#7350=CARTESIAN_POINT('Ctrl Pts',(59.3679222465579,41.4923625320202,-68.0000009457831));
#7351=CARTESIAN_POINT('Ctrl Pts',(59.9689041265749,41.2123277509844,-68.0000009623961));
#7352=CARTESIAN_POINT('Ctrl Pts',(61.452559349923,40.452882520088,-68.0000010591627));
#7353=CARTESIAN_POINT('Ctrl Pts',(63.7495534540773,38.7505419209033,-68.0000001873616));
#7354=CARTESIAN_POINT('Ctrl Pts',(65.5532484761589,36.3171416506903,-68.0000011146284));
#7355=CARTESIAN_POINT('Ctrl Pts',(66.4315117571126,34.5203799266315,-68.0000012260844));
#7356=CARTESIAN_POINT('Ctrl Pts',(66.6923463455093,33.8693330613056,-68.0000017447561));
#7357=CARTESIAN_POINT('Ctrl Pts',(66.8306540540375,33.4787866848106,-68.0000016923656));
#7358=CARTESIAN_POINT('Ctrl Pts',(66.8844862084642,33.3221665554264,-68.0000016439469));
#7359=CARTESIAN_POINT('Ctrl Pts',(66.974992886459,33.0466605087925,-68.0000016547993));
#7360=CARTESIAN_POINT('Ctrl Pts',(67.0934386978677,32.6496194429869,-68.0000019556675));
#7361=CARTESIAN_POINT('Ctrl Pts',(67.1972275129571,32.2486995400589,-68.0000023888683));
#7362=CARTESIAN_POINT('Ctrl Pts',(67.2620863551596,31.9664566119639,-68.0000024893622));
#7363=CARTESIAN_POINT('Ctrl Pts',(67.2969117161033,31.8047906655985,-68.0000024677822));
#7364=CARTESIAN_POINT('Ctrl Pts',(67.3135830197771,31.7238152473609,-68.000002471526));
#7365=CARTESIAN_POINT('Ctrl Pts',(67.324886502774,31.6676060043119,-68.0000024689406));
#7366=CARTESIAN_POINT('Ctrl Pts',(67.3307617631359,31.6376654536968,-68.0000026731085));
#7367=CARTESIAN_POINT('Ctrl Pts',(67.3423931782344,31.5768773622708,-68.0000028894674));
#7368=CARTESIAN_POINT('Ctrl Pts',(67.3617850115823,31.470714871169,-68.0000034353775));
#7369=CARTESIAN_POINT('Ctrl Pts',(67.4375967155688,31.0146964199987,-68.0000046223064));
#7370=CARTESIAN_POINT('Ctrl Pts',(67.4765157828419,30.5807916879671,-68.0000072071374));
#7371=CARTESIAN_POINT('Ctrl Pts',(67.4867846100789,30.1537247932876,-68.0000060074105));
#7372=CARTESIAN_POINT('Ctrl Pts',(67.4878136973026,30.0475629465672,-68.0000060920267));
#7373=CARTESIAN_POINT('Ctrl Pts',(67.4858116039287,29.8863625788925,-68.0000059282707));
#7374=CARTESIAN_POINT('Ctrl Pts',(67.4799756191108,29.7260254406275,-68.0000058534547));
#7375=CARTESIAN_POINT('Ctrl Pts',(67.4672438864607,29.5121400023299,-68.0000056006652));
#7376=CARTESIAN_POINT('Ctrl Pts',(67.4419725201725,29.2459785717976,-68.0000060600428));
#7377=CARTESIAN_POINT('Ctrl Pts',(67.3968783346544,28.928836439531,-68.0000054700781));
#7378=CARTESIAN_POINT('Ctrl Pts',(67.3372691855319,28.6151911284188,-68.0000057026767));
#7379=CARTESIAN_POINT('Ctrl Pts',(67.2633140610501,28.3050930807841,-68.0000033736234));
#7380=CARTESIAN_POINT('Ctrl Pts',(67.1893649373393,28.0484179246098,-68.0000031555341));
#7381=CARTESIAN_POINT('Ctrl Pts',(67.1229545081527,27.8450857424808,-68.0000008625944));
#7382=CARTESIAN_POINT('Ctrl Pts',(66.9449953757423,27.3401980364036,-67.9999986414943));
#7383=CARTESIAN_POINT('Ctrl Pts',(66.6425491184709,26.706176962211,-68.0000098848247));
#7384=CARTESIAN_POINT('Ctrl Pts',(66.1718040114421,25.9951866823323,-68.0000021705949));
#7385=CARTESIAN_POINT('Ctrl Pts',(65.9038700365121,25.6620142141749,-68.0000036025569));
#7386=CARTESIAN_POINT('Ctrl Pts',(65.7192043221737,25.4532998759872,-68.0000005742625));
#7387=CARTESIAN_POINT('Ctrl Pts',(65.6311558359387,25.355970286541,-67.999998461692));
#7388=CARTESIAN_POINT('Ctrl Pts',(65.4508934448951,25.1668452067619,-67.9999919401921));
#7389=CARTESIAN_POINT('Ctrl Pts',(65.1210911771918,24.8467743302835,-67.9999880037962));
#7390=CARTESIAN_POINT('Ctrl Pts',(64.4195441938556,24.2618314620817,-67.9999817366734));
#7391=CARTESIAN_POINT('Ctrl Pts',(62.8261047633586,23.298557216325,-67.9999688333825));
#7392=CARTESIAN_POINT('Ctrl Pts',(61.261382301552,22.9094525643653,-68.0000017546154));
#7393=CARTESIAN_POINT('Ctrl Pts',(60.2107247173744,22.8575331953965,-68.));
#7394=CARTESIAN_POINT('Ctrl Pts',(49.6459738609066,35.1232564777777,-67.5888746052407));
#7395=CARTESIAN_POINT('Ctrl Pts',(49.6773103645454,35.7392600749624,-67.5884995122557));
#7396=CARTESIAN_POINT('Ctrl Pts',(50.0123393996242,37.3741231250648,-67.5834982524135));
#7397=CARTESIAN_POINT('Ctrl Pts',(50.9851185247911,38.7502050247749,-67.5683504077555));
#7398=CARTESIAN_POINT('Ctrl Pts',(51.8064836974627,39.4339635600281,-67.5563493728815));
#7399=CARTESIAN_POINT('Ctrl Pts',(51.9261254694567,39.5307238037578,-67.5549739430808));
#7400=CARTESIAN_POINT('Ctrl Pts',(52.1769010438913,39.7145585847219,-67.552186493105));
#7401=CARTESIAN_POINT('Ctrl Pts',(52.6323670494843,40.0038162490987,-67.5478448140211));
#7402=CARTESIAN_POINT('Ctrl Pts',(53.2726831279757,40.296554710246,-67.5432516459693));
#7403=CARTESIAN_POINT('Ctrl Pts',(53.8681127494648,40.4607677170261,-67.5404171026949));
#7404=CARTESIAN_POINT('Ctrl Pts',(54.2449670201422,40.5292576775917,-67.5391028932475));
#7405=CARTESIAN_POINT('Ctrl Pts',(54.4740543836378,40.5602889881146,-67.53844373103));
#7406=CARTESIAN_POINT('Ctrl Pts',(54.646806075278,40.5757536054231,-67.5380517440093));
#7407=CARTESIAN_POINT('Ctrl Pts',(54.7623039212849,40.5828069635911,-67.5378333599741));
#7408=CARTESIAN_POINT('Ctrl Pts',(54.8393448074837,40.5866342176409,-67.5376993803341));
#7409=CARTESIAN_POINT('Ctrl Pts',(54.9165192680655,40.5891537306699,-67.5375817556109));
#7410=CARTESIAN_POINT('Ctrl Pts',(54.9936875276496,40.5903603859446,-67.5374820023858));
#7411=CARTESIAN_POINT('Ctrl Pts',(55.0708977663932,40.590689026659,-67.5373927814367));
#7412=CARTESIAN_POINT('Ctrl Pts',(55.1287551054887,40.5899583213158,-67.5373402776128));
#7413=CARTESIAN_POINT('Ctrl Pts',(55.1893499764777,40.5884916819829,-67.5372898437877));
#7414=CARTESIAN_POINT('Ctrl Pts',(55.2387815092945,40.5865770646492,-67.5371000163372));
#7415=CARTESIAN_POINT('Ctrl Pts',(55.334300014891,40.5821375342985,-67.5368459292458));
#7416=CARTESIAN_POINT('Ctrl Pts',(55.5030764453627,40.5716180495806,-67.5364302437794));
#7417=CARTESIAN_POINT('Ctrl Pts',(55.7416444947414,40.5495705063138,-67.5361089986135));
#7418=CARTESIAN_POINT('Ctrl Pts',(56.0265100330277,40.5115092269871,-67.5360546983191));
#7419=CARTESIAN_POINT('Ctrl Pts',(56.2134507382639,40.4789431404867,-67.5362786096422));
#7420=CARTESIAN_POINT('Ctrl Pts',(56.3252787054702,40.4569469210313,-67.5364270433139));
#7421=CARTESIAN_POINT('Ctrl Pts',(56.3615852641196,40.4494872860168,-67.5364006047927));
#7422=CARTESIAN_POINT('Ctrl Pts',(56.4303196029888,40.4351700114447,-67.5363966314969));
#7423=CARTESIAN_POINT('Ctrl Pts',(56.5525578821348,40.4087701739017,-67.5363633712008));
#7424=CARTESIAN_POINT('Ctrl Pts',(56.7254998830567,40.3689629682006,-67.5363328011064));
#7425=CARTESIAN_POINT('Ctrl Pts',(56.9329486479228,40.3171940531132,-67.5362886074087));
#7426=CARTESIAN_POINT('Ctrl Pts',(57.3454962925236,40.2061944575143,-67.5362096547726));
#7427=CARTESIAN_POINT('Ctrl Pts',(57.9576716882964,40.0110741506202,-67.5360971788667));
#7428=CARTESIAN_POINT('Ctrl Pts',(58.617907123647,39.7460193033866,-67.5359942871002));
#7429=CARTESIAN_POINT('Ctrl Pts',(59.1346902201773,39.505059621066,-67.5359226063214));
#7430=CARTESIAN_POINT('Ctrl Pts',(60.4104716322491,38.8516466743702,-67.5357621860818));
#7431=CARTESIAN_POINT('Ctrl Pts',(62.3862838695458,37.3870826924701,-67.5356332027033));
#7432=CARTESIAN_POINT('Ctrl Pts',(63.9379416737875,35.2940986538497,-67.5357680860565));
#7433=CARTESIAN_POINT('Ctrl Pts',(64.6936524623415,33.7490483312593,-67.5359704955665));
#7434=CARTESIAN_POINT('Ctrl Pts',(64.9181677172976,33.1891430525643,-67.5360566689437));
#7435=CARTESIAN_POINT('Ctrl Pts',(65.0372182629304,32.8533386062419,-67.5361132566926));
#7436=CARTESIAN_POINT('Ctrl Pts',(65.083555102328,32.7186773444738,-67.5361363937507));
#7437=CARTESIAN_POINT('Ctrl Pts',(65.1614680264224,32.4817899552048,-67.5361779168953));
#7438=CARTESIAN_POINT('Ctrl Pts',(65.2634531487857,32.1403754404226,-67.5362403602911));
#7439=CARTESIAN_POINT('Ctrl Pts',(65.3528352656118,31.7956492446438,-67.5363067551427));
#7440=CARTESIAN_POINT('Ctrl Pts',(65.4087118098023,31.5529538179866,-67.5363564879209));
#7441=CARTESIAN_POINT('Ctrl Pts',(65.4387114102415,31.4139790850762,-67.5363851070134));
#7442=CARTESIAN_POINT('Ctrl Pts',(65.4530871629532,31.344312985404,-67.5364006272256));
#7443=CARTESIAN_POINT('Ctrl Pts',(65.4628091776259,31.2960634124726,-67.5364095269483));
#7444=CARTESIAN_POINT('Ctrl Pts',(65.4670911790079,31.273620098309,-67.5363582731976));
#7445=CARTESIAN_POINT('Ctrl Pts',(65.4760417661643,31.2261264373384,-67.5362953911185));
#7446=CARTESIAN_POINT('Ctrl Pts',(65.4907470870698,31.1441890840264,-67.5361886160229));
#7447=CARTESIAN_POINT('Ctrl Pts',(65.5487914147647,30.7914878363868,-67.5358928832804));
#7448=CARTESIAN_POINT('Ctrl Pts',(65.5800053508839,30.4540775074291,-67.5364152450825));
#7449=CARTESIAN_POINT('Ctrl Pts',(65.5901167799588,30.1260753201544,-67.5374105830298));
#7450=CARTESIAN_POINT('Ctrl Pts',(65.5907910863831,30.0516172974366,-67.537401938038));
#7451=CARTESIAN_POINT('Ctrl Pts',(65.5897938913069,29.9341849907088,-67.5375878325958));
#7452=CARTESIAN_POINT('Ctrl Pts',(65.5859284979055,29.8190153517008,-67.5377450095194));
#7453=CARTESIAN_POINT('Ctrl Pts',(65.5774107693207,29.6644116506262,-67.5380362598965));
#7454=CARTESIAN_POINT('Ctrl Pts',(65.5601350331963,29.4724298750827,-67.5384661047362));
#7455=CARTESIAN_POINT('Ctrl Pts',(65.5290902982419,29.2432947473005,-67.5391274053889));
#7456=CARTESIAN_POINT('Ctrl Pts',(65.4878129752933,29.0165295615208,-67.5399188832696));
#7457=CARTESIAN_POINT('Ctrl Pts',(65.4364907287379,28.7921461056154,-67.5408424451045));
#7458=CARTESIAN_POINT('Ctrl Pts',(65.3849756847644,28.6060275364165,-67.5417316133503));
#7459=CARTESIAN_POINT('Ctrl Pts',(65.3387012603729,28.4586016440718,-67.5425038615121));
#7460=CARTESIAN_POINT('Ctrl Pts',(65.2145284217775,28.0923088967272,-67.5445411985878));
#7461=CARTESIAN_POINT('Ctrl Pts',(65.0025284084098,27.6299732323628,-67.5478635264123));
#7462=CARTESIAN_POINT('Ctrl Pts',(64.6703843058009,27.1070930723364,-67.5529130068179));
#7463=CARTESIAN_POINT('Ctrl Pts',(64.4807273269015,26.8607923852841,-67.5557236659412));
#7464=CARTESIAN_POINT('Ctrl Pts',(64.3496501659757,26.7057919113609,-67.5576661232105));
#7465=CARTESIAN_POINT('Ctrl Pts',(64.2843313485852,26.6295811638974,-67.5588255340841));
#7466=CARTESIAN_POINT('Ctrl Pts',(64.1516464909504,26.4832203237884,-67.5609617737817));
#7467=CARTESIAN_POINT('Ctrl Pts',(63.9064804303623,26.2330651548428,-67.5647177463792));
#7468=CARTESIAN_POINT('Ctrl Pts',(63.3799169761042,25.7728979258963,-67.5716831768902));
#7469=CARTESIAN_POINT('Ctrl Pts',(62.1654855367348,25.0049891465767,-67.5834888148562));
#7470=CARTESIAN_POINT('Ctrl Pts',(60.9440372665782,24.6877160564257,-67.5883744303582));
#7471=CARTESIAN_POINT('Ctrl Pts',(60.123270024039,24.6459647487933,-67.5888745810386));
#7472=CARTESIAN_POINT('Ctrl Pts',(52.1684138476392,34.9998998079897,-65.5818996375855));
#7473=CARTESIAN_POINT('Ctrl Pts',(52.1884668894926,35.3730958200358,-65.5798085232386));
#7474=CARTESIAN_POINT('Ctrl Pts',(52.4061062318684,36.3606143445801,-65.5519611795653));
#7475=CARTESIAN_POINT('Ctrl Pts',(53.0196186185194,37.1401562198861,-65.4678313301712));
#7476=CARTESIAN_POINT('Ctrl Pts',(53.4951820930094,37.4918726067035,-65.4015298456061));
#7477=CARTESIAN_POINT('Ctrl Pts',(53.5536230529148,37.5337816058785,-65.3939275372571));
#7478=CARTESIAN_POINT('Ctrl Pts',(53.6802224900982,37.6165260217566,-65.3785332522557));
#7479=CARTESIAN_POINT('Ctrl Pts',(53.9038759055487,37.7432233650384,-65.3545749522098));
#7480=CARTESIAN_POINT('Ctrl Pts',(54.2135521313851,37.8700859337938,-65.3292688341189));
#7481=CARTESIAN_POINT('Ctrl Pts',(54.4974481037328,37.9397083273865,-65.3136724071061));
#7482=CARTESIAN_POINT('Ctrl Pts',(54.6759549003885,37.968347788391,-65.3064398135846));
#7483=CARTESIAN_POINT('Ctrl Pts',(54.7842584334237,37.9810951412193,-65.3028142567774));
#7484=CARTESIAN_POINT('Ctrl Pts',(54.8658049498027,37.9872685066199,-65.3006581776307));
#7485=CARTESIAN_POINT('Ctrl Pts',(54.9202981211195,37.9899721941965,-65.2994569908057));
#7486=CARTESIAN_POINT('Ctrl Pts',(54.9566380179112,37.9913966119202,-65.2987200096526));
#7487=CARTESIAN_POINT('Ctrl Pts',(54.9930515968712,37.9922495471494,-65.2980731217054));
#7488=CARTESIAN_POINT('Ctrl Pts',(55.0294365356692,37.9925357421603,-65.2975244732838));
#7489=CARTESIAN_POINT('Ctrl Pts',(55.0658831743247,37.9924372316568,-65.2970337680998));
#7490=CARTESIAN_POINT('Ctrl Pts',(55.0931085719289,37.9919457384014,-65.2967450469161));
#7491=CARTESIAN_POINT('Ctrl Pts',(55.1218522005691,37.9911085232143,-65.2964676911821));
#7492=CARTESIAN_POINT('Ctrl Pts',(55.153264057981,37.9894551671514,-65.2954236858287));
#7493=CARTESIAN_POINT('Ctrl Pts',(55.2098181512889,37.9861893690182,-65.2940263370462));
#7494=CARTESIAN_POINT('Ctrl Pts',(55.3121895053855,37.9788098670369,-65.2917405298253));
#7495=CARTESIAN_POINT('Ctrl Pts',(55.4547260400854,37.9648611343872,-65.2899743569902));
#7496=CARTESIAN_POINT('Ctrl Pts',(55.6269033715315,37.941705823588,-65.2896759736207));
#7497=CARTESIAN_POINT('Ctrl Pts',(55.737589194601,37.9230084468127,-65.2909072786825));
#7498=CARTESIAN_POINT('Ctrl Pts',(55.8088048974998,37.9093571550338,-65.2917235539586));
#7499=CARTESIAN_POINT('Ctrl Pts',(55.8387283507893,37.9031652830066,-65.291578170552));
#7500=CARTESIAN_POINT('Ctrl Pts',(55.8911912553301,37.8922226632427,-65.2915563304981));
#7501=CARTESIAN_POINT('Ctrl Pts',(55.9868928074136,37.8714997693922,-65.2913734519769));
#7502=CARTESIAN_POINT('Ctrl Pts',(56.1208294070045,37.8405977583151,-65.2912053965862));
#7503=CARTESIAN_POINT('Ctrl Pts',(56.2823148718651,37.8002238482048,-65.2909624165895));
#7504=CARTESIAN_POINT('Ctrl Pts',(56.6028678097187,37.7138126893475,-65.2905283350829));
#7505=CARTESIAN_POINT('Ctrl Pts',(57.0786161085919,37.5619577349404,-65.2899101066164));
#7506=CARTESIAN_POINT('Ctrl Pts',(57.5916633696421,37.3557611591375,-65.289344481449));
#7507=CARTESIAN_POINT('Ctrl Pts',(57.9934143348949,37.1682844666542,-65.2889504014597));
#7508=CARTESIAN_POINT('Ctrl Pts',(58.9851841712895,36.6599806097792,-65.2880684465962));
#7509=CARTESIAN_POINT('Ctrl Pts',(60.5207215995212,35.5213830881849,-65.2873594472888));
#7510=CARTESIAN_POINT('Ctrl Pts',(61.7270933574133,33.894779559993,-65.2881008383052));
#7511=CARTESIAN_POINT('Ctrl Pts',(62.3149634580813,32.6938380436579,-65.2892135877421));
#7512=CARTESIAN_POINT('Ctrl Pts',(62.4896102019458,32.2588278909259,-65.2896872426598));
#7513=CARTESIAN_POINT('Ctrl Pts',(62.5822708022905,31.9977969583115,-65.2899983558353));
#7514=CARTESIAN_POINT('Ctrl Pts',(62.6183415833132,31.8931095312567,-65.2901255656598));
#7515=CARTESIAN_POINT('Ctrl Pts',(62.6789885827239,31.7089899344672,-65.2903538437933));
#7516=CARTESIAN_POINT('Ctrl Pts',(62.7583707660394,31.4437146923913,-65.290697068296));
#7517=CARTESIAN_POINT('Ctrl Pts',(62.8279480721852,31.1759455979595,-65.2910619831707));
#7518=CARTESIAN_POINT('Ctrl Pts',(62.871477347408,30.9873202532904,-65.2913353781641));
#7519=CARTESIAN_POINT('Ctrl Pts',(62.8948444537115,30.8793379266978,-65.2914927269376));
#7520=CARTESIAN_POINT('Ctrl Pts',(62.9060622457144,30.8251235404119,-65.2915780531395));
#7521=CARTESIAN_POINT('Ctrl Pts',(62.9136116499039,30.7877456913932,-65.2916269831615));
#7522=CARTESIAN_POINT('Ctrl Pts',(62.9157948975714,30.7755591266996,-65.2913451406347));
#7523=CARTESIAN_POINT('Ctrl Pts',(62.9211798505762,30.7462307762788,-65.2909993745769));
#7524=CARTESIAN_POINT('Ctrl Pts',(62.9296477099729,30.6974328912964,-65.2904121987852));
#7525=CARTESIAN_POINT('Ctrl Pts',(62.9638810329708,30.4858882288557,-65.2887861899285));
#7526=CARTESIAN_POINT('Ctrl Pts',(62.9838321336653,30.2809386304686,-65.2916566134743));
#7527=CARTESIAN_POINT('Ctrl Pts',(62.9922474314646,30.0886245008899,-65.2971303338265));
#7528=CARTESIAN_POINT('Ctrl Pts',(62.9924515010469,30.0574785290636,-65.2970827827413));
#7529=CARTESIAN_POINT('Ctrl Pts',(62.9925541395832,29.9999100722531,-65.298105100005));
#7530=CARTESIAN_POINT('Ctrl Pts',(62.9911530380238,29.9465228393121,-65.2989695186037));
#7531=CARTESIAN_POINT('Ctrl Pts',(62.9879704602667,29.8730408914078,-65.3005713760356));
#7532=CARTESIAN_POINT('Ctrl Pts',(62.9810244447641,29.7827359791999,-65.3029353758964));
#7533=CARTESIAN_POINT('Ctrl Pts',(62.9682401773959,29.6742478841284,-65.3065733220668));
#7534=CARTESIAN_POINT('Ctrl Pts',(62.9509461521683,29.5668234132327,-65.3109277286283));
#7535=CARTESIAN_POINT('Ctrl Pts',(62.9292561637155,29.4601364894995,-65.3160110866507));
#7536=CARTESIAN_POINT('Ctrl Pts',(62.9072574992884,29.3712078313706,-65.3209052598446));
#7537=CARTESIAN_POINT('Ctrl Pts',(62.8874668712629,29.3007561011477,-65.3251579579526));
#7538=CARTESIAN_POINT('Ctrl Pts',(62.8342602544045,29.1256820997124,-65.3363766457416));
#7539=CARTESIAN_POINT('Ctrl Pts',(62.7425909701389,28.9023849137036,-65.3546723957104));
#7540=CARTESIAN_POINT('Ctrl Pts',(62.5952843976233,28.6430205122069,-65.3825349401116));
#7541=CARTESIAN_POINT('Ctrl Pts',(62.5107633369789,28.5196685178049,-65.3980551290275));
#7542=CARTESIAN_POINT('Ctrl Pts',(62.4517027625857,28.4409277836048,-65.4087908110977));
#7543=CARTESIAN_POINT('Ctrl Pts',(62.4165994555322,28.3951387619868,-65.4152003621459));
#7544=CARTESIAN_POINT('Ctrl Pts',(62.347498642773,28.31018335098,-65.4270177843794));
#7545=CARTESIAN_POINT('Ctrl Pts',(62.2160625598758,28.1611604949621,-65.4478001867586));
#7546=CARTESIAN_POINT('Ctrl Pts',(61.926778179162,27.8826878418485,-65.4863840880249));
#7547=CARTESIAN_POINT('Ctrl Pts',(61.2336761302321,27.4032917495223,-65.5519421900835));
#7548=CARTESIAN_POINT('Ctrl Pts',(60.4972501631818,27.1951279440674,-65.5791112015537));
#7549=CARTESIAN_POINT('Ctrl Pts',(59.9999221352189,27.1684052033616,-65.5818995028512));
#7550=CARTESIAN_POINT('Ctrl Pts',(52.9539439001576,34.9614844752933,-63.345801347361));
#7551=CARTESIAN_POINT('Ctrl Pts',(52.9694325248566,35.2584408224947,-63.3421589727796));
#7552=CARTESIAN_POINT('Ctrl Pts',(53.1364929810947,36.0460329934073,-63.2936124428627));
#7553=CARTESIAN_POINT('Ctrl Pts',(53.6045888974733,36.6709456271171,-63.1479296947056));
#7554=CARTESIAN_POINT('Ctrl Pts',(53.9618899165001,36.9570798338035,-63.0343396615664));
#7555=CARTESIAN_POINT('Ctrl Pts',(54.0007444896118,36.9866469224877,-63.0213147962303));
#7556=CARTESIAN_POINT('Ctrl Pts',(54.0884279686088,37.047903100946,-62.99497580539));
#7557=CARTESIAN_POINT('Ctrl Pts',(54.2422687258489,37.1408308934139,-62.9540500777734));
#7558=CARTESIAN_POINT('Ctrl Pts',(54.4593155577362,37.2361193360756,-62.910961413749));
#7559=CARTESIAN_POINT('Ctrl Pts',(54.660880778056,37.2895124881275,-62.8844762354835));
#7560=CARTESIAN_POINT('Ctrl Pts',(54.787184860573,37.3114952328132,-62.8721897125472));
#7561=CARTESIAN_POINT('Ctrl Pts',(54.8642407550779,37.3214871766246,-62.8660382092694));
#7562=CARTESIAN_POINT('Ctrl Pts',(54.9223073348863,37.3264166305478,-62.8623802071906));
#7563=CARTESIAN_POINT('Ctrl Pts',(54.9610458329845,37.3286356111317,-62.8603419067662));
#7564=CARTESIAN_POINT('Ctrl Pts',(54.9868612379608,37.3298261082625,-62.8590910799128));
#7565=CARTESIAN_POINT('Ctrl Pts',(55.0128094801819,37.3305968547868,-62.8579938544858));
#7566=CARTESIAN_POINT('Ctrl Pts',(55.0386917371104,37.330935725893,-62.8570629632883));
#7567=CARTESIAN_POINT('Ctrl Pts',(55.0646504031294,37.3309868025391,-62.8562304579017));
#7568=CARTESIAN_POINT('Ctrl Pts',(55.0840287614148,37.3307118597473,-62.8557409195084));
#7569=CARTESIAN_POINT('Ctrl Pts',(55.1045975527977,37.3301841077394,-62.855270529336));
#7570=CARTESIAN_POINT('Ctrl Pts',(55.1314183501102,37.3291476198047,-62.8534992982824));
#7571=CARTESIAN_POINT('Ctrl Pts',(55.1780030287713,37.3269167321885,-62.8511287272401));
#7572=CARTESIAN_POINT('Ctrl Pts',(55.2635070546191,37.3215480298457,-62.8472521646888));
#7573=CARTESIAN_POINT('Ctrl Pts',(55.3817230910982,37.3105952160964,-62.844258236138));
#7574=CARTESIAN_POINT('Ctrl Pts',(55.5252946284963,37.291412636493,-62.8437537533887));
#7575=CARTESIAN_POINT('Ctrl Pts',(55.6165822817931,37.2756152128965,-62.8458431156837));
#7576=CARTESIAN_POINT('Ctrl Pts',(55.6773929814003,37.2636803299451,-62.8472281740153));
#7577=CARTESIAN_POINT('Ctrl Pts',(55.705688118078,37.2578890203617,-62.846981558197));
#7578=CARTESIAN_POINT('Ctrl Pts',(55.7539900859176,37.2478229545801,-62.8469445812845));
#7579=CARTESIAN_POINT('Ctrl Pts',(55.8429252622832,37.2286485491174,-62.846634503755));
#7580=CARTESIAN_POINT('Ctrl Pts',(55.9669651901701,37.2001055219892,-62.8463498342016));
#7581=CARTESIAN_POINT('Ctrl Pts',(56.1167564076815,37.1627687102675,-62.8459379788049));
#7582=CARTESIAN_POINT('Ctrl Pts',(56.4139198856197,37.0828550798138,-62.8452022622643));
#7583=CARTESIAN_POINT('Ctrl Pts',(56.8556375766277,36.942206777646,-62.8441562470417));
#7584=CARTESIAN_POINT('Ctrl Pts',(57.3317115776104,36.7511648555814,-62.8431984948961));
#7585=CARTESIAN_POINT('Ctrl Pts',(57.704270490307,36.5775135071423,-62.8425306733949));
#7586=CARTESIAN_POINT('Ctrl Pts',(58.6240028961464,36.1065768198811,-62.8410360213766));
#7587=CARTESIAN_POINT('Ctrl Pts',(60.0496197811346,35.0501057074623,-62.8398365237614));
#7588=CARTESIAN_POINT('Ctrl Pts',(61.1687409447495,33.540240674507,-62.8410908020877));
#7589=CARTESIAN_POINT('Ctrl Pts',(61.7134472854141,32.4263519675634,-62.8429761568394));
#7590=CARTESIAN_POINT('Ctrl Pts',(61.8752879323261,32.0226203873705,-62.8437778383345));
#7591=CARTESIAN_POINT('Ctrl Pts',(61.961057431889,31.7806066563185,-62.8443051831318));
#7592=CARTESIAN_POINT('Ctrl Pts',(61.9944356140646,31.6835672655747,-62.8445208609762));
#7593=CARTESIAN_POINT('Ctrl Pts',(62.0505602906367,31.5128536845392,-62.8449077154794));
#7594=CARTESIAN_POINT('Ctrl Pts',(62.1240230698087,31.2667805259981,-62.8454888476633));
#7595=CARTESIAN_POINT('Ctrl Pts',(62.1883817550898,31.018389183455,-62.84610652212));
#7596=CARTESIAN_POINT('Ctrl Pts',(62.2286162669397,30.8434915537517,-62.8465697222611));
#7597=CARTESIAN_POINT('Ctrl Pts',(62.2502028475419,30.7434175794154,-62.8468364640327));
#7598=CARTESIAN_POINT('Ctrl Pts',(62.2605674276113,30.6931402308968,-62.8469810841569));
#7599=CARTESIAN_POINT('Ctrl Pts',(62.2675344173242,30.6585386718054,-62.8470640261247));
#7600=CARTESIAN_POINT('Ctrl Pts',(62.2693241831142,30.6490058267307,-62.8465859260034));
#7601=CARTESIAN_POINT('Ctrl Pts',(62.2739725477673,30.6243734221133,-62.8459994879749));
#7602=CARTESIAN_POINT('Ctrl Pts',(62.2811427581029,30.5840852023288,-62.8450032567593));
#7603=CARTESIAN_POINT('Ctrl Pts',(62.3101242288445,30.4087866299024,-62.8422457251743));
#7604=CARTESIAN_POINT('Ctrl Pts',(62.3256443323034,30.2364827093168,-62.8471039935733));
#7605=CARTESIAN_POINT('Ctrl Pts',(62.3307163194566,30.0785995521927,-62.8563881757604));
#7606=CARTESIAN_POINT('Ctrl Pts',(62.3308230242269,30.0586141732331,-62.8563074354582));
#7607=CARTESIAN_POINT('Ctrl Pts',(62.3306626347153,30.0164014895649,-62.858041481418));
#7608=CARTESIAN_POINT('Ctrl Pts',(62.3294328998657,29.9789016765718,-62.8595077949224));
#7609=CARTESIAN_POINT('Ctrl Pts',(62.3267690617577,29.9263061016202,-62.8622254065964));
#7610=CARTESIAN_POINT('Ctrl Pts',(62.3212018155745,29.8621392543969,-62.8662352695439));
#7611=CARTESIAN_POINT('Ctrl Pts',(62.3112123661751,29.7849779473515,-62.8724101541882));
#7612=CARTESIAN_POINT('Ctrl Pts',(62.2978163354697,29.7086841586556,-62.8798023451229));
#7613=CARTESIAN_POINT('Ctrl Pts',(62.2812518569326,29.633246701762,-62.888440327747));
#7614=CARTESIAN_POINT('Ctrl Pts',(62.2644322139746,29.5702632063844,-62.8967577089676));
#7615=CARTESIAN_POINT('Ctrl Pts',(62.249494598277,29.5207289245278,-62.903991726518));
#7616=CARTESIAN_POINT('Ctrl Pts',(62.2093229132133,29.3977343669092,-62.9230748670649));
#7617=CARTESIAN_POINT('Ctrl Pts',(62.1401454932654,29.2408528752297,-62.9542084239137));
#7618=CARTESIAN_POINT('Ctrl Pts',(62.0309087102977,29.0610120681352,-63.0018028971771));
#7619=CARTESIAN_POINT('Ctrl Pts',(61.9689042927495,28.9762778168683,-63.0283593274356));
#7620=CARTESIAN_POINT('Ctrl Pts',(61.9257630517814,28.9223973807011,-63.0467572037611));
#7621=CARTESIAN_POINT('Ctrl Pts',(61.8966611809809,28.8872923283793,-63.0577463790502));
#7622=CARTESIAN_POINT('Ctrl Pts',(61.8411640865278,28.8238351838359,-63.0780284934899));
#7623=CARTESIAN_POINT('Ctrl Pts',(61.7345305152344,28.7110268231948,-63.1137310381453));
#7624=CARTESIAN_POINT('Ctrl Pts',(61.5009829881071,28.4999300213095,-63.1801705902473));
#7625=CARTESIAN_POINT('Ctrl Pts',(60.9465302932011,28.1352480218972,-63.293608228897));
#7626=CARTESIAN_POINT('Ctrl Pts',(60.3572802780452,27.9745771563516,-63.3409443541225));
#7627=CARTESIAN_POINT('Ctrl Pts',(59.9615095403121,27.9539353351261,-63.3458011127516));
#7628=CARTESIAN_POINT('Ctrl Pts',(52.9537881745029,34.9614920908553,-61.9993052556571));
#7629=CARTESIAN_POINT('Ctrl Pts',(52.9683419974975,35.2591037850808,-61.9950566047058));
#7630=CARTESIAN_POINT('Ctrl Pts',(53.1223169013999,36.0470498660127,-61.938341011637));
#7631=CARTESIAN_POINT('Ctrl Pts',(53.5582095268375,36.7001942251182,-61.7692445062042));
#7632=CARTESIAN_POINT('Ctrl Pts',(53.9055578050943,37.0200024294361,-61.6388288311468));
#7633=CARTESIAN_POINT('Ctrl Pts',(53.9442911234748,37.054277928263,-61.6238871751069));
#7634=CARTESIAN_POINT('Ctrl Pts',(54.0320230335975,37.1249820991066,-61.593698034734));
#7635=CARTESIAN_POINT('Ctrl Pts',(54.1887702533825,37.2338300997985,-61.5468660282485));
#7636=CARTESIAN_POINT('Ctrl Pts',(54.4148578783061,37.3473196089318,-61.4976873898267));
#7637=CARTESIAN_POINT('Ctrl Pts',(54.6289400033195,37.4121678229364,-61.4675163943352));
#7638=CARTESIAN_POINT('Ctrl Pts',(54.7649298970226,37.4396501325078,-61.4535404324651));
#7639=CARTESIAN_POINT('Ctrl Pts',(54.8478721845737,37.452241079082,-61.4465418566745));
#7640=CARTESIAN_POINT('Ctrl Pts',(54.9105614154345,37.4586683364702,-61.44238196852));
#7641=CARTESIAN_POINT('Ctrl Pts',(54.9525247104628,37.461686889055,-61.4400648614964));
#7642=CARTESIAN_POINT('Ctrl Pts',(54.9805248471432,37.463359364197,-61.4386432629216));
#7643=CARTESIAN_POINT('Ctrl Pts',(55.0086208863196,37.4645222700664,-61.4373958391985));
#7644=CARTESIAN_POINT('Ctrl Pts',(55.0367031077723,37.4651717506991,-61.4363378638505));
#7645=CARTESIAN_POINT('Ctrl Pts',(55.0648644274902,37.4654789189848,-61.4353917061025));
#7646=CARTESIAN_POINT('Ctrl Pts',(55.085878050767,37.465326002312,-61.4348351434233));
#7647=CARTESIAN_POINT('Ctrl Pts',(55.1081667382675,37.4648948769657,-61.4343004686108));
#7648=CARTESIAN_POINT('Ctrl Pts',(55.1359575044507,37.4643418681483,-61.4322878801514));
#7649=CARTESIAN_POINT('Ctrl Pts',(55.1846905707392,37.4627149016895,-61.4295948152328));
#7650=CARTESIAN_POINT('Ctrl Pts',(55.2738140992253,37.4582605952485,-61.4251908781312));
#7651=CARTESIAN_POINT('Ctrl Pts',(55.3972751333912,37.4477038384121,-61.4217902453798));
#7652=CARTESIAN_POINT('Ctrl Pts',(55.5469732047868,37.4278264348018,-61.4212160551698));
#7653=CARTESIAN_POINT('Ctrl Pts',(55.6421876240312,37.4106874315458,-61.4235874787759));
#7654=CARTESIAN_POINT('Ctrl Pts',(55.7050866033475,37.3979093923257,-61.4251599708325));
#7655=CARTESIAN_POINT('Ctrl Pts',(55.7337557393593,37.3921154421885,-61.4248799215951));
#7656=CARTESIAN_POINT('Ctrl Pts',(55.782954637339,37.3818723111109,-61.4248378740574));
#7657=CARTESIAN_POINT('Ctrl Pts',(55.8733644333434,37.3624694876481,-61.4244856469886));
#7658=CARTESIAN_POINT('Ctrl Pts',(55.9995122295633,37.3335195260391,-61.424162063314));
#7659=CARTESIAN_POINT('Ctrl Pts',(56.1518336410277,37.2956694179244,-61.4236941479278));
#7660=CARTESIAN_POINT('Ctrl Pts',(56.4540506982271,37.214611169689,-61.4228582755431));
#7661=CARTESIAN_POINT('Ctrl Pts',(56.9027037658876,37.072006731826,-61.4216684238389));
#7662=CARTESIAN_POINT('Ctrl Pts',(57.3865498898143,36.8781041264488,-61.4205797398824));
#7663=CARTESIAN_POINT('Ctrl Pts',(57.7654764866399,36.701677567879,-61.4198211358084));
#7664=CARTESIAN_POINT('Ctrl Pts',(58.7009189164083,36.2231538220627,-61.418123444406));
#7665=CARTESIAN_POINT('Ctrl Pts',(60.1493570017887,35.1499802076362,-61.4167596139394));
#7666=CARTESIAN_POINT('Ctrl Pts',(61.2864167656781,33.6156641568317,-61.4181857277946));
#7667=CARTESIAN_POINT('Ctrl Pts',(61.8397491643982,32.4829592030788,-61.4203275817528));
#7668=CARTESIAN_POINT('Ctrl Pts',(62.0039887923249,32.0727206832016,-61.4212391444893));
#7669=CARTESIAN_POINT('Ctrl Pts',(62.0910701049141,31.8265574921031,-61.4218381551361));
#7670=CARTESIAN_POINT('Ctrl Pts',(62.1249632318804,31.7278332865064,-61.4220831017183));
#7671=CARTESIAN_POINT('Ctrl Pts',(62.1819333071886,31.5542113377768,-61.4225226165341));
#7672=CARTESIAN_POINT('Ctrl Pts',(62.2564562665252,31.3040849278462,-61.4231833247097));
#7673=CARTESIAN_POINT('Ctrl Pts',(62.3217075606091,31.0516447525016,-61.4238857829518));
#7674=CARTESIAN_POINT('Ctrl Pts',(62.3624904442581,30.8738086486298,-61.4244122239167));
#7675=CARTESIAN_POINT('Ctrl Pts',(62.3843707188891,30.7720176550321,-61.4247152637324));
#7676=CARTESIAN_POINT('Ctrl Pts',(62.3948700475848,30.7208896871729,-61.4248795890983));
#7677=CARTESIAN_POINT('Ctrl Pts',(62.4019346668484,30.6856864806716,-61.4249738262648));
#7678=CARTESIAN_POINT('Ctrl Pts',(62.4039737644474,30.6756154981281,-61.4244309197622));
#7679=CARTESIAN_POINT('Ctrl Pts',(62.4089840066147,30.6499996551983,-61.4237649769206));
#7680=CARTESIAN_POINT('Ctrl Pts',(62.4167795712163,30.6079556815186,-61.422633941048));
#7681=CARTESIAN_POINT('Ctrl Pts',(62.4478614552053,30.4249425748186,-61.4195034936438));
#7682=CARTESIAN_POINT('Ctrl Pts',(62.4626905393152,30.2459255315648,-61.4250249458797));
#7683=CARTESIAN_POINT('Ctrl Pts',(62.4652643982091,30.0809870747105,-61.4355765414615));
#7684=CARTESIAN_POINT('Ctrl Pts',(62.4654209730493,30.058639017169,-61.4354849502211));
#7685=CARTESIAN_POINT('Ctrl Pts',(62.4647206059797,30.0132381788563,-61.4374559870274));
#7686=CARTESIAN_POINT('Ctrl Pts',(62.4629540905439,29.9724625973119,-61.4391230315754));
#7687=CARTESIAN_POINT('Ctrl Pts',(62.4592547677603,29.9156152597879,-61.4422126846341));
#7688=CARTESIAN_POINT('Ctrl Pts',(62.452058642384,29.8463326863812,-61.4467735975522));
#7689=CARTESIAN_POINT('Ctrl Pts',(62.439420910266,29.7631924655341,-61.4537971410882));
#7690=CARTESIAN_POINT('Ctrl Pts',(62.4228125644213,29.6813302242814,-61.4622098894018));
#7691=CARTESIAN_POINT('Ctrl Pts',(62.4023765502221,29.6004650956002,-61.4720408370134));
#7692=CARTESIAN_POINT('Ctrl Pts',(62.3819129944871,29.5334354396079,-61.4815147355657));
#7693=CARTESIAN_POINT('Ctrl Pts',(62.3637381209332,29.4807320798937,-61.489755263868));
#7694=CARTESIAN_POINT('Ctrl Pts',(62.3152024496651,29.3504116014402,-61.5115057309097));
#7695=CARTESIAN_POINT('Ctrl Pts',(62.2332682218191,29.1875087186693,-61.5470537322324));
#7696=CARTESIAN_POINT('Ctrl Pts',(62.1057732822738,29.0045731178008,-61.6015217559188));
#7697=CARTESIAN_POINT('Ctrl Pts',(62.0345714318163,28.9203821623017,-61.6319831147758));
#7698=CARTESIAN_POINT('Ctrl Pts',(61.9852911418051,28.8673606231023,-61.6531061276124));
#7699=CARTESIAN_POINT('Ctrl Pts',(61.953008422378,28.8333382692908,-61.6657279713134));
#7700=CARTESIAN_POINT('Ctrl Pts',(61.891498265057,28.771807988318,-61.689040117474));
#7701=CARTESIAN_POINT('Ctrl Pts',(61.7750456168071,28.6633188078113,-61.7301365629934));
#7702=CARTESIAN_POINT('Ctrl Pts',(61.5248033451262,28.4621053358253,-61.8067939262654));
#7703=CARTESIAN_POINT('Ctrl Pts',(60.9473025351902,28.120246316377,-61.9383068075047));
#7704=CARTESIAN_POINT('Ctrl Pts',(60.3581609368214,27.9731748584202,-61.9936398117589));
#7705=CARTESIAN_POINT('Ctrl Pts',(59.9615171583321,27.9537795480904,-61.9993049819544));
#7706=CARTESIAN_POINT('',(59.9615893981044,27.9537830813576,-61.9993039498354));
#7707=CARTESIAN_POINT('',(68.1473273566867,27.9537830813592,-68.));
#7708=CARTESIAN_POINT('Ctrl Pts',(59.9615893981025,27.9537830813576,-61.9993039498354));
#7709=CARTESIAN_POINT('Ctrl Pts',(59.9615169854267,27.9537830813576,-62.0298057196592));
#7710=CARTESIAN_POINT('Ctrl Pts',(59.9662427638305,27.9537830813577,-62.0591393708196));
#7711=CARTESIAN_POINT('Ctrl Pts',(59.9826246754811,27.9537830813577,-62.1180713057208));
#7712=CARTESIAN_POINT('Ctrl Pts',(59.9944207841501,27.9537830813576,-62.1476132439143));
#7713=CARTESIAN_POINT('Ctrl Pts',(60.0307242438695,27.9537830813576,-62.2265165990015));
#7714=CARTESIAN_POINT('Ctrl Pts',(60.0629004775794,27.9537830813576,-62.2831953712496));
#7715=CARTESIAN_POINT('Ctrl Pts',(60.1634330844645,27.9537830813576,-62.4467879528372));
#7716=CARTESIAN_POINT('Ctrl Pts',(60.2496820477631,27.9537830813576,-62.5734044382437));
#7717=CARTESIAN_POINT('Ctrl Pts',(60.4532874464104,27.9537830813576,-62.8669107075846));
#7718=CARTESIAN_POINT('Ctrl Pts',(60.6199234055352,27.9537830813575,-63.0970005184751));
#7719=CARTESIAN_POINT('Ctrl Pts',(61.0618998153712,27.9537830813575,-63.6927597030395));
#7720=CARTESIAN_POINT('Ctrl Pts',(61.3838238122955,27.9537830813576,-64.1041100294968));
#7721=CARTESIAN_POINT('Ctrl Pts',(62.1503711607501,27.9537830813576,-65.0035230237938));
#7722=CARTESIAN_POINT('Ctrl Pts',(62.951685450279,27.9537830813576,-65.8855182329247));
#7723=CARTESIAN_POINT('Ctrl Pts',(64.6033960451312,27.9537830813576,-67.044909856136));
#7724=CARTESIAN_POINT('Ctrl Pts',(65.2617520065292,27.9537830813576,-67.3926191856425));
#7725=CARTESIAN_POINT('Ctrl Pts',(66.6749964706625,27.9537830813576,-67.8733283948091));
#7726=CARTESIAN_POINT('Ctrl Pts',(67.4066459700276,27.9537830813576,-68.));
#7727=CARTESIAN_POINT('Ctrl Pts',(68.1473273566858,27.9537830813576,-68.));
#7728=CARTESIAN_POINT('',(52.9537923798537,43.1471952646559,-68.));
#7729=CARTESIAN_POINT('Ctrl Pts',(68.1473385804629,27.9537799159555,-68.0000000000003));
#7730=CARTESIAN_POINT('Ctrl Pts',(68.1574281670271,27.9895576487836,-68.0000000000003));
#7731=CARTESIAN_POINT('Ctrl Pts',(68.1993790769387,28.1425104898109,-68.0000000000003));
#7732=CARTESIAN_POINT('Ctrl Pts',(68.264952159489,28.4138944554827,-68.0000000000003));
#7733=CARTESIAN_POINT('Ctrl Pts',(68.3337651408652,28.771115487984,-68.0000000000004));
#7734=CARTESIAN_POINT('Ctrl Pts',(68.3859121541885,29.1323924960951,-68.0000000000004));
#7735=CARTESIAN_POINT('Ctrl Pts',(68.4151996661395,29.4357601960971,-68.0000000000005));
#7736=CARTESIAN_POINT('Ctrl Pts',(68.4300480042758,29.6793734519121,-68.0000000000005));
#7737=CARTESIAN_POINT('Ctrl Pts',(68.436874092543,29.862360058606,-68.0000000000006));
#7738=CARTESIAN_POINT('Ctrl Pts',(68.439382310307,30.0455088876135,-68.0000000000006));
#7739=CARTESIAN_POINT('Ctrl Pts',(68.4381753574445,30.1675660831121,-68.0000000000005));
#7740=CARTESIAN_POINT('Ctrl Pts',(68.4278386515193,30.6443278039548,-68.0000000000008));
#7741=CARTESIAN_POINT('Ctrl Pts',(68.3850644187101,31.1266728858778,-68.0000000000013));
#7742=CARTESIAN_POINT('Ctrl Pts',(68.3003418773563,31.6344949558397,-68.0000000000014));
#7743=CARTESIAN_POINT('Ctrl Pts',(68.2785995288744,31.7528056869137,-68.0000000000015));
#7744=CARTESIAN_POINT('Ctrl Pts',(68.2656235069221,31.8202589721217,-68.0000000000015));
#7745=CARTESIAN_POINT('Ctrl Pts',(68.2589490026919,31.8539587293508,-68.0000000000015));
#7746=CARTESIAN_POINT('Ctrl Pts',(68.2468526825219,31.9141592230899,-68.0000000000015));
#7747=CARTESIAN_POINT('Ctrl Pts',(68.2290305404299,32.0008059268903,-68.0000000000014));
#7748=CARTESIAN_POINT('Ctrl Pts',(68.1917858272544,32.1738501546844,-68.0000000000014));
#7749=CARTESIAN_POINT('Ctrl Pts',(68.1224232452947,32.4759276386232,-68.0000000000013));
#7750=CARTESIAN_POINT('Ctrl Pts',(68.0114092838642,32.9050397810057,-68.0000000000011));
#7751=CARTESIAN_POINT('Ctrl Pts',(67.8847083271839,33.3299861773976,-68.0000000000009));
#7752=CARTESIAN_POINT('Ctrl Pts',(67.7878868625993,33.6248594266031,-68.0000000000008));
#7753=CARTESIAN_POINT('Ctrl Pts',(67.7302968691183,33.7924898898143,-68.0000000000008));
#7754=CARTESIAN_POINT('Ctrl Pts',(67.5823331322395,34.2104877851286,-68.0000000000008));
#7755=CARTESIAN_POINT('Ctrl Pts',(67.3032781321385,34.9072673718457,-68.0000000000005));
#7756=CARTESIAN_POINT('Ctrl Pts',(66.3635521204858,36.8302779820401,-68.0000000000003));
#7757=CARTESIAN_POINT('Ctrl Pts',(64.4334132040048,39.4344885151349,-68.));
#7758=CARTESIAN_POINT('Ctrl Pts',(61.9752433350879,41.2561331791581,-67.9999999999998));
#7759=CARTESIAN_POINT('Ctrl Pts',(60.3873377491303,42.0687504866546,-67.9999999999997));
#7760=CARTESIAN_POINT('Ctrl Pts',(59.744130119662,42.368379292211,-67.9999999999996));
#7761=CARTESIAN_POINT('Ctrl Pts',(58.9224888327992,42.6978352669044,-67.9999999999994));
#7762=CARTESIAN_POINT('Ctrl Pts',(58.1609602391225,42.9401877483505,-67.9999999999989));
#7763=CARTESIAN_POINT('Ctrl Pts',(57.6473316455995,43.0780760759219,-67.9999999999988));
#7764=CARTESIAN_POINT('Ctrl Pts',(57.3893743434692,43.1422961787773,-67.9999999999987));
#7765=CARTESIAN_POINT('Ctrl Pts',(57.1736054859117,43.1918364581597,-67.9999999999987));
#7766=CARTESIAN_POINT('Ctrl Pts',(57.0221929610463,43.2244228592908,-67.9999999999987));
#7767=CARTESIAN_POINT('Ctrl Pts',(56.9355739574389,43.2424442387325,-67.9999999999987));
#7768=CARTESIAN_POINT('Ctrl Pts',(56.8922342507917,43.2512548793931,-67.9999999999987));
#7769=CARTESIAN_POINT('Ctrl Pts',(56.735885383056,43.2826679767729,-67.9999999999988));
#7770=CARTESIAN_POINT('Ctrl Pts',(56.4653672452674,43.3308436708703,-67.999999999999));
#7771=CARTESIAN_POINT('Ctrl Pts',(56.0567414334207,43.3852113968305,-67.9999999999992));
#7772=CARTESIAN_POINT('Ctrl Pts',(55.7126957213178,43.4156239519825,-67.9999999999993));
#7773=CARTESIAN_POINT('Ctrl Pts',(55.4709806476554,43.4289044545669,-67.9999999999994));
#7774=CARTESIAN_POINT('Ctrl Pts',(55.3326333436593,43.4342085870201,-67.9999999999994));
#7775=CARTESIAN_POINT('Ctrl Pts',(55.2634168900369,43.4360940889083,-67.9999999999994));
#7776=CARTESIAN_POINT('Ctrl Pts',(55.1678371485218,43.4381696820165,-67.9999999999994));
#7777=CARTESIAN_POINT('Ctrl Pts',(55.0763515461882,43.4390783793299,-67.9999999999994));
#7778=CARTESIAN_POINT('Ctrl Pts',(54.9543621301404,43.4381328564868,-67.9999999999994));
#7779=CARTESIAN_POINT('Ctrl Pts',(54.8323945798322,43.4357496156389,-67.9999999999994));
#7780=CARTESIAN_POINT('Ctrl Pts',(54.7104911871054,43.431209537298,-67.9999999999994));
#7781=CARTESIAN_POINT('Ctrl Pts',(54.588743571765,43.4245184777519,-67.9999999999994));
#7782=CARTESIAN_POINT('Ctrl Pts',(54.4062800422943,43.4123303047503,-67.9999999999994));
#7783=CARTESIAN_POINT('Ctrl Pts',(54.1335818414524,43.3860346047205,-67.9999999999995));
#7784=CARTESIAN_POINT('Ctrl Pts',(53.7722998915519,43.3339228504875,-67.9999999999995));
#7785=CARTESIAN_POINT('Ctrl Pts',(53.3788688634142,43.2581618767461,-67.9999999999996));
#7786=CARTESIAN_POINT('Ctrl Pts',(53.106930593194,43.1904379604258,-67.9999999999996));
#7787=CARTESIAN_POINT('Ctrl Pts',(52.9537786270589,43.1472439584043,-67.9999999999996));
#7788=CARTESIAN_POINT('',(52.9537923798525,34.9615780616913,-61.9993040278784));
#7789=CARTESIAN_POINT('Ctrl Pts',(52.9537923798524,43.1471952646552,-68.));
#7790=CARTESIAN_POINT('Ctrl Pts',(52.9537923798524,42.2952905322145,-68.));
#7791=CARTESIAN_POINT('Ctrl Pts',(52.9537923798524,41.4575625253237,-67.8327377975172));
#7792=CARTESIAN_POINT('Ctrl Pts',(52.9537923798524,39.6417396722498,-67.1208881977858));
#7793=CARTESIAN_POINT('Ctrl Pts',(52.9537923798524,38.8405074105194,-66.542425523787));
#7794=CARTESIAN_POINT('Ctrl Pts',(52.9537923798524,37.9081339197378,-65.7510678993879));
#7795=CARTESIAN_POINT('Ctrl Pts',(52.9537923798524,37.5954778284737,-65.4538810482284));
#7796=CARTESIAN_POINT('Ctrl Pts',(52.9537923798524,36.8339470814898,-64.652776651902));
#7797=CARTESIAN_POINT('Ctrl Pts',(52.9537923798524,36.4167643185056,-64.1486655058137));
#7798=CARTESIAN_POINT('Ctrl Pts',(52.9537923798524,35.8234682704715,-63.3747415383364));
#7799=CARTESIAN_POINT('Ctrl Pts',(52.9537923798524,35.6215529614412,-63.1013107202871));
#7800=CARTESIAN_POINT('Ctrl Pts',(52.9537923798524,35.3520084686697,-62.721846992821));
#7801=CARTESIAN_POINT('Ctrl Pts',(52.9537923798524,35.2422300711226,-62.5647476082358));
#7802=CARTESIAN_POINT('Ctrl Pts',(52.9537923798524,35.1096265775999,-62.3607477087204));
#7803=CARTESIAN_POINT('Ctrl Pts',(52.9537923798524,35.0645317909452,-62.287640589823));
#7804=CARTESIAN_POINT('Ctrl Pts',(52.9537923798524,35.0103264928984,-62.1841868499707));
#7805=CARTESIAN_POINT('Ctrl Pts',(52.9537923798524,34.9939359778087,-62.147996054876));
#7806=CARTESIAN_POINT('Ctrl Pts',(52.9537923798524,34.9681467209022,-62.0725247978051));
#7807=CARTESIAN_POINT('Ctrl Pts',(52.9537923798524,34.9614918850241,-62.0356134467884));
#7808=CARTESIAN_POINT('Ctrl Pts',(52.9537923798524,34.9615780616895,-61.9993040278784));
#7809=CARTESIAN_POINT('',(53.882543684299,36.998745555587,-61.6476869032978));
#7810=CARTESIAN_POINT('Ctrl Pts',(52.9537923798547,34.9615780616339,-61.9993040278795));
#7811=CARTESIAN_POINT('Ctrl Pts',(52.968353117515,35.2591606882342,-61.995052508713));
#7812=CARTESIAN_POINT('Ctrl Pts',(53.1223326408916,36.0470734501699,-61.9383349057915));
#7813=CARTESIAN_POINT('Ctrl Pts',(53.5582095268375,36.7001942251182,-61.7692445062042));
#7814=CARTESIAN_POINT('Ctrl Pts',(53.880177198312,36.9966341653978,-61.6483582549962));
#7815=CARTESIAN_POINT('Ctrl Pts',(53.88135173431,36.9977141879008,-61.6479168634243));
#7816=CARTESIAN_POINT('Ctrl Pts',(53.8825126071495,36.9987802224418,-61.6474802601435));
#7817=CARTESIAN_POINT('',(55.0991476190658,37.4649509250605,-61.4346747973461));
#7818=CARTESIAN_POINT('Ctrl Pts',(53.8825126071495,36.9987802224418,-61.6474802601435));
#7819=CARTESIAN_POINT('Ctrl Pts',(53.9072936490032,37.0215367601783,-61.6381601315243));
#7820=CARTESIAN_POINT('Ctrl Pts',(53.945272600679,37.0550689122029,-61.6235494421994));
#7821=CARTESIAN_POINT('Ctrl Pts',(54.0320230335975,37.1249820991066,-61.593698034734));
#7822=CARTESIAN_POINT('Ctrl Pts',(54.1887702533825,37.2338300997985,-61.5468660282485));
#7823=CARTESIAN_POINT('Ctrl Pts',(54.4148578783061,37.3473196089318,-61.4976873898267));
#7824=CARTESIAN_POINT('Ctrl Pts',(54.6289400033195,37.4121678229364,-61.4675163943352));
#7825=CARTESIAN_POINT('Ctrl Pts',(54.7649298970226,37.4396501325078,-61.4535404324651));
#7826=CARTESIAN_POINT('Ctrl Pts',(54.8478721845737,37.452241079082,-61.4465418566745));
#7827=CARTESIAN_POINT('Ctrl Pts',(54.9105614154345,37.4586683364702,-61.44238196852));
#7828=CARTESIAN_POINT('Ctrl Pts',(54.9525247104628,37.461686889055,-61.4400648614964));
#7829=CARTESIAN_POINT('Ctrl Pts',(54.9805248471432,37.463359364197,-61.4386432629216));
#7830=CARTESIAN_POINT('Ctrl Pts',(55.0086208863196,37.4645222700664,-61.4373958391985));
#7831=CARTESIAN_POINT('Ctrl Pts',(55.0367031077723,37.4651717506991,-61.4363378638505));
#7832=CARTESIAN_POINT('Ctrl Pts',(55.0645527655485,37.4654755195466,-61.435402177251));
#7833=CARTESIAN_POINT('Ctrl Pts',(55.0852578721123,37.4653304317394,-61.43485160206));
#7834=CARTESIAN_POINT('Ctrl Pts',(55.0991501150461,37.4650690351366,-61.4345168167043));
#7835=CARTESIAN_POINT('',(55.6941410707111,37.4002382794457,-61.4250273100463));
#7836=CARTESIAN_POINT('Ctrl Pts',(55.0991501150461,37.4650690351366,-61.4345168167043));
#7837=CARTESIAN_POINT('Ctrl Pts',(55.0994645666448,37.4650631184117,-61.4345092388214));
#7838=CARTESIAN_POINT('Ctrl Pts',(55.0997791167191,37.4650571169471,-61.4345016760609));
#7839=CARTESIAN_POINT('Ctrl Pts',(55.1081667382675,37.4648948769657,-61.4343004686108));
#7840=CARTESIAN_POINT('Ctrl Pts',(55.1359575044507,37.4643418681483,-61.4322878801514));
#7841=CARTESIAN_POINT('Ctrl Pts',(55.1846905707392,37.4627149016895,-61.4295948152328));
#7842=CARTESIAN_POINT('Ctrl Pts',(55.2738140992253,37.4582605952485,-61.4251908781312));
#7843=CARTESIAN_POINT('Ctrl Pts',(55.3972751333912,37.4477038384121,-61.4217902453798));
#7844=CARTESIAN_POINT('Ctrl Pts',(55.5462835781266,37.4279180057041,-61.42121870034));
#7845=CARTESIAN_POINT('Ctrl Pts',(55.6408715083772,37.4109241129715,-61.4235548363831));
#7846=CARTESIAN_POINT('Ctrl Pts',(55.6941207406888,37.4001364950595,-61.4248858256516));
#7847=CARTESIAN_POINT('',(62.4002152239219,30.6942678582359,-61.4250297027966));
#7848=CARTESIAN_POINT('Ctrl Pts',(55.6941207406888,37.4001364950595,-61.4248858256516));
#7849=CARTESIAN_POINT('Ctrl Pts',(55.6948669770508,37.3999853170538,-61.4249044781758));
#7850=CARTESIAN_POINT('Ctrl Pts',(55.6956144476156,37.3998336775646,-61.4249231642927));
#7851=CARTESIAN_POINT('Ctrl Pts',(55.7050866033475,37.3979093923257,-61.4251599708325));
#7852=CARTESIAN_POINT('Ctrl Pts',(55.7337557393593,37.3921154421885,-61.4248799215951));
#7853=CARTESIAN_POINT('Ctrl Pts',(55.782954637339,37.3818723111109,-61.4248378740574));
#7854=CARTESIAN_POINT('Ctrl Pts',(55.8733644333434,37.3624694876481,-61.4244856469886));
#7855=CARTESIAN_POINT('Ctrl Pts',(55.9995122295633,37.3335195260391,-61.424162063314));
#7856=CARTESIAN_POINT('Ctrl Pts',(56.1518336410277,37.2956694179244,-61.4236941479278));
#7857=CARTESIAN_POINT('Ctrl Pts',(56.4540506982271,37.214611169689,-61.4228582755431));
#7858=CARTESIAN_POINT('Ctrl Pts',(56.9027037658876,37.072006731826,-61.4216684238389));
#7859=CARTESIAN_POINT('Ctrl Pts',(57.3865498898143,36.8781041264488,-61.4205797398824));
#7860=CARTESIAN_POINT('Ctrl Pts',(57.7654764866399,36.701677567879,-61.4198211358084));
#7861=CARTESIAN_POINT('Ctrl Pts',(58.7009189164083,36.2231538220627,-61.418123444406));
#7862=CARTESIAN_POINT('Ctrl Pts',(60.1493570017887,35.1499802076362,-61.4167596139394));
#7863=CARTESIAN_POINT('Ctrl Pts',(61.2864167656781,33.6156641568317,-61.4181857277946));
#7864=CARTESIAN_POINT('Ctrl Pts',(61.8397491643982,32.4829592030788,-61.4203275817528));
#7865=CARTESIAN_POINT('Ctrl Pts',(62.0039887923249,32.0727206832016,-61.4212391444893));
#7866=CARTESIAN_POINT('Ctrl Pts',(62.0910701049141,31.8265574921031,-61.4218381551361));
#7867=CARTESIAN_POINT('Ctrl Pts',(62.1249632318804,31.7278332865064,-61.4220831017183));
#7868=CARTESIAN_POINT('Ctrl Pts',(62.1819333071886,31.5542113377768,-61.4225226165341));
#7869=CARTESIAN_POINT('Ctrl Pts',(62.2564562665252,31.3040849278462,-61.4231833247097));
#7870=CARTESIAN_POINT('Ctrl Pts',(62.3217075606091,31.0516447525016,-61.4238857829518));
#7871=CARTESIAN_POINT('Ctrl Pts',(62.3624904442581,30.8738086486298,-61.4244122239167));
#7872=CARTESIAN_POINT('Ctrl Pts',(62.3843707188891,30.7720176550321,-61.4247152637324));
#7873=CARTESIAN_POINT('Ctrl Pts',(62.3948700475848,30.7208896871729,-61.4248795890983));
#7874=CARTESIAN_POINT('Ctrl Pts',(62.4000452693065,30.6951014044417,-61.4249486229999));
#7875=CARTESIAN_POINT('Ctrl Pts',(62.400129851293,30.6946800158816,-61.4249492060418));
#7876=CARTESIAN_POINT('Ctrl Pts',(62.4002126939721,30.6942673678853,-61.4249492487641));
#7877=CARTESIAN_POINT('',(62.464940138709,30.0990929499285,-61.4346864868746));
#7878=CARTESIAN_POINT('Ctrl Pts',(62.4002126939721,30.6942673678853,-61.4249492487641));
#7879=CARTESIAN_POINT('Ctrl Pts',(62.4020240686371,30.6852447223814,-61.4249501828977));
#7880=CARTESIAN_POINT('Ctrl Pts',(62.4040285445767,30.6753354240038,-61.4244236385902));
#7881=CARTESIAN_POINT('Ctrl Pts',(62.4089840066147,30.6499996551983,-61.4237649769206));
#7882=CARTESIAN_POINT('Ctrl Pts',(62.4167795712163,30.6079556815186,-61.422633941048));
#7883=CARTESIAN_POINT('Ctrl Pts',(62.4478614552053,30.4249425748186,-61.4195034936438));
#7884=CARTESIAN_POINT('Ctrl Pts',(62.4626905393152,30.2459255315648,-61.4250249458797));
#7885=CARTESIAN_POINT('Ctrl Pts',(62.4649508981168,30.1010768401476,-61.4342913403976));
#7886=CARTESIAN_POINT('Ctrl Pts',(62.464966315811,30.1000743040142,-61.4343536797517));
#7887=CARTESIAN_POINT('Ctrl Pts',(62.4649811513165,30.0990938722737,-61.4344129222492));
#7888=CARTESIAN_POINT('',(61.9979562210761,28.8809928372776,-61.6478181850989));
#7889=CARTESIAN_POINT('Ctrl Pts',(62.4649811513165,30.0990938722737,-61.4344129222492));
#7890=CARTESIAN_POINT('Ctrl Pts',(62.4652716381208,30.079896516119,-61.4355729207235));
#7891=CARTESIAN_POINT('Ctrl Pts',(62.465409629518,30.0579036801545,-61.4355168742201));
#7892=CARTESIAN_POINT('Ctrl Pts',(62.4647206059797,30.0132381788563,-61.4374559870274));
#7893=CARTESIAN_POINT('Ctrl Pts',(62.4629540905439,29.9724625973119,-61.4391230315754));
#7894=CARTESIAN_POINT('Ctrl Pts',(62.4592547677603,29.9156152597879,-61.4422126846341));
#7895=CARTESIAN_POINT('Ctrl Pts',(62.452058642384,29.8463326863812,-61.4467735975522));
#7896=CARTESIAN_POINT('Ctrl Pts',(62.439420910266,29.7631924655341,-61.4537971410882));
#7897=CARTESIAN_POINT('Ctrl Pts',(62.4228125644213,29.6813302242814,-61.4622098894018));
#7898=CARTESIAN_POINT('Ctrl Pts',(62.4023765502221,29.6004650956002,-61.4720408370134));
#7899=CARTESIAN_POINT('Ctrl Pts',(62.3819129944871,29.5334354396079,-61.4815147355657));
#7900=CARTESIAN_POINT('Ctrl Pts',(62.3637381209332,29.4807320798937,-61.489755263868));
#7901=CARTESIAN_POINT('Ctrl Pts',(62.3152024496651,29.3504116014402,-61.5115057309097));
#7902=CARTESIAN_POINT('Ctrl Pts',(62.2332682218191,29.1875087186693,-61.5470537322324));
#7903=CARTESIAN_POINT('Ctrl Pts',(62.1061257618381,29.005078871685,-61.6013711706068));
#7904=CARTESIAN_POINT('Ctrl Pts',(62.0353585982133,28.9213134206744,-61.6316463528138));
#7905=CARTESIAN_POINT('Ctrl Pts',(61.9979583448719,28.8809908830212,-61.6476765944063));
#7906=CARTESIAN_POINT('Ctrl Pts',(61.9979583448719,28.8809908830212,-61.6476765944063));
#7907=CARTESIAN_POINT('Ctrl Pts',(61.9975401246941,28.8805399850364,-61.6478558490875));
#7908=CARTESIAN_POINT('Ctrl Pts',(61.9971216277445,28.8800892530239,-61.6480352259131));
#7909=CARTESIAN_POINT('Ctrl Pts',(61.9852911418051,28.8673606231023,-61.6531061276124));
#7910=CARTESIAN_POINT('Ctrl Pts',(61.953008422378,28.8333382692908,-61.6657279713134));
#7911=CARTESIAN_POINT('Ctrl Pts',(61.891498265057,28.771807988318,-61.689040117474));
#7912=CARTESIAN_POINT('Ctrl Pts',(61.7750456168071,28.6633188078113,-61.7301365629934));
#7913=CARTESIAN_POINT('Ctrl Pts',(61.5248033451262,28.4621053358253,-61.8067939262654));
#7914=CARTESIAN_POINT('Ctrl Pts',(60.9473225692513,28.1202581757968,-61.9383022451958));
#7915=CARTESIAN_POINT('Ctrl Pts',(60.3582086250802,27.9731867634449,-61.9936353327023));
#7916=CARTESIAN_POINT('Ctrl Pts',(59.9615893980578,27.9537830813808,-61.9993039498254));
#7917=CARTESIAN_POINT('Ctrl Pts',(59.9500958579092,27.9500874808634,-27.));
#7918=CARTESIAN_POINT('Ctrl Pts',(59.9500958579092,27.9513193476948,-40.6666666666666));
#7919=CARTESIAN_POINT('Ctrl Pts',(59.9500958579092,27.9525512145262,-54.3333333333333));
#7920=CARTESIAN_POINT('Ctrl Pts',(59.9500958579092,27.9537830813575,-68.));
#7921=CARTESIAN_POINT('Ctrl Pts',(60.6084082336178,27.9500874808635,-27.));
#7922=CARTESIAN_POINT('Ctrl Pts',(60.5063063087695,27.9580529070768,-40.6666666666666));
#7923=CARTESIAN_POINT('Ctrl Pts',(60.4047995332251,27.9668550945963,-54.3333333333333));
#7924=CARTESIAN_POINT('Ctrl Pts',(60.3026976083768,27.9748205208097,-68.));
#7925=CARTESIAN_POINT('Ctrl Pts',(61.9250051419775,27.9499815406855,-27.));
#7926=CARTESIAN_POINT('Ctrl Pts',(61.6153750287881,28.0334281728409,-40.6666666666666));
#7927=CARTESIAN_POINT('Ctrl Pts',(61.3052950751537,28.1162943841196,-54.3333333333333));
#7928=CARTESIAN_POINT('Ctrl Pts',(60.9956649619643,28.1997410162751,-68.));
#7929=CARTESIAN_POINT('Ctrl Pts',(63.2416170019047,27.9499764513831,-27.));
#7930=CARTESIAN_POINT('Ctrl Pts',(62.6573525980448,28.2123268818079,-40.6666666666667));
#7931=CARTESIAN_POINT('Ctrl Pts',(62.073050475789,28.4755286852795,-54.3333333333333));
#7932=CARTESIAN_POINT('Ctrl Pts',(61.488786071929,28.7378791157043,-68.));
#7933=CARTESIAN_POINT('Ctrl Pts',(64.2911981336613,27.949624784626,-27.));
#7934=CARTESIAN_POINT('Ctrl Pts',(63.4423774232106,28.3793019694349,-40.6666666666667));
#7935=CARTESIAN_POINT('Ctrl Pts',(62.5942077054973,28.8085239409401,-54.3333333333334));
#7936=CARTESIAN_POINT('Ctrl Pts',(61.7453869950466,29.238201125749,-68.));
#7937=CARTESIAN_POINT('Ctrl Pts',(65.0725684155901,28.1876746986626,-27.));
#7938=CARTESIAN_POINT('Ctrl Pts',(64.0072909193849,28.6729535443089,-40.6666666666667));
#7939=CARTESIAN_POINT('Ctrl Pts',(62.9422669051346,29.1571031784888,-54.3333333333334));
#7940=CARTESIAN_POINT('Ctrl Pts',(61.8769894089294,29.6423820241351,-68.));
#7941=CARTESIAN_POINT('Ctrl Pts',(65.5940209625469,28.816296737514,-27.));
#7942=CARTESIAN_POINT('Ctrl Pts',(64.3541092115352,29.2336264416114,-40.6666666666667));
#7943=CARTESIAN_POINT('Ctrl Pts',(63.1146683537369,29.6504329460404,-54.3333333333334));
#7944=CARTESIAN_POINT('Ctrl Pts',(61.8747566027252,30.0677626501377,-68.));
#7945=CARTESIAN_POINT('Ctrl Pts',(65.8733929383413,29.4827650929625,-27.));
#7946=CARTESIAN_POINT('Ctrl Pts',(64.5192902822369,29.8052336192415,-40.6666666666667));
#7947=CARTESIAN_POINT('Ctrl Pts',(63.1645322712626,30.1280934119849,-54.3333333333334));
#7948=CARTESIAN_POINT('Ctrl Pts',(61.8104296151582,30.4505619382639,-68.));
#7949=CARTESIAN_POINT('Ctrl Pts',(65.923902343932,29.8204864022252,-27.));
#7950=CARTESIAN_POINT('Ctrl Pts',(64.5410891480174,30.088686786989,-40.6666666666667));
#7951=CARTESIAN_POINT('Ctrl Pts',(63.1579086981215,30.3569827809862,-54.3333333333334));
#7952=CARTESIAN_POINT('Ctrl Pts',(61.7750955022069,30.62518316575,-68.0000000000001));
#7953=CARTESIAN_POINT('Ctrl Pts',(65.7530155413303,31.5136208628451,-27.));
#7954=CARTESIAN_POINT('Ctrl Pts',(64.3564991333004,31.5140126187426,-40.6666666666667));
#7955=CARTESIAN_POINT('Ctrl Pts',(62.9603493347124,31.5143721252332,-54.3333333333333));
#7956=CARTESIAN_POINT('Ctrl Pts',(61.5638329266825,31.5147638811308,-68.));
#7957=CARTESIAN_POINT('Ctrl Pts',(65.0072673463556,34.1934773698133,-27.));
#7958=CARTESIAN_POINT('Ctrl Pts',(63.6796140968591,33.7624100082714,-40.6666666666666));
#7959=CARTESIAN_POINT('Ctrl Pts',(62.3520868787169,33.3314819256059,-54.3333333333333));
#7960=CARTESIAN_POINT('Ctrl Pts',(61.0244336292204,32.900414564064,-68.));
#7961=CARTESIAN_POINT('Ctrl Pts',(62.8032375793056,37.3180792255485,-27.));
#7962=CARTESIAN_POINT('Ctrl Pts',(61.7992312850758,36.3889149438339,-40.6666666666667));
#7963=CARTESIAN_POINT('Ctrl Pts',(60.7955377132993,35.4601735167166,-54.3333333333333));
#7964=CARTESIAN_POINT('Ctrl Pts',(59.7915314190695,34.531009235002,-68.));
#7965=CARTESIAN_POINT('Ctrl Pts',(59.5200777585018,39.8504453563906,-27.));
#7966=CARTESIAN_POINT('Ctrl Pts',(59.0356695609989,38.5439871200462,-40.6666666666666));
#7967=CARTESIAN_POINT('Ctrl Pts',(58.551354793794,37.2373465859749,-54.3333333333334));
#7968=CARTESIAN_POINT('Ctrl Pts',(58.0669465962912,35.9308883496304,-68.));
#7969=CARTESIAN_POINT('Ctrl Pts',(56.855177574964,40.7195802891358,-27.));
#7970=CARTESIAN_POINT('Ctrl Pts',(56.8013111112979,39.3198456911669,-40.6666666666667));
#7971=CARTESIAN_POINT('Ctrl Pts',(56.7482239834343,37.9213624710864,-54.3333333333332));
#7972=CARTESIAN_POINT('Ctrl Pts',(56.6943575197683,36.5216278731174,-67.9999999999999));
#7973=CARTESIAN_POINT('Ctrl Pts',(54.8207906947079,40.9240493088917,-27.));
#7974=CARTESIAN_POINT('Ctrl Pts',(55.088967151893,39.5413222822711,-40.6666666666666));
#7975=CARTESIAN_POINT('Ctrl Pts',(55.3575079239585,38.1579356084147,-54.3333333333333));
#7976=CARTESIAN_POINT('Ctrl Pts',(55.6256843811436,36.7752085817941,-67.9999999999999));
#7977=CARTESIAN_POINT('Ctrl Pts',(54.4832217178325,40.8736637613178,-27.));
#7978=CARTESIAN_POINT('Ctrl Pts',(54.8055742878603,39.5195166400321,-40.6666666666666));
#7979=CARTESIAN_POINT('Ctrl Pts',(55.1287913412099,38.1647055130459,-54.3333333333332));
#7980=CARTESIAN_POINT('Ctrl Pts',(55.4511439112377,36.8105583917602,-67.9999999999999));
#7981=CARTESIAN_POINT('Ctrl Pts',(53.8167215189735,40.5943595521856,-27.));
#7982=CARTESIAN_POINT('Ctrl Pts',(54.2339940003992,39.3544249650081,-40.6666666666666));
#7983=CARTESIAN_POINT('Ctrl Pts',(54.6510609265552,38.1147781564305,-54.3333333333332));
#7984=CARTESIAN_POINT('Ctrl Pts',(55.0683334079809,36.874843569253,-67.9999999999999));
#7985=CARTESIAN_POINT('Ctrl Pts',(53.1879272219468,40.0728840337635,-27.));
#7986=CARTESIAN_POINT('Ctrl Pts',(53.673684775069,39.0075206988632,-40.6666666666666));
#7987=CARTESIAN_POINT('Ctrl Pts',(54.1596123122533,37.9427655210783,-54.3333333333333));
#7988=CARTESIAN_POINT('Ctrl Pts',(54.6453698653755,36.877402186178,-67.9999999999999));
#7989=CARTESIAN_POINT('Ctrl Pts',(52.949815273879,39.2913995500022,-27.));
#7990=CARTESIAN_POINT('Ctrl Pts',(53.3799546023075,38.4427932482862,-40.6666666666666));
#7991=CARTESIAN_POINT('Ctrl Pts',(53.8098384602486,37.5945924248856,-54.3333333333332));
#7992=CARTESIAN_POINT('Ctrl Pts',(54.2399777886772,36.7459861231695,-67.9999999999999));
#7993=CARTESIAN_POINT('Ctrl Pts',(52.9500641425653,38.2416959311083,-27.));
#7994=CARTESIAN_POINT('Ctrl Pts',(53.2129713312337,37.6577387612243,-40.6666666666666));
#7995=CARTESIAN_POINT('Ctrl Pts',(53.4767651009997,37.0741136160383,-54.3333333333333));
#7996=CARTESIAN_POINT('Ctrl Pts',(53.7396722896682,36.4901564461543,-68.));
#7997=CARTESIAN_POINT('Ctrl Pts',(52.9499870163461,36.9250467216846,-27.));
#7998=CARTESIAN_POINT('Ctrl Pts',(53.0336517646278,36.6159946876185,-40.6666666666666));
#7999=CARTESIAN_POINT('Ctrl Pts',(53.1167733502211,36.3068595624225,-54.3333333333333));
#8000=CARTESIAN_POINT('Ctrl Pts',(53.2004380985027,35.9978075283564,-68.));
#8001=CARTESIAN_POINT('Ctrl Pts',(52.9500967817812,35.6083986982751,-27.));
#8002=CARTESIAN_POINT('Ctrl Pts',(52.9580808531872,35.5064593315579,-40.6666666666666));
#8003=CARTESIAN_POINT('Ctrl Pts',(52.9668586807233,35.4048443145373,-54.3333333333333));
#8004=CARTESIAN_POINT('Ctrl Pts',(52.9748427521293,35.3029049478201,-68.));
#8005=CARTESIAN_POINT('Ctrl Pts',(52.9500967817812,34.9500863185729,-27.));
#8006=CARTESIAN_POINT('Ctrl Pts',(52.9513286478049,34.9500863185728,-40.6666666666666));
#8007=CARTESIAN_POINT('Ctrl Pts',(52.9525605138287,34.9500863185728,-54.3333333333333));
#8008=CARTESIAN_POINT('Ctrl Pts',(52.9537923798524,34.9500863185728,-68.));
#8009=CARTESIAN_POINT('',(59.9500958579092,27.9537830813576,-68.));
#8010=CARTESIAN_POINT('Ctrl Pts',(59.9500958579092,27.9537830813575,-68.));
#8011=CARTESIAN_POINT('Ctrl Pts',(59.9528774226197,27.9537830813575,-66.1588192605238));
#8012=CARTESIAN_POINT('Ctrl Pts',(59.9565436438251,27.9537837251442,-64.1212283047745));
#8013=CARTESIAN_POINT('Ctrl Pts',(59.9615913469641,27.9537856122801,-61.9993039498354));
#8014=CARTESIAN_POINT('',(52.9537923798524,34.9500863185729,-68.));
#8015=CARTESIAN_POINT('Ctrl Pts',(52.9537948357098,34.9615792635766,-61.9993040278784));
#8016=CARTESIAN_POINT('Ctrl Pts',(52.9537929835171,34.9565335580703,-64.1211504280253));
#8017=CARTESIAN_POINT('Ctrl Pts',(52.9537923798524,34.9528680362787,-66.1587173869436));
#8018=CARTESIAN_POINT('Ctrl Pts',(52.9537923798524,34.9500863185728,-68.));
#8019=CARTESIAN_POINT('',(52.9500967817812,34.9500863185729,-27.));
#8020=CARTESIAN_POINT('',(52.9500967817812,34.9500863185729,-27.));
#8021=CARTESIAN_POINT('',(52.9500967817812,38.8999605967864,-27.));
#8022=CARTESIAN_POINT('',(52.9500967817812,29.9500871232356,-27.));
#8023=CARTESIAN_POINT('',(55.1500969665556,40.8899354524291,-27.));
#8024=CARTESIAN_POINT('Origin',(54.9500967817812,38.8999605967864,-27.));
#8025=CARTESIAN_POINT('',(65.889944963011,30.1500877133216,-27.));
#8026=CARTESIAN_POINT('Origin',(53.9500958579092,28.9500863185728,-27.));
#8027=CARTESIAN_POINT('',(63.8999701121607,27.9500874808635,-27.));
#8028=CARTESIAN_POINT('Origin',(63.8999701121607,29.9500874808635,-27.));
#8029=CARTESIAN_POINT('',(59.9500958579092,27.9500874808634,-27.));
#8030=CARTESIAN_POINT('',(62.9500964539557,27.9500874808635,-27.));
#8031=CARTESIAN_POINT('',(59.9500958579092,27.9500874808634,-27.));
#8032=CARTESIAN_POINT('Ctrl Pts',(60.254568867258,-72.0108590009975,-68.));
#8033=CARTESIAN_POINT('Ctrl Pts',(61.4213242649731,-72.0679176668435,-68.));
#8034=CARTESIAN_POINT('Ctrl Pts',(63.744210865939,-72.6386491569806,-68.));
#8035=CARTESIAN_POINT('Ctrl Pts',(65.676774116907,-74.0608248143184,-67.9999999999999));
#8036=CARTESIAN_POINT('Ctrl Pts',(66.5393676555037,-75.0243336057768,-67.9999999999999));
#8037=CARTESIAN_POINT('Ctrl Pts',(66.6975112678836,-75.2091241084867,-67.9999999999999));
#8038=CARTESIAN_POINT('Ctrl Pts',(66.9948348515309,-75.5920529829136,-67.9999999999999));
#8039=CARTESIAN_POINT('Ctrl Pts',(67.4670535929766,-76.2960761201335,-67.9999999999999));
#8040=CARTESIAN_POINT('Ctrl Pts',(67.9476088237109,-77.2935866917626,-67.9999999999998));
#8041=CARTESIAN_POINT('Ctrl Pts',(68.2195532069865,-78.2282131657293,-67.9999999999997));
#8042=CARTESIAN_POINT('Ctrl Pts',(68.3224968399832,-78.762790307648,-67.9999999999996));
#8043=CARTESIAN_POINT('Ctrl Pts',(68.3600092079676,-79.0029370218063,-67.9999999999996));
#8044=CARTESIAN_POINT('Ctrl Pts',(68.3799231288997,-79.1535708506158,-67.9999999999996));
#8045=CARTESIAN_POINT('Ctrl Pts',(68.3937438395598,-79.2744890492992,-67.9999999999995));
#8046=CARTESIAN_POINT('Ctrl Pts',(68.4030438034499,-79.3653248412273,-67.9999999999995));
#8047=CARTESIAN_POINT('Ctrl Pts',(68.4112781947815,-79.4563118331903,-67.9999999999995));
#8048=CARTESIAN_POINT('Ctrl Pts',(68.4232193989036,-79.6081649182441,-67.9999999999995));
#8049=CARTESIAN_POINT('Ctrl Pts',(68.4315861835378,-79.7603903384644,-67.9999999999993));
#8050=CARTESIAN_POINT('Ctrl Pts',(68.4363619484208,-79.9127919977464,-67.9999999999992));
#8051=CARTESIAN_POINT('Ctrl Pts',(68.4381495154078,-80.004267993117,-67.9999999999992));
#8052=CARTESIAN_POINT('Ctrl Pts',(68.4387403751259,-80.0805106475441,-67.9999999999992));
#8053=CARTESIAN_POINT('Ctrl Pts',(68.4386739018945,-80.1415023948492,-67.9999999999992));
#8054=CARTESIAN_POINT('Ctrl Pts',(68.4382480502235,-80.2024892540937,-67.9999999999992));
#8055=CARTESIAN_POINT('Ctrl Pts',(68.4375244603565,-80.2482203393435,-67.9999999999993));
#8056=CARTESIAN_POINT('Ctrl Pts',(68.4361109219934,-80.3133185566668,-67.9999999999993));
#8057=CARTESIAN_POINT('Ctrl Pts',(68.4342244388786,-80.382539232218,-67.9999999999993));
#8058=CARTESIAN_POINT('Ctrl Pts',(68.4289230186499,-80.5208728674999,-67.9999999999993));
#8059=CARTESIAN_POINT('Ctrl Pts',(68.4194293770373,-80.6935628251802,-67.9999999999996));
#8060=CARTESIAN_POINT('Ctrl Pts',(68.4034807450528,-80.900188962822,-67.9999999999996));
#8061=CARTESIAN_POINT('Ctrl Pts',(68.3761608446008,-81.1747731909827,-67.9999999999997));
#8062=CARTESIAN_POINT('Ctrl Pts',(68.330865481274,-81.5152408416728,-68.));
#8063=CARTESIAN_POINT('Ctrl Pts',(68.2826870209459,-81.7857765315547,-68.0000000000003));
#8064=CARTESIAN_POINT('Ctrl Pts',(68.2512753901748,-81.942119563362,-68.0000000000005));
#8065=CARTESIAN_POINT('Ctrl Pts',(68.2424647210588,-81.9854594908079,-68.0000000000005));
#8066=CARTESIAN_POINT('Ctrl Pts',(68.2244434245048,-82.0720780628475,-68.0000000000005));
#8067=CARTESIAN_POINT('Ctrl Pts',(68.2081508612381,-82.1477826665504,-68.0000000000005));
#8068=CARTESIAN_POINT('Ctrl Pts',(68.1950067181585,-82.2072046207616,-68.0000000000005));
#8069=CARTESIAN_POINT('Ctrl Pts',(68.1901896686616,-82.2288058363217,-68.0000000000005));
#8070=CARTESIAN_POINT('Ctrl Pts',(68.1829267298315,-82.2612008842248,-68.0000000000005));
#8071=CARTESIAN_POINT('Ctrl Pts',(68.1669883611012,-82.3313519663264,-68.0000000000005));
#8072=CARTESIAN_POINT('Ctrl Pts',(68.1316144551164,-82.4822488565953,-68.0000000000004));
#8073=CARTESIAN_POINT('Ctrl Pts',(68.0888089333857,-82.6541991527733,-68.0000000000004));
#8074=CARTESIAN_POINT('Ctrl Pts',(68.0436278535923,-82.8256142349059,-68.0000000000004));
#8075=CARTESIAN_POINT('Ctrl Pts',(67.9735083792929,-83.0820980100556,-68.0000000000004));
#8076=CARTESIAN_POINT('Ctrl Pts',(67.8594276892788,-83.4647590812615,-68.0000000000003));
#8077=CARTESIAN_POINT('Ctrl Pts',(67.5185924897038,-84.4714727207424,-68.0000000000003));
#8078=CARTESIAN_POINT('Ctrl Pts',(66.5812207156166,-86.5867352623866,-68.));
#8079=CARTESIAN_POINT('Ctrl Pts',(64.8572422619712,-88.9104387611573,-68.));
#8080=CARTESIAN_POINT('Ctrl Pts',(62.7041567365808,-90.765245235954,-67.9999999999999));
#8081=CARTESIAN_POINT('Ctrl Pts',(61.1863054105615,-91.7293171017697,-67.9999999999998));
#8082=CARTESIAN_POINT('Ctrl Pts',(59.9082537262856,-92.3524080381231,-67.9999999999998));
#8083=CARTESIAN_POINT('Ctrl Pts',(59.169216008023,-92.6488939870313,-67.9999999999997));
#8084=CARTESIAN_POINT('Ctrl Pts',(58.6669034216725,-92.82402708627,-67.9999999999997));
#8085=CARTESIAN_POINT('Ctrl Pts',(58.3299705863824,-92.9346551941957,-67.9999999999996));
#8086=CARTESIAN_POINT('Ctrl Pts',(57.989990697758,-93.0360094321022,-67.9999999999996));
#8087=CARTESIAN_POINT('Ctrl Pts',(57.7117604451356,-93.1107101368572,-67.9999999999996));
#8088=CARTESIAN_POINT('Ctrl Pts',(57.5829962066607,-93.1437075803817,-67.9999999999996));
#8089=CARTESIAN_POINT('Ctrl Pts',(57.518546903959,-93.1599097923511,-67.9999999999996));
#8090=CARTESIAN_POINT('Ctrl Pts',(57.4540327263994,-93.175814845177,-67.9999999999996));
#8091=CARTESIAN_POINT('Ctrl Pts',(57.2387697771681,-93.2278415370068,-67.9999999999996));
#8092=CARTESIAN_POINT('Ctrl Pts',(57.0442341667035,-93.270633492179,-67.9999999999998));
#8093=CARTESIAN_POINT('Ctrl Pts',(56.8371029827422,-93.3122508399953,-67.9999999999999));
#8094=CARTESIAN_POINT('Ctrl Pts',(56.7696780561327,-93.3254125219467,-67.9999999999999));
#8095=CARTESIAN_POINT('Ctrl Pts',(56.6345138499473,-93.3502567890378,-67.9999999999999));
#8096=CARTESIAN_POINT('Ctrl Pts',(56.3973519278253,-93.3898032856614,-67.9999999999999));
#8097=CARTESIAN_POINT('Ctrl Pts',(55.9204651076156,-93.453261194429,-68.));
#8098=CARTESIAN_POINT('Ctrl Pts',(55.50551346528,-93.4807565360102,-68.0000000000003));
#8099=CARTESIAN_POINT('Ctrl Pts',(55.1980099486534,-93.4874078798455,-68.0000000000004));
#8100=CARTESIAN_POINT('Ctrl Pts',(55.1369837732825,-93.4883720442634,-68.0000000000004));
#8101=CARTESIAN_POINT('Ctrl Pts',(55.0149020015462,-93.4888575317725,-68.0000000000004));
#8102=CARTESIAN_POINT('Ctrl Pts',(54.8012518875406,-93.4859332368475,-68.0000000000003));
#8103=CARTESIAN_POINT('Ctrl Pts',(54.4963385678785,-93.4709364581102,-68.0000000000003));
#8104=CARTESIAN_POINT('Ctrl Pts',(54.132343638121,-93.4358048641833,-68.0000000000002));
#8105=CARTESIAN_POINT('Ctrl Pts',(53.6504601950077,-93.3661967089031,-68.0000000000002));
#8106=CARTESIAN_POINT('Ctrl Pts',(53.1775374162768,-93.2635740000307,-68.0000000000001));
#8107=CARTESIAN_POINT('Ctrl Pts',(52.7688055784738,-93.144312370987,-68.0000000000001));
#8108=CARTESIAN_POINT('Ctrl Pts',(52.537422650831,-93.0678070711945,-68.0000000000001));
#8109=CARTESIAN_POINT('Ctrl Pts',(52.1927503426817,-92.9447414067728,-68.0000000000001));
#8110=CARTESIAN_POINT('Ctrl Pts',(51.6862154802205,-92.7294326592384,-68.0000000000001));
#8111=CARTESIAN_POINT('Ctrl Pts',(51.0415545713904,-92.3798865149925,-68.0000000000001));
#8112=CARTESIAN_POINT('Ctrl Pts',(50.4376665107258,-91.974872578653,-68.0000000000001));
#8113=CARTESIAN_POINT('Ctrl Pts',(50.0608803689277,-91.6675388759024,-68.0000000000001));
#8114=CARTESIAN_POINT('Ctrl Pts',(49.8252467623603,-91.4559982518964,-68.0000000000001));
#8115=CARTESIAN_POINT('Ctrl Pts',(49.7173312968768,-91.356539953528,-68.0000000000001));
#8116=CARTESIAN_POINT('Ctrl Pts',(49.5067811257622,-91.152413959548,-68.0000000000001));
#8117=CARTESIAN_POINT('Ctrl Pts',(49.1516686649815,-90.7801367838878,-68.0000000000001));
#8118=CARTESIAN_POINT('Ctrl Pts',(48.5041992024951,-89.9907895077939,-68.0000000000001));
#8119=CARTESIAN_POINT('Ctrl Pts',(47.4430634912595,-88.2072727991869,-68.0000000000001));
#8120=CARTESIAN_POINT('Ctrl Pts',(47.0179560181785,-86.4703371609293,-68.));
#8121=CARTESIAN_POINT('Ctrl Pts',(46.9609452121195,-85.3044772104597,-68.));
#8122=CARTESIAN_POINT('Ctrl Pts',(60.2107221653751,-72.9074515752435,-68.));
#8123=CARTESIAN_POINT('Ctrl Pts',(61.2621668489366,-72.9594130744817,-68.0000017545217));
#8124=CARTESIAN_POINT('Ctrl Pts',(63.3539605638077,-73.4809121196397,-67.9999874141875));
#8125=CARTESIAN_POINT('Ctrl Pts',(65.0762208237297,-74.7724179723995,-67.9999826732334));
#8126=CARTESIAN_POINT('Ctrl Pts',(65.836166909728,-75.6362533296933,-67.9999861127431));
#8127=CARTESIAN_POINT('Ctrl Pts',(65.9736287270119,-75.799040232356,-67.999991542417));
#8128=CARTESIAN_POINT('Ctrl Pts',(66.2331440408341,-76.1379845474656,-67.9999975315969));
#8129=CARTESIAN_POINT('Ctrl Pts',(66.6441867555396,-76.758951575755,-68.000005103817));
#8130=CARTESIAN_POINT('Ctrl Pts',(67.0620615459609,-77.6372633590096,-68.0000039012783));
#8131=CARTESIAN_POINT('Ctrl Pts',(67.2979966571475,-78.4586090045184,-67.999995376823));
#8132=CARTESIAN_POINT('Ctrl Pts',(67.387143196962,-78.9279123892142,-67.999999188529));
#8133=CARTESIAN_POINT('Ctrl Pts',(67.4195953943461,-79.1387054688908,-67.9999997419006));
#8134=CARTESIAN_POINT('Ctrl Pts',(67.4368060426061,-79.2709078745565,-68.0000003024911));
#8135=CARTESIAN_POINT('Ctrl Pts',(67.4487388537201,-79.3770200279153,-68.0000007802374));
#8136=CARTESIAN_POINT('Ctrl Pts',(67.4567618824983,-79.4567296516925,-68.0000011334306));
#8137=CARTESIAN_POINT('Ctrl Pts',(67.4638584571998,-79.5365691135271,-68.0000014449774));
#8138=CARTESIAN_POINT('Ctrl Pts',(67.4741360079032,-79.669812258339,-68.0000019537696));
#8139=CARTESIAN_POINT('Ctrl Pts',(67.4813080791289,-79.8034004484477,-68.000001565263));
#8140=CARTESIAN_POINT('Ctrl Pts',(67.4853567568641,-79.9371149976655,-68.0000018408726));
#8141=CARTESIAN_POINT('Ctrl Pts',(67.4868490961516,-80.0173724696634,-68.0000019816255));
#8142=CARTESIAN_POINT('Ctrl Pts',(67.487311301663,-80.0842657566306,-68.0000020781438));
#8143=CARTESIAN_POINT('Ctrl Pts',(67.4872125204603,-80.1377748249468,-68.0000021826505));
#8144=CARTESIAN_POINT('Ctrl Pts',(67.4868008938883,-80.1912835173081,-68.0000022830863));
#8145=CARTESIAN_POINT('Ctrl Pts',(67.4861420448801,-80.2313981621327,-68.0000023095059));
#8146=CARTESIAN_POINT('Ctrl Pts',(67.4848667791335,-80.2885378930179,-68.0000023455465));
#8147=CARTESIAN_POINT('Ctrl Pts',(67.4829700038597,-80.3511550494453,-68.000002779883));
#8148=CARTESIAN_POINT('Ctrl Pts',(67.4779546626313,-80.4751815398334,-68.0000035743934));
#8149=CARTESIAN_POINT('Ctrl Pts',(67.4691217469096,-80.6304934629918,-68.0000039287619));
#8150=CARTESIAN_POINT('Ctrl Pts',(67.4545500164627,-80.8160195763195,-68.0000046932029));
#8151=CARTESIAN_POINT('Ctrl Pts',(67.4298137095303,-81.0626326355993,-68.0000047485878));
#8152=CARTESIAN_POINT('Ctrl Pts',(67.38905612605,-81.3686084853497,-68.0000042934661));
#8153=CARTESIAN_POINT('Ctrl Pts',(67.3460944922826,-81.6112620561716,-68.0000025917392));
#8154=CARTESIAN_POINT('Ctrl Pts',(67.3178316486318,-81.7527250534651,-68.0000017394204));
#8155=CARTESIAN_POINT('Ctrl Pts',(67.3094691298985,-81.7937284295719,-68.0000018429131));
#8156=CARTESIAN_POINT('Ctrl Pts',(67.2926938642347,-81.874336777665,-68.0000018128341));
#8157=CARTESIAN_POINT('Ctrl Pts',(67.2774112892154,-81.9452673421752,-68.0000018152799));
#8158=CARTESIAN_POINT('Ctrl Pts',(67.2651288582495,-82.0007505041867,-68.0000018352007));
#8159=CARTESIAN_POINT('Ctrl Pts',(67.2606234242025,-82.0209372050536,-68.0000018470029));
#8160=CARTESIAN_POINT('Ctrl Pts',(67.2538323234268,-82.0512028258033,-68.0000018633605));
#8161=CARTESIAN_POINT('Ctrl Pts',(67.23892828987,-82.1167487437915,-68.0000018842051));
#8162=CARTESIAN_POINT('Ctrl Pts',(67.2058522394945,-82.2577353304646,-68.0000019210415));
#8163=CARTESIAN_POINT('Ctrl Pts',(67.1658288363578,-82.4183999319547,-68.0000018554665));
#8164=CARTESIAN_POINT('Ctrl Pts',(67.123586987934,-82.5785574214335,-68.0000019162921));
#8165=CARTESIAN_POINT('Ctrl Pts',(67.0580307307709,-82.8181985417532,-68.000001987093));
#8166=CARTESIAN_POINT('Ctrl Pts',(66.9513805786111,-83.1757427178703,-68.0000018721681));
#8167=CARTESIAN_POINT('Ctrl Pts',(66.6327712132061,-84.1163662128324,-68.0000019288582));
#8168=CARTESIAN_POINT('Ctrl Pts',(65.7566411920259,-86.092888221083,-68.0000003573611));
#8169=CARTESIAN_POINT('Ctrl Pts',(64.1455982471549,-88.2641270872311,-68.0000009819203));
#8170=CARTESIAN_POINT('Ctrl Pts',(62.1337174795163,-89.9974135772703,-68.0000005319445));
#8171=CARTESIAN_POINT('Ctrl Pts',(60.7154973732246,-90.898329766448,-68.0000011980647));
#8172=CARTESIAN_POINT('Ctrl Pts',(59.5213513251912,-91.4806786884692,-68.0000013235919));
#8173=CARTESIAN_POINT('Ctrl Pts',(58.8308495486691,-91.7577957063316,-68.0000018986963));
#8174=CARTESIAN_POINT('Ctrl Pts',(58.3615322423737,-91.921499813156,-68.0000018509355));
#8175=CARTESIAN_POINT('Ctrl Pts',(58.046732987438,-92.0249116713797,-68.0000017940186));
#8176=CARTESIAN_POINT('Ctrl Pts',(57.7290985636565,-92.1196570596008,-68.0000021307119));
#8177=CARTESIAN_POINT('Ctrl Pts',(57.4691514709818,-92.189493829523,-68.000002164006));
#8178=CARTESIAN_POINT('Ctrl Pts',(57.3488456612752,-92.2203450090514,-68.0000021249276));
#8179=CARTESIAN_POINT('Ctrl Pts',(57.2886310117057,-92.2354933869683,-68.0000021028587));
#8180=CARTESIAN_POINT('Ctrl Pts',(57.2283532680127,-92.2503647732852,-68.0000020829156));
#8181=CARTESIAN_POINT('Ctrl Pts',(57.0272468601897,-92.299006092158,-68.0000020259675));
#8182=CARTESIAN_POINT('Ctrl Pts',(56.8454461393161,-92.3390229195957,-68.0000028534315));
#8183=CARTESIAN_POINT('Ctrl Pts',(56.6521155094512,-92.377893886025,-68.0000030744881));
#8184=CARTESIAN_POINT('Ctrl Pts',(56.592051968795,-92.38951856182,-68.0000034216169));
#8185=CARTESIAN_POINT('Ctrl Pts',(56.4703363635926,-92.411786000954,-68.0000039135444));
#8186=CARTESIAN_POINT('Ctrl Pts',(56.2574513482856,-92.4471294515405,-68.0000047370505));
#8187=CARTESIAN_POINT('Ctrl Pts',(55.8292334115169,-92.5041722086617,-68.000005319397));
#8188=CARTESIAN_POINT('Ctrl Pts',(55.4560653622091,-92.52947729942,-68.000006135559));
#8189=CARTESIAN_POINT('Ctrl Pts',(55.1807508740158,-92.5360677796348,-68.0000054241108));
#8190=CARTESIAN_POINT('Ctrl Pts',(55.1276357125457,-92.5369003884236,-68.0000054074049));
#8191=CARTESIAN_POINT('Ctrl Pts',(55.0202814444627,-92.5374310111403,-68.0000052496877));
#8192=CARTESIAN_POINT('Ctrl Pts',(54.8329990994821,-92.5350124036459,-68.0000051826127));
#8193=CARTESIAN_POINT('Ctrl Pts',(54.5653242874032,-92.5221854915338,-68.0000059300792));
#8194=CARTESIAN_POINT('Ctrl Pts',(54.2459551269128,-92.4918770070964,-68.0000059093828));
#8195=CARTESIAN_POINT('Ctrl Pts',(53.8229349528376,-92.4316712415464,-68.0000062973037));
#8196=CARTESIAN_POINT('Ctrl Pts',(53.4076490092931,-92.3427330739725,-68.0000073338543));
#8197=CARTESIAN_POINT('Ctrl Pts',(53.0484494107151,-92.2392435204257,-68.0000058015824));
#8198=CARTESIAN_POINT('Ctrl Pts',(52.845089688269,-92.1728341819251,-68.0000040855074));
#8199=CARTESIAN_POINT('Ctrl Pts',(52.5421387623719,-92.0659901434681,-68.0000014296988));
#8200=CARTESIAN_POINT('Ctrl Pts',(52.0964545451739,-91.8788564589434,-68.0000057780969));
#8201=CARTESIAN_POINT('Ctrl Pts',(51.5285258349623,-91.5747877069973,-67.9999996587068));
#8202=CARTESIAN_POINT('Ctrl Pts',(50.9952598118628,-91.2218391229778,-68.000002140012));
#8203=CARTESIAN_POINT('Ctrl Pts',(50.6620720422126,-90.9538258692822,-68.0000009741814));
#8204=CARTESIAN_POINT('Ctrl Pts',(50.4533533033276,-90.7691628636973,-67.9999985773831));
#8205=CARTESIAN_POINT('Ctrl Pts',(50.3560217720892,-90.6811104922629,-67.9999964719115));
#8206=CARTESIAN_POINT('Ctrl Pts',(50.1668957631265,-90.5008475620541,-67.9999900141009));
#8207=CARTESIAN_POINT('Ctrl Pts',(49.8468188509029,-90.1710362061057,-67.9999862022477));
#8208=CARTESIAN_POINT('Ctrl Pts',(49.2618647549331,-89.4694762220236,-67.9999801871757));
#8209=CARTESIAN_POINT('Ctrl Pts',(48.2985852515288,-87.8760189798814,-67.999967239871));
#8210=CARTESIAN_POINT('Ctrl Pts',(47.9094573340337,-86.311291213312,-68.0000017546154));
#8211=CARTESIAN_POINT('Ctrl Pts',(47.8575379650649,-85.2606336291346,-68.));
#8212=CARTESIAN_POINT('Ctrl Pts',(60.1232639052292,-74.6958284254036,-67.5888465429483));
#8213=CARTESIAN_POINT('Ctrl Pts',(60.9446020348088,-74.7376104302554,-67.5883464189683));
#8214=CARTESIAN_POINT('Ctrl Pts',(62.5756223156419,-75.1607898465197,-67.5819483179075));
#8215=CARTESIAN_POINT('Ctrl Pts',(63.8786804186073,-76.191528475481,-67.5658822389761));
#8216=CARTESIAN_POINT('Ctrl Pts',(64.4341326267633,-76.8565051638091,-67.5563146058159));
#8217=CARTESIAN_POINT('Ctrl Pts',(64.5303476807105,-76.9753793251462,-67.5549806760185));
#8218=CARTESIAN_POINT('Ctrl Pts',(64.7144966646093,-77.2265699122038,-67.552169470051));
#8219=CARTESIAN_POINT('Ctrl Pts',(65.0036031172354,-77.6818557002215,-67.5478389862147));
#8220=CARTESIAN_POINT('Ctrl Pts',(65.2966087710562,-78.3225241828341,-67.5432254228957));
#8221=CARTESIAN_POINT('Ctrl Pts',(65.460859746718,-78.918095739484,-67.5403896056478));
#8222=CARTESIAN_POINT('Ctrl Pts',(65.5225065326614,-79.2572110022012,-67.5392062474107));
#8223=CARTESIAN_POINT('Ctrl Pts',(65.5448785200606,-79.4094671579799,-67.5387451989427));
#8224=CARTESIAN_POINT('Ctrl Pts',(65.5567030084206,-79.5049118605674,-67.5384854903301));
#8225=CARTESIAN_POINT('Ctrl Pts',(65.5648742636698,-79.5814941849499,-67.5382946274386));
#8226=CARTESIAN_POINT('Ctrl Pts',(65.5703530555509,-79.6390133684342,-67.5381599757435));
#8227=CARTESIAN_POINT('Ctrl Pts',(65.5751827851863,-79.6966201102067,-67.5380337828286));
#8228=CARTESIAN_POINT('Ctrl Pts',(65.582145980377,-79.792747076957,-67.5378376608744));
#8229=CARTESIAN_POINT('Ctrl Pts',(65.5869413732611,-79.889184126113,-67.5376686077061));
#8230=CARTESIAN_POINT('Ctrl Pts',(65.5895428191662,-79.9856304363544,-67.5375292327128));
#8231=CARTESIAN_POINT('Ctrl Pts',(65.5904479732292,-80.0435142329558,-67.5374542363279));
#8232=CARTESIAN_POINT('Ctrl Pts',(65.5906547774819,-80.0917617675333,-67.5373987424206));
#8233=CARTESIAN_POINT('Ctrl Pts',(65.5904923311308,-80.1303467152196,-67.5373588598379));
#8234=CARTESIAN_POINT('Ctrl Pts',(65.590109788256,-80.1689402098808,-67.5373214799205));
#8235=CARTESIAN_POINT('Ctrl Pts',(65.5895805928507,-80.1978539542311,-67.5372974722928));
#8236=CARTESIAN_POINT('Ctrl Pts',(65.5885818522631,-80.2391221723952,-67.5372631713644));
#8237=CARTESIAN_POINT('Ctrl Pts',(65.5866681842193,-80.2885750701195,-67.5370727606543));
#8238=CARTESIAN_POINT('Ctrl Pts',(65.5822279632269,-80.3840672305229,-67.5368195377002));
#8239=CARTESIAN_POINT('Ctrl Pts',(65.5747187525216,-80.5047403806742,-67.5365191177205));
#8240=CARTESIAN_POINT('Ctrl Pts',(65.5628975638962,-80.6481835546089,-67.536277645596));
#8241=CARTESIAN_POINT('Ctrl Pts',(65.5433177518233,-80.839033259816,-67.5360684878624));
#8242=CARTESIAN_POINT('Ctrl Pts',(65.5116115072891,-81.0762369621829,-67.53602882961));
#8243=CARTESIAN_POINT('Ctrl Pts',(65.4790492155262,-81.2633244958228,-67.5362485935159));
#8244=CARTESIAN_POINT('Ctrl Pts',(65.4570636254215,-81.3751241668841,-67.5363974151868));
#8245=CARTESIAN_POINT('Ctrl Pts',(65.4495954575191,-81.4114666714323,-67.5363705083163));
#8246=CARTESIAN_POINT('Ctrl Pts',(65.4353054632427,-81.4800890366883,-67.5363679556744));
#8247=CARTESIAN_POINT('Ctrl Pts',(65.4220374728646,-81.5415011165691,-67.5363475693642));
#8248=CARTESIAN_POINT('Ctrl Pts',(65.4114739136632,-81.5891285488225,-67.5363389871272));
#8249=CARTESIAN_POINT('Ctrl Pts',(65.4075900833158,-81.6064939519022,-67.5363352167779));
#8250=CARTESIAN_POINT('Ctrl Pts',(65.4017401875119,-81.6325123694577,-67.5363298809754));
#8251=CARTESIAN_POINT('Ctrl Pts',(65.3888992808895,-81.6888741278056,-67.5363181456495));
#8252=CARTESIAN_POINT('Ctrl Pts',(65.3604065515646,-81.810096877838,-67.5362933411762));
#8253=CARTESIAN_POINT('Ctrl Pts',(65.3259310707951,-81.9482623636912,-67.5362654439331));
#8254=CARTESIAN_POINT('Ctrl Pts',(65.2895518735872,-82.0859679734943,-67.5362384737906));
#8255=CARTESIAN_POINT('Ctrl Pts',(65.2330968371974,-82.2920204193394,-67.5361986809966));
#8256=CARTESIAN_POINT('Ctrl Pts',(65.141263479767,-82.599492336298,-67.5361413382759));
#8257=CARTESIAN_POINT('Ctrl Pts',(64.8669704338003,-83.408342121078,-67.5360004642351));
#8258=CARTESIAN_POINT('Ctrl Pts',(64.1129165003584,-85.1084033049824,-67.5357543177848));
#8259=CARTESIAN_POINT('Ctrl Pts',(62.7269604557877,-86.975711021901,-67.535633184334));
#8260=CARTESIAN_POINT('Ctrl Pts',(60.9965195444001,-88.4668350930096,-67.5356926875089));
#8261=CARTESIAN_POINT('Ctrl Pts',(59.7768937767599,-89.2418257687599,-67.535804646989));
#8262=CARTESIAN_POINT('Ctrl Pts',(58.7500089714336,-89.7429594333278,-67.5359391232578));
#8263=CARTESIAN_POINT('Ctrl Pts',(58.1562319265044,-89.9814667300196,-67.5360298542228));
#8264=CARTESIAN_POINT('Ctrl Pts',(57.752709409129,-90.1223787924711,-67.5360983111105));
#8265=CARTESIAN_POINT('Ctrl Pts',(57.4820492352788,-90.2113982168437,-67.5361458423679));
#8266=CARTESIAN_POINT('Ctrl Pts',(57.2089488949485,-90.2929683699144,-67.5361951906307));
#8267=CARTESIAN_POINT('Ctrl Pts',(56.9854580111495,-90.3531046023567,-67.5362380754082));
#8268=CARTESIAN_POINT('Ctrl Pts',(56.8820213471538,-90.379674816388,-67.5362584700383));
#8269=CARTESIAN_POINT('Ctrl Pts',(56.8302523634946,-90.3927211275844,-67.5362687202489));
#8270=CARTESIAN_POINT('Ctrl Pts',(56.7784237081236,-90.4055306813527,-67.5362791505066));
#8271=CARTESIAN_POINT('Ctrl Pts',(56.6055506952675,-90.4474192342163,-67.5363133990646));
#8272=CARTESIAN_POINT('Ctrl Pts',(56.4491069996787,-90.4819031022208,-67.5363472182745));
#8273=CARTESIAN_POINT('Ctrl Pts',(56.2832886667162,-90.5152963841708,-67.5363752574413));
#8274=CARTESIAN_POINT('Ctrl Pts',(56.23790728418,-90.5238569992171,-67.5362825267314));
#8275=CARTESIAN_POINT('Ctrl Pts',(56.1430114561357,-90.5409867164139,-67.5361750841228));
#8276=CARTESIAN_POINT('Ctrl Pts',(55.9785363204593,-90.5679490690675,-67.5360419406686));
#8277=CARTESIAN_POINT('Ctrl Pts',(55.6473672436096,-90.612195693354,-67.5360737940133));
#8278=CARTESIAN_POINT('Ctrl Pts',(55.3574583005628,-90.6331153130241,-67.5367029514962));
#8279=CARTESIAN_POINT('Ctrl Pts',(55.1463100127697,-90.6395700578857,-67.5373349433007));
#8280=CARTESIAN_POINT('Ctrl Pts',(55.1089751135793,-90.6401403866194,-67.5373309259508));
#8281=CARTESIAN_POINT('Ctrl Pts',(55.0309922045727,-90.6407587801883,-67.537429671758));
#8282=CARTESIAN_POINT('Ctrl Pts',(54.8962937511571,-90.6393445887178,-67.5375805172456));
#8283=CARTESIAN_POINT('Ctrl Pts',(54.7028589742163,-90.6308324674313,-67.5379142000262));
#8284=CARTESIAN_POINT('Ctrl Pts',(54.4724705533986,-90.6101278389971,-67.5384322834826));
#8285=CARTESIAN_POINT('Ctrl Pts',(54.1668096143517,-90.5686455985802,-67.5393153673655));
#8286=CARTESIAN_POINT('Ctrl Pts',(53.8664202791932,-90.5069606008269,-67.5404558028197));
#8287=CARTESIAN_POINT('Ctrl Pts',(53.6059970742839,-90.4348967290828,-67.5416998233381));
#8288=CARTESIAN_POINT('Ctrl Pts',(53.45852833667,-90.3886083549821,-67.5424726201817));
#8289=CARTESIAN_POINT('Ctrl Pts',(53.2387923418082,-90.3140938374352,-67.5436940009499));
#8290=CARTESIAN_POINT('Ctrl Pts',(52.9144019981983,-90.1830686768005,-67.5457896448536));
#8291=CARTESIAN_POINT('Ctrl Pts',(52.499535257832,-89.9696403154288,-67.5490896839871));
#8292=CARTESIAN_POINT('Ctrl Pts',(52.107088828134,-89.7204198754569,-67.5528828527599));
#8293=CARTESIAN_POINT('Ctrl Pts',(51.8608695505924,-89.5307674979914,-67.5556918554068));
#8294=CARTESIAN_POINT('Ctrl Pts',(51.7058468351903,-89.3996780783516,-67.5576347422436));
#8295=CARTESIAN_POINT('Ctrl Pts',(51.6296352851341,-89.334356453879,-67.5587941546752));
#8296=CARTESIAN_POINT('Ctrl Pts',(51.4832718622277,-89.2016697216017,-67.5609304434183));
#8297=CARTESIAN_POINT('Ctrl Pts',(51.233107404735,-88.9564920503583,-67.564686603193));
#8298=CARTESIAN_POINT('Ctrl Pts',(50.7729189280666,-88.4299073208917,-67.5716525954467));
#8299=CARTESIAN_POINT('Ctrl Pts',(50.0049984890589,-87.2154507797224,-67.5834584910137));
#8300=CARTESIAN_POINT('Ctrl Pts',(49.6876664788156,-85.9939488359318,-67.5883463680645));
#8301=CARTESIAN_POINT('Ctrl Pts',(49.6459151711831,-85.1731815933929,-67.5888465187449));
#8302=CARTESIAN_POINT('Ctrl Pts',(59.9999099793293,-77.2182123041567,-65.5818599573182));
#8303=CARTESIAN_POINT('Ctrl Pts',(60.4975046620574,-77.2449496932946,-65.5790718048557));
#8304=CARTESIAN_POINT('Ctrl Pts',(61.4785275550054,-77.519752217551,-65.5434457094796));
#8305=CARTESIAN_POINT('Ctrl Pts',(62.2096560640939,-78.1651808128997,-65.4543162720984));
#8306=CARTESIAN_POINT('Ctrl Pts',(62.4921169235736,-78.5452130721545,-65.4014615523383));
#8307=CARTESIAN_POINT('Ctrl Pts',(62.5329252898203,-78.6021760914047,-65.3940876378499));
#8308=CARTESIAN_POINT('Ctrl Pts',(62.6163243599551,-78.7296210565093,-65.3785621740316));
#8309=CARTESIAN_POINT('Ctrl Pts',(62.7427219775956,-78.9528825881847,-65.3546665123869));
#8310=CARTESIAN_POINT('Ctrl Pts',(62.8701333418531,-79.2632648663994,-65.3292498429303));
#8311=CARTESIAN_POINT('Ctrl Pts',(62.9397868987905,-79.5472393133241,-65.3136486342441));
#8312=CARTESIAN_POINT('Ctrl Pts',(62.9655863899965,-79.7078859283117,-65.3071361927585));
#8313=CARTESIAN_POINT('Ctrl Pts',(62.9748348767517,-79.7799104292833,-65.3045998379262));
#8314=CARTESIAN_POINT('Ctrl Pts',(62.9796786822637,-79.825015017975,-65.3031710504304));
#8315=CARTESIAN_POINT('Ctrl Pts',(62.9829915201418,-79.8611860547465,-65.3021210675271));
#8316=CARTESIAN_POINT('Ctrl Pts',(62.9851938161377,-79.8883441626867,-65.3013803274175));
#8317=CARTESIAN_POINT('Ctrl Pts',(62.9871135492459,-79.9155360923431,-65.3006861529522));
#8318=CARTESIAN_POINT('Ctrl Pts',(62.9898409690391,-79.9608997911956,-65.2996073258419));
#8319=CARTESIAN_POINT('Ctrl Pts',(62.9916238026849,-80.006407782922,-65.2986777583642));
#8320=CARTESIAN_POINT('Ctrl Pts',(62.9924558973843,-80.0519010472532,-65.2979111902388));
#8321=CARTESIAN_POINT('Ctrl Pts',(62.9926703897032,-80.0792007768587,-65.2974987196871));
#8322=CARTESIAN_POINT('Ctrl Pts',(62.9926110120341,-80.1019614528093,-65.2971935163497));
#8323=CARTESIAN_POINT('Ctrl Pts',(62.9924216318704,-80.1201559789354,-65.2969741625378));
#8324=CARTESIAN_POINT('Ctrl Pts',(62.9921351894571,-80.1383725144473,-65.2967685736987));
#8325=CARTESIAN_POINT('Ctrl Pts',(62.9918188955067,-80.1519768534053,-65.2966365449459));
#8326=CARTESIAN_POINT('Ctrl Pts',(62.9912491332578,-80.1715514917205,-65.2964479094883));
#8327=CARTESIAN_POINT('Ctrl Pts',(62.9895995291522,-80.2029845735227,-65.2954007187095));
#8328=CARTESIAN_POINT('Ctrl Pts',(62.9863283787086,-80.2595103029475,-65.2940081184877));
#8329=CARTESIAN_POINT('Ctrl Pts',(62.9810791410245,-80.3327558929838,-65.2923562275644));
#8330=CARTESIAN_POINT('Ctrl Pts',(62.9733785635587,-80.4187651399372,-65.2910284533489));
#8331=CARTESIAN_POINT('Ctrl Pts',(62.9611566210539,-80.5333465135397,-65.2898785819041));
#8332=CARTESIAN_POINT('Ctrl Pts',(62.9418654453184,-80.6765364935301,-65.2896606909501));
#8333=CARTESIAN_POINT('Ctrl Pts',(62.9231847617969,-80.7873942100564,-65.2908692966514));
#8334=CARTESIAN_POINT('Ctrl Pts',(62.9095520618387,-80.8585402639073,-65.2916877345353));
#8335=CARTESIAN_POINT('Ctrl Pts',(62.9033446866627,-80.8885320065514,-65.2915397754709));
#8336=CARTESIAN_POINT('Ctrl Pts',(62.892451688047,-80.9407803359484,-65.2915257500098));
#8337=CARTESIAN_POINT('Ctrl Pts',(62.881966015636,-80.9891800105818,-65.2914136680722));
#8338=CARTESIAN_POINT('Ctrl Pts',(62.873761746816,-81.0260834927756,-65.2913664791323));
#8339=CARTESIAN_POINT('Ctrl Pts',(62.8707320487693,-81.0395985687231,-65.2913457472276));
#8340=CARTESIAN_POINT('Ctrl Pts',(62.8661748896608,-81.0598204998823,-65.2913164075457));
#8341=CARTESIAN_POINT('Ctrl Pts',(62.8561686140779,-81.1036413295784,-65.2912518830329));
#8342=CARTESIAN_POINT('Ctrl Pts',(62.833971512585,-81.1978738675045,-65.2911155025226));
#8343=CARTESIAN_POINT('Ctrl Pts',(62.8071222427845,-81.3052617588656,-65.2909621437234));
#8344=CARTESIAN_POINT('Ctrl Pts',(62.7787874407987,-81.4123164486773,-65.2908138525684));
#8345=CARTESIAN_POINT('Ctrl Pts',(62.7348216218027,-81.5725017625538,-65.2905950629551));
#8346=CARTESIAN_POINT('Ctrl Pts',(62.6633305470845,-81.8114795763998,-65.2902798300267));
#8347=CARTESIAN_POINT('Ctrl Pts',(62.4498457142305,-82.4402156411311,-65.2895053265987));
#8348=CARTESIAN_POINT('Ctrl Pts',(61.863289812779,-83.7612964428564,-65.2881523931355));
#8349=CARTESIAN_POINT('Ctrl Pts',(60.7858002856853,-85.2128521105024,-65.2874863499761));
#8350=CARTESIAN_POINT('Ctrl Pts',(59.4407229811716,-86.3719612955298,-65.2878135245941));
#8351=CARTESIAN_POINT('Ctrl Pts',(58.4928751002425,-86.9746632057942,-65.2884288575034));
#8352=CARTESIAN_POINT('Ctrl Pts',(57.6948094074727,-87.3644326456935,-65.2891680937742));
#8353=CARTESIAN_POINT('Ctrl Pts',(57.2335666829443,-87.5499464875099,-65.2896667308631));
#8354=CARTESIAN_POINT('Ctrl Pts',(56.9199239995162,-87.659616999694,-65.2900430814193));
#8355=CARTESIAN_POINT('Ctrl Pts',(56.7095399077902,-87.7289117703213,-65.2903043981409));
#8356=CARTESIAN_POINT('Ctrl Pts',(56.4974499927416,-87.7923743534217,-65.2905755856362));
#8357=CARTESIAN_POINT('Ctrl Pts',(56.3237789863002,-87.8391947207199,-65.2908113331574));
#8358=CARTESIAN_POINT('Ctrl Pts',(56.2433732008757,-87.8598894937125,-65.2909234657068));
#8359=CARTESIAN_POINT('Ctrl Pts',(56.2031332221222,-87.870050927285,-65.2909798235157));
#8360=CARTESIAN_POINT('Ctrl Pts',(56.1628392316638,-87.8800301354633,-65.2910371705146));
#8361=CARTESIAN_POINT('Ctrl Pts',(56.02851262076,-87.9126489217487,-65.291225470875));
#8362=CARTESIAN_POINT('Ctrl Pts',(55.9069756139767,-87.9395087320829,-65.2914110923111));
#8363=CARTESIAN_POINT('Ctrl Pts',(55.7788027987484,-87.9653775595624,-65.2915651578123));
#8364=CARTESIAN_POINT('Ctrl Pts',(55.7534975951627,-87.9698935694935,-65.2910552450754));
#8365=CARTESIAN_POINT('Ctrl Pts',(55.6952723315739,-87.9801702173832,-65.2904644205444));
#8366=CARTESIAN_POINT('Ctrl Pts',(55.596992450877,-87.9958931252071,-65.2897322095113));
#8367=CARTESIAN_POINT('Ctrl Pts',(55.3984300056359,-88.0226290538214,-65.2899070991123));
#8368=CARTESIAN_POINT('Ctrl Pts',(55.2226525431815,-88.0366438719924,-65.293365395365));
#8369=CARTESIAN_POINT('Ctrl Pts',(55.0993863541531,-88.0419748437566,-65.2968408676841));
#8370=CARTESIAN_POINT('Ctrl Pts',(55.0835984053432,-88.0421927433224,-65.2968187849998));
#8371=CARTESIAN_POINT('Ctrl Pts',(55.0457607167205,-88.0427845876767,-65.2973618348661));
#8372=CARTESIAN_POINT('Ctrl Pts',(54.9829583005076,-88.0425239154031,-65.298191356123));
#8373=CARTESIAN_POINT('Ctrl Pts',(54.8912226993101,-88.039449327195,-65.3000260064227));
#8374=CARTESIAN_POINT('Ctrl Pts',(54.7827204332086,-88.0311343865474,-65.3028753668991));
#8375=CARTESIAN_POINT('Ctrl Pts',(54.6380479936159,-88.0140241402448,-65.3077326048692));
#8376=CARTESIAN_POINT('Ctrl Pts',(54.4956847396669,-87.9880758865478,-65.3140066492418));
#8377=CARTESIAN_POINT('Ctrl Pts',(54.3712284251981,-87.9573189525539,-65.3208544549973));
#8378=CARTESIAN_POINT('Ctrl Pts',(54.3007568374723,-87.9375126894799,-65.3251098030284));
#8379=CARTESIAN_POINT('Ctrl Pts',(54.1957585969919,-87.9056113336647,-65.3318361042918));
#8380=CARTESIAN_POINT('Ctrl Pts',(54.0396600835833,-87.8490167202185,-65.3433754791966));
#8381=CARTESIAN_POINT('Ctrl Pts',(53.8376514372692,-87.7559174338879,-65.361568848116));
#8382=CARTESIAN_POINT('Ctrl Pts',(53.6429344028963,-87.6453059259072,-65.3824925544474));
#8383=CARTESIAN_POINT('Ctrl Pts',(53.519646065676,-87.5608162258768,-65.3980046046974));
#8384=CARTESIAN_POINT('Ctrl Pts',(53.4408934560032,-87.5017454235161,-65.4087419230354));
#8385=CARTESIAN_POINT('Ctrl Pts',(53.3951055611032,-87.4666414777447,-65.4151513379254));
#8386=CARTESIAN_POINT('Ctrl Pts',(53.3101489840165,-87.397539297541,-65.426968918366));
#8387=CARTESIAN_POINT('Ctrl Pts',(53.1611234089126,-87.2660951914124,-65.4477516639757));
#8388=CARTESIAN_POINT('Ctrl Pts',(52.8826373340581,-86.9767899085694,-65.486337309612));
#8389=CARTESIAN_POINT('Ctrl Pts',(52.4032401522931,-86.2836644835772,-65.5518952697089));
#8390=CARTESIAN_POINT('Ctrl Pts',(52.195022258461,-85.5471644762282,-65.5790715212859));
#8391=CARTESIAN_POINT('Ctrl Pts',(52.1682995177552,-85.0498364482656,-65.5818598225835));
#8392=CARTESIAN_POINT('Ctrl Pts',(59.9614892449619,-78.003852811917,-63.345801347361));
#8393=CARTESIAN_POINT('Ctrl Pts',(60.3574310412304,-78.0245043115156,-63.3409448479191));
#8394=CARTESIAN_POINT('Ctrl Pts',(61.1393818889201,-78.2346622510332,-63.2788053395356));
#8395=CARTESIAN_POINT('Ctrl Pts',(61.7295751037112,-78.7287892258906,-63.1248399675947));
#8396=CARTESIAN_POINT('Ctrl Pts',(61.9572150175621,-79.0119735122761,-63.0342892114754));
#8397=CARTESIAN_POINT('Ctrl Pts',(61.9854179744036,-79.0492259631612,-63.0216548266464));
#8398=CARTESIAN_POINT('Ctrl Pts',(62.0474461219163,-79.137786275578,-62.9950902046477));
#8399=CARTESIAN_POINT('Ctrl Pts',(62.140032250317,-79.2912583680905,-62.9542731595567));
#8400=CARTESIAN_POINT('Ctrl Pts',(62.2360306264144,-79.5091258258774,-62.9109970847469));
#8401=CARTESIAN_POINT('Ctrl Pts',(62.2895157839482,-79.7108510687731,-62.8845066554996));
#8402=CARTESIAN_POINT('Ctrl Pts',(62.3093339230992,-79.8245255350627,-62.8734435195683));
#8403=CARTESIAN_POINT('Ctrl Pts',(62.3165253414639,-79.8756304778876,-62.8691377374939));
#8404=CARTESIAN_POINT('Ctrl Pts',(62.3203111743505,-79.9076406135819,-62.866712141067));
#8405=CARTESIAN_POINT('Ctrl Pts',(62.3229178672832,-79.9333072972708,-62.8649297078741));
#8406=CARTESIAN_POINT('Ctrl Pts',(62.3246611623943,-79.9525855043872,-62.8636723004622));
#8407=CARTESIAN_POINT('Ctrl Pts',(62.3261937268535,-79.9718968570641,-62.8624940534048));
#8408=CARTESIAN_POINT('Ctrl Pts',(62.3283936836758,-80.0041210857331,-62.8606629926093));
#8409=CARTESIAN_POINT('Ctrl Pts',(62.3299094395847,-80.0366307370255,-62.8590869868568));
#8410=CARTESIAN_POINT('Ctrl Pts',(62.3306906725871,-80.0690019968218,-62.8577863420315));
#8411=CARTESIAN_POINT('Ctrl Pts',(62.3309458062853,-80.088429101924,-62.8570865405461));
#8412=CARTESIAN_POINT('Ctrl Pts',(62.3309794923691,-80.1046346221433,-62.8565687633007));
#8413=CARTESIAN_POINT('Ctrl Pts',(62.3308987330827,-80.1175775950901,-62.8561965730456));
#8414=CARTESIAN_POINT('Ctrl Pts',(62.3307452540565,-80.1305466715698,-62.8558477394439));
#8415=CARTESIAN_POINT('Ctrl Pts',(62.3305537482524,-80.1402182567607,-62.8556237949569));
#8416=CARTESIAN_POINT('Ctrl Pts',(62.3301942757185,-80.1542223206149,-62.8553038422522));
#8417=CARTESIAN_POINT('Ctrl Pts',(62.3291636596914,-80.1810825894466,-62.8535273126653));
#8418=CARTESIAN_POINT('Ctrl Pts',(62.3269240197443,-80.2276264778111,-62.8511647319938));
#8419=CARTESIAN_POINT('Ctrl Pts',(62.3231245709865,-80.2889077000311,-62.8483637119173));
#8420=CARTESIAN_POINT('Ctrl Pts',(62.3171767387043,-80.3602461646324,-62.8461117843397));
#8421=CARTESIAN_POINT('Ctrl Pts',(62.3074392231511,-80.4555350404714,-62.8441628848485));
#8422=CARTESIAN_POINT('Ctrl Pts',(62.2914389639796,-80.5748416273797,-62.8437944924345));
#8423=CARTESIAN_POINT('Ctrl Pts',(62.2756728633818,-80.6664144834312,-62.8458459096888));
#8424=CARTESIAN_POINT('Ctrl Pts',(62.2637573130569,-80.7271679051155,-62.8472347474524));
#8425=CARTESIAN_POINT('Ctrl Pts',(62.2579499617687,-80.7555402967807,-62.8469837645947));
#8426=CARTESIAN_POINT('Ctrl Pts',(62.2479355635877,-80.8036011800363,-62.8469600486763));
#8427=CARTESIAN_POINT('Ctrl Pts',(62.2382195223042,-80.8487009431183,-62.846770067713));
#8428=CARTESIAN_POINT('Ctrl Pts',(62.2306448391679,-80.8828606144535,-62.8466900477339));
#8429=CARTESIAN_POINT('Ctrl Pts',(62.2278450047183,-80.8953900465544,-62.8466548861087));
#8430=CARTESIAN_POINT('Ctrl Pts',(62.2236346831773,-80.9141280763264,-62.8466051263499));
#8431=CARTESIAN_POINT('Ctrl Pts',(62.2143879590522,-80.9547463275387,-62.8464957222154));
#8432=CARTESIAN_POINT('Ctrl Pts',(62.1938736074793,-81.0420905992046,-62.8462644986583));
#8433=CARTESIAN_POINT('Ctrl Pts',(62.1690459201934,-81.1416852041995,-62.8460046951961));
#8434=CARTESIAN_POINT('Ctrl Pts',(62.1428479921841,-81.2409113410555,-62.8457532473348));
#8435=CARTESIAN_POINT('Ctrl Pts',(62.1021884135158,-81.3893983386904,-62.8453822994857));
#8436=CARTESIAN_POINT('Ctrl Pts',(62.0360349231594,-81.6110491446435,-62.8448482616003));
#8437=CARTESIAN_POINT('Ctrl Pts',(61.8383938870009,-82.1940967484472,-62.8435355824961));
#8438=CARTESIAN_POINT('Ctrl Pts',(61.2947891394678,-83.4204426760189,-62.8412459883118));
#8439=CARTESIAN_POINT('Ctrl Pts',(60.2951625187351,-84.7671607970484,-62.8401163730232));
#8440=CARTESIAN_POINT('Ctrl Pts',(59.0470099702635,-85.8428759284324,-62.8406715541093));
#8441=CARTESIAN_POINT('Ctrl Pts',(58.1675837373009,-86.4015434532636,-62.8417129079045));
#8442=CARTESIAN_POINT('Ctrl Pts',(57.4272365735521,-86.7628228778896,-62.842965332848));
#8443=CARTESIAN_POINT('Ctrl Pts',(56.999214732416,-86.9347043196029,-62.8438092695744));
#8444=CARTESIAN_POINT('Ctrl Pts',(56.7084259572518,-87.0362171970262,-62.8444471737835));
#8445=CARTESIAN_POINT('Ctrl Pts',(56.5133969340791,-87.1003365319127,-62.8448901519651));
#8446=CARTESIAN_POINT('Ctrl Pts',(56.316638656323,-87.1590772436624,-62.8453491449053));
#8447=CARTESIAN_POINT('Ctrl Pts',(56.1556342854218,-87.2023749091336,-62.8457486485327));
#8448=CARTESIAN_POINT('Ctrl Pts',(56.0811102900574,-87.2215070715645,-62.845938774599));
#8449=CARTESIAN_POINT('Ctrl Pts',(56.0438168232602,-87.2308999605933,-62.8460343370106));
#8450=CARTESIAN_POINT('Ctrl Pts',(56.0064699250714,-87.2401241466766,-62.8461315727396));
#8451=CARTESIAN_POINT('Ctrl Pts',(55.8819912526005,-87.2702694606531,-62.8464508347933));
#8452=CARTESIAN_POINT('Ctrl Pts',(55.7690514924794,-87.2951012265801,-62.8467639597975));
#8453=CARTESIAN_POINT('Ctrl Pts',(55.6504191370705,-87.3189647871288,-62.847024705062));
#8454=CARTESIAN_POINT('Ctrl Pts',(55.6303110642859,-87.3227055515972,-62.846159781937));
#8455=CARTESIAN_POINT('Ctrl Pts',(55.5815115750656,-87.3315303907498,-62.8451575196301));
#8456=CARTESIAN_POINT('Ctrl Pts',(55.5001725866784,-87.344750149621,-62.843915098041));
#8457=CARTESIAN_POINT('Ctrl Pts',(55.3353775698279,-87.3669100936277,-62.844210426826));
#8458=CARTESIAN_POINT('Ctrl Pts',(55.1881024323615,-87.3772995464388,-62.8500700571733));
#8459=CARTESIAN_POINT('Ctrl Pts',(55.0871529843649,-87.3804957905337,-62.8559650662315));
#8460=CARTESIAN_POINT('Ctrl Pts',(55.0769282174219,-87.3806347555551,-62.8559276566989));
#8461=CARTESIAN_POINT('Ctrl Pts',(55.0494078499062,-87.3809312314493,-62.8568488862195));
#8462=CARTESIAN_POINT('Ctrl Pts',(55.0050850860375,-87.3805216591212,-62.8582558683249));
#8463=CARTESIAN_POINT('Ctrl Pts',(54.9393652661315,-87.3778357630668,-62.8613664047232));
#8464=CARTESIAN_POINT('Ctrl Pts',(54.8622917520147,-87.3711848549958,-62.8662005808168));
#8465=CARTESIAN_POINT('Ctrl Pts',(54.759314242445,-87.3577636639805,-62.8744431234804));
#8466=CARTESIAN_POINT('Ctrl Pts',(54.6582303996761,-87.337735746051,-62.8850943306978));
#8467=CARTESIAN_POINT('Ctrl Pts',(54.5701858971786,-87.3142757537501,-62.8967338678354));
#8468=CARTESIAN_POINT('Ctrl Pts',(54.5205887323859,-87.2992994794204,-62.9039714434305));
#8469=CARTESIAN_POINT('Ctrl Pts',(54.4469294721381,-87.2752844427717,-62.9154151035711));
#8470=CARTESIAN_POINT('Ctrl Pts',(54.337043763656,-87.2324620788197,-62.9350471998849));
#8471=CARTESIAN_POINT('Ctrl Pts',(54.1965189003592,-87.163201651053,-62.9660700385505));
#8472=CARTESIAN_POINT('Ctrl Pts',(54.0609585437943,-87.0808065325524,-63.0017983118855));
#8473=CARTESIAN_POINT('Ctrl Pts',(53.9764669703131,-87.0189535751976,-63.0283451849131));
#8474=CARTESIAN_POINT('Ctrl Pts',(53.922540504528,-86.975779460441,-63.04674485266));
#8475=CARTESIAN_POINT('Ctrl Pts',(53.8874381717219,-86.9466783934753,-63.0577337933049));
#8476=CARTESIAN_POINT('Ctrl Pts',(53.8239767219676,-86.8911781867263,-63.0780160818518));
#8477=CARTESIAN_POINT('Ctrl Pts',(53.7111603204749,-86.7845367249502,-63.1137190036105));
#8478=CARTESIAN_POINT('Ctrl Pts',(53.5000381511049,-86.5509708401849,-63.1801611650685));
#8479=CARTESIAN_POINT('Ctrl Pts',(53.1353443156839,-85.996503885349,-63.2935981697914));
#8480=CARTESIAN_POINT('Ctrl Pts',(52.9745819260199,-85.4071891898044,-63.3409443541225));
#8481=CARTESIAN_POINT('Ctrl Pts',(52.9539401047945,-85.0114184520717,-63.3458011127516));
#8482=CARTESIAN_POINT('Ctrl Pts',(59.9614968605239,-78.0036970862622,-61.9993052556571));
#8483=CARTESIAN_POINT('Ctrl Pts',(60.3583124528245,-78.0231021835883,-61.9936403877221));
#8484=CARTESIAN_POINT('Ctrl Pts',(61.1410623460297,-78.2159203014866,-61.9209957916796));
#8485=CARTESIAN_POINT('Ctrl Pts',(61.7655071967248,-78.6799059309917,-61.7427279891915));
#8486=CARTESIAN_POINT('Ctrl Pts',(62.0201692331272,-78.9556322462263,-61.6387708585071));
#8487=CARTESIAN_POINT('Ctrl Pts',(62.0530415529604,-78.9928547008318,-61.6242772430993));
#8488=CARTESIAN_POINT('Ctrl Pts',(62.1245698965944,-79.0814515320492,-61.593830427589));
#8489=CARTESIAN_POINT('Ctrl Pts',(62.2330325243918,-79.2377982534094,-61.5471221178466));
#8490=CARTESIAN_POINT('Ctrl Pts',(62.3472111068411,-79.4645946896888,-61.4977271983031));
#8491=CARTESIAN_POINT('Ctrl Pts',(62.4120868694802,-79.678726725877,-61.4675480397599));
#8492=CARTESIAN_POINT('Ctrl Pts',(62.4368506431535,-79.801112292988,-61.4549634658936));
#8493=CARTESIAN_POINT('Ctrl Pts',(62.4459046455191,-79.8561953621112,-61.4500657227882));
#8494=CARTESIAN_POINT('Ctrl Pts',(62.4507326266902,-79.8907617240654,-61.4473074213697));
#8495=CARTESIAN_POINT('Ctrl Pts',(62.4540943707928,-79.9185216639311,-61.4452808499053));
#8496=CARTESIAN_POINT('Ctrl Pts',(62.4563640455796,-79.939383531338,-61.4438513359161));
#8497=CARTESIAN_POINT('Ctrl Pts',(62.458381558139,-79.9602896965438,-61.4425118802985));
#8498=CARTESIAN_POINT('Ctrl Pts',(62.4613218386659,-79.9951950115337,-61.4404304586541));
#8499=CARTESIAN_POINT('Ctrl Pts',(62.4634232820182,-80.0302806240154,-61.4386379164334));
#8500=CARTESIAN_POINT('Ctrl Pts',(62.4646640159953,-80.0653816828378,-61.4371596062503));
#8501=CARTESIAN_POINT('Ctrl Pts',(62.465151899934,-80.0864549327723,-61.436364235457));
#8502=CARTESIAN_POINT('Ctrl Pts',(62.4653447029728,-80.1040351063926,-61.4357757555699));
#8503=CARTESIAN_POINT('Ctrl Pts',(62.4653699423774,-80.1180885185018,-61.4353528074242));
#8504=CARTESIAN_POINT('Ctrl Pts',(62.4653092857596,-80.1321691099769,-61.4349564109277));
#8505=CARTESIAN_POINT('Ctrl Pts',(62.4651686969137,-80.1426689194968,-61.4347018769563));
#8506=CARTESIAN_POINT('Ctrl Pts',(62.4648752461447,-80.1578465767801,-61.4343382213966));
#8507=CARTESIAN_POINT('Ctrl Pts',(62.464329672221,-80.1856588931992,-61.4323195125802));
#8508=CARTESIAN_POINT('Ctrl Pts',(62.4626916417186,-80.2343621026363,-61.4296355876636));
#8509=CARTESIAN_POINT('Ctrl Pts',(62.4595543475722,-80.2981484998958,-61.4264530546356));
#8510=CARTESIAN_POINT('Ctrl Pts',(62.4540112301152,-80.3727241576229,-61.4238956339552));
#8511=CARTESIAN_POINT('Ctrl Pts',(62.4444141303797,-80.4721387576311,-61.4216815689404));
#8512=CARTESIAN_POINT('Ctrl Pts',(62.4278222558426,-80.5965698830518,-61.4212623447527));
#8513=CARTESIAN_POINT('Ctrl Pts',(62.4107255167199,-80.6919626932102,-61.4235901228156));
#8514=CARTESIAN_POINT('Ctrl Pts',(62.3979656119507,-80.7547827396523,-61.425166803815));
#8515=CARTESIAN_POINT('Ctrl Pts',(62.3921572889279,-80.7835272511034,-61.4248817937754));
#8516=CARTESIAN_POINT('Ctrl Pts',(62.3819606130215,-80.8324891765133,-61.4248547996615));
#8517=CARTESIAN_POINT('Ctrl Pts',(62.3721439966901,-80.8782990743836,-61.4246389414443));
#8518=CARTESIAN_POINT('Ctrl Pts',(62.3644599242478,-80.9130587566289,-61.424548054108));
#8519=CARTESIAN_POINT('Ctrl Pts',(62.3616221317883,-80.9258048965957,-61.4245081220567));
#8520=CARTESIAN_POINT('Ctrl Pts',(62.357353403529,-80.9448689270077,-61.4244516109298));
#8521=CARTESIAN_POINT('Ctrl Pts',(62.3479796317684,-80.9861855807539,-61.4243273387023));
#8522=CARTESIAN_POINT('Ctrl Pts',(62.3271800679698,-81.0750302181773,-61.4240646821868));
#8523=CARTESIAN_POINT('Ctrl Pts',(62.3020105210734,-81.1762811368567,-61.4237693906348));
#8524=CARTESIAN_POINT('Ctrl Pts',(62.2754340792271,-81.2772231645768,-61.4234838032139));
#8525=CARTESIAN_POINT('Ctrl Pts',(62.2341856967835,-81.4282652163914,-61.4230624640943));
#8526=CARTESIAN_POINT('Ctrl Pts',(62.1670755310072,-81.6536084939199,-61.4224555393106));
#8527=CARTESIAN_POINT('Ctrl Pts',(61.9665046523485,-82.2465219650152,-61.4209643089514));
#8528=CARTESIAN_POINT('Ctrl Pts',(61.4146669328352,-83.4924914648954,-61.4183607627723));
#8529=CARTESIAN_POINT('Ctrl Pts',(60.3991186817145,-84.8616928700935,-61.4170787774484));
#8530=CARTESIAN_POINT('Ctrl Pts',(59.1305658572544,-85.9544435399137,-61.4177085972064));
#8531=CARTESIAN_POINT('Ctrl Pts',(58.2365717797848,-86.5222536467052,-61.4188925399435));
#8532=CARTESIAN_POINT('Ctrl Pts',(57.4838806132835,-86.8891129406586,-61.4203154415287));
#8533=CARTESIAN_POINT('Ctrl Pts',(57.0489396086976,-87.0635661441669,-61.4212750978797));
#8534=CARTESIAN_POINT('Ctrl Pts',(56.7531725869555,-87.1666226645576,-61.4219997204786));
#8535=CARTESIAN_POINT('Ctrl Pts',(56.5547841896888,-87.2317154492323,-61.4225028887099));
#8536=CARTESIAN_POINT('Ctrl Pts',(56.3548348375221,-87.2912893420883,-61.4230248925105));
#8537=CARTESIAN_POINT('Ctrl Pts',(56.1910949442002,-87.3352097449026,-61.4234788385114));
#8538=CARTESIAN_POINT('Ctrl Pts',(56.1152833786657,-87.3546161873947,-61.4236947898295));
#8539=CARTESIAN_POINT('Ctrl Pts',(56.0773437720073,-87.3641436182527,-61.4238033292925));
#8540=CARTESIAN_POINT('Ctrl Pts',(56.039351522559,-87.3734986835647,-61.4239137738946));
#8541=CARTESIAN_POINT('Ctrl Pts',(55.9127190717448,-87.4040724634662,-61.4242764205435));
#8542=CARTESIAN_POINT('Ctrl Pts',(55.7981351442291,-87.4292201394457,-61.4246334908917));
#8543=CARTESIAN_POINT('Ctrl Pts',(55.6774920234841,-87.4534253666733,-61.4249301021969));
#8544=CARTESIAN_POINT('Ctrl Pts',(55.6563179356906,-87.4576314351918,-61.4239479259835));
#8545=CARTESIAN_POINT('Ctrl Pts',(55.6055532292581,-87.4671172621923,-61.4228100098931));
#8546=CARTESIAN_POINT('Ctrl Pts',(55.5206564755791,-87.4813131233505,-61.42139984707));
#8547=CARTESIAN_POINT('Ctrl Pts',(55.3485693834233,-87.5043754838826,-61.4217362565433));
#8548=CARTESIAN_POINT('Ctrl Pts',(55.1953756747262,-87.5135327202628,-61.428394469427));
#8549=CARTESIAN_POINT('Ctrl Pts',(55.0898502700037,-87.5151478212822,-61.4350945010094));
#8550=CARTESIAN_POINT('Ctrl Pts',(55.0784378123555,-87.5153163831599,-61.4350519583673));
#8551=CARTESIAN_POINT('Ctrl Pts',(55.0487472052584,-87.5153578327923,-61.4360989564718));
#8552=CARTESIAN_POINT('Ctrl Pts',(55.0005692502329,-87.514498890834,-61.437698393812));
#8553=CARTESIAN_POINT('Ctrl Pts',(54.9296225890461,-87.5106902940106,-61.441236113473));
#8554=CARTESIAN_POINT('Ctrl Pts',(54.846332387533,-87.5020629613875,-61.4467336936085));
#8555=CARTESIAN_POINT('Ctrl Pts',(54.735485643451,-87.485147376773,-61.4561108651787));
#8556=CARTESIAN_POINT('Ctrl Pts',(54.6273005895987,-87.4604679206134,-61.4682351751388));
#8557=CARTESIAN_POINT('Ctrl Pts',(54.5334940833724,-87.4318644412566,-61.4814912995854));
#8558=CARTESIAN_POINT('Ctrl Pts',(54.4807731854611,-87.4136704602485,-61.4897367390576));
#8559=CARTESIAN_POINT('Ctrl Pts',(54.4026404512111,-87.384587530836,-61.5027779784462));
#8560=CARTESIAN_POINT('Ctrl Pts',(54.2876240382857,-87.3335504952484,-61.5251801537155));
#8561=CARTESIAN_POINT('Ctrl Pts',(54.1419402658485,-87.2514699928726,-61.5606170798991));
#8562=CARTESIAN_POINT('Ctrl Pts',(54.0045340373435,-87.1556783947046,-61.6015166249335));
#8563=CARTESIAN_POINT('Ctrl Pts',(53.9204259849443,-87.0845334883742,-61.6319632947113));
#8564=CARTESIAN_POINT('Ctrl Pts',(53.8673944225613,-87.0352432450597,-61.6530892110441));
#8565=CARTESIAN_POINT('Ctrl Pts',(53.8333748693604,-87.002961725773,-61.6657107819995));
#8566=CARTESIAN_POINT('Ctrl Pts',(53.7718440416273,-86.9414507376986,-61.6890232150242));
#8567=CARTESIAN_POINT('Ctrl Pts',(53.663357330778,-86.8249962642673,-61.7301202436976));
#8568=CARTESIAN_POINT('Ctrl Pts',(53.462139915907,-86.5747450619264,-61.8067810094509));
#8569=CARTESIAN_POINT('Ctrl Pts',(53.1202862643033,-85.9972392181823,-61.9382930704579));
#8570=CARTESIAN_POINT('Ctrl Pts',(52.9731796280885,-85.4080698485806,-61.9936398117589));
#8571=CARTESIAN_POINT('Ctrl Pts',(52.9537843177587,-85.0114260700918,-61.9993049819544));
#8572=CARTESIAN_POINT('',(52.9537878510259,-85.0114983098641,-61.9993039498354));
#8573=CARTESIAN_POINT('',(52.9537878510275,-93.197236268446,-68.));
#8574=CARTESIAN_POINT('Ctrl Pts',(52.9537878510259,-85.0114983098622,-61.9993039498354));
#8575=CARTESIAN_POINT('Ctrl Pts',(52.9537878510259,-85.0114258971864,-62.0298057196596));
#8576=CARTESIAN_POINT('Ctrl Pts',(52.953787851026,-85.0161516755905,-62.0591393708206));
#8577=CARTESIAN_POINT('Ctrl Pts',(52.953787851026,-85.0325335872408,-62.1180713057208));
#8578=CARTESIAN_POINT('Ctrl Pts',(52.9537878510259,-85.0443296959093,-62.1476132439136));
#8579=CARTESIAN_POINT('Ctrl Pts',(52.9537878510259,-85.0806331556293,-62.2265165990022));
#8580=CARTESIAN_POINT('Ctrl Pts',(52.9537878510259,-85.1128093893392,-62.2831953712502));
#8581=CARTESIAN_POINT('Ctrl Pts',(52.9537878510259,-85.2133419962251,-62.4467879528389));
#8582=CARTESIAN_POINT('Ctrl Pts',(52.9537878510259,-85.299590959525,-62.5734044382473));
#8583=CARTESIAN_POINT('Ctrl Pts',(52.9537878510259,-85.503196358173,-62.866910707589));
#8584=CARTESIAN_POINT('Ctrl Pts',(52.9537878510259,-85.6698323173011,-63.097000518484));
#8585=CARTESIAN_POINT('Ctrl Pts',(52.9537878510259,-86.1118087271352,-63.6927597030454));
#8586=CARTESIAN_POINT('Ctrl Pts',(52.9537878510259,-86.4337327240614,-64.1041100295049));
#8587=CARTESIAN_POINT('Ctrl Pts',(52.9537878510259,-87.2002800725227,-65.0035230238087));
#8588=CARTESIAN_POINT('Ctrl Pts',(52.9537878510259,-88.0015943620553,-65.8855182329409));
#8589=CARTESIAN_POINT('Ctrl Pts',(52.9537878510259,-89.653304956909,-67.0449098561464));
#8590=CARTESIAN_POINT('Ctrl Pts',(52.9537878510259,-90.3116609183043,-67.3926191856493));
#8591=CARTESIAN_POINT('Ctrl Pts',(52.9537878510259,-91.7249053824302,-67.8733283948105));
#8592=CARTESIAN_POINT('Ctrl Pts',(52.9537878510259,-92.4565548817912,-68.));
#8593=CARTESIAN_POINT('Ctrl Pts',(52.9537878510259,-93.1972362684451,-68.));
#8594=CARTESIAN_POINT('',(68.1472000343242,-78.0037012916131,-68.));
#8595=CARTESIAN_POINT('Ctrl Pts',(52.9537932091721,-93.197217270419,-68.0000000000001));
#8596=CARTESIAN_POINT('Ctrl Pts',(52.9895590589005,-93.2073045650264,-68.0000000000001));
#8597=CARTESIAN_POINT('Ctrl Pts',(53.2596092196777,-93.2813833151363,-68.0000000000001));
#8598=CARTESIAN_POINT('Ctrl Pts',(53.6504601950077,-93.3661967089031,-68.0000000000002));
#8599=CARTESIAN_POINT('Ctrl Pts',(54.132343638121,-93.4358048641833,-68.0000000000002));
#8600=CARTESIAN_POINT('Ctrl Pts',(54.4963385678785,-93.4709364581102,-68.0000000000003));
#8601=CARTESIAN_POINT('Ctrl Pts',(54.8012518875406,-93.4859332368475,-68.0000000000003));
#8602=CARTESIAN_POINT('Ctrl Pts',(55.0149020015462,-93.4888575317725,-68.0000000000004));
#8603=CARTESIAN_POINT('Ctrl Pts',(55.1369837732825,-93.4883720442634,-68.0000000000004));
#8604=CARTESIAN_POINT('Ctrl Pts',(55.1980099486534,-93.4874078798455,-68.0000000000004));
#8605=CARTESIAN_POINT('Ctrl Pts',(55.50551346528,-93.4807565360102,-68.0000000000003));
#8606=CARTESIAN_POINT('Ctrl Pts',(55.9204651076156,-93.453261194429,-68.));
#8607=CARTESIAN_POINT('Ctrl Pts',(56.3973519278253,-93.3898032856614,-67.9999999999999));
#8608=CARTESIAN_POINT('Ctrl Pts',(56.6345138499473,-93.3502567890378,-67.9999999999999));
#8609=CARTESIAN_POINT('Ctrl Pts',(56.7696780561327,-93.3254125219467,-67.9999999999999));
#8610=CARTESIAN_POINT('Ctrl Pts',(56.8371029827422,-93.3122508399953,-67.9999999999999));
#8611=CARTESIAN_POINT('Ctrl Pts',(57.0442341667035,-93.270633492179,-67.9999999999998));
#8612=CARTESIAN_POINT('Ctrl Pts',(57.2387697771681,-93.2278415370068,-67.9999999999996));
#8613=CARTESIAN_POINT('Ctrl Pts',(57.4540327263994,-93.175814845177,-67.9999999999996));
#8614=CARTESIAN_POINT('Ctrl Pts',(57.518546903959,-93.1599097923511,-67.9999999999996));
#8615=CARTESIAN_POINT('Ctrl Pts',(57.5829962066607,-93.1437075803817,-67.9999999999996));
#8616=CARTESIAN_POINT('Ctrl Pts',(57.7117604451356,-93.1107101368572,-67.9999999999996));
#8617=CARTESIAN_POINT('Ctrl Pts',(57.989990697758,-93.0360094321022,-67.9999999999996));
#8618=CARTESIAN_POINT('Ctrl Pts',(58.3299705863824,-92.9346551941957,-67.9999999999996));
#8619=CARTESIAN_POINT('Ctrl Pts',(58.6669034216725,-92.82402708627,-67.9999999999997));
#8620=CARTESIAN_POINT('Ctrl Pts',(59.169216008023,-92.6488939870313,-67.9999999999997));
#8621=CARTESIAN_POINT('Ctrl Pts',(59.9082537262856,-92.3524080381231,-67.9999999999998));
#8622=CARTESIAN_POINT('Ctrl Pts',(61.1863054105615,-91.7293171017697,-67.9999999999998));
#8623=CARTESIAN_POINT('Ctrl Pts',(62.7041567365808,-90.765245235954,-67.9999999999999));
#8624=CARTESIAN_POINT('Ctrl Pts',(64.8572422619712,-88.9104387611573,-68.));
#8625=CARTESIAN_POINT('Ctrl Pts',(66.5812207156166,-86.5867352623866,-68.));
#8626=CARTESIAN_POINT('Ctrl Pts',(67.5185924897038,-84.4714727207424,-68.0000000000003));
#8627=CARTESIAN_POINT('Ctrl Pts',(67.8594276892788,-83.4647590812615,-68.0000000000003));
#8628=CARTESIAN_POINT('Ctrl Pts',(67.9735083792929,-83.0820980100556,-68.0000000000004));
#8629=CARTESIAN_POINT('Ctrl Pts',(68.0436278535923,-82.8256142349059,-68.0000000000004));
#8630=CARTESIAN_POINT('Ctrl Pts',(68.0888089333857,-82.6541991527733,-68.0000000000004));
#8631=CARTESIAN_POINT('Ctrl Pts',(68.1316144551164,-82.4822488565953,-68.0000000000004));
#8632=CARTESIAN_POINT('Ctrl Pts',(68.1669883611012,-82.3313519663264,-68.0000000000005));
#8633=CARTESIAN_POINT('Ctrl Pts',(68.1829267298315,-82.2612008842248,-68.0000000000005));
#8634=CARTESIAN_POINT('Ctrl Pts',(68.1901896686616,-82.2288058363217,-68.0000000000005));
#8635=CARTESIAN_POINT('Ctrl Pts',(68.1950067181585,-82.2072046207616,-68.0000000000005));
#8636=CARTESIAN_POINT('Ctrl Pts',(68.2081508612381,-82.1477826665504,-68.0000000000005));
#8637=CARTESIAN_POINT('Ctrl Pts',(68.2244434245048,-82.0720780628475,-68.0000000000005));
#8638=CARTESIAN_POINT('Ctrl Pts',(68.2424647210588,-81.9854594908079,-68.0000000000005));
#8639=CARTESIAN_POINT('Ctrl Pts',(68.2512753901748,-81.942119563362,-68.0000000000005));
#8640=CARTESIAN_POINT('Ctrl Pts',(68.2826870209459,-81.7857765315547,-68.0000000000003));
#8641=CARTESIAN_POINT('Ctrl Pts',(68.330865481274,-81.5152408416728,-68.));
#8642=CARTESIAN_POINT('Ctrl Pts',(68.3761608446008,-81.1747731909827,-67.9999999999997));
#8643=CARTESIAN_POINT('Ctrl Pts',(68.4034807450528,-80.900188962822,-67.9999999999996));
#8644=CARTESIAN_POINT('Ctrl Pts',(68.4194293770373,-80.6935628251802,-67.9999999999996));
#8645=CARTESIAN_POINT('Ctrl Pts',(68.4289230186499,-80.5208728674999,-67.9999999999993));
#8646=CARTESIAN_POINT('Ctrl Pts',(68.4342244388786,-80.382539232218,-67.9999999999993));
#8647=CARTESIAN_POINT('Ctrl Pts',(68.4361109219934,-80.3133185566668,-67.9999999999993));
#8648=CARTESIAN_POINT('Ctrl Pts',(68.4375244603565,-80.2482203393435,-67.9999999999993));
#8649=CARTESIAN_POINT('Ctrl Pts',(68.4382480502235,-80.2024892540937,-67.9999999999992));
#8650=CARTESIAN_POINT('Ctrl Pts',(68.4386739018945,-80.1415023948492,-67.9999999999992));
#8651=CARTESIAN_POINT('Ctrl Pts',(68.4387403751259,-80.0805106475441,-67.9999999999992));
#8652=CARTESIAN_POINT('Ctrl Pts',(68.4381495154078,-80.004267993117,-67.9999999999992));
#8653=CARTESIAN_POINT('Ctrl Pts',(68.4363619484208,-79.9127919977464,-67.9999999999992));
#8654=CARTESIAN_POINT('Ctrl Pts',(68.4315861835378,-79.7603903384644,-67.9999999999993));
#8655=CARTESIAN_POINT('Ctrl Pts',(68.4232193989036,-79.6081649182441,-67.9999999999995));
#8656=CARTESIAN_POINT('Ctrl Pts',(68.4112781947815,-79.4563118331903,-67.9999999999995));
#8657=CARTESIAN_POINT('Ctrl Pts',(68.4030438034499,-79.3653248412273,-67.9999999999995));
#8658=CARTESIAN_POINT('Ctrl Pts',(68.3937438395598,-79.2744890492992,-67.9999999999995));
#8659=CARTESIAN_POINT('Ctrl Pts',(68.3799231288997,-79.1535708506158,-67.9999999999996));
#8660=CARTESIAN_POINT('Ctrl Pts',(68.3600092079676,-79.0029370218063,-67.9999999999996));
#8661=CARTESIAN_POINT('Ctrl Pts',(68.3224968399832,-78.762790307648,-67.9999999999996));
#8662=CARTESIAN_POINT('Ctrl Pts',(68.2581827045577,-78.4288127152522,-67.9999999999996));
#8663=CARTESIAN_POINT('Ctrl Pts',(68.1904590983416,-78.1568592257093,-67.9999999999997));
#8664=CARTESIAN_POINT('Ctrl Pts',(68.147261797154,-78.0036838489831,-67.9999999999997));
#8665=CARTESIAN_POINT('',(59.9615828313598,-78.0037012916118,-61.9993040278784));
#8666=CARTESIAN_POINT('Ctrl Pts',(68.1472000343235,-78.0037012916117,-68.));
#8667=CARTESIAN_POINT('Ctrl Pts',(67.2952953018828,-78.0037012916117,-68.));
#8668=CARTESIAN_POINT('Ctrl Pts',(66.4575672949921,-78.0037012916117,-67.8327377975172));
#8669=CARTESIAN_POINT('Ctrl Pts',(64.6417444419194,-78.0037012916117,-67.1208881977863));
#8670=CARTESIAN_POINT('Ctrl Pts',(63.8405121801892,-78.0037012916117,-66.5424255237883));
#8671=CARTESIAN_POINT('Ctrl Pts',(62.9081386894061,-78.0037012916117,-65.7510678993879));
#8672=CARTESIAN_POINT('Ctrl Pts',(62.595482598142,-78.0037012916117,-65.4538810482283));
#8673=CARTESIAN_POINT('Ctrl Pts',(61.8339518511581,-78.0037012916117,-64.6527766519021));
#8674=CARTESIAN_POINT('Ctrl Pts',(61.4167690881736,-78.0037012916117,-64.1486655058134));
#8675=CARTESIAN_POINT('Ctrl Pts',(60.823473040139,-78.0037012916117,-63.3747415383353));
#8676=CARTESIAN_POINT('Ctrl Pts',(60.6215577311092,-78.0037012916118,-63.1013107202866));
#8677=CARTESIAN_POINT('Ctrl Pts',(60.3520132383376,-78.0037012916118,-62.7218469928203));
#8678=CARTESIAN_POINT('Ctrl Pts',(60.242234840791,-78.0037012916117,-62.5647476082359));
#8679=CARTESIAN_POINT('Ctrl Pts',(60.1096313472696,-78.0037012916117,-62.3607477087224));
#8680=CARTESIAN_POINT('Ctrl Pts',(60.0645365606138,-78.0037012916117,-62.2876405898235));
#8681=CARTESIAN_POINT('Ctrl Pts',(60.0103312625666,-78.0037012916117,-62.1841868499704));
#8682=CARTESIAN_POINT('Ctrl Pts',(59.993940747477,-78.0037012916117,-62.1479960548758));
#8683=CARTESIAN_POINT('Ctrl Pts',(59.968151490575,-78.0037012916117,-62.0725247978179));
#8684=CARTESIAN_POINT('Ctrl Pts',(59.9614966546925,-78.0037012916117,-62.0356134467997));
#8685=CARTESIAN_POINT('Ctrl Pts',(59.961582831358,-78.0037012916117,-61.9993040278784));
#8686=CARTESIAN_POINT('',(61.9987503252554,-78.9324525960584,-61.6476869032978));
#8687=CARTESIAN_POINT('Ctrl Pts',(59.9615828312766,-78.0037012916176,-61.9993040278732));
#8688=CARTESIAN_POINT('Ctrl Pts',(60.3583689806926,-78.0231161087435,-61.9936351413886));
#8689=CARTESIAN_POINT('Ctrl Pts',(61.1410848938866,-78.2159370553785,-61.920989354671));
#8690=CARTESIAN_POINT('Ctrl Pts',(61.7655071967248,-78.6799059309917,-61.7427279891915));
#8691=CARTESIAN_POINT('Ctrl Pts',(61.9971113614835,-78.9306671510152,-61.6481834517999));
#8692=CARTESIAN_POINT('Ctrl Pts',(61.9979371747829,-78.9315622670484,-61.6478456854502));
#8693=CARTESIAN_POINT('Ctrl Pts',(61.9987542317511,-78.9324489056399,-61.6475108652043));
#8694=CARTESIAN_POINT('',(62.4649556947289,-80.1490565308252,-61.4346747973461));
#8695=CARTESIAN_POINT('Ctrl Pts',(61.9987542317511,-78.9324489056399,-61.6475108652043));
#8696=CARTESIAN_POINT('Ctrl Pts',(62.0213188186664,-78.9569351218269,-61.6382641653637));
#8697=CARTESIAN_POINT('Ctrl Pts',(62.0536664313038,-78.9936286910896,-61.6240112568528));
#8698=CARTESIAN_POINT('Ctrl Pts',(62.1245698965944,-79.0814515320492,-61.593830427589));
#8699=CARTESIAN_POINT('Ctrl Pts',(62.2330325243918,-79.2377982534094,-61.5471221178466));
#8700=CARTESIAN_POINT('Ctrl Pts',(62.3472111068411,-79.4645946896888,-61.4977271983031));
#8701=CARTESIAN_POINT('Ctrl Pts',(62.4120868694802,-79.678726725877,-61.4675480397599));
#8702=CARTESIAN_POINT('Ctrl Pts',(62.4368506431535,-79.801112292988,-61.4549634658936));
#8703=CARTESIAN_POINT('Ctrl Pts',(62.4459046455191,-79.8561953621112,-61.4500657227882));
#8704=CARTESIAN_POINT('Ctrl Pts',(62.4507326266902,-79.8907617240654,-61.4473074213697));
#8705=CARTESIAN_POINT('Ctrl Pts',(62.4540943707928,-79.9185216639311,-61.4452808499053));
#8706=CARTESIAN_POINT('Ctrl Pts',(62.4563640455796,-79.939383531338,-61.4438513359161));
#8707=CARTESIAN_POINT('Ctrl Pts',(62.458381558139,-79.9602896965438,-61.4425118802985));
#8708=CARTESIAN_POINT('Ctrl Pts',(62.4613218386659,-79.9951950115337,-61.4404304586541));
#8709=CARTESIAN_POINT('Ctrl Pts',(62.4634232820182,-80.0302806240154,-61.4386379164334));
#8710=CARTESIAN_POINT('Ctrl Pts',(62.4646640159953,-80.0653816828378,-61.4371596062503));
#8711=CARTESIAN_POINT('Ctrl Pts',(62.465151899934,-80.0864549327723,-61.436364235457));
#8712=CARTESIAN_POINT('Ctrl Pts',(62.4653447029728,-80.1040351063926,-61.4357757555699));
#8713=CARTESIAN_POINT('Ctrl Pts',(62.4653699423774,-80.1180885185018,-61.4353528074242));
#8714=CARTESIAN_POINT('Ctrl Pts',(62.4653103060615,-80.1319322610599,-61.4349630786931));
#8715=CARTESIAN_POINT('Ctrl Pts',(62.4651749553133,-80.1421979109575,-61.4347133158083));
#8716=CARTESIAN_POINT('Ctrl Pts',(62.4650450182065,-80.1490584339625,-61.434548791979));
#8717=CARTESIAN_POINT('',(62.400243049114,-80.7440499824704,-61.4250273100463));
#8718=CARTESIAN_POINT('Ctrl Pts',(62.4650450182065,-80.1490584339625,-61.434548791979));
#8719=CARTESIAN_POINT('Ctrl Pts',(62.465040494696,-80.1492972698771,-61.4345430643983));
#8720=CARTESIAN_POINT('Ctrl Pts',(62.4650359218127,-80.1495362212457,-61.4345373369081));
#8721=CARTESIAN_POINT('Ctrl Pts',(62.4648752461447,-80.1578465767801,-61.4343382213966));
#8722=CARTESIAN_POINT('Ctrl Pts',(62.464329672221,-80.1856588931992,-61.4323195125802));
#8723=CARTESIAN_POINT('Ctrl Pts',(62.4626916417186,-80.2343621026363,-61.4296355876636));
#8724=CARTESIAN_POINT('Ctrl Pts',(62.4595543475722,-80.2981484998958,-61.4264530546356));
#8725=CARTESIAN_POINT('Ctrl Pts',(62.4540112301152,-80.3727241576229,-61.4238956339552));
#8726=CARTESIAN_POINT('Ctrl Pts',(62.4444141303797,-80.4721387576311,-61.4216815689404));
#8727=CARTESIAN_POINT('Ctrl Pts',(62.4279057498772,-80.5959437177161,-61.4212644543828));
#8728=CARTESIAN_POINT('Ctrl Pts',(62.4109404520094,-80.6907624338735,-61.4235609434369));
#8729=CARTESIAN_POINT('Ctrl Pts',(62.4001489109494,-80.7440311750166,-61.4248969741097));
#8730=CARTESIAN_POINT('',(55.6942726279041,-87.4501241356812,-61.4250297027966));
#8731=CARTESIAN_POINT('Ctrl Pts',(62.4001489109494,-80.7440311750166,-61.4248969741097));
#8732=CARTESIAN_POINT('Ctrl Pts',(62.4000114175671,-80.7447098639407,-61.4249139962731));
#8733=CARTESIAN_POINT('Ctrl Pts',(62.3998735406677,-80.7453895527298,-61.4249310500997));
#8734=CARTESIAN_POINT('Ctrl Pts',(62.3979656119507,-80.7547827396523,-61.425166803815));
#8735=CARTESIAN_POINT('Ctrl Pts',(62.3921572889279,-80.7835272511034,-61.4248817937754));
#8736=CARTESIAN_POINT('Ctrl Pts',(62.3819606130215,-80.8324891765133,-61.4248547996615));
#8737=CARTESIAN_POINT('Ctrl Pts',(62.3721439966901,-80.8782990743836,-61.4246389414443));
#8738=CARTESIAN_POINT('Ctrl Pts',(62.3644599242478,-80.9130587566289,-61.424548054108));
#8739=CARTESIAN_POINT('Ctrl Pts',(62.3616221317883,-80.9258048965957,-61.4245081220567));
#8740=CARTESIAN_POINT('Ctrl Pts',(62.357353403529,-80.9448689270077,-61.4244516109298));
#8741=CARTESIAN_POINT('Ctrl Pts',(62.3479796317684,-80.9861855807539,-61.4243273387023));
#8742=CARTESIAN_POINT('Ctrl Pts',(62.3271800679698,-81.0750302181773,-61.4240646821868));
#8743=CARTESIAN_POINT('Ctrl Pts',(62.3020105210734,-81.1762811368567,-61.4237693906348));
#8744=CARTESIAN_POINT('Ctrl Pts',(62.2754340792271,-81.2772231645768,-61.4234838032139));
#8745=CARTESIAN_POINT('Ctrl Pts',(62.2341856967835,-81.4282652163914,-61.4230624640943));
#8746=CARTESIAN_POINT('Ctrl Pts',(62.1670755310072,-81.6536084939199,-61.4224555393106));
#8747=CARTESIAN_POINT('Ctrl Pts',(61.9665046523485,-82.2465219650152,-61.4209643089514));
#8748=CARTESIAN_POINT('Ctrl Pts',(61.4146669328352,-83.4924914648954,-61.4183607627723));
#8749=CARTESIAN_POINT('Ctrl Pts',(60.3991186817145,-84.8616928700935,-61.4170787774484));
#8750=CARTESIAN_POINT('Ctrl Pts',(59.1305658572544,-85.9544435399137,-61.4177085972064));
#8751=CARTESIAN_POINT('Ctrl Pts',(58.2365717797848,-86.5222536467052,-61.4188925399435));
#8752=CARTESIAN_POINT('Ctrl Pts',(57.4838806132835,-86.8891129406586,-61.4203154415287));
#8753=CARTESIAN_POINT('Ctrl Pts',(57.0489396086976,-87.0635661441669,-61.4212750978797));
#8754=CARTESIAN_POINT('Ctrl Pts',(56.7531725869555,-87.1666226645576,-61.4219997204786));
#8755=CARTESIAN_POINT('Ctrl Pts',(56.5547841896888,-87.2317154492323,-61.4225028887099));
#8756=CARTESIAN_POINT('Ctrl Pts',(56.3548348375221,-87.2912893420883,-61.4230248925105));
#8757=CARTESIAN_POINT('Ctrl Pts',(56.1910949442002,-87.3352097449026,-61.4234788385114));
#8758=CARTESIAN_POINT('Ctrl Pts',(56.1152833786657,-87.3546161873947,-61.4236947898295));
#8759=CARTESIAN_POINT('Ctrl Pts',(56.0773437720073,-87.3641436182527,-61.4238033292925));
#8760=CARTESIAN_POINT('Ctrl Pts',(56.039351522559,-87.3734986835647,-61.4239137738946));
#8761=CARTESIAN_POINT('Ctrl Pts',(55.9127190717448,-87.4040724634662,-61.4242764205435));
#8762=CARTESIAN_POINT('Ctrl Pts',(55.7981351442291,-87.4292201394457,-61.4246334908917));
#8763=CARTESIAN_POINT('Ctrl Pts',(55.6961351442709,-87.4496849049537,-61.4248842665093));
#8764=CARTESIAN_POINT('Ctrl Pts',(55.6951871414271,-87.449875055852,-61.4248853321956));
#8765=CARTESIAN_POINT('Ctrl Pts',(55.6942600004321,-87.4500609627751,-61.4248851562901));
#8766=CARTESIAN_POINT('',(55.0990977195968,-87.5148490504683,-61.4346864868746));
#8767=CARTESIAN_POINT('Ctrl Pts',(55.6942600004321,-87.4500609627751,-61.4248851562901));
#8768=CARTESIAN_POINT('Ctrl Pts',(55.6764421631306,-87.4536337303763,-61.4248817757294));
#8769=CARTESIAN_POINT('Ctrl Pts',(55.6556902203675,-87.4577487292604,-61.423933855433));
#8770=CARTESIAN_POINT('Ctrl Pts',(55.6055532292581,-87.4671172621923,-61.4228100098931));
#8771=CARTESIAN_POINT('Ctrl Pts',(55.5206564755791,-87.4813131233505,-61.42139984707));
#8772=CARTESIAN_POINT('Ctrl Pts',(55.3485693834233,-87.5043754838826,-61.4217362565433));
#8773=CARTESIAN_POINT('Ctrl Pts',(55.1953756747262,-87.5135327202628,-61.428394469427));
#8774=CARTESIAN_POINT('Ctrl Pts',(55.099904713099,-87.5149939347244,-61.4344561231092));
#8775=CARTESIAN_POINT('Ctrl Pts',(55.0994993603312,-87.5150001340317,-61.4344812633675));
#8776=CARTESIAN_POINT('Ctrl Pts',(55.0991010662366,-87.5150062176692,-61.4345053878635));
#8777=CARTESIAN_POINT('',(53.8809976069459,-87.0478651328354,-61.6478181850989));
#8778=CARTESIAN_POINT('Ctrl Pts',(55.0991010662366,-87.5150062176692,-61.4345053878635));
#8779=CARTESIAN_POINT('Ctrl Pts',(55.0893989048546,-87.515154410759,-61.4350930434598));
#8780=CARTESIAN_POINT('Ctrl Pts',(55.0781451128456,-87.5153167917836,-61.4350622800098));
#8781=CARTESIAN_POINT('Ctrl Pts',(55.0487472052584,-87.5153578327923,-61.4360989564718));
#8782=CARTESIAN_POINT('Ctrl Pts',(55.0005692502329,-87.514498890834,-61.437698393812));
#8783=CARTESIAN_POINT('Ctrl Pts',(54.9296225890461,-87.5106902940106,-61.441236113473));
#8784=CARTESIAN_POINT('Ctrl Pts',(54.846332387533,-87.5020629613875,-61.4467336936085));
#8785=CARTESIAN_POINT('Ctrl Pts',(54.735485643451,-87.485147376773,-61.4561108651787));
#8786=CARTESIAN_POINT('Ctrl Pts',(54.6273005895987,-87.4604679206134,-61.4682351751388));
#8787=CARTESIAN_POINT('Ctrl Pts',(54.5334940833724,-87.4318644412566,-61.4814912995854));
#8788=CARTESIAN_POINT('Ctrl Pts',(54.4807731854611,-87.4136704602485,-61.4897367390576));
#8789=CARTESIAN_POINT('Ctrl Pts',(54.4026404512111,-87.384587530836,-61.5027779784462));
#8790=CARTESIAN_POINT('Ctrl Pts',(54.2876240382857,-87.3335504952484,-61.5251801537155));
#8791=CARTESIAN_POINT('Ctrl Pts',(54.1419402658485,-87.2514699928726,-61.5606170798991));
#8792=CARTESIAN_POINT('Ctrl Pts',(54.0050257036498,-87.1560211557407,-61.6013702783781));
#8793=CARTESIAN_POINT('Ctrl Pts',(53.921329065977,-87.085296989628,-61.6316365539467));
#8794=CARTESIAN_POINT('Ctrl Pts',(53.8809875989734,-87.0478762225822,-61.6476746945988));
#8795=CARTESIAN_POINT('Ctrl Pts',(53.8809875989734,-87.0478762225822,-61.6476746945988));
#8796=CARTESIAN_POINT('Ctrl Pts',(53.8805498510004,-87.047470167321,-61.6478487255421));
#8797=CARTESIAN_POINT('Ctrl Pts',(53.8801122538628,-87.0470638471901,-61.6480228726611));
#8798=CARTESIAN_POINT('Ctrl Pts',(53.8673944225613,-87.0352432450597,-61.6530892110441));
#8799=CARTESIAN_POINT('Ctrl Pts',(53.8333748693604,-87.002961725773,-61.6657107819995));
#8800=CARTESIAN_POINT('Ctrl Pts',(53.7718440416273,-86.9414507376986,-61.6890232150242));
#8801=CARTESIAN_POINT('Ctrl Pts',(53.663357330778,-86.8249962642673,-61.7301202436976));
#8802=CARTESIAN_POINT('Ctrl Pts',(53.462139915907,-86.5747450619264,-61.8067810094509));
#8803=CARTESIAN_POINT('Ctrl Pts',(53.1202981235368,-85.997259252418,-61.9382885081774));
#8804=CARTESIAN_POINT('Ctrl Pts',(52.9731915359607,-85.4081175390873,-61.9936353315904));
#8805=CARTESIAN_POINT('Ctrl Pts',(52.9537878510494,-85.0114983098177,-61.9993039498253));
#8806=CARTESIAN_POINT('Ctrl Pts',(52.9500922505317,-85.0000047696685,-27.));
#8807=CARTESIAN_POINT('Ctrl Pts',(52.9513241173631,-85.0000047696685,-40.6666666666666));
#8808=CARTESIAN_POINT('Ctrl Pts',(52.9525559841944,-85.0000047696685,-54.3333333333333));
#8809=CARTESIAN_POINT('Ctrl Pts',(52.9537878510258,-85.0000047696685,-68.));
#8810=CARTESIAN_POINT('Ctrl Pts',(52.9500922505317,-85.658317145377,-27.));
#8811=CARTESIAN_POINT('Ctrl Pts',(52.958057676745,-85.5562152205287,-40.6666666666666));
#8812=CARTESIAN_POINT('Ctrl Pts',(52.9668598642646,-85.4547084449844,-54.3333333333333));
#8813=CARTESIAN_POINT('Ctrl Pts',(52.9748252904779,-85.3526065201361,-68.));
#8814=CARTESIAN_POINT('Ctrl Pts',(52.9499893351688,-86.9749153214746,-26.9999999999999));
#8815=CARTESIAN_POINT('Ctrl Pts',(53.0334359673243,-86.6652852082852,-40.6666666666666));
#8816=CARTESIAN_POINT('Ctrl Pts',(53.1163022615107,-86.3552093502162,-54.3333333333333));
#8817=CARTESIAN_POINT('Ctrl Pts',(53.1997488936661,-86.0455792370269,-67.9999999999999));
#8818=CARTESIAN_POINT('Ctrl Pts',(52.9499891507055,-88.2915288834223,-26.9999999999999));
#8819=CARTESIAN_POINT('Ctrl Pts',(53.2123395811303,-87.7072644795624,-40.6666666666666));
#8820=CARTESIAN_POINT('Ctrl Pts',(53.4755345582333,-87.122970813281,-54.3333333333332));
#8821=CARTESIAN_POINT('Ctrl Pts',(53.7378849886581,-86.5387064094211,-67.9999999999999));
#8822=CARTESIAN_POINT('Ctrl Pts',(52.9496452000179,-89.3411130525538,-26.9999999999999));
#8823=CARTESIAN_POINT('Ctrl Pts',(53.3793223848269,-88.4922923421031,-40.6666666666666));
#8824=CARTESIAN_POINT('Ctrl Pts',(53.8085296255886,-87.6441379971096,-54.3333333333331));
#8825=CARTESIAN_POINT('Ctrl Pts',(54.2382068103976,-86.7953172866589,-67.9999999999998));
#8826=CARTESIAN_POINT('Ctrl Pts',(53.1876982582544,-90.1224829156249,-26.9999999999999));
#8827=CARTESIAN_POINT('Ctrl Pts',(53.6729771039008,-89.0572054194197,-40.6666666666666));
#8828=CARTESIAN_POINT('Ctrl Pts',(54.1571080056775,-87.99219890097,-54.3333333333331));
#8829=CARTESIAN_POINT('Ctrl Pts',(54.6423868513239,-86.9269214047648,-67.9999999999998));
#8830=CARTESIAN_POINT('Ctrl Pts',(53.8163181772783,-90.6439382637818,-26.9999999999999));
#8831=CARTESIAN_POINT('Ctrl Pts',(54.2336478813757,-89.4040265127701,-40.6666666666665));
#8832=CARTESIAN_POINT('Ctrl Pts',(54.6504395021032,-88.1646015288957,-54.3333333333331));
#8833=CARTESIAN_POINT('Ctrl Pts',(55.0677692062006,-86.924689777884,-67.9999999999997));
#8834=CARTESIAN_POINT('Ctrl Pts',(54.4827855834316,-90.9233126857131,-26.9999999999999));
#8835=CARTESIAN_POINT('Ctrl Pts',(54.8052541097107,-89.5692100296088,-40.6666666666665));
#8836=CARTESIAN_POINT('Ctrl Pts',(55.1281014285028,-88.2144674893302,-54.333333333333));
#8837=CARTESIAN_POINT('Ctrl Pts',(55.4505699547819,-86.8603648332259,-67.9999999999997));
#8838=CARTESIAN_POINT('Ctrl Pts',(54.8205071838395,-90.9738224114419,-26.9999999999999));
#8839=CARTESIAN_POINT('Ctrl Pts',(55.0887075686033,-89.5910092155274,-40.6666666666665));
#8840=CARTESIAN_POINT('Ctrl Pts',(55.3569905912325,-88.2078435711492,-54.333333333333));
#8841=CARTESIAN_POINT('Ctrl Pts',(55.6251909759963,-86.8250303752346,-67.9999999999997));
#8842=CARTESIAN_POINT('Ctrl Pts',(56.5136362052653,-90.8029339397924,-26.9999999999999));
#8843=CARTESIAN_POINT('Ctrl Pts',(56.5140279611628,-89.4064175317625,-40.6666666666665));
#8844=CARTESIAN_POINT('Ctrl Pts',(56.5143836597037,-88.0102898133021,-54.3333333333331));
#8845=CARTESIAN_POINT('Ctrl Pts',(56.5147754156013,-86.6137734052722,-67.9999999999998));
#8846=CARTESIAN_POINT('Ctrl Pts',(59.1934727600185,-90.057177849967,-26.9999999999999));
#8847=CARTESIAN_POINT('Ctrl Pts',(58.7624053984766,-88.7295246004705,-40.6666666666666));
#8848=CARTESIAN_POINT('Ctrl Pts',(58.3314996456636,-87.4020395677781,-54.3333333333331));
#8849=CARTESIAN_POINT('Ctrl Pts',(57.9004322841217,-86.0743863182816,-67.9999999999998));
#8850=CARTESIAN_POINT('Ctrl Pts',(62.3180781582796,-87.8531570827005,-26.9999999999999));
#8851=CARTESIAN_POINT('Ctrl Pts',(61.3889138765651,-86.8491507884708,-40.6666666666666));
#8852=CARTESIAN_POINT('Ctrl Pts',(60.4601952037088,-85.8454965651722,-54.3333333333332));
#8853=CARTESIAN_POINT('Ctrl Pts',(59.5310309219943,-84.8414902709424,-67.9999999999999));
#8854=CARTESIAN_POINT('Ctrl Pts',(64.850434273922,-84.5699955837792,-26.9999999999999));
#8855=CARTESIAN_POINT('Ctrl Pts',(63.5439760375775,-84.0855873862763,-40.6666666666666));
#8856=CARTESIAN_POINT('Ctrl Pts',(62.237371180114,-83.6013240182158,-54.3333333333332));
#8857=CARTESIAN_POINT('Ctrl Pts',(60.9309129437696,-83.116915820713,-67.9999999999999));
#8858=CARTESIAN_POINT('Ctrl Pts',(65.7195942306082,-81.9051107636556,-26.9999999999999));
#8859=CARTESIAN_POINT('Ctrl Pts',(64.3198596326393,-81.8512442999895,-40.6666666666666));
#8860=CARTESIAN_POINT('Ctrl Pts',(62.9213950063371,-81.7981907496588,-54.3333333333332));
#8861=CARTESIAN_POINT('Ctrl Pts',(61.5216604083682,-81.7443242859927,-67.9999999999999));
#8862=CARTESIAN_POINT('Ctrl Pts',(65.9240742304002,-79.8707301615737,-27.));
#8863=CARTESIAN_POINT('Ctrl Pts',(64.5413472037796,-80.1389066187588,-40.6666666666666));
#8864=CARTESIAN_POINT('Ctrl Pts',(63.1579719650616,-80.4074733531174,-54.3333333333333));
#8865=CARTESIAN_POINT('Ctrl Pts',(61.7752449384411,-80.6756498103025,-68.));
#8866=CARTESIAN_POINT('Ctrl Pts',(65.8736876695604,-79.5331607734944,-27.));
#8867=CARTESIAN_POINT('Ctrl Pts',(64.5195405482747,-79.8555133435222,-40.6666666666666));
#8868=CARTESIAN_POINT('Ctrl Pts',(63.1647415401145,-80.1787566868973,-54.3333333333333));
#8869=CARTESIAN_POINT('Ctrl Pts',(61.8105944188288,-80.5011092569251,-68.));
#8870=CARTESIAN_POINT('Ctrl Pts',(65.5943811506764,-78.8666603247517,-27.));
#8871=CARTESIAN_POINT('Ctrl Pts',(64.3544465634989,-79.2839328061773,-40.6666666666667));
#8872=CARTESIAN_POINT('Ctrl Pts',(63.1148131501909,-79.7010227723599,-54.3333333333333));
#8873=CARTESIAN_POINT('Ctrl Pts',(61.8748785630134,-80.1182952537856,-68.));
#8874=CARTESIAN_POINT('Ctrl Pts',(65.0729032136355,-78.2378679097781,-27.));
#8875=CARTESIAN_POINT('Ctrl Pts',(64.0075398787353,-78.7236254629003,-40.6666666666666));
#8876=CARTESIAN_POINT('Ctrl Pts',(62.9428006728375,-79.2095733002078,-54.3333333333333));
#8877=CARTESIAN_POINT('Ctrl Pts',(61.8774373379373,-79.69533085333,-68.));
#8878=CARTESIAN_POINT('Ctrl Pts',(64.2914178723095,-77.9997507324399,-27.));
#8879=CARTESIAN_POINT('Ctrl Pts',(63.4428115705934,-78.4298900608684,-40.6666666666666));
#8880=CARTESIAN_POINT('Ctrl Pts',(62.5946245079441,-78.8597935419903,-54.3333333333333));
#8881=CARTESIAN_POINT('Ctrl Pts',(61.746018206228,-79.2899328704189,-68.));
#8882=CARTESIAN_POINT('Ctrl Pts',(63.2417090022473,-77.9999885299797,-27.));
#8883=CARTESIAN_POINT('Ctrl Pts',(62.6577518323633,-78.2628957186482,-40.6666666666666));
#8884=CARTESIAN_POINT('Ctrl Pts',(62.0741365684218,-78.52670328692,-54.3333333333333));
#8885=CARTESIAN_POINT('Ctrl Pts',(61.4901793985379,-78.7896104755885,-68.));
#8886=CARTESIAN_POINT('Ctrl Pts',(61.9250578295997,-77.9999064782582,-27.));
#8887=CARTESIAN_POINT('Ctrl Pts',(61.6160057955336,-78.0835712265399,-40.6666666666666));
#8888=CARTESIAN_POINT('Ctrl Pts',(61.30687947651,-78.1667057134999,-54.3333333333333));
#8889=CARTESIAN_POINT('Ctrl Pts',(60.9978274424439,-78.2503704617815,-68.));
#8890=CARTESIAN_POINT('Ctrl Pts',(60.6084034679434,-78.0000056935405,-27.));
#8891=CARTESIAN_POINT('Ctrl Pts',(60.5064641012262,-78.0079897649464,-40.6666666666666));
#8892=CARTESIAN_POINT('Ctrl Pts',(60.4048490842057,-78.0167675924827,-54.3333333333333));
#8893=CARTESIAN_POINT('Ctrl Pts',(60.3029097174884,-78.0247516638886,-68.));
#8894=CARTESIAN_POINT('Ctrl Pts',(59.9500910882412,-78.0000056935405,-27.));
#8895=CARTESIAN_POINT('Ctrl Pts',(59.9500910882412,-78.0012375595642,-40.6666666666666));
#8896=CARTESIAN_POINT('Ctrl Pts',(59.9500910882412,-78.002469425588,-54.3333333333333));
#8897=CARTESIAN_POINT('Ctrl Pts',(59.9500910882412,-78.0037012916117,-68.));
#8898=CARTESIAN_POINT('',(52.9537878510259,-85.0000047696685,-68.));
#8899=CARTESIAN_POINT('Ctrl Pts',(52.9537878510258,-85.0000047696685,-68.));
#8900=CARTESIAN_POINT('Ctrl Pts',(52.9537878510258,-85.0027863343791,-66.1588192604293));
#8901=CARTESIAN_POINT('Ctrl Pts',(52.9537884949006,-85.0064525557513,-64.1212283046989));
#8902=CARTESIAN_POINT('Ctrl Pts',(52.9537903823788,-85.0115002594367,-61.9993039498354));
#8903=CARTESIAN_POINT('',(59.9500910882412,-78.0037012916117,-68.));
#8904=CARTESIAN_POINT('Ctrl Pts',(59.9615840352747,-78.0037037506182,-61.9993040278784));
#8905=CARTESIAN_POINT('Ctrl Pts',(59.9565383281985,-78.0037018959857,-64.1211504280397));
#8906=CARTESIAN_POINT('Ctrl Pts',(59.952872805947,-78.0037012916117,-66.1587173869616));
#8907=CARTESIAN_POINT('Ctrl Pts',(59.9500910882412,-78.0037012916117,-68.));
#8908=CARTESIAN_POINT('',(59.9500910882412,-78.0000056935405,-27.));
#8909=CARTESIAN_POINT('',(59.9500910882412,-78.0000056935405,-27.));
#8910=CARTESIAN_POINT('',(63.8999653664547,-78.0000056935405,-27.));
#8911=CARTESIAN_POINT('',(54.9500918929039,-78.0000056935405,-27.));
#8912=CARTESIAN_POINT('',(65.8899402220974,-80.2000058783149,-27.));
#8913=CARTESIAN_POINT('Origin',(63.8999653664547,-80.0000056935405,-27.));
#8914=CARTESIAN_POINT('',(55.1500924829898,-90.9398538747703,-27.));
#8915=CARTESIAN_POINT('Origin',(53.9500910882412,-79.0000047696684,-27.));
#8916=CARTESIAN_POINT('',(52.9500922505317,-88.94987902392,-27.));
#8917=CARTESIAN_POINT('Origin',(54.9500922505317,-88.94987902392,-27.));
#8918=CARTESIAN_POINT('',(52.9500922505317,-85.0000047696685,-27.));
#8919=CARTESIAN_POINT('',(52.9500922505317,-88.0000053657149,-27.));
#8920=CARTESIAN_POINT('',(52.9500922505317,-85.0000047696685,-27.));
#8921=CARTESIAN_POINT('Ctrl Pts',(-59.999995230332,27.9500920121129,-27.));
#8922=CARTESIAN_POINT('Ctrl Pts',(-59.999995230332,27.9513238781366,-40.6666666666666));
#8923=CARTESIAN_POINT('Ctrl Pts',(-59.999995230332,27.9525557441604,-54.3333333333333));
#8924=CARTESIAN_POINT('Ctrl Pts',(-59.999995230332,27.9537876101841,-68.));
#8925=CARTESIAN_POINT('Ctrl Pts',(-59.999995230332,28.1162500868801,-27.));
#8926=CARTESIAN_POINT('Ctrl Pts',(-59.999995238663,28.1174461238914,-40.6666666666666));
#8927=CARTESIAN_POINT('Ctrl Pts',(-59.9999952220009,28.118642152849,-54.3333333333333));
#8928=CARTESIAN_POINT('Ctrl Pts',(-59.999995230332,28.1198381898602,-68.));
#8929=CARTESIAN_POINT('Ctrl Pts',(-60.0000629404736,28.4485920243355,-27.0000000001104));
#8930=CARTESIAN_POINT('Ctrl Pts',(-60.0000629225545,28.449716389494,-40.6666666667771));
#8931=CARTESIAN_POINT('Ctrl Pts',(-60.0000627763277,28.4508407233601,-54.3333333336115));
#8932=CARTESIAN_POINT('Ctrl Pts',(-60.0000627584087,28.4519650885186,-68.0000000002782));
#8933=CARTESIAN_POINT('Ctrl Pts',(-60.0000849190929,28.7809160623508,-27.000000000198));
#8934=CARTESIAN_POINT('Ctrl Pts',(-60.000084941652,28.7819687771586,-40.6666666668647));
#8935=CARTESIAN_POINT('Ctrl Pts',(-60.0000846552149,28.7830214070761,-54.3333333338321));
#8936=CARTESIAN_POINT('Ctrl Pts',(-60.000084677774,28.7840741218838,-68.0000000004988));
#8937=CARTESIAN_POINT('Ctrl Pts',(-60.0001463765715,28.9481150557183,-27.0000000002301));
#8938=CARTESIAN_POINT('Ctrl Pts',(-60.0001462987925,28.94913168721,-40.6666666668967));
#8939=CARTESIAN_POINT('Ctrl Pts',(-60.0001460479853,28.9501482849492,-54.3333333339127));
#8940=CARTESIAN_POINT('Ctrl Pts',(-60.0001459702063,28.9511649164409,-68.0000000005794));
#8941=CARTESIAN_POINT('Ctrl Pts',(-60.0001441805171,28.9491310627617,-27.00000000023));
#8942=CARTESIAN_POINT('Ctrl Pts',(-60.0001443947132,28.9501475966768,-40.6666666668966));
#8943=CARTESIAN_POINT('Ctrl Pts',(-60.0001433076756,28.9511637333717,-54.3333333339125));
#8944=CARTESIAN_POINT('Ctrl Pts',(-60.0001435218716,28.9521802672868,-68.0000000005792));
#8945=CARTESIAN_POINT('Ctrl Pts',(-60.0045884743801,30.5227049799669,-27.0000000001412));
#8946=CARTESIAN_POINT('Ctrl Pts',(-60.0043117899461,30.5233795546135,-40.6666666668079));
#8947=CARTESIAN_POINT('Ctrl Pts',(-60.0040544362548,30.5240591546267,-54.333333333689));
#8948=CARTESIAN_POINT('Ctrl Pts',(-60.0037777518208,30.5247337292733,-68.0000000003556));
#8949=CARTESIAN_POINT('Ctrl Pts',(-59.0252213686823,32.8610400192822,-26.9999999999368));
#8950=CARTESIAN_POINT('Ctrl Pts',(-59.0249998245268,32.8610613717593,-40.6666666666035));
#8951=CARTESIAN_POINT('Ctrl Pts',(-59.0247772128342,32.8610828884657,-54.3333333331743));
#8952=CARTESIAN_POINT('Ctrl Pts',(-59.0245556686787,32.8611042409428,-67.9999999998409));
#8953=CARTESIAN_POINT('Ctrl Pts',(-56.3504443102188,34.6354962182183,-26.9999999997056));
#8954=CARTESIAN_POINT('Ctrl Pts',(-56.3509025441292,34.6352345169842,-40.6666666663723));
#8955=CARTESIAN_POINT('Ctrl Pts',(-56.3513671988813,34.6349744297826,-54.3333333325919));
#8956=CARTESIAN_POINT('Ctrl Pts',(-56.3518254327918,34.6347127285484,-67.9999999992586));
#8957=CARTESIAN_POINT('Ctrl Pts',(-54.7853581737426,34.9501038409255,-26.999999999338));
#8958=CARTESIAN_POINT('Ctrl Pts',(-54.7862035495424,34.9499696811313,-40.6666666660047));
#8959=CARTESIAN_POINT('Ctrl Pts',(-54.7870533537666,34.9498383776337,-54.3333333316663));
#8960=CARTESIAN_POINT('Ctrl Pts',(-54.7878987295664,34.9497042178395,-67.999999998333));
#8961=CARTESIAN_POINT('Ctrl Pts',(-53.9989207134618,34.9500723047266,-26.999999999338));
#8962=CARTESIAN_POINT('Ctrl Pts',(-53.999937170733,34.9500722220883,-40.6666666660047));
#8963=CARTESIAN_POINT('Ctrl Pts',(-54.0009537275169,34.9500721627303,-54.3333333316661));
#8964=CARTESIAN_POINT('Ctrl Pts',(-54.0019701847881,34.950072080092,-67.9999999983328));
#8965=CARTESIAN_POINT('Ctrl Pts',(-53.9979038254423,34.95007232405,-26.9999999993376));
#8966=CARTESIAN_POINT('Ctrl Pts',(-53.9989204779996,34.9500723232483,-40.6666666660043));
#8967=CARTESIAN_POINT('Ctrl Pts',(-53.9999373021186,34.9500723583427,-54.3333333316652));
#8968=CARTESIAN_POINT('Ctrl Pts',(-54.0009539546759,34.950072357541,-67.9999999983318));
#8969=CARTESIAN_POINT('Ctrl Pts',(-53.8307366490739,34.9500744042661,-26.9999999994316));
#8970=CARTESIAN_POINT('Ctrl Pts',(-53.8317893588712,34.9500744044981,-40.6666666660983));
#8971=CARTESIAN_POINT('Ctrl Pts',(-53.8328422001211,34.9500744340973,-54.3333333319018));
#8972=CARTESIAN_POINT('Ctrl Pts',(-53.8338949099185,34.9500744343293,-67.9999999985685));
#8973=CARTESIAN_POINT('Ctrl Pts',(-53.4984427811561,34.9500820149917,-26.9999999996821));
#8974=CARTESIAN_POINT('Ctrl Pts',(-53.4995671518042,34.9500820148075,-40.6666666663488));
#8975=CARTESIAN_POINT('Ctrl Pts',(-53.5006916012488,34.9500820314044,-54.333333332533));
#8976=CARTESIAN_POINT('Ctrl Pts',(-53.5018159718969,34.9500820312202,-67.9999999991996));
#8977=CARTESIAN_POINT('Ctrl Pts',(-53.1661544272236,34.9500910882408,-26.9999999999999));
#8978=CARTESIAN_POINT('Ctrl Pts',(-53.1673504628864,34.9500910883264,-40.6666666666666));
#8979=CARTESIAN_POINT('Ctrl Pts',(-53.1685464969898,34.9500910881553,-54.3333333333333));
#8980=CARTESIAN_POINT('Ctrl Pts',(-53.1697425326525,34.9500910882409,-67.9999999999999));
#8981=CARTESIAN_POINT('Ctrl Pts',(-52.9999963926226,34.9500910882408,-26.9999999999999));
#8982=CARTESIAN_POINT('Ctrl Pts',(-53.0012282594539,34.9500910882408,-40.6666666666666));
#8983=CARTESIAN_POINT('Ctrl Pts',(-53.0024601262853,34.9500910882409,-54.3333333333333));
#8984=CARTESIAN_POINT('Ctrl Pts',(-53.0036919931166,34.9500910882409,-67.9999999999999));
#8985=CARTESIAN_POINT('',(-59.999995230332,28.9500910882408,-27.));
#8986=CARTESIAN_POINT('',(-59.999995230332,-20.0499083157127,-27.));
#8987=CARTESIAN_POINT('',(-59.999995230332,28.9500910882408,-68.));
#8988=CARTESIAN_POINT('',(-59.999995230332,28.9500910882408,-68.));
#8989=CARTESIAN_POINT('',(-53.999995230332,34.9500910882408,-68.));
#8990=CARTESIAN_POINT('Origin',(-53.999995230332,28.9500910882408,-68.));
#8991=CARTESIAN_POINT('',(-53.0036919931167,34.9500910882408,-68.));
#8992=CARTESIAN_POINT('',(-53.999995230332,34.9500910882408,-26.9999999999999));
#8993=CARTESIAN_POINT('',(-52.9999960349947,34.9500910882408,-26.9999999999999));
#8994=CARTESIAN_POINT('Origin',(-53.999995230332,28.9500910882408,-27.));
#8995=CARTESIAN_POINT('Origin',(-52.9999963926226,36.9500910882408,-5.99999999999994));
#8996=CARTESIAN_POINT('',(-52.9999963926226,38.8999653424924,-7.99999999999994));
#8997=CARTESIAN_POINT('',(-52.9999963926226,38.8999653424924,-21.9999999999999));
#8998=CARTESIAN_POINT('',(-52.9999963926226,38.9355473790627,-7.61145748788479));
#8999=CARTESIAN_POINT('Ctrl Pts',(-52.9999963926226,38.9355473790627,-7.6114574878847));
#9000=CARTESIAN_POINT('Ctrl Pts',(-52.9999963926226,38.9236867002059,-7.74097165858976));
#9001=CARTESIAN_POINT('Ctrl Pts',(-52.9999963926226,38.9118260213491,-7.87048582929489));
#9002=CARTESIAN_POINT('Ctrl Pts',(-52.9999963926226,38.8999653424923,-7.99999999999994));
#9003=CARTESIAN_POINT('',(-52.9999963926226,42.3640669576301,-5.74999999999994));
#9004=CARTESIAN_POINT('Ctrl Pts',(-52.9999963926226,42.3640669576301,-5.74999999999994));
#9005=CARTESIAN_POINT('Ctrl Pts',(-52.9999963926226,42.1771758054344,-5.74999999999994));
#9006=CARTESIAN_POINT('Ctrl Pts',(-52.9999963926225,41.5733076880368,-5.81057493964219));
#9007=CARTESIAN_POINT('Ctrl Pts',(-52.9999963926225,40.6627994501473,-6.16745004858932));
#9008=CARTESIAN_POINT('Ctrl Pts',(-52.9999963926225,39.7617456658767,-6.81390416151189));
#9009=CARTESIAN_POINT('Ctrl Pts',(-52.9999963926226,39.1904561767575,-7.3586742130169));
#9010=CARTESIAN_POINT('Ctrl Pts',(-52.9999963926226,38.9355473790627,-7.61145748788478));
#9011=CARTESIAN_POINT('',(-52.9999963926226,42.4500920121128,-5.74999999999994));
#9012=CARTESIAN_POINT('Ctrl Pts',(-52.9999963926226,42.4500920121128,-5.74999999999994));
#9013=CARTESIAN_POINT('Ctrl Pts',(-52.9999963926226,42.4214169939519,-5.74999999999994));
#9014=CARTESIAN_POINT('Ctrl Pts',(-52.9999963926226,42.392741975791,-5.74999999999994));
#9015=CARTESIAN_POINT('Ctrl Pts',(-52.9999963926226,42.3640669576301,-5.74999999999994));
#9016=CARTESIAN_POINT('',(-52.9999963926226,42.4500920121128,-3.24999999999994));
#9017=CARTESIAN_POINT('',(-52.9999963926226,42.4500920121128,-5.99999999999994));
#9018=CARTESIAN_POINT('',(-52.9999963926226,34.9500910882408,-3.24999999999994));
#9019=CARTESIAN_POINT('',(-52.9999963926226,36.2000915501768,-3.24999999999995));
#9020=CARTESIAN_POINT('',(-52.9999963926226,34.9500910882408,7.50000000000006));
#9021=CARTESIAN_POINT('Origin',(-54.9999963926226,38.8999653424924,-26.9999999999999));
#9022=CARTESIAN_POINT('',(-55.1999966250807,40.8899401933427,-7.99999999999994));
#9023=CARTESIAN_POINT('',(-55.1999966250807,40.8899401933427,-26.9999999999999));
#9024=CARTESIAN_POINT('Origin',(-54.9999963926226,38.8999653424924,-7.99999999999994));
#9025=CARTESIAN_POINT('Origin',(-53.999995230332,28.9500910882408,-27.));
#9026=CARTESIAN_POINT('',(-65.9398443641882,30.1500921968873,-7.99999999999995));
#9027=CARTESIAN_POINT('',(-65.9398443641882,30.1500921968873,-22.));
#9028=CARTESIAN_POINT('Origin',(-53.999995230332,28.9500910882408,-7.99999999999995));
#9029=CARTESIAN_POINT('Origin',(-63.9498695085455,29.9500920121129,-27.));
#9030=CARTESIAN_POINT('',(-63.9498695085455,27.9500920121128,-7.99999999999995));
#9031=CARTESIAN_POINT('',(-63.9498695085455,27.9500920121129,-27.));
#9032=CARTESIAN_POINT('Origin',(-63.9498695085455,29.9500920121128,-7.99999999999995));
#9033=CARTESIAN_POINT('Ctrl Pts',(-53.2499713265695,42.3640669576301,-6.00354011274417));
#9034=CARTESIAN_POINT('Ctrl Pts',(-53.2498428642682,42.1934218867368,-6.01261111064389));
#9035=CARTESIAN_POINT('Ctrl Pts',(-53.2476889377075,41.6450867496199,-6.10018469491738));
#9036=CARTESIAN_POINT('Ctrl Pts',(-53.2301583299521,40.8356040833483,-6.48909489977016));
#9037=CARTESIAN_POINT('Ctrl Pts',(-53.1672228055942,40.0516871002567,-7.15827480360192));
#9038=CARTESIAN_POINT('Ctrl Pts',(-53.0811060690219,39.5323850483848,-7.71053118103651));
#9039=CARTESIAN_POINT('Ctrl Pts',(-53.0372170285225,39.2856555536521,-7.9645095396647));
#9040=CARTESIAN_POINT('Ctrl Pts',(-53.1666463485872,42.3640669576301,-5.91902674182943));
#9041=CARTESIAN_POINT('Ctrl Pts',(-53.166560707053,42.1880065263026,-5.92507407376257));
#9042=CARTESIAN_POINT('Ctrl Pts',(-53.1651247560125,41.6211603957589,-6.00364810982565));
#9043=CARTESIAN_POINT('Ctrl Pts',(-53.1534376841756,40.7780025389479,-6.38187994937655));
#9044=CARTESIAN_POINT('Ctrl Pts',(-53.111480667937,39.9550399554633,-7.04348458957191));
#9045=CARTESIAN_POINT('Ctrl Pts',(-53.0540695102221,39.4184087578424,-7.59324552502998));
#9046=CARTESIAN_POINT('Ctrl Pts',(-53.0248101498892,39.168952828789,-7.84682552240473));
#9047=CARTESIAN_POINT('Ctrl Pts',(-53.0833213706049,42.3640669576301,-5.83451337091468));
#9048=CARTESIAN_POINT('Ctrl Pts',(-53.0832785498378,42.1825911658685,-5.83753703688126));
#9049=CARTESIAN_POINT('Ctrl Pts',(-53.0825605743175,41.5972340418978,-5.90711152473392));
#9050=CARTESIAN_POINT('Ctrl Pts',(-53.0767170383991,40.7204009945476,-6.27466499898293));
#9051=CARTESIAN_POINT('Ctrl Pts',(-53.0557385302798,39.85839281067,-6.9286943755419));
#9052=CARTESIAN_POINT('Ctrl Pts',(-53.0270329514223,39.3044324673,-7.47595986902344));
#9053=CARTESIAN_POINT('Ctrl Pts',(-53.0124032712559,39.0522501039258,-7.72914150514475));
#9054=CARTESIAN_POINT('Ctrl Pts',(-52.9999963926226,42.3640669576301,-5.74999999999994));
#9055=CARTESIAN_POINT('Ctrl Pts',(-52.9999963926226,42.1771758054344,-5.74999999999994));
#9056=CARTESIAN_POINT('Ctrl Pts',(-52.9999963926225,41.5733076880368,-5.81057493964219));
#9057=CARTESIAN_POINT('Ctrl Pts',(-52.9999963926225,40.6627994501473,-6.16745004858932));
#9058=CARTESIAN_POINT('Ctrl Pts',(-52.9999963926225,39.7617456658767,-6.81390416151189));
#9059=CARTESIAN_POINT('Ctrl Pts',(-52.9999963926226,39.1904561767575,-7.3586742130169));
#9060=CARTESIAN_POINT('Ctrl Pts',(-52.9999963926226,38.9355473790627,-7.61145748788478));
#9061=CARTESIAN_POINT('',(-53.0372170285225,39.2856555536521,-7.9645095396647));
#9062=CARTESIAN_POINT('Ctrl Pts',(-52.9999963926226,38.9355473790627,-7.61145748788478));
#9063=CARTESIAN_POINT('Ctrl Pts',(-53.0124032712559,39.0522501039258,-7.72914150514475));
#9064=CARTESIAN_POINT('Ctrl Pts',(-53.0248101498892,39.168952828789,-7.84682552240473));
#9065=CARTESIAN_POINT('Ctrl Pts',(-53.0372170285225,39.2856555536521,-7.9645095396647));
#9066=CARTESIAN_POINT('',(-53.2499713265695,42.3640669576301,-6.00354011274417));
#9067=CARTESIAN_POINT('Ctrl Pts',(-53.0372170285225,39.2856555536521,-7.9645095396647));
#9068=CARTESIAN_POINT('Ctrl Pts',(-53.0811060690219,39.5323850483848,-7.71053118103651));
#9069=CARTESIAN_POINT('Ctrl Pts',(-53.1672228055942,40.0516871002567,-7.15827480360192));
#9070=CARTESIAN_POINT('Ctrl Pts',(-53.2301583299521,40.8356040833483,-6.48909489977016));
#9071=CARTESIAN_POINT('Ctrl Pts',(-53.2476889377075,41.6450867496199,-6.10018469491738));
#9072=CARTESIAN_POINT('Ctrl Pts',(-53.2498428642682,42.1934218867368,-6.01261111064389));
#9073=CARTESIAN_POINT('Ctrl Pts',(-53.2499713265695,42.3640669576301,-6.00354011274417));
#9074=CARTESIAN_POINT('',(-53.2499713265695,42.3640669576301,-6.00354011274417));
#9075=CARTESIAN_POINT('Origin',(-67.4999963926226,28.4500920121128,-5.87499999999995));
#9076=CARTESIAN_POINT('',(-67.5491092789879,28.2049636286219,-5.99999999999995));
#9077=CARTESIAN_POINT('',(-67.5982221653533,27.959835245131,-5.74999999999995));
#9078=CARTESIAN_POINT('',(-67.5491092789879,28.2049636286219,-5.99999999999995));
#9079=CARTESIAN_POINT('',(-67.9999963926226,28.4500920121128,-5.74999999999995));
#9080=CARTESIAN_POINT('Origin',(-67.4999963926226,28.4500920121128,-5.74999999999995));
#9081=CARTESIAN_POINT('',(-67.7499963926225,28.4500920121128,-5.99999999999995));
#9082=CARTESIAN_POINT('',(-67.9999963926226,28.4500920121128,-5.74999999999995));
#9083=CARTESIAN_POINT('Origin',(-67.4999963926226,28.4500920121128,-5.99999999999995));
#9084=CARTESIAN_POINT('Origin',(-67.8749963926226,39.2000920121128,-5.87499999999994));
#9085=CARTESIAN_POINT('',(-67.9999963926226,28.7014785151031,-5.74999999999995));
#9086=CARTESIAN_POINT('',(-67.7499963926226,28.7014785151031,-5.99999999999995));
#9087=CARTESIAN_POINT('',(-67.9999963926226,28.7014785151031,-5.74999999999995));
#9088=CARTESIAN_POINT('',(-67.7499963926226,39.2000920121128,-5.99999999999994));
#9089=CARTESIAN_POINT('',(-67.9999963926226,39.2000920121128,-5.74999999999994));
#9090=CARTESIAN_POINT('Ctrl Pts',(-67.7499963926226,28.7014785151031,-5.99999999999995));
#9091=CARTESIAN_POINT('Ctrl Pts',(-67.7499963926226,29.2449966474759,-5.99999999999995));
#9092=CARTESIAN_POINT('Ctrl Pts',(-67.7502905987249,29.7885147798486,-6.01308374623252));
#9093=CARTESIAN_POINT('Ctrl Pts',(-67.7501299353788,30.3320329122214,-6.0081702842319));
#9094=CARTESIAN_POINT('Ctrl Pts',(-67.8333297259559,28.7014785151031,-5.91666666666661));
#9095=CARTESIAN_POINT('Ctrl Pts',(-67.8333297259559,29.2449966474759,-5.91666666666661));
#9096=CARTESIAN_POINT('Ctrl Pts',(-67.8335258633575,29.7885147798486,-5.92538916415499));
#9097=CARTESIAN_POINT('Ctrl Pts',(-67.83341875446,30.3320329122214,-5.92211352282125));
#9098=CARTESIAN_POINT('Ctrl Pts',(-67.9166630592892,28.7014785151031,-5.83333333333328));
#9099=CARTESIAN_POINT('Ctrl Pts',(-67.9166630592892,29.2449966474759,-5.83333333333328));
#9100=CARTESIAN_POINT('Ctrl Pts',(-67.91676112799,29.7885147798486,-5.83769458207747));
#9101=CARTESIAN_POINT('Ctrl Pts',(-67.9167075735413,30.3320329122214,-5.8360567614106));
#9102=CARTESIAN_POINT('Ctrl Pts',(-67.9999963926226,28.7014785151031,-5.74999999999995));
#9103=CARTESIAN_POINT('Ctrl Pts',(-67.9999963926226,29.2449966474759,-5.74999999999995));
#9104=CARTESIAN_POINT('Ctrl Pts',(-67.9999963926226,29.7885147798486,-5.74999999999995));
#9105=CARTESIAN_POINT('Ctrl Pts',(-67.9999963926226,30.3320329122214,-5.74999999999995));
#9106=CARTESIAN_POINT('',(-67.9999963926226,30.3320329122214,-5.74999999999995));
#9107=CARTESIAN_POINT('',(-67.7501299353788,30.3320329122214,-6.0081702842319));
#9108=CARTESIAN_POINT('',(-67.9999963926226,30.3320329122214,-5.74999999999995));
#9109=CARTESIAN_POINT('Ctrl Pts',(-67.7501299353788,30.3320329122214,-6.0081702842319));
#9110=CARTESIAN_POINT('Ctrl Pts',(-67.7502905987249,29.7885147798486,-6.01308374623252));
#9111=CARTESIAN_POINT('Ctrl Pts',(-67.7499963926226,29.2449966474759,-5.99999999999995));
#9112=CARTESIAN_POINT('Ctrl Pts',(-67.7499963926226,28.7014785151031,-5.99999999999995));
#9113=CARTESIAN_POINT('Ctrl Pts',(-67.9999963926226,28.7014785151031,-5.74999999999995));
#9114=CARTESIAN_POINT('Ctrl Pts',(-67.9999963926226,29.2449966474759,-5.74999999999995));
#9115=CARTESIAN_POINT('Ctrl Pts',(-67.9999963926226,29.7885147798486,-5.74999999999995));
#9116=CARTESIAN_POINT('Ctrl Pts',(-67.9999963926226,30.3320329122214,-5.74999999999995));
#9117=CARTESIAN_POINT('Ctrl Pts',(-67.7501299353788,30.3320329122214,-6.0081702842319));
#9118=CARTESIAN_POINT('Ctrl Pts',(-67.7500065755115,30.7493547611013,-6.00439765012024));
#9119=CARTESIAN_POINT('Ctrl Pts',(-67.7499963926226,31.1666766099812,-5.99999999999994));
#9120=CARTESIAN_POINT('Ctrl Pts',(-67.7499963926226,31.5839984588611,-5.99999999999994));
#9121=CARTESIAN_POINT('Ctrl Pts',(-67.83341875446,30.3320329122214,-5.92211352282125));
#9122=CARTESIAN_POINT('Ctrl Pts',(-67.8333365145485,30.7493547611013,-5.91959843341347));
#9123=CARTESIAN_POINT('Ctrl Pts',(-67.8333297259559,31.1666766099812,-5.91666666666661));
#9124=CARTESIAN_POINT('Ctrl Pts',(-67.8333297259559,31.5839984588611,-5.91666666666661));
#9125=CARTESIAN_POINT('Ctrl Pts',(-67.9167075735413,30.3320329122214,-5.8360567614106));
#9126=CARTESIAN_POINT('Ctrl Pts',(-67.9166664535855,30.7493547611013,-5.83479921670671));
#9127=CARTESIAN_POINT('Ctrl Pts',(-67.9166630592892,31.1666766099812,-5.83333333333328));
#9128=CARTESIAN_POINT('Ctrl Pts',(-67.9166630592892,31.5839984588611,-5.83333333333328));
#9129=CARTESIAN_POINT('Ctrl Pts',(-67.9999963926226,30.3320329122214,-5.74999999999995));
#9130=CARTESIAN_POINT('Ctrl Pts',(-67.9999963926226,30.7493547611013,-5.74999999999995));
#9131=CARTESIAN_POINT('Ctrl Pts',(-67.9999963926226,31.1666766099812,-5.74999999999995));
#9132=CARTESIAN_POINT('Ctrl Pts',(-67.9999963926226,31.5839984588611,-5.74999999999995));
#9133=CARTESIAN_POINT('',(-67.9999963926226,31.5839984588611,-5.74999999999995));
#9134=CARTESIAN_POINT('',(-67.7499963926226,31.5839984588611,-5.99999999999994));
#9135=CARTESIAN_POINT('',(-67.9999963926226,31.5839984588611,-5.74999999999995));
#9136=CARTESIAN_POINT('Ctrl Pts',(-67.7499963926226,31.5839984588611,-5.99999999999994));
#9137=CARTESIAN_POINT('Ctrl Pts',(-67.7499963926226,31.1666766099812,-5.99999999999994));
#9138=CARTESIAN_POINT('Ctrl Pts',(-67.7500065755115,30.7493547611013,-6.00439765012024));
#9139=CARTESIAN_POINT('Ctrl Pts',(-67.7501299353788,30.3320329122214,-6.0081702842319));
#9140=CARTESIAN_POINT('Ctrl Pts',(-67.9999963926226,30.3320329122214,-5.74999999999995));
#9141=CARTESIAN_POINT('Ctrl Pts',(-67.9999963926226,30.7493547611013,-5.74999999999995));
#9142=CARTESIAN_POINT('Ctrl Pts',(-67.9999963926226,31.1666766099812,-5.74999999999995));
#9143=CARTESIAN_POINT('Ctrl Pts',(-67.9999963926226,31.5839984588611,-5.74999999999995));
#9144=CARTESIAN_POINT('Origin',(-67.8749963926226,39.2000920121128,-5.87499999999994));
#9145=CARTESIAN_POINT('',(-67.9999963926226,42.4500920121128,-5.74999999999994));
#9146=CARTESIAN_POINT('',(-67.9999963926226,39.2000920121128,-5.74999999999994));
#9147=CARTESIAN_POINT('',(-67.7499963926226,42.4500920121128,-5.99999999999994));
#9148=CARTESIAN_POINT('',(-67.9999963926226,42.4500920121128,-5.74999999999994));
#9149=CARTESIAN_POINT('',(-67.7499963926226,39.2000920121128,-5.99999999999994));
#9150=CARTESIAN_POINT('Origin',(-67.4999963926226,42.4500920121128,-5.87499999999994));
#9151=CARTESIAN_POINT('',(-67.4999963926226,42.9500920121128,-5.74999999999994));
#9152=CARTESIAN_POINT('Origin',(-67.4999963926226,42.4500920121128,-5.74999999999994));
#9153=CARTESIAN_POINT('',(-67.4999963926226,42.7000920121128,-5.99999999999994));
#9154=CARTESIAN_POINT('',(-67.4999963926226,42.9500920121128,-5.74999999999994));
#9155=CARTESIAN_POINT('Origin',(-67.4999963926226,42.4500920121128,-5.99999999999994));
#9156=CARTESIAN_POINT('Origin',(-56.7499963926226,42.8250920121128,-5.87499999999994));
#9157=CARTESIAN_POINT('',(-53.7513822429193,42.7000920121128,-5.99999999999994));
#9158=CARTESIAN_POINT('',(-53.7513822429193,42.9500920121128,-5.74999999999994));
#9159=CARTESIAN_POINT('',(-53.7513822429193,42.7000920121128,-5.99999999999994));
#9160=CARTESIAN_POINT('',(-53.4999963926226,42.9500920121128,-5.74999999999994));
#9161=CARTESIAN_POINT('',(-56.7499963926226,42.9500920121128,-5.74999999999994));
#9162=CARTESIAN_POINT('',(-53.4999963926226,42.7000920121128,-5.99999999999994));
#9163=CARTESIAN_POINT('',(-53.4999963926226,42.9500920121128,-5.74999999999994));
#9164=CARTESIAN_POINT('',(-56.7499963926226,42.7000920121128,-5.99999999999994));
#9165=CARTESIAN_POINT('Ctrl Pts',(-53.7513822429193,42.9500920121128,-5.74999999999994));
#9166=CARTESIAN_POINT('Ctrl Pts',(-54.294900616353,42.9500920121128,-5.74999999999994));
#9167=CARTESIAN_POINT('Ctrl Pts',(-54.8384189897866,42.9500920121128,-5.74999999999994));
#9168=CARTESIAN_POINT('Ctrl Pts',(-55.3819373632202,42.9500920121128,-5.74999999999994));
#9169=CARTESIAN_POINT('Ctrl Pts',(-53.7513822429193,42.8667586787795,-5.83333333333327));
#9170=CARTESIAN_POINT('Ctrl Pts',(-54.294900616353,42.8667586787795,-5.83333333333327));
#9171=CARTESIAN_POINT('Ctrl Pts',(-54.8384189897866,42.8668567479035,-5.83769459127646));
#9172=CARTESIAN_POINT('Ctrl Pts',(-55.3819373632202,42.8668031932349,-5.83605676762815));
#9173=CARTESIAN_POINT('Ctrl Pts',(-53.7513822429193,42.7834253454462,-5.91666666666661));
#9174=CARTESIAN_POINT('Ctrl Pts',(-54.294900616353,42.7834253454462,-5.91666666666661));
#9175=CARTESIAN_POINT('Ctrl Pts',(-54.8384189897866,42.7836214836941,-5.92538918255299));
#9176=CARTESIAN_POINT('Ctrl Pts',(-55.3819373632202,42.7835143743569,-5.92211353525637));
#9177=CARTESIAN_POINT('Ctrl Pts',(-53.7513822429193,42.7000920121128,-5.99999999999994));
#9178=CARTESIAN_POINT('Ctrl Pts',(-54.294900616353,42.7000920121128,-5.99999999999994));
#9179=CARTESIAN_POINT('Ctrl Pts',(-54.8384189897866,42.7003862194847,-6.01308377382951));
#9180=CARTESIAN_POINT('Ctrl Pts',(-55.3819373632202,42.700225555479,-6.00817030288458));
#9181=CARTESIAN_POINT('',(-55.3819373632202,42.700225555479,-6.00817030288458));
#9182=CARTESIAN_POINT('',(-55.3819373632202,42.9500920121128,-5.74999999999994));
#9183=CARTESIAN_POINT('',(-55.3819373632202,42.700225555479,-6.00817030288458));
#9184=CARTESIAN_POINT('Ctrl Pts',(-55.3819373632202,42.9500920121128,-5.74999999999994));
#9185=CARTESIAN_POINT('Ctrl Pts',(-54.8384189897866,42.9500920121128,-5.74999999999994));
#9186=CARTESIAN_POINT('Ctrl Pts',(-54.294900616353,42.9500920121128,-5.74999999999994));
#9187=CARTESIAN_POINT('Ctrl Pts',(-53.7513822429193,42.9500920121128,-5.74999999999994));
#9188=CARTESIAN_POINT('Ctrl Pts',(-53.7513822429193,42.7000920121128,-5.99999999999994));
#9189=CARTESIAN_POINT('Ctrl Pts',(-54.294900616353,42.7000920121128,-5.99999999999994));
#9190=CARTESIAN_POINT('Ctrl Pts',(-54.8384189897866,42.7003862194847,-6.01308377382951));
#9191=CARTESIAN_POINT('Ctrl Pts',(-55.3819373632202,42.700225555479,-6.00817030288458));
#9192=CARTESIAN_POINT('Ctrl Pts',(-55.3819373632202,42.9500920121128,-5.74999999999994));
#9193=CARTESIAN_POINT('Ctrl Pts',(-55.7992595240094,42.9500920121128,-5.74999999999994));
#9194=CARTESIAN_POINT('Ctrl Pts',(-56.2165816847986,42.9500920121128,-5.74999999999994));
#9195=CARTESIAN_POINT('Ctrl Pts',(-56.6339038455877,42.9500920121128,-5.74999999999994));
#9196=CARTESIAN_POINT('Ctrl Pts',(-55.3819373632202,42.8668031932349,-5.83605676762815));
#9197=CARTESIAN_POINT('Ctrl Pts',(-55.7992595240094,42.8667620730978,-5.83479922025292));
#9198=CARTESIAN_POINT('Ctrl Pts',(-56.2165816847986,42.8667586787795,-5.83333333333327));
#9199=CARTESIAN_POINT('Ctrl Pts',(-56.6339038455877,42.8667586787795,-5.83333333333327));
#9200=CARTESIAN_POINT('Ctrl Pts',(-55.3819373632202,42.7835143743569,-5.92211353525637));
#9201=CARTESIAN_POINT('Ctrl Pts',(-55.7992595240094,42.7834321340828,-5.9195984405059));
#9202=CARTESIAN_POINT('Ctrl Pts',(-56.2165816847986,42.7834253454462,-5.91666666666661));
#9203=CARTESIAN_POINT('Ctrl Pts',(-56.6339038455877,42.7834253454462,-5.91666666666661));
#9204=CARTESIAN_POINT('Ctrl Pts',(-55.3819373632202,42.700225555479,-6.00817030288458));
#9205=CARTESIAN_POINT('Ctrl Pts',(-55.7992595240094,42.7001021950677,-6.00439766075887));
#9206=CARTESIAN_POINT('Ctrl Pts',(-56.2165816847986,42.7000920121128,-5.99999999999994));
#9207=CARTESIAN_POINT('Ctrl Pts',(-56.6339038455877,42.7000920121128,-5.99999999999994));
#9208=CARTESIAN_POINT('',(-56.6339038455877,42.7000920121128,-5.99999999999994));
#9209=CARTESIAN_POINT('',(-56.6339038455877,42.9500920121128,-5.74999999999994));
#9210=CARTESIAN_POINT('',(-56.6339038455877,42.7000920121128,-5.99999999999994));
#9211=CARTESIAN_POINT('Ctrl Pts',(-56.6339038455877,42.9500920121128,-5.74999999999994));
#9212=CARTESIAN_POINT('Ctrl Pts',(-56.2165816847986,42.9500920121128,-5.74999999999994));
#9213=CARTESIAN_POINT('Ctrl Pts',(-55.7992595240094,42.9500920121128,-5.74999999999994));
#9214=CARTESIAN_POINT('Ctrl Pts',(-55.3819373632202,42.9500920121128,-5.74999999999994));
#9215=CARTESIAN_POINT('Ctrl Pts',(-55.3819373632202,42.700225555479,-6.00817030288458));
#9216=CARTESIAN_POINT('Ctrl Pts',(-55.7992595240094,42.7001021950677,-6.00439766075887));
#9217=CARTESIAN_POINT('Ctrl Pts',(-56.2165816847986,42.7000920121128,-5.99999999999994));
#9218=CARTESIAN_POINT('Ctrl Pts',(-56.6339038455877,42.7000920121128,-5.99999999999994));
#9219=CARTESIAN_POINT('Origin',(-56.7499963926226,42.8250920121128,-5.87499999999994));
#9220=CARTESIAN_POINT('',(-56.7499963926226,42.7000920121128,-5.99999999999994));
#9221=CARTESIAN_POINT('',(-56.7499963926226,42.9500920121128,-5.74999999999994));
#9222=CARTESIAN_POINT('Origin',(-53.4999963926226,42.4500920121128,-5.87499999999994));
#9223=CARTESIAN_POINT('',(-53.0097397208226,42.5483182599066,-5.74999999999994));
#9224=CARTESIAN_POINT('',(-53.2548680567226,42.4992051360097,-5.99999999999994));
#9225=CARTESIAN_POINT('',(-53.0097397208226,42.5483182599066,-5.74999999999994));
#9226=CARTESIAN_POINT('Origin',(-53.4999963926226,42.4500920121128,-5.99999999999994));
#9227=CARTESIAN_POINT('Origin',(-53.4999963926226,42.4500920121128,-5.74999999999994));
#9228=CARTESIAN_POINT('Ctrl Pts',(-64.3355597194141,27.987312647961,-7.96450953996445));
#9229=CARTESIAN_POINT('Ctrl Pts',(-64.7056539615457,28.0531462087176,-7.58354200199932));
#9230=CARTESIAN_POINT('Ctrl Pts',(-65.355448661653,28.1514972395926,-6.88510217582918));
#9231=CARTESIAN_POINT('Ctrl Pts',(-66.1882920116312,28.1867328979148,-6.32666570459656));
#9232=CARTESIAN_POINT('Ctrl Pts',(-66.8894735672876,28.1989699468539,-6.06445027816819));
#9233=CARTESIAN_POINT('Ctrl Pts',(-67.2433260527707,28.1999384837585,-6.01261111064492));
#9234=CARTESIAN_POINT('Ctrl Pts',(-67.4139711236833,28.2000669460597,-6.00354011274418));
#9235=CARTESIAN_POINT('Ctrl Pts',(-64.2188569945477,27.9749057693449,-7.84682552270399));
#9236=CARTESIAN_POINT('Ctrl Pts',(-64.5930408881551,28.0187948098494,-7.46645552661827));
#9237=CARTESIAN_POINT('Ctrl Pts',(-65.2716459411085,28.084362163766,-6.77211144229701));
#9238=CARTESIAN_POINT('Ctrl Pts',(-66.1439323840476,28.1078526026475,-6.2233020511241));
#9239=CARTESIAN_POINT('Ctrl Pts',(-66.8721698622658,28.1160106352735,-5.97104728477567));
#9240=CARTESIAN_POINT('Ctrl Pts',(-67.237910692336,28.1166563265433,-5.92507407376326));
#9241=CARTESIAN_POINT('Ctrl Pts',(-67.4139711236833,28.1167419680774,-5.91902674182943));
#9242=CARTESIAN_POINT('Ctrl Pts',(-64.1021542696813,27.9624988907289,-7.72914150544354));
#9243=CARTESIAN_POINT('Ctrl Pts',(-64.4804278147644,27.9844434109811,-7.34936905123721));
#9244=CARTESIAN_POINT('Ctrl Pts',(-65.1878432205639,28.0172270879394,-6.65912070876483));
#9245=CARTESIAN_POINT('Ctrl Pts',(-66.0995727564639,28.0289723073802,-6.11993839765165));
#9246=CARTESIAN_POINT('Ctrl Pts',(-66.854866157244,28.0330513236932,-5.87764429138315));
#9247=CARTESIAN_POINT('Ctrl Pts',(-67.2324953319012,28.0333741693281,-5.8375370368816));
#9248=CARTESIAN_POINT('Ctrl Pts',(-67.4139711236833,28.0334169900951,-5.83451337091469));
#9249=CARTESIAN_POINT('Ctrl Pts',(-63.985451544815,27.9500920121128,-7.61145748818308));
#9250=CARTESIAN_POINT('Ctrl Pts',(-64.3678147413737,27.9500920121128,-7.23228257585616));
#9251=CARTESIAN_POINT('Ctrl Pts',(-65.1040405000194,27.9500920121129,-6.54612997523266));
#9252=CARTESIAN_POINT('Ctrl Pts',(-66.0552131288802,27.9500920121128,-6.01657474417919));
#9253=CARTESIAN_POINT('Ctrl Pts',(-66.8375624522223,27.9500920121128,-5.78424129799063));
#9254=CARTESIAN_POINT('Ctrl Pts',(-67.2270799714665,27.9500920121128,-5.74999999999994));
#9255=CARTESIAN_POINT('Ctrl Pts',(-67.4139711236833,27.9500920121128,-5.74999999999995));
#9256=CARTESIAN_POINT('',(-64.3355597194141,27.987312647961,-7.96450953996445));
#9257=CARTESIAN_POINT('',(-63.985451544815,27.9500920121128,-7.61145748818308));
#9258=CARTESIAN_POINT('Ctrl Pts',(-64.3355597194141,27.987312647961,-7.96450953996445));
#9259=CARTESIAN_POINT('Ctrl Pts',(-64.2188569945477,27.9749057693449,-7.84682552270399));
#9260=CARTESIAN_POINT('Ctrl Pts',(-64.1021542696813,27.9624988907289,-7.72914150544354));
#9261=CARTESIAN_POINT('Ctrl Pts',(-63.985451544815,27.9500920121128,-7.61145748818308));
#9262=CARTESIAN_POINT('',(-67.4139711236833,27.9500920121128,-5.74999999999995));
#9263=CARTESIAN_POINT('Ctrl Pts',(-63.985451544815,27.9500920121128,-7.61145748818308));
#9264=CARTESIAN_POINT('Ctrl Pts',(-64.3678147413737,27.9500920121128,-7.23228257585616));
#9265=CARTESIAN_POINT('Ctrl Pts',(-65.1040405000194,27.9500920121129,-6.54612997523266));
#9266=CARTESIAN_POINT('Ctrl Pts',(-66.0552131288802,27.9500920121128,-6.01657474417919));
#9267=CARTESIAN_POINT('Ctrl Pts',(-66.8375624522223,27.9500920121128,-5.78424129799063));
#9268=CARTESIAN_POINT('Ctrl Pts',(-67.2270799714665,27.9500920121128,-5.74999999999994));
#9269=CARTESIAN_POINT('Ctrl Pts',(-67.4139711236833,27.9500920121128,-5.74999999999995));
#9270=CARTESIAN_POINT('',(-67.4139711236833,28.2000669460597,-6.00354011274418));
#9271=CARTESIAN_POINT('',(-67.4139711236833,27.9500920121128,-5.74999999999995));
#9272=CARTESIAN_POINT('Ctrl Pts',(-67.4139711236833,28.2000669460597,-6.00354011274418));
#9273=CARTESIAN_POINT('Ctrl Pts',(-67.2433260527707,28.1999384837585,-6.01261111064492));
#9274=CARTESIAN_POINT('Ctrl Pts',(-66.8894735672876,28.1989699468539,-6.06445027816819));
#9275=CARTESIAN_POINT('Ctrl Pts',(-66.1882920116312,28.1867328979148,-6.32666570459656));
#9276=CARTESIAN_POINT('Ctrl Pts',(-65.355448661653,28.1514972395926,-6.88510217582918));
#9277=CARTESIAN_POINT('Ctrl Pts',(-64.7056539615457,28.0531462087176,-7.58354200199932));
#9278=CARTESIAN_POINT('Ctrl Pts',(-64.3355597194141,27.987312647961,-7.96450953996445));
#9279=CARTESIAN_POINT('Ctrl Pts',(-67.4139711236833,28.2000669460597,-6.00354011274418));
#9280=CARTESIAN_POINT('Ctrl Pts',(-67.4426462133297,28.2000885327835,-6.00201582800161));
#9281=CARTESIAN_POINT('Ctrl Pts',(-67.4713213029761,28.2000906718275,-6.00098068740215));
#9282=CARTESIAN_POINT('Ctrl Pts',(-67.4999963926226,28.2000916237115,-6.00044068186343));
#9283=CARTESIAN_POINT('Ctrl Pts',(-67.4139711236833,28.1167419680774,-5.91902674182943));
#9284=CARTESIAN_POINT('Ctrl Pts',(-67.4426462133297,28.1167563592266,-5.91801055200106));
#9285=CARTESIAN_POINT('Ctrl Pts',(-67.4713213029761,28.1167577852559,-5.91732045826808));
#9286=CARTESIAN_POINT('Ctrl Pts',(-67.4999963926226,28.1167584198453,-5.91696045457561));
#9287=CARTESIAN_POINT('Ctrl Pts',(-67.4139711236833,28.0334169900951,-5.83451337091469));
#9288=CARTESIAN_POINT('Ctrl Pts',(-67.4426462133297,28.0334241856697,-5.8340052760005));
#9289=CARTESIAN_POINT('Ctrl Pts',(-67.4713213029761,28.0334248986844,-5.83366022913402));
#9290=CARTESIAN_POINT('Ctrl Pts',(-67.4999963926226,28.0334252159791,-5.83348022728778));
#9291=CARTESIAN_POINT('Ctrl Pts',(-67.4139711236833,27.9500920121128,-5.74999999999995));
#9292=CARTESIAN_POINT('Ctrl Pts',(-67.4426462133297,27.9500920121128,-5.74999999999995));
#9293=CARTESIAN_POINT('Ctrl Pts',(-67.4713213029761,27.9500920121128,-5.74999999999995));
#9294=CARTESIAN_POINT('Ctrl Pts',(-67.4999963926226,27.9500920121128,-5.74999999999995));
#9295=CARTESIAN_POINT('',(-67.4999963926226,27.9500920121128,-5.74999999999995));
#9296=CARTESIAN_POINT('',(-67.4999963926225,28.2000916237115,-6.00044068186343));
#9297=CARTESIAN_POINT('',(-67.4999963926226,27.9500920121128,-5.74999999999995));
#9298=CARTESIAN_POINT('Ctrl Pts',(-67.4999963926226,28.2000916237115,-6.00044068186343));
#9299=CARTESIAN_POINT('Ctrl Pts',(-67.4713213029761,28.2000906718275,-6.00098068740215));
#9300=CARTESIAN_POINT('Ctrl Pts',(-67.4426462133297,28.2000885327835,-6.00201582800161));
#9301=CARTESIAN_POINT('Ctrl Pts',(-67.4139711236833,28.2000669460597,-6.00354011274418));
#9302=CARTESIAN_POINT('Ctrl Pts',(-67.4139711236833,27.9500920121128,-5.74999999999995));
#9303=CARTESIAN_POINT('Ctrl Pts',(-67.4426462133297,27.9500920121128,-5.74999999999995));
#9304=CARTESIAN_POINT('Ctrl Pts',(-67.4713213029761,27.9500920121128,-5.74999999999995));
#9305=CARTESIAN_POINT('Ctrl Pts',(-67.4999963926226,27.9500920121128,-5.74999999999995));
#9306=CARTESIAN_POINT('Ctrl Pts',(-67.4999963926225,28.2000916237115,-6.00044068186343));
#9307=CARTESIAN_POINT('Ctrl Pts',(-67.5164745535826,28.2000921707124,-6.00013036729089));
#9308=CARTESIAN_POINT('Ctrl Pts',(-67.5329522442535,28.2017264734642,-5.99999999999995));
#9309=CARTESIAN_POINT('Ctrl Pts',(-67.5491092789879,28.2049636286219,-5.99999999999995));
#9310=CARTESIAN_POINT('Ctrl Pts',(-67.4999963926225,28.1167584198453,-5.91696045457561));
#9311=CARTESIAN_POINT('Ctrl Pts',(-67.5219672568356,28.1167587845125,-5.91675357819391));
#9312=CARTESIAN_POINT('Ctrl Pts',(-67.5439375281304,28.1189379605814,-5.91666666666661));
#9313=CARTESIAN_POINT('Ctrl Pts',(-67.5654802411097,28.1232541674583,-5.91666666666661));
#9314=CARTESIAN_POINT('Ctrl Pts',(-67.4999963926225,28.0334252159791,-5.83348022728778));
#9315=CARTESIAN_POINT('Ctrl Pts',(-67.5274599600886,28.0334253983127,-5.83337678909693));
#9316=CARTESIAN_POINT('Ctrl Pts',(-67.5549228120074,28.0361494476985,-5.83333333333328));
#9317=CARTESIAN_POINT('Ctrl Pts',(-67.5818512032315,28.0415447062947,-5.83333333333328));
#9318=CARTESIAN_POINT('Ctrl Pts',(-67.4999963926225,27.9500920121128,-5.74999999999995));
#9319=CARTESIAN_POINT('Ctrl Pts',(-67.5329526633416,27.9500920121128,-5.74999999999995));
#9320=CARTESIAN_POINT('Ctrl Pts',(-67.5659080958844,27.9533609348156,-5.74999999999995));
#9321=CARTESIAN_POINT('Ctrl Pts',(-67.5982221653533,27.959835245131,-5.74999999999995));
#9322=CARTESIAN_POINT('Ctrl Pts',(-67.4999963926225,27.9500920121128,-5.74999999999995));
#9323=CARTESIAN_POINT('Ctrl Pts',(-67.5329526633416,27.9500920121128,-5.74999999999995));
#9324=CARTESIAN_POINT('Ctrl Pts',(-67.5659080958844,27.9533609348156,-5.74999999999995));
#9325=CARTESIAN_POINT('Ctrl Pts',(-67.5982221653533,27.959835245131,-5.74999999999995));
#9326=CARTESIAN_POINT('Ctrl Pts',(-67.5491092789879,28.2049636286219,-5.99999999999995));
#9327=CARTESIAN_POINT('Ctrl Pts',(-67.5329522442535,28.2017264734642,-5.99999999999995));
#9328=CARTESIAN_POINT('Ctrl Pts',(-67.5164745535826,28.2000921707124,-6.00013036729089));
#9329=CARTESIAN_POINT('Ctrl Pts',(-67.4999963926225,28.2000916237115,-6.00044068186343));
#9330=CARTESIAN_POINT('Ctrl Pts',(-53.2548680567226,42.4992051360097,-5.99999999999994));
#9331=CARTESIAN_POINT('Ctrl Pts',(-53.2516308700449,42.4830480252349,-5.99999999999994));
#9332=CARTESIAN_POINT('Ctrl Pts',(-53.2499965512252,42.4665702538242,-6.00013036839014));
#9333=CARTESIAN_POINT('Ctrl Pts',(-53.2499960042141,42.4500920121128,-6.00044068590206));
#9334=CARTESIAN_POINT('Ctrl Pts',(-53.1731586114226,42.5155761773087,-5.91666666666661));
#9335=CARTESIAN_POINT('Ctrl Pts',(-53.168842362519,42.4940333629423,-5.91666666666661));
#9336=CARTESIAN_POINT('Ctrl Pts',(-53.1666631650243,42.4720629839939,-5.91675357892674));
#9337=CARTESIAN_POINT('Ctrl Pts',(-53.1666628003503,42.4500920121128,-5.91696045726802));
#9338=CARTESIAN_POINT('Ctrl Pts',(-53.0914491661226,42.5319472186077,-5.83333333333327));
#9339=CARTESIAN_POINT('Ctrl Pts',(-53.0860538549931,42.5050187006496,-5.83333333333327));
#9340=CARTESIAN_POINT('Ctrl Pts',(-53.0833297788234,42.4775557141636,-5.83337678946334));
#9341=CARTESIAN_POINT('Ctrl Pts',(-53.0833295964864,42.4500920121128,-5.83348022863398));
#9342=CARTESIAN_POINT('Ctrl Pts',(-53.0097397208226,42.5483182599066,-5.74999999999994));
#9343=CARTESIAN_POINT('Ctrl Pts',(-53.0032653474672,42.516004038357,-5.74999999999994));
#9344=CARTESIAN_POINT('Ctrl Pts',(-52.9999963926226,42.4830484443333,-5.74999999999994));
#9345=CARTESIAN_POINT('Ctrl Pts',(-52.9999963926226,42.4500920121128,-5.74999999999994));
#9346=CARTESIAN_POINT('',(-53.2499960042141,42.4500920121128,-6.00044068590206));
#9347=CARTESIAN_POINT('',(-52.9999963926226,42.4500920121128,-5.74999999999994));
#9348=CARTESIAN_POINT('Ctrl Pts',(-53.2499960042141,42.4500920121128,-6.00044068590206));
#9349=CARTESIAN_POINT('Ctrl Pts',(-53.2499965512252,42.4665702538242,-6.00013036839014));
#9350=CARTESIAN_POINT('Ctrl Pts',(-53.2516308700449,42.4830480252349,-5.99999999999994));
#9351=CARTESIAN_POINT('Ctrl Pts',(-53.2548680567226,42.4992051360097,-5.99999999999994));
#9352=CARTESIAN_POINT('Ctrl Pts',(-53.0097397208226,42.5483182599066,-5.74999999999994));
#9353=CARTESIAN_POINT('Ctrl Pts',(-53.0032653474672,42.516004038357,-5.74999999999994));
#9354=CARTESIAN_POINT('Ctrl Pts',(-52.9999963926226,42.4830484443333,-5.74999999999994));
#9355=CARTESIAN_POINT('Ctrl Pts',(-52.9999963926226,42.4500920121128,-5.74999999999994));
#9356=CARTESIAN_POINT('Ctrl Pts',(-53.2499960042141,42.4500920121128,-6.00044068590206));
#9357=CARTESIAN_POINT('Ctrl Pts',(-53.2499950523194,42.4214169939519,-6.00098069256331));
#9358=CARTESIAN_POINT('Ctrl Pts',(-53.2499929132394,42.392741975791,-6.00201583180157));
#9359=CARTESIAN_POINT('Ctrl Pts',(-53.2499713265695,42.3640669576301,-6.00354011274417));
#9360=CARTESIAN_POINT('Ctrl Pts',(-53.1666628003503,42.4500920121128,-5.91696045726802));
#9361=CARTESIAN_POINT('Ctrl Pts',(-53.1666621657538,42.4214169939519,-5.91732046170885));
#9362=CARTESIAN_POINT('Ctrl Pts',(-53.1666607397004,42.392741975791,-5.91801055453436));
#9363=CARTESIAN_POINT('Ctrl Pts',(-53.1666463485872,42.3640669576301,-5.91902674182943));
#9364=CARTESIAN_POINT('Ctrl Pts',(-53.0833295964864,42.4500920121128,-5.83348022863398));
#9365=CARTESIAN_POINT('Ctrl Pts',(-53.0833292791882,42.4214169939519,-5.8336602308544));
#9366=CARTESIAN_POINT('Ctrl Pts',(-53.0833285661615,42.392741975791,-5.83400527726715));
#9367=CARTESIAN_POINT('Ctrl Pts',(-53.0833213706049,42.3640669576301,-5.83451337091468));
#9368=CARTESIAN_POINT('Ctrl Pts',(-52.9999963926226,42.4500920121128,-5.74999999999994));
#9369=CARTESIAN_POINT('Ctrl Pts',(-52.9999963926226,42.4214169939519,-5.74999999999994));
#9370=CARTESIAN_POINT('Ctrl Pts',(-52.9999963926226,42.392741975791,-5.74999999999994));
#9371=CARTESIAN_POINT('Ctrl Pts',(-52.9999963926226,42.3640669576301,-5.74999999999994));
#9372=CARTESIAN_POINT('Ctrl Pts',(-53.2499713265695,42.3640669576301,-6.00354011274417));
#9373=CARTESIAN_POINT('Ctrl Pts',(-53.2499929132394,42.392741975791,-6.00201583180157));
#9374=CARTESIAN_POINT('Ctrl Pts',(-53.2499950523194,42.4214169939519,-6.00098069256331));
#9375=CARTESIAN_POINT('Ctrl Pts',(-53.2499960042141,42.4500920121128,-6.00044068590206));
#9376=CARTESIAN_POINT('Ctrl Pts',(-52.9999963926226,38.9355473790627,-7.6114574878847));
#9377=CARTESIAN_POINT('Ctrl Pts',(-52.9999963926226,38.9236867002059,-7.74097165858976));
#9378=CARTESIAN_POINT('Ctrl Pts',(-52.9999963926226,38.9118260213491,-7.87048582929489));
#9379=CARTESIAN_POINT('Ctrl Pts',(-52.9999963926226,38.8999653424923,-7.99999999999994));
#9380=CARTESIAN_POINT('Ctrl Pts',(-53.0124032712559,39.0522501039258,-7.7291415051447));
#9381=CARTESIAN_POINT('Ctrl Pts',(-53.0041568892305,39.0020141676474,-7.81942725612931));
#9382=CARTESIAN_POINT('Ctrl Pts',(-52.9999963926226,38.9509902208126,-7.90971362806139));
#9383=CARTESIAN_POINT('Ctrl Pts',(-52.9999963926226,38.8999653424923,-7.99999999999994));
#9384=CARTESIAN_POINT('Ctrl Pts',(-53.0248101498892,39.1689528287889,-7.8468255224047));
#9385=CARTESIAN_POINT('Ctrl Pts',(-53.0083173858383,39.0803416350889,-7.89788285366886));
#9386=CARTESIAN_POINT('Ctrl Pts',(-52.9999963926226,38.9901544202761,-7.9489414268279));
#9387=CARTESIAN_POINT('Ctrl Pts',(-52.9999963926226,38.8999653424924,-7.99999999999994));
#9388=CARTESIAN_POINT('Ctrl Pts',(-53.0372170285225,39.2856555536521,-7.96450953966469));
#9389=CARTESIAN_POINT('Ctrl Pts',(-53.0124778824462,39.1586691025304,-7.97633845120841));
#9390=CARTESIAN_POINT('Ctrl Pts',(-52.9999963926226,39.0293186197395,-7.9881692255944));
#9391=CARTESIAN_POINT('Ctrl Pts',(-52.9999963926226,38.8999653424924,-7.99999999999994));
#9392=CARTESIAN_POINT('Ctrl Pts',(-52.9999963926226,38.8999653424924,-7.99999999999994));
#9393=CARTESIAN_POINT('Ctrl Pts',(-52.9999963926226,39.0293186197395,-7.9881692255944));
#9394=CARTESIAN_POINT('Ctrl Pts',(-53.0124778824462,39.1586691025304,-7.97633845120841));
#9395=CARTESIAN_POINT('Ctrl Pts',(-53.0372170285225,39.2856555536521,-7.96450953966469));
#9396=CARTESIAN_POINT('Ctrl Pts',(-64.335559719414,27.987312647961,-7.96450953996444));
#9397=CARTESIAN_POINT('Ctrl Pts',(-64.2085732683865,27.9625735019191,-7.97633845140827));
#9398=CARTESIAN_POINT('Ctrl Pts',(-64.0792227856941,27.9500920121128,-7.98816922569433));
#9399=CARTESIAN_POINT('Ctrl Pts',(-63.9498695085455,27.9500920121128,-7.99999999999995));
#9400=CARTESIAN_POINT('Ctrl Pts',(-64.2188569945477,27.9749057693449,-7.84682552270398));
#9401=CARTESIAN_POINT('Ctrl Pts',(-64.1302458009438,27.958413005317,-7.89788285386841));
#9402=CARTESIAN_POINT('Ctrl Pts',(-64.0400585862301,27.9500920121128,-7.94894142692766));
#9403=CARTESIAN_POINT('Ctrl Pts',(-63.9498695085455,27.9500920121128,-7.99999999999995));
#9404=CARTESIAN_POINT('Ctrl Pts',(-64.1021542696813,27.9624988907289,-7.72914150544351));
#9405=CARTESIAN_POINT('Ctrl Pts',(-64.0519183335012,27.9542525087149,-7.81942725632853));
#9406=CARTESIAN_POINT('Ctrl Pts',(-64.000894386766,27.9500920121128,-7.909713628161));
#9407=CARTESIAN_POINT('Ctrl Pts',(-63.9498695085455,27.9500920121128,-7.99999999999995));
#9408=CARTESIAN_POINT('Ctrl Pts',(-63.985451544815,27.9500920121128,-7.61145748818304));
#9409=CARTESIAN_POINT('Ctrl Pts',(-63.9735908660585,27.9500920121128,-7.74097165878867));
#9410=CARTESIAN_POINT('Ctrl Pts',(-63.961730187302,27.9500920121128,-7.87048582939432));
#9411=CARTESIAN_POINT('Ctrl Pts',(-63.9498695085455,27.9500920121128,-7.99999999999995));
#9412=CARTESIAN_POINT('Ctrl Pts',(-64.335559719414,27.987312647961,-7.96450953996444));
#9413=CARTESIAN_POINT('Ctrl Pts',(-64.2085732683865,27.9625735019191,-7.97633845140827));
#9414=CARTESIAN_POINT('Ctrl Pts',(-64.0792227856941,27.9500920121128,-7.98816922569433));
#9415=CARTESIAN_POINT('Ctrl Pts',(-63.9498695085455,27.9500920121128,-7.99999999999995));
#9416=CARTESIAN_POINT('Ctrl Pts',(-63.9498695085455,27.9500920121128,-7.99999999999995));
#9417=CARTESIAN_POINT('Ctrl Pts',(-63.961730187302,27.9500920121128,-7.87048582939432));
#9418=CARTESIAN_POINT('Ctrl Pts',(-63.9735908660585,27.9500920121128,-7.74097165878867));
#9419=CARTESIAN_POINT('Ctrl Pts',(-63.985451544815,27.9500920121128,-7.61145748818304));
#9420=CARTESIAN_POINT('Origin',(-53.4999963926226,42.4500920121128,-5.99999999999994));
#9421=CARTESIAN_POINT('',(-53.4999963926226,42.9500920121128,-3.24999999999994));
#9422=CARTESIAN_POINT('',(-53.4999963926226,42.9500920121128,-5.99999999999994));
#9423=CARTESIAN_POINT('Origin',(-53.4999963926226,42.4500920121128,-3.24999999999994));
#9424=CARTESIAN_POINT('Origin',(-52.9999963926226,42.9500920121128,-5.99999999999994));
#9425=CARTESIAN_POINT('',(-67.4999963926226,42.9500920121128,-3.24999999999994));
#9426=CARTESIAN_POINT('',(-67.4999963926226,42.9500920121128,-5.99999999999994));
#9427=CARTESIAN_POINT('',(-56.7499963926226,42.9500920121128,-3.24999999999994));
#9428=CARTESIAN_POINT('Origin',(-67.4999963926226,42.4500920121128,-5.99999999999994));
#9429=CARTESIAN_POINT('',(-67.9999963926226,42.4500920121128,-3.24999999999994));
#9430=CARTESIAN_POINT('',(-67.9999963926226,42.4500920121128,-5.99999999999994));
#9431=CARTESIAN_POINT('Origin',(-67.4999963926226,42.4500920121128,-3.24999999999994));
#9432=CARTESIAN_POINT('Origin',(-67.9999963926226,42.9500920121128,-5.99999999999994));
#9433=CARTESIAN_POINT('',(-67.9999963926226,28.4500920121128,-3.24999999999995));
#9434=CARTESIAN_POINT('',(-67.9999963926226,28.4500920121128,-5.99999999999995));
#9435=CARTESIAN_POINT('',(-67.9999963926226,39.2000920121128,-3.24999999999994));
#9436=CARTESIAN_POINT('Origin',(-60.4999963926226,35.4500920121128,-5.99999999999994));
#9437=CARTESIAN_POINT('Origin',(-63.9498695085455,29.9500920121128,-5.99999999999995));
#9438=CARTESIAN_POINT('Origin',(-60.4999963926226,35.4500920121128,-5.99999999999994));
#9439=CARTESIAN_POINT('Origin',(-53.999995230332,28.9500910882408,-5.99999999999995));
#9440=CARTESIAN_POINT('Origin',(-67.4999963926226,28.4500920121128,-5.99999999999995));
#9441=CARTESIAN_POINT('',(-67.4999963926226,27.9500920121128,-3.24999999999995));
#9442=CARTESIAN_POINT('',(-67.4999963926226,27.9500920121128,-5.99999999999995));
#9443=CARTESIAN_POINT('Origin',(-67.4999963926226,28.4500920121128,-3.24999999999995));
#9444=CARTESIAN_POINT('Origin',(-57.999995230332,27.9500920121128,-5.99999999999995));
#9445=CARTESIAN_POINT('',(-59.999995230332,27.9500920121128,-3.24999999999995));
#9446=CARTESIAN_POINT('',(-59.999995230332,27.9500920121128,7.50000000000005));
#9447=CARTESIAN_POINT('',(-59.2499958114773,27.9500920121128,-3.24999999999995));
#9448=CARTESIAN_POINT('Origin',(-63.9498695085455,29.9500920121128,-7.99999999999995));
#9449=CARTESIAN_POINT('Origin',(-67.9298192198309,30.3500923816617,-7.99999999999995));
#9450=CARTESIAN_POINT('Origin',(-53.999995230332,28.9500910882408,-7.99999999999995));
#9451=CARTESIAN_POINT('Origin',(-55.3999968575388,42.879915044193,-7.99999999999994));
#9452=CARTESIAN_POINT('Origin',(-54.9999963926226,38.8999653424924,-7.99999999999994));
#9453=CARTESIAN_POINT('Origin',(-54.9999963926226,38.8999653424924,-5.99999999999994));
#9454=CARTESIAN_POINT('Origin',(-60.4999963926226,35.4500920121128,-5.99999999999994));
#9455=CARTESIAN_POINT('Origin',(-57.2499958114773,35.0750910882408,-3.12499999999995));
#9456=CARTESIAN_POINT('',(-53.2499963926226,35.2000910882408,-2.99999999999995));
#9457=CARTESIAN_POINT('',(-53.999995230332,35.2000910882408,-2.99999999999995));
#9458=CARTESIAN_POINT('',(-57.2499958114773,35.2000910882408,-2.99999999999995));
#9459=CARTESIAN_POINT('',(-53.999995230332,34.9500910882408,-3.24999999999995));
#9460=CARTESIAN_POINT('',(-53.999995230332,35.2000910882408,-2.99999999999995));
#9461=CARTESIAN_POINT('',(-57.2499958114773,34.9500910882408,-3.24999999999995));
#9462=CARTESIAN_POINT('',(-53.2499963926226,35.2000910882408,-2.99999999999995));
#9463=CARTESIAN_POINT('Origin',(-53.999995230332,28.9500910882408,-3.12499999999995));
#9464=CARTESIAN_POINT('',(-60.249995230332,28.9500910882408,-2.99999999999995));
#9465=CARTESIAN_POINT('',(-59.999995230332,28.9500910882408,-3.24999999999995));
#9466=CARTESIAN_POINT('',(-60.249995230332,28.9500910882408,-2.99999999999995));
#9467=CARTESIAN_POINT('Origin',(-53.999995230332,28.9500910882408,-3.24999999999995));
#9468=CARTESIAN_POINT('Origin',(-53.999995230332,28.9500910882408,-2.99999999999995));
#9469=CARTESIAN_POINT('Origin',(-60.124995230332,-21.7999084498231,-3.12499999999997));
#9470=CARTESIAN_POINT('',(-59.999995230332,-21.7999084498231,-3.24999999999997));
#9471=CARTESIAN_POINT('',(-60.249995230332,28.2000920121128,-2.99999999999995));
#9472=CARTESIAN_POINT('',(-60.249995230332,-21.7999084498232,-2.99999999999997));
#9473=CARTESIAN_POINT('',(-60.249995230332,28.2000920121128,-2.99999999999995));
#9474=CARTESIAN_POINT('Origin',(-59.2499958114773,28.0750920121128,-3.12499999999995));
#9475=CARTESIAN_POINT('',(-67.4999963926226,28.2000920121128,-2.99999999999995));
#9476=CARTESIAN_POINT('',(-59.2499958114773,28.2000920121128,-2.99999999999995));
#9477=CARTESIAN_POINT('',(-67.4999963926226,28.2000920121128,-2.99999999999995));
#9478=CARTESIAN_POINT('Origin',(-67.4999963926226,28.4500920121128,-3.12499999999995));
#9479=CARTESIAN_POINT('',(-67.7499963926225,28.4500920121128,-2.99999999999995));
#9480=CARTESIAN_POINT('',(-67.7499963926225,28.4500920121128,-2.99999999999995));
#9481=CARTESIAN_POINT('Origin',(-67.4999963926226,28.4500920121128,-2.99999999999995));
#9482=CARTESIAN_POINT('Origin',(-67.8749963926226,39.2000920121128,-3.12499999999994));
#9483=CARTESIAN_POINT('',(-67.7499963926226,42.4500920121128,-2.99999999999994));
#9484=CARTESIAN_POINT('',(-67.7499963926226,42.4500920121128,-2.99999999999994));
#9485=CARTESIAN_POINT('',(-67.7499963926226,39.2000920121128,-2.99999999999994));
#9486=CARTESIAN_POINT('Origin',(-67.4999963926226,42.4500920121128,-3.12499999999994));
#9487=CARTESIAN_POINT('',(-67.4999963926226,42.7000920121128,-2.99999999999994));
#9488=CARTESIAN_POINT('',(-67.4999963926226,42.7000920121128,-2.99999999999994));
#9489=CARTESIAN_POINT('Origin',(-67.4999963926226,42.4500920121128,-2.99999999999994));
#9490=CARTESIAN_POINT('Origin',(-56.7499963926226,42.8250920121128,-3.12499999999994));
#9491=CARTESIAN_POINT('',(-53.4999963926226,42.7000920121128,-2.99999999999994));
#9492=CARTESIAN_POINT('',(-53.4999963926226,42.7000920121128,-2.99999999999994));
#9493=CARTESIAN_POINT('',(-56.7499963926226,42.7000920121128,-2.99999999999994));
#9494=CARTESIAN_POINT('Origin',(-53.4999963926226,42.4500920121128,-3.12499999999994));
#9495=CARTESIAN_POINT('',(-53.2499963926226,42.4500920121128,-2.99999999999994));
#9496=CARTESIAN_POINT('',(-53.2499963926226,42.4500920121128,-2.99999999999994));
#9497=CARTESIAN_POINT('Origin',(-53.4999963926226,42.4500920121128,-2.99999999999994));
#9498=CARTESIAN_POINT('Origin',(-53.1249963926226,36.2000915501768,-3.12499999999995));
#9499=CARTESIAN_POINT('',(-53.2499963926226,36.2000915501768,-2.99999999999995));
#9500=CARTESIAN_POINT('Origin',(-53.999995230332,34.9500910882408,21.0000000000001));
#9501=CARTESIAN_POINT('',(-53.999995230332,34.9500910882408,-25.9999999999999));
#9502=CARTESIAN_POINT('Origin',(-60.4999963926226,35.4500920121128,-2.99999999999995));
#9503=CARTESIAN_POINT('Origin',(-53.999995230332,28.9500910882408,21.0000000000001));
#9504=CARTESIAN_POINT('',(-59.999995230332,28.9500910882408,-25.9999999999999));
#9505=CARTESIAN_POINT('Origin',(-59.999995230332,-79.0499089117592,21.));
#9506=CARTESIAN_POINT('Ctrl Pts',(-53.000000923872,-85.,-27.));
#9507=CARTESIAN_POINT('Ctrl Pts',(-53.0012327898957,-85.,-40.6666666666667));
#9508=CARTESIAN_POINT('Ctrl Pts',(-53.0024646559195,-85.,-54.3333333333333));
#9509=CARTESIAN_POINT('Ctrl Pts',(-53.0036965219432,-85.,-68.));
#9510=CARTESIAN_POINT('Ctrl Pts',(-53.1661589986393,-85.,-27.));
#9511=CARTESIAN_POINT('Ctrl Pts',(-53.1673550356505,-85.0000000083311,-40.6666666666666));
#9512=CARTESIAN_POINT('Ctrl Pts',(-53.1685510646081,-84.9999999916689,-54.3333333333334));
#9513=CARTESIAN_POINT('Ctrl Pts',(-53.1697471016194,-85.,-68.));
#9514=CARTESIAN_POINT('Ctrl Pts',(-53.4984995077246,-85.0000641836113,-27.0000000001891));
#9515=CARTESIAN_POINT('Ctrl Pts',(-53.4996238728831,-85.0000641656923,-40.6666666668558));
#9516=CARTESIAN_POINT('Ctrl Pts',(-53.5007482094659,-85.000064028867,-54.3333333338092));
#9517=CARTESIAN_POINT('Ctrl Pts',(-53.5018725746244,-85.000064010948,-68.0000000004759));
#9518=CARTESIAN_POINT('Ctrl Pts',(-53.8308225756206,-85.0000837574492,-27.0000000003379));
#9519=CARTESIAN_POINT('Ctrl Pts',(-53.8318752904283,-85.0000837800083,-40.6666666670045));
#9520=CARTESIAN_POINT('Ctrl Pts',(-53.8329279249047,-85.0000835093856,-54.3333333341837));
#9521=CARTESIAN_POINT('Ctrl Pts',(-53.8339806397125,-85.0000835319447,-68.0000000008503));
#9522=CARTESIAN_POINT('Ctrl Pts',(-53.9980208630079,-85.0001434702729,-27.0000000003934));
#9523=CARTESIAN_POINT('Ctrl Pts',(-53.9990374944996,-85.0001433924938,-40.6666666670601));
#9524=CARTESIAN_POINT('Ctrl Pts',(-54.0000540981423,-85.000143162155,-54.3333333343236));
#9525=CARTESIAN_POINT('Ctrl Pts',(-54.001070729634,-85.000143084376,-68.0000000009903));
#9526=CARTESIAN_POINT('Ctrl Pts',(-53.9990368856409,-85.0001413126709,-27.0000000003932));
#9527=CARTESIAN_POINT('Ctrl Pts',(-54.000053419556,-85.0001415268669,-40.6666666670599));
#9528=CARTESIAN_POINT('Ctrl Pts',(-54.0010695621248,-85.000140460195,-54.3333333343231));
#9529=CARTESIAN_POINT('Ctrl Pts',(-54.0020860960398,-85.0001406743911,-68.0000000009898));
#9530=CARTESIAN_POINT('Ctrl Pts',(-55.572581711328,-85.0045138814817,-27.0000000003713));
#9531=CARTESIAN_POINT('Ctrl Pts',(-55.5732562859746,-85.0042371970477,-40.666666667038));
#9532=CARTESIAN_POINT('Ctrl Pts',(-55.5739359474361,-85.0039800551495,-54.333333334268));
#9533=CARTESIAN_POINT('Ctrl Pts',(-55.5746105220827,-85.0037033707155,-68.0000000009347));
#9534=CARTESIAN_POINT('Ctrl Pts',(-57.91087509844,-84.0250451039641,-27.0000000002318));
#9535=CARTESIAN_POINT('Ctrl Pts',(-57.9108964509171,-84.0248235598086,-40.6666666668984));
#9536=CARTESIAN_POINT('Ctrl Pts',(-57.9109181088114,-84.0246014309479,-54.3333333339161));
#9537=CARTESIAN_POINT('Ctrl Pts',(-57.9109394612885,-84.0243798867924,-68.0000000005827));
#9538=CARTESIAN_POINT('Ctrl Pts',(-59.685367328973,-81.3503647746353,-27.0000000002044));
#9539=CARTESIAN_POINT('Ctrl Pts',(-59.6851056277388,-81.3508230085457,-40.666666666871));
#9540=CARTESIAN_POINT('Ctrl Pts',(-59.6848456158401,-81.3512878870203,-54.3333333338475));
#9541=CARTESIAN_POINT('Ctrl Pts',(-59.6845839146059,-81.3517461209307,-68.0000000005141));
#9542=CARTESIAN_POINT('Ctrl Pts',(-60.0000042724889,-79.7853444353186,-27.0000000001405));
#9543=CARTESIAN_POINT('Ctrl Pts',(-59.9998701126947,-79.7861898111185,-40.6666666668071));
#9544=CARTESIAN_POINT('Ctrl Pts',(-59.9997388261925,-79.7870396643691,-54.333333333685));
#9545=CARTESIAN_POINT('Ctrl Pts',(-59.9996046663983,-79.787885040169,-68.0000000003516));
#9546=CARTESIAN_POINT('Ctrl Pts',(-59.9999789717634,-78.9989205226311,-27.000000000129));
#9547=CARTESIAN_POINT('Ctrl Pts',(-59.9999788891251,-78.9999369799023,-40.6666666667957));
#9548=CARTESIAN_POINT('Ctrl Pts',(-59.9999788342526,-79.0009535498447,-54.3333333336583));
#9549=CARTESIAN_POINT('Ctrl Pts',(-59.9999787516143,-79.0019700071159,-68.000000000325));
#9550=CARTESIAN_POINT('Ctrl Pts',(-59.9999789839044,-78.9979036189671,-27.0000000001291));
#9551=CARTESIAN_POINT('Ctrl Pts',(-59.9999789831028,-78.9989202715244,-40.6666666667958));
#9552=CARTESIAN_POINT('Ctrl Pts',(-59.9999790226971,-78.9999371088433,-54.3333333336586));
#9553=CARTESIAN_POINT('Ctrl Pts',(-59.9999790218954,-79.0009537614006,-68.0000000003252));
#9554=CARTESIAN_POINT('Ctrl Pts',(-59.999981491986,-78.8307373820378,-27.0000000001112));
#9555=CARTESIAN_POINT('Ctrl Pts',(-59.9999814922181,-78.8317900918351,-40.6666666667778));
#9556=CARTESIAN_POINT('Ctrl Pts',(-59.9999815254609,-78.8328429437947,-54.3333333336133));
#9557=CARTESIAN_POINT('Ctrl Pts',(-59.9999815256929,-78.8338956535921,-68.0000000002799));
#9558=CARTESIAN_POINT('Ctrl Pts',(-59.9999898448485,-78.498445148831,-27.0000000000621));
#9559=CARTESIAN_POINT('Ctrl Pts',(-59.9999898446644,-78.4995695194791,-40.6666666667287));
#9560=CARTESIAN_POINT('Ctrl Pts',(-59.9999898634204,-78.5006939752982,-54.3333333334897));
#9561=CARTESIAN_POINT('Ctrl Pts',(-59.9999898632362,-78.5018183459463,-68.0000000001564));
#9562=CARTESIAN_POINT('Ctrl Pts',(-60.,-78.1661591968916,-27.));
#9563=CARTESIAN_POINT('Ctrl Pts',(-60.0000000000855,-78.1673552325544,-40.6666666666667));
#9564=CARTESIAN_POINT('Ctrl Pts',(-59.9999999999144,-78.1685512666578,-54.3333333333333));
#9565=CARTESIAN_POINT('Ctrl Pts',(-60.,-78.1697473023206,-68.));
#9566=CARTESIAN_POINT('Ctrl Pts',(-60.,-78.0000011622906,-27.));
#9567=CARTESIAN_POINT('Ctrl Pts',(-60.,-78.0012330291219,-40.6666666666667));
#9568=CARTESIAN_POINT('Ctrl Pts',(-60.,-78.0024648959533,-54.3333333333333));
#9569=CARTESIAN_POINT('Ctrl Pts',(-60.,-78.0036967627847,-68.));
#9570=CARTESIAN_POINT('',(-54.,-85.,-27.));
#9571=CARTESIAN_POINT('',(-5.00000059604645,-85.,-27.));
#9572=CARTESIAN_POINT('',(-54.,-85.,-68.));
#9573=CARTESIAN_POINT('',(-54.,-85.,-68.));
#9574=CARTESIAN_POINT('',(-60.,-79.,-68.));
#9575=CARTESIAN_POINT('Origin',(-54.,-79.,-68.));
#9576=CARTESIAN_POINT('',(-60.,-78.0036967627847,-68.));
#9577=CARTESIAN_POINT('',(-60.,-79.,-27.));
#9578=CARTESIAN_POINT('',(-60.,-78.0000008046627,-27.));
#9579=CARTESIAN_POINT('Origin',(-54.,-79.,-27.));
#9580=CARTESIAN_POINT('Origin',(-62.,-78.0000011622906,-6.));
#9581=CARTESIAN_POINT('',(-63.9498742542515,-78.0000011622906,-8.));
#9582=CARTESIAN_POINT('',(-63.9498742542515,-78.0000011622906,-22.));
#9583=CARTESIAN_POINT('',(-63.9854562908218,-78.0000011622906,-7.61145748788485));
#9584=CARTESIAN_POINT('Ctrl Pts',(-63.9854562908218,-78.0000011622906,-7.61145748788485));
#9585=CARTESIAN_POINT('Ctrl Pts',(-63.973595611965,-78.0000011622906,-7.7409716585899));
#9586=CARTESIAN_POINT('Ctrl Pts',(-63.9617349331083,-78.0000011622906,-7.87048582929495));
#9587=CARTESIAN_POINT('Ctrl Pts',(-63.9498742542515,-78.0000011622906,-8.));
#9588=CARTESIAN_POINT('',(-67.4139758693893,-78.0000011622906,-5.75));
#9589=CARTESIAN_POINT('Ctrl Pts',(-67.4139758693893,-78.0000011622906,-5.75));
#9590=CARTESIAN_POINT('Ctrl Pts',(-67.2270847171935,-78.0000011622906,-5.75));
#9591=CARTESIAN_POINT('Ctrl Pts',(-66.6232216365683,-78.0000011622906,-5.81057100651956));
#9592=CARTESIAN_POINT('Ctrl Pts',(-65.7127144337349,-78.0000011622906,-6.16744500066013));
#9593=CARTESIAN_POINT('Ctrl Pts',(-64.8116722324857,-78.0000011622906,-6.81389259138531));
#9594=CARTESIAN_POINT('Ctrl Pts',(-64.2403650885167,-78.0000011622906,-7.35867421301694));
#9595=CARTESIAN_POINT('Ctrl Pts',(-63.9854562908218,-78.0000011622906,-7.61145748788485));
#9596=CARTESIAN_POINT('',(-67.500000923872,-78.0000011622906,-5.75));
#9597=CARTESIAN_POINT('Ctrl Pts',(-67.500000923872,-78.0000011622906,-5.75));
#9598=CARTESIAN_POINT('Ctrl Pts',(-67.4713259057111,-78.0000011622906,-5.75));
#9599=CARTESIAN_POINT('Ctrl Pts',(-67.4426508875502,-78.0000011622906,-5.75));
#9600=CARTESIAN_POINT('Ctrl Pts',(-67.4139758693893,-78.0000011622906,-5.75));
#9601=CARTESIAN_POINT('',(-67.500000923872,-78.0000011622906,-3.25));
#9602=CARTESIAN_POINT('',(-67.500000923872,-78.0000011622906,-6.));
#9603=CARTESIAN_POINT('',(-60.,-78.0000011622906,-3.25));
#9604=CARTESIAN_POINT('',(-61.250000461936,-78.0000011622906,-3.25));
#9605=CARTESIAN_POINT('',(-60.,-78.0000011622906,7.5));
#9606=CARTESIAN_POINT('Origin',(-63.9498742542515,-80.0000011622906,-27.));
#9607=CARTESIAN_POINT('',(-65.9398491051018,-80.2000013947487,-8.));
#9608=CARTESIAN_POINT('',(-65.9398491051018,-80.2000013947487,-27.));
#9609=CARTESIAN_POINT('Origin',(-63.9498742542515,-80.0000011622906,-8.));
#9610=CARTESIAN_POINT('Origin',(-54.,-79.,-27.));
#9611=CARTESIAN_POINT('',(-55.2000011086464,-90.9398491338562,-8.));
#9612=CARTESIAN_POINT('',(-55.2000011086464,-90.9398491338562,-22.));
#9613=CARTESIAN_POINT('Origin',(-54.,-79.,-8.));
#9614=CARTESIAN_POINT('Origin',(-55.000000923872,-88.9498742782135,-27.));
#9615=CARTESIAN_POINT('',(-53.000000923872,-88.9498742782135,-8.));
#9616=CARTESIAN_POINT('',(-53.000000923872,-88.9498742782135,-27.));
#9617=CARTESIAN_POINT('Origin',(-55.000000923872,-88.9498742782135,-8.));
#9618=CARTESIAN_POINT('Ctrl Pts',(-67.4139758693893,-78.2499760962375,-6.00354011274423));
#9619=CARTESIAN_POINT('Ctrl Pts',(-67.2433307984959,-78.2498476339362,-6.01261111064395));
#9620=CARTESIAN_POINT('Ctrl Pts',(-66.6949985409194,-78.2476933185066,-6.10018054994772));
#9621=CARTESIAN_POINT('Ctrl Pts',(-65.8855161932294,-78.2301624735094,-6.48908959189777));
#9622=CARTESIAN_POINT('Ctrl Pts',(-65.1016080547648,-78.1672267024475,-7.15826255119818));
#9623=CARTESIAN_POINT('Ctrl Pts',(-64.5822939601439,-78.0811108386899,-7.71053118103659));
#9624=CARTESIAN_POINT('Ctrl Pts',(-64.3355644654113,-78.0372217981905,-7.96450953966476));
#9625=CARTESIAN_POINT('Ctrl Pts',(-67.4139758693893,-78.1666511182552,-5.91902674182949));
#9626=CARTESIAN_POINT('Ctrl Pts',(-67.2379154380617,-78.166565476721,-5.92507407376263));
#9627=CARTESIAN_POINT('Ctrl Pts',(-66.6710729061357,-78.1651292664346,-6.00364403547167));
#9628=CARTESIAN_POINT('Ctrl Pts',(-65.8279156067313,-78.1534420364365,-6.38187472815189));
#9629=CARTESIAN_POINT('Ctrl Pts',(-65.0049627806718,-78.1114848557285,-7.04347256459389));
#9630=CARTESIAN_POINT('Ctrl Pts',(-64.4683176696015,-78.0540742798901,-7.59324552503004));
#9631=CARTESIAN_POINT('Ctrl Pts',(-64.2188617405481,-78.0248149195572,-7.84682552240479));
#9632=CARTESIAN_POINT('Ctrl Pts',(-67.4139758693893,-78.0833261402729,-5.83451337091474));
#9633=CARTESIAN_POINT('Ctrl Pts',(-67.2325000776276,-78.0832833195058,-5.83753703688132));
#9634=CARTESIAN_POINT('Ctrl Pts',(-66.647147271352,-78.0825652143626,-5.90710752099561));
#9635=CARTESIAN_POINT('Ctrl Pts',(-65.7703150202331,-78.0767215993635,-6.27465986440601));
#9636=CARTESIAN_POINT('Ctrl Pts',(-64.9083175065788,-78.0557430090095,-6.9286825779896));
#9637=CARTESIAN_POINT('Ctrl Pts',(-64.3543413790591,-78.0270377210903,-7.47595986902349));
#9638=CARTESIAN_POINT('Ctrl Pts',(-64.102159015685,-78.0124080409239,-7.72914150514482));
#9639=CARTESIAN_POINT('Ctrl Pts',(-67.4139758693893,-78.0000011622906,-5.75));
#9640=CARTESIAN_POINT('Ctrl Pts',(-67.2270847171935,-78.0000011622906,-5.75));
#9641=CARTESIAN_POINT('Ctrl Pts',(-66.6232216365683,-78.0000011622906,-5.81057100651956));
#9642=CARTESIAN_POINT('Ctrl Pts',(-65.7127144337349,-78.0000011622906,-6.16744500066013));
#9643=CARTESIAN_POINT('Ctrl Pts',(-64.8116722324857,-78.0000011622906,-6.81389259138531));
#9644=CARTESIAN_POINT('Ctrl Pts',(-64.2403650885167,-78.0000011622906,-7.35867421301694));
#9645=CARTESIAN_POINT('Ctrl Pts',(-63.9854562908218,-78.0000011622906,-7.61145748788485));
#9646=CARTESIAN_POINT('',(-64.3355644654113,-78.0372217981905,-7.96450953966476));
#9647=CARTESIAN_POINT('Ctrl Pts',(-63.9854562908218,-78.0000011622906,-7.61145748788485));
#9648=CARTESIAN_POINT('Ctrl Pts',(-64.102159015685,-78.0124080409239,-7.72914150514482));
#9649=CARTESIAN_POINT('Ctrl Pts',(-64.2188617405481,-78.0248149195572,-7.84682552240479));
#9650=CARTESIAN_POINT('Ctrl Pts',(-64.3355644654113,-78.0372217981905,-7.96450953966476));
#9651=CARTESIAN_POINT('',(-67.4139758693893,-78.2499760962375,-6.00354011274423));
#9652=CARTESIAN_POINT('Ctrl Pts',(-64.3355644654113,-78.0372217981905,-7.96450953966476));
#9653=CARTESIAN_POINT('Ctrl Pts',(-64.5822939601439,-78.0811108386899,-7.71053118103659));
#9654=CARTESIAN_POINT('Ctrl Pts',(-65.1016080547648,-78.1672267024475,-7.15826255119818));
#9655=CARTESIAN_POINT('Ctrl Pts',(-65.8855161932294,-78.2301624735094,-6.48908959189777));
#9656=CARTESIAN_POINT('Ctrl Pts',(-66.6949985409194,-78.2476933185066,-6.10018054994772));
#9657=CARTESIAN_POINT('Ctrl Pts',(-67.2433307984959,-78.2498476339362,-6.01261111064395));
#9658=CARTESIAN_POINT('Ctrl Pts',(-67.4139758693893,-78.2499760962375,-6.00354011274423));
#9659=CARTESIAN_POINT('',(-67.4139758693893,-78.2499760962375,-6.00354011274423));
#9660=CARTESIAN_POINT('Origin',(-53.500000923872,-92.5000011622906,-5.875));
#9661=CARTESIAN_POINT('',(-53.2548725403811,-92.549114048656,-6.));
#9662=CARTESIAN_POINT('',(-53.0097441568902,-92.5982269350213,-5.75));
#9663=CARTESIAN_POINT('',(-53.2548725403811,-92.549114048656,-6.));
#9664=CARTESIAN_POINT('',(-53.500000923872,-93.0000011622906,-5.75));
#9665=CARTESIAN_POINT('Origin',(-53.500000923872,-92.5000011622906,-5.75));
#9666=CARTESIAN_POINT('',(-53.500000923872,-92.7500011622905,-6.));
#9667=CARTESIAN_POINT('',(-53.500000923872,-93.0000011622906,-5.75));
#9668=CARTESIAN_POINT('Origin',(-53.500000923872,-92.5000011622906,-6.));
#9669=CARTESIAN_POINT('Origin',(-64.250000923872,-92.8750011622906,-5.875));
#9670=CARTESIAN_POINT('',(-53.7513874268623,-93.0000011622906,-5.75));
#9671=CARTESIAN_POINT('',(-53.7513874268623,-92.7500011622906,-6.));
#9672=CARTESIAN_POINT('',(-53.7513874268623,-93.0000011622906,-5.75));
#9673=CARTESIAN_POINT('',(-64.250000923872,-92.7500011622906,-6.));
#9674=CARTESIAN_POINT('',(-64.250000923872,-93.0000011622906,-5.75));
#9675=CARTESIAN_POINT('Ctrl Pts',(-53.7513874268623,-92.7500011622906,-6.));
#9676=CARTESIAN_POINT('Ctrl Pts',(-54.294905559235,-92.7500011622906,-6.));
#9677=CARTESIAN_POINT('Ctrl Pts',(-54.8384236916078,-92.7502953683929,-6.01308374623257));
#9678=CARTESIAN_POINT('Ctrl Pts',(-55.3819418239805,-92.7501347050468,-6.00817028423196));
#9679=CARTESIAN_POINT('Ctrl Pts',(-53.7513874268623,-92.8333344956239,-5.91666666666667));
#9680=CARTESIAN_POINT('Ctrl Pts',(-54.294905559235,-92.8333344956239,-5.91666666666667));
#9681=CARTESIAN_POINT('Ctrl Pts',(-54.8384236916078,-92.8335306330255,-5.92538916415505));
#9682=CARTESIAN_POINT('Ctrl Pts',(-55.3819418239805,-92.833423524128,-5.9221135228213));
#9683=CARTESIAN_POINT('Ctrl Pts',(-53.7513874268623,-92.9166678289572,-5.83333333333333));
#9684=CARTESIAN_POINT('Ctrl Pts',(-54.294905559235,-92.9166678289572,-5.83333333333333));
#9685=CARTESIAN_POINT('Ctrl Pts',(-54.8384236916078,-92.916765897658,-5.83769458207752));
#9686=CARTESIAN_POINT('Ctrl Pts',(-55.3819418239805,-92.9167123432093,-5.83605676141065));
#9687=CARTESIAN_POINT('Ctrl Pts',(-53.7513874268623,-93.0000011622906,-5.75));
#9688=CARTESIAN_POINT('Ctrl Pts',(-54.294905559235,-93.0000011622906,-5.75));
#9689=CARTESIAN_POINT('Ctrl Pts',(-54.8384236916078,-93.0000011622906,-5.75));
#9690=CARTESIAN_POINT('Ctrl Pts',(-55.3819418239805,-93.0000011622906,-5.75));
#9691=CARTESIAN_POINT('',(-55.3819418239805,-93.0000011622906,-5.75));
#9692=CARTESIAN_POINT('',(-55.3819418239805,-92.7501347050468,-6.00817028423196));
#9693=CARTESIAN_POINT('',(-55.3819418239805,-93.0000011622906,-5.75));
#9694=CARTESIAN_POINT('Ctrl Pts',(-55.3819418239805,-92.7501347050468,-6.00817028423196));
#9695=CARTESIAN_POINT('Ctrl Pts',(-54.8384236916078,-92.7502953683929,-6.01308374623257));
#9696=CARTESIAN_POINT('Ctrl Pts',(-54.294905559235,-92.7500011622906,-6.));
#9697=CARTESIAN_POINT('Ctrl Pts',(-53.7513874268623,-92.7500011622906,-6.));
#9698=CARTESIAN_POINT('Ctrl Pts',(-53.7513874268623,-93.0000011622906,-5.75));
#9699=CARTESIAN_POINT('Ctrl Pts',(-54.294905559235,-93.0000011622906,-5.75));
#9700=CARTESIAN_POINT('Ctrl Pts',(-54.8384236916078,-93.0000011622906,-5.75));
#9701=CARTESIAN_POINT('Ctrl Pts',(-55.3819418239805,-93.0000011622906,-5.75));
#9702=CARTESIAN_POINT('Ctrl Pts',(-55.3819418239805,-92.7501347050468,-6.00817028423196));
#9703=CARTESIAN_POINT('Ctrl Pts',(-55.7992636728604,-92.7500113451795,-6.00439765012029));
#9704=CARTESIAN_POINT('Ctrl Pts',(-56.2165855217403,-92.7500011622906,-6.));
#9705=CARTESIAN_POINT('Ctrl Pts',(-56.6339073706202,-92.7500011622906,-6.));
#9706=CARTESIAN_POINT('Ctrl Pts',(-55.3819418239805,-92.833423524128,-5.9221135228213));
#9707=CARTESIAN_POINT('Ctrl Pts',(-55.7992636728604,-92.8333412842165,-5.91959843341353));
#9708=CARTESIAN_POINT('Ctrl Pts',(-56.2165855217403,-92.8333344956239,-5.91666666666667));
#9709=CARTESIAN_POINT('Ctrl Pts',(-56.6339073706202,-92.8333344956239,-5.91666666666667));
#9710=CARTESIAN_POINT('Ctrl Pts',(-55.3819418239805,-92.9167123432093,-5.83605676141065));
#9711=CARTESIAN_POINT('Ctrl Pts',(-55.7992636728604,-92.9166712232536,-5.83479921670676));
#9712=CARTESIAN_POINT('Ctrl Pts',(-56.2165855217403,-92.9166678289572,-5.83333333333333));
#9713=CARTESIAN_POINT('Ctrl Pts',(-56.6339073706202,-92.9166678289572,-5.83333333333333));
#9714=CARTESIAN_POINT('Ctrl Pts',(-55.3819418239805,-93.0000011622906,-5.75));
#9715=CARTESIAN_POINT('Ctrl Pts',(-55.7992636728604,-93.0000011622906,-5.75));
#9716=CARTESIAN_POINT('Ctrl Pts',(-56.2165855217403,-93.0000011622906,-5.75));
#9717=CARTESIAN_POINT('Ctrl Pts',(-56.6339073706202,-93.0000011622906,-5.75));
#9718=CARTESIAN_POINT('',(-56.6339073706202,-93.0000011622906,-5.75));
#9719=CARTESIAN_POINT('',(-56.6339073706202,-92.7500011622906,-6.));
#9720=CARTESIAN_POINT('',(-56.6339073706202,-93.0000011622906,-5.75));
#9721=CARTESIAN_POINT('Ctrl Pts',(-56.6339073706202,-92.7500011622906,-6.));
#9722=CARTESIAN_POINT('Ctrl Pts',(-56.2165855217403,-92.7500011622906,-6.));
#9723=CARTESIAN_POINT('Ctrl Pts',(-55.7992636728604,-92.7500113451795,-6.00439765012029));
#9724=CARTESIAN_POINT('Ctrl Pts',(-55.3819418239805,-92.7501347050468,-6.00817028423196));
#9725=CARTESIAN_POINT('Ctrl Pts',(-55.3819418239805,-93.0000011622906,-5.75));
#9726=CARTESIAN_POINT('Ctrl Pts',(-55.7992636728604,-93.0000011622906,-5.75));
#9727=CARTESIAN_POINT('Ctrl Pts',(-56.2165855217403,-93.0000011622906,-5.75));
#9728=CARTESIAN_POINT('Ctrl Pts',(-56.6339073706202,-93.0000011622906,-5.75));
#9729=CARTESIAN_POINT('Origin',(-64.250000923872,-92.8750011622906,-5.875));
#9730=CARTESIAN_POINT('',(-67.500000923872,-93.0000011622906,-5.75));
#9731=CARTESIAN_POINT('',(-64.250000923872,-93.0000011622906,-5.75));
#9732=CARTESIAN_POINT('',(-67.500000923872,-92.7500011622906,-6.));
#9733=CARTESIAN_POINT('',(-67.500000923872,-93.0000011622906,-5.75));
#9734=CARTESIAN_POINT('',(-64.250000923872,-92.7500011622906,-6.));
#9735=CARTESIAN_POINT('Origin',(-67.500000923872,-92.5000011622906,-5.875));
#9736=CARTESIAN_POINT('',(-68.000000923872,-92.5000011622906,-5.75));
#9737=CARTESIAN_POINT('Origin',(-67.500000923872,-92.5000011622906,-5.75));
#9738=CARTESIAN_POINT('',(-67.750000923872,-92.5000011622906,-6.));
#9739=CARTESIAN_POINT('',(-68.000000923872,-92.5000011622906,-5.75));
#9740=CARTESIAN_POINT('Origin',(-67.500000923872,-92.5000011622906,-6.));
#9741=CARTESIAN_POINT('Origin',(-67.875000923872,-81.7500011622906,-5.875));
#9742=CARTESIAN_POINT('',(-67.750000923872,-78.7513870125873,-6.));
#9743=CARTESIAN_POINT('',(-68.000000923872,-78.7513870125873,-5.75));
#9744=CARTESIAN_POINT('',(-67.750000923872,-78.7513870125873,-6.));
#9745=CARTESIAN_POINT('',(-68.000000923872,-78.5000011622906,-5.75));
#9746=CARTESIAN_POINT('',(-68.000000923872,-81.7500011622906,-5.75));
#9747=CARTESIAN_POINT('',(-67.750000923872,-78.5000011622906,-6.));
#9748=CARTESIAN_POINT('',(-68.000000923872,-78.5000011622906,-5.75));
#9749=CARTESIAN_POINT('',(-67.750000923872,-81.7500011622906,-6.));
#9750=CARTESIAN_POINT('Ctrl Pts',(-68.000000923872,-78.7513870125873,-5.75));
#9751=CARTESIAN_POINT('Ctrl Pts',(-68.000000923872,-79.294905386021,-5.75));
#9752=CARTESIAN_POINT('Ctrl Pts',(-68.000000923872,-79.8384237594546,-5.75));
#9753=CARTESIAN_POINT('Ctrl Pts',(-68.000000923872,-80.3819421328882,-5.75));
#9754=CARTESIAN_POINT('Ctrl Pts',(-67.9166675905387,-78.7513870125873,-5.83333333333333));
#9755=CARTESIAN_POINT('Ctrl Pts',(-67.9166675905387,-79.294905386021,-5.83333333333333));
#9756=CARTESIAN_POINT('Ctrl Pts',(-67.9167656596626,-79.8384237594546,-5.83769459127652));
#9757=CARTESIAN_POINT('Ctrl Pts',(-67.916712104994,-80.3819421328882,-5.83605676762821));
#9758=CARTESIAN_POINT('Ctrl Pts',(-67.8333342572053,-78.7513870125873,-5.91666666666667));
#9759=CARTESIAN_POINT('Ctrl Pts',(-67.8333342572053,-79.294905386021,-5.91666666666667));
#9760=CARTESIAN_POINT('Ctrl Pts',(-67.8335303954533,-79.8384237594546,-5.92538918255305));
#9761=CARTESIAN_POINT('Ctrl Pts',(-67.8334232861161,-80.3819421328882,-5.92211353525643));
#9762=CARTESIAN_POINT('Ctrl Pts',(-67.750000923872,-78.7513870125873,-6.));
#9763=CARTESIAN_POINT('Ctrl Pts',(-67.750000923872,-79.294905386021,-6.));
#9764=CARTESIAN_POINT('Ctrl Pts',(-67.7502951312439,-79.8384237594546,-6.01308377382957));
#9765=CARTESIAN_POINT('Ctrl Pts',(-67.7501344672381,-80.3819421328882,-6.00817030288464));
#9766=CARTESIAN_POINT('',(-67.7501344672381,-80.3819421328882,-6.00817030288464));
#9767=CARTESIAN_POINT('',(-68.000000923872,-80.3819421328882,-5.75));
#9768=CARTESIAN_POINT('',(-67.7501344672381,-80.3819421328882,-6.00817030288464));
#9769=CARTESIAN_POINT('Ctrl Pts',(-68.000000923872,-80.3819421328882,-5.75));
#9770=CARTESIAN_POINT('Ctrl Pts',(-68.000000923872,-79.8384237594546,-5.75));
#9771=CARTESIAN_POINT('Ctrl Pts',(-68.000000923872,-79.294905386021,-5.75));
#9772=CARTESIAN_POINT('Ctrl Pts',(-68.000000923872,-78.7513870125873,-5.75));
#9773=CARTESIAN_POINT('Ctrl Pts',(-67.750000923872,-78.7513870125873,-6.));
#9774=CARTESIAN_POINT('Ctrl Pts',(-67.750000923872,-79.294905386021,-6.));
#9775=CARTESIAN_POINT('Ctrl Pts',(-67.7502951312439,-79.8384237594546,-6.01308377382957));
#9776=CARTESIAN_POINT('Ctrl Pts',(-67.7501344672381,-80.3819421328882,-6.00817030288464));
#9777=CARTESIAN_POINT('Ctrl Pts',(-68.000000923872,-80.3819421328882,-5.75));
#9778=CARTESIAN_POINT('Ctrl Pts',(-68.000000923872,-80.7992642936774,-5.75));
#9779=CARTESIAN_POINT('Ctrl Pts',(-68.000000923872,-81.2165864544666,-5.75));
#9780=CARTESIAN_POINT('Ctrl Pts',(-68.000000923872,-81.6339086152557,-5.75));
#9781=CARTESIAN_POINT('Ctrl Pts',(-67.916712104994,-80.3819421328882,-5.83605676762821));
#9782=CARTESIAN_POINT('Ctrl Pts',(-67.9166709848569,-80.7992642936774,-5.83479922025298));
#9783=CARTESIAN_POINT('Ctrl Pts',(-67.9166675905387,-81.2165864544666,-5.83333333333333));
#9784=CARTESIAN_POINT('Ctrl Pts',(-67.9166675905387,-81.6339086152557,-5.83333333333333));
#9785=CARTESIAN_POINT('Ctrl Pts',(-67.8334232861161,-80.3819421328882,-5.92211353525643));
#9786=CARTESIAN_POINT('Ctrl Pts',(-67.8333410458419,-80.7992642936774,-5.91959844050596));
#9787=CARTESIAN_POINT('Ctrl Pts',(-67.8333342572053,-81.2165864544666,-5.91666666666667));
#9788=CARTESIAN_POINT('Ctrl Pts',(-67.8333342572053,-81.6339086152557,-5.91666666666667));
#9789=CARTESIAN_POINT('Ctrl Pts',(-67.7501344672381,-80.3819421328882,-6.00817030288464));
#9790=CARTESIAN_POINT('Ctrl Pts',(-67.7500111068269,-80.7992642936774,-6.00439766075893));
#9791=CARTESIAN_POINT('Ctrl Pts',(-67.750000923872,-81.2165864544666,-6.));
#9792=CARTESIAN_POINT('Ctrl Pts',(-67.750000923872,-81.6339086152557,-6.));
#9793=CARTESIAN_POINT('',(-67.750000923872,-81.6339086152557,-6.));
#9794=CARTESIAN_POINT('',(-68.000000923872,-81.6339086152557,-5.75));
#9795=CARTESIAN_POINT('',(-67.750000923872,-81.6339086152557,-6.));
#9796=CARTESIAN_POINT('Ctrl Pts',(-68.000000923872,-81.6339086152557,-5.75));
#9797=CARTESIAN_POINT('Ctrl Pts',(-68.000000923872,-81.2165864544666,-5.75));
#9798=CARTESIAN_POINT('Ctrl Pts',(-68.000000923872,-80.7992642936774,-5.75));
#9799=CARTESIAN_POINT('Ctrl Pts',(-68.000000923872,-80.3819421328882,-5.75));
#9800=CARTESIAN_POINT('Ctrl Pts',(-67.7501344672381,-80.3819421328882,-6.00817030288464));
#9801=CARTESIAN_POINT('Ctrl Pts',(-67.7500111068269,-80.7992642936774,-6.00439766075893));
#9802=CARTESIAN_POINT('Ctrl Pts',(-67.750000923872,-81.2165864544666,-6.));
#9803=CARTESIAN_POINT('Ctrl Pts',(-67.750000923872,-81.6339086152557,-6.));
#9804=CARTESIAN_POINT('Origin',(-67.875000923872,-81.7500011622906,-5.875));
#9805=CARTESIAN_POINT('',(-67.750000923872,-81.7500011622906,-6.));
#9806=CARTESIAN_POINT('',(-68.000000923872,-81.7500011622906,-5.75));
#9807=CARTESIAN_POINT('Origin',(-67.500000923872,-78.5000011622906,-5.875));
#9808=CARTESIAN_POINT('',(-67.5982271716658,-78.0097444904906,-5.75));
#9809=CARTESIAN_POINT('',(-67.5491140477689,-78.2548728263906,-6.));
#9810=CARTESIAN_POINT('',(-67.5982271716658,-78.0097444904906,-5.75));
#9811=CARTESIAN_POINT('Origin',(-67.500000923872,-78.5000011622906,-6.));
#9812=CARTESIAN_POINT('Origin',(-67.500000923872,-78.5000011622906,-5.75));
#9813=CARTESIAN_POINT('Ctrl Pts',(-53.0372215597201,-89.335564489082,-7.9645095399645));
#9814=CARTESIAN_POINT('Ctrl Pts',(-53.1030551204768,-89.7056587312138,-7.58354200199937));
#9815=CARTESIAN_POINT('Ctrl Pts',(-53.2013863120472,-90.355487230697,-6.88509293614478));
#9816=CARTESIAN_POINT('Ctrl Pts',(-53.236636987136,-91.1883079175113,-6.32666037448912));
#9817=CARTESIAN_POINT('Ctrl Pts',(-53.2488740316857,-91.8894900383845,-6.06444585473529));
#9818=CARTESIAN_POINT('Ctrl Pts',(-53.2498473955176,-92.2433308224387,-6.01261111064497));
#9819=CARTESIAN_POINT('Ctrl Pts',(-53.2499758578189,-92.4139758933513,-6.00354011274423));
#9820=CARTESIAN_POINT('Ctrl Pts',(-53.0248146811041,-89.2188617642157,-7.84682552270404));
#9821=CARTESIAN_POINT('Ctrl Pts',(-53.0687037216085,-89.5930456578231,-7.46645552661833));
#9822=CARTESIAN_POINT('Ctrl Pts',(-53.1342578493222,-90.2716900285876,-6.77210300189747));
#9823=CARTESIAN_POINT('Ctrl Pts',(-53.1577582993813,-91.143949840393,-6.22329693982361));
#9824=CARTESIAN_POINT('Ctrl Pts',(-53.1659163290812,-91.872187863925,-5.97104309927633));
#9825=CARTESIAN_POINT('Ctrl Pts',(-53.1665652383024,-92.237915462004,-5.92507407376331));
#9826=CARTESIAN_POINT('Ctrl Pts',(-53.1666508798366,-92.4139758933513,-5.91902674182949));
#9827=CARTESIAN_POINT('Ctrl Pts',(-53.012407802488,-89.1021590393493,-7.72914150544358));
#9828=CARTESIAN_POINT('Ctrl Pts',(-53.0343523227402,-89.4804325844324,-7.34936905123729));
#9829=CARTESIAN_POINT('Ctrl Pts',(-53.0671293865971,-90.1878928264782,-6.65911306765015));
#9830=CARTESIAN_POINT('Ctrl Pts',(-53.0788796116267,-91.0995917632747,-6.1199335051581));
#9831=CARTESIAN_POINT('Ctrl Pts',(-53.0829586264766,-91.8548856894655,-5.87764034381737));
#9832=CARTESIAN_POINT('Ctrl Pts',(-53.0832830810872,-92.2325001015692,-5.83753703688166));
#9833=CARTESIAN_POINT('Ctrl Pts',(-53.0833259018543,-92.4139758933513,-5.83451337091474));
#9834=CARTESIAN_POINT('Ctrl Pts',(-53.000000923872,-88.985456314483,-7.61145748818311));
#9835=CARTESIAN_POINT('Ctrl Pts',(-53.000000923872,-89.3678195110417,-7.23228257585625));
#9836=CARTESIAN_POINT('Ctrl Pts',(-53.000000923872,-90.1040956243688,-6.54612313340283));
#9837=CARTESIAN_POINT('Ctrl Pts',(-53.000000923872,-91.0552336861565,-6.01657007049259));
#9838=CARTESIAN_POINT('Ctrl Pts',(-53.000000923872,-91.837583515006,-5.7842375883584));
#9839=CARTESIAN_POINT('Ctrl Pts',(-53.000000923872,-92.2270847411345,-5.75));
#9840=CARTESIAN_POINT('Ctrl Pts',(-53.000000923872,-92.4139758933513,-5.75));
#9841=CARTESIAN_POINT('',(-53.0372215597201,-89.3355644890821,-7.9645095399645));
#9842=CARTESIAN_POINT('',(-53.000000923872,-88.985456314483,-7.61145748818313));
#9843=CARTESIAN_POINT('Ctrl Pts',(-53.0372215597201,-89.335564489082,-7.9645095399645));
#9844=CARTESIAN_POINT('Ctrl Pts',(-53.0248146811041,-89.2188617642157,-7.84682552270404));
#9845=CARTESIAN_POINT('Ctrl Pts',(-53.012407802488,-89.1021590393493,-7.72914150544358));
#9846=CARTESIAN_POINT('Ctrl Pts',(-53.000000923872,-88.985456314483,-7.61145748818311));
#9847=CARTESIAN_POINT('',(-53.000000923872,-92.4139758933513,-5.75));
#9848=CARTESIAN_POINT('Ctrl Pts',(-53.000000923872,-88.985456314483,-7.61145748818311));
#9849=CARTESIAN_POINT('Ctrl Pts',(-53.000000923872,-89.3678195110417,-7.23228257585625));
#9850=CARTESIAN_POINT('Ctrl Pts',(-53.000000923872,-90.1040956243688,-6.54612313340283));
#9851=CARTESIAN_POINT('Ctrl Pts',(-53.000000923872,-91.0552336861565,-6.01657007049259));
#9852=CARTESIAN_POINT('Ctrl Pts',(-53.000000923872,-91.837583515006,-5.7842375883584));
#9853=CARTESIAN_POINT('Ctrl Pts',(-53.000000923872,-92.2270847411345,-5.75));
#9854=CARTESIAN_POINT('Ctrl Pts',(-53.000000923872,-92.4139758933513,-5.75));
#9855=CARTESIAN_POINT('',(-53.2499758578189,-92.4139758933513,-6.00354011274423));
#9856=CARTESIAN_POINT('',(-53.000000923872,-92.4139758933513,-5.75));
#9857=CARTESIAN_POINT('Ctrl Pts',(-53.2499758578189,-92.4139758933513,-6.00354011274423));
#9858=CARTESIAN_POINT('Ctrl Pts',(-53.2498473955176,-92.2433308224387,-6.01261111064497));
#9859=CARTESIAN_POINT('Ctrl Pts',(-53.2488740316857,-91.8894900383845,-6.06444585473529));
#9860=CARTESIAN_POINT('Ctrl Pts',(-53.236636987136,-91.1883079175113,-6.32666037448912));
#9861=CARTESIAN_POINT('Ctrl Pts',(-53.2013863120472,-90.355487230697,-6.88509293614478));
#9862=CARTESIAN_POINT('Ctrl Pts',(-53.1030551204768,-89.7056587312138,-7.58354200199937));
#9863=CARTESIAN_POINT('Ctrl Pts',(-53.0372215597201,-89.335564489082,-7.9645095399645));
#9864=CARTESIAN_POINT('Ctrl Pts',(-53.2499758578189,-92.4139758933513,-6.00354011274423));
#9865=CARTESIAN_POINT('Ctrl Pts',(-53.2499974445426,-92.4426509829977,-6.00201582800166));
#9866=CARTESIAN_POINT('Ctrl Pts',(-53.2499995835866,-92.4713260726441,-6.00098068740221));
#9867=CARTESIAN_POINT('Ctrl Pts',(-53.2500005354707,-92.5000011622905,-6.00044068186349));
#9868=CARTESIAN_POINT('Ctrl Pts',(-53.1666508798366,-92.4139758933513,-5.91902674182949));
#9869=CARTESIAN_POINT('Ctrl Pts',(-53.1666652709858,-92.4426509829977,-5.91801055200111));
#9870=CARTESIAN_POINT('Ctrl Pts',(-53.1666666970151,-92.4713260726441,-5.91732045826814));
#9871=CARTESIAN_POINT('Ctrl Pts',(-53.1666673316045,-92.5000011622905,-5.91696045457566));
#9872=CARTESIAN_POINT('Ctrl Pts',(-53.0833259018543,-92.4139758933513,-5.83451337091474));
#9873=CARTESIAN_POINT('Ctrl Pts',(-53.0833330974289,-92.4426509829977,-5.83400527600055));
#9874=CARTESIAN_POINT('Ctrl Pts',(-53.0833338104435,-92.4713260726441,-5.83366022913407));
#9875=CARTESIAN_POINT('Ctrl Pts',(-53.0833341277382,-92.5000011622906,-5.83348022728783));
#9876=CARTESIAN_POINT('Ctrl Pts',(-53.000000923872,-92.4139758933513,-5.75));
#9877=CARTESIAN_POINT('Ctrl Pts',(-53.000000923872,-92.4426509829977,-5.75));
#9878=CARTESIAN_POINT('Ctrl Pts',(-53.000000923872,-92.4713260726441,-5.75));
#9879=CARTESIAN_POINT('Ctrl Pts',(-53.000000923872,-92.5000011622906,-5.75));
#9880=CARTESIAN_POINT('',(-53.000000923872,-92.5000011622906,-5.75));
#9881=CARTESIAN_POINT('',(-53.2500005354707,-92.5000011622905,-6.00044068186349));
#9882=CARTESIAN_POINT('',(-53.000000923872,-92.5000011622906,-5.75));
#9883=CARTESIAN_POINT('Ctrl Pts',(-53.2500005354707,-92.5000011622905,-6.00044068186349));
#9884=CARTESIAN_POINT('Ctrl Pts',(-53.2499995835866,-92.4713260726441,-6.00098068740221));
#9885=CARTESIAN_POINT('Ctrl Pts',(-53.2499974445426,-92.4426509829977,-6.00201582800166));
#9886=CARTESIAN_POINT('Ctrl Pts',(-53.2499758578189,-92.4139758933513,-6.00354011274423));
#9887=CARTESIAN_POINT('Ctrl Pts',(-53.000000923872,-92.4139758933513,-5.75));
#9888=CARTESIAN_POINT('Ctrl Pts',(-53.000000923872,-92.4426509829977,-5.75));
#9889=CARTESIAN_POINT('Ctrl Pts',(-53.000000923872,-92.4713260726441,-5.75));
#9890=CARTESIAN_POINT('Ctrl Pts',(-53.000000923872,-92.5000011622906,-5.75));
#9891=CARTESIAN_POINT('Ctrl Pts',(-53.2500005354707,-92.5000011622905,-6.00044068186349));
#9892=CARTESIAN_POINT('Ctrl Pts',(-53.2500010824715,-92.5164793232506,-6.00013036729094));
#9893=CARTESIAN_POINT('Ctrl Pts',(-53.2516353852234,-92.5329570139215,-6.));
#9894=CARTESIAN_POINT('Ctrl Pts',(-53.2548725403811,-92.549114048656,-6.));
#9895=CARTESIAN_POINT('Ctrl Pts',(-53.1666673316045,-92.5000011622905,-5.91696045457566));
#9896=CARTESIAN_POINT('Ctrl Pts',(-53.1666676962717,-92.5219720265036,-5.91675357819396));
#9897=CARTESIAN_POINT('Ctrl Pts',(-53.1688468723405,-92.5439422977984,-5.91666666666667));
#9898=CARTESIAN_POINT('Ctrl Pts',(-53.1731630792175,-92.5654850107777,-5.91666666666667));
#9899=CARTESIAN_POINT('Ctrl Pts',(-53.0833341277382,-92.5000011622905,-5.83348022728783));
#9900=CARTESIAN_POINT('Ctrl Pts',(-53.0833343100718,-92.5274647297566,-5.83337678909698));
#9901=CARTESIAN_POINT('Ctrl Pts',(-53.0860583594577,-92.5549275816754,-5.83333333333333));
#9902=CARTESIAN_POINT('Ctrl Pts',(-53.0914536180538,-92.5818559728995,-5.83333333333333));
#9903=CARTESIAN_POINT('Ctrl Pts',(-53.000000923872,-92.5000011622905,-5.75));
#9904=CARTESIAN_POINT('Ctrl Pts',(-53.000000923872,-92.5329574330096,-5.75));
#9905=CARTESIAN_POINT('Ctrl Pts',(-53.0032698465748,-92.5659128655523,-5.75));
#9906=CARTESIAN_POINT('Ctrl Pts',(-53.0097441568902,-92.5982269350213,-5.75));
#9907=CARTESIAN_POINT('Ctrl Pts',(-53.000000923872,-92.5000011622905,-5.75));
#9908=CARTESIAN_POINT('Ctrl Pts',(-53.000000923872,-92.5329574330096,-5.75));
#9909=CARTESIAN_POINT('Ctrl Pts',(-53.0032698465748,-92.5659128655523,-5.75));
#9910=CARTESIAN_POINT('Ctrl Pts',(-53.0097441568902,-92.5982269350213,-5.75));
#9911=CARTESIAN_POINT('Ctrl Pts',(-53.2548725403811,-92.549114048656,-6.));
#9912=CARTESIAN_POINT('Ctrl Pts',(-53.2516353852234,-92.5329570139215,-6.));
#9913=CARTESIAN_POINT('Ctrl Pts',(-53.2500010824715,-92.5164793232506,-6.00013036729094));
#9914=CARTESIAN_POINT('Ctrl Pts',(-53.2500005354707,-92.5000011622905,-6.00044068186349));
#9915=CARTESIAN_POINT('Ctrl Pts',(-67.5491140477689,-78.2548728263906,-6.));
#9916=CARTESIAN_POINT('Ctrl Pts',(-67.5329569369941,-78.2516356397129,-6.));
#9917=CARTESIAN_POINT('Ctrl Pts',(-67.5164791655833,-78.2500013208932,-6.0001303683902));
#9918=CARTESIAN_POINT('Ctrl Pts',(-67.500000923872,-78.2500007738821,-6.00044068590211));
#9919=CARTESIAN_POINT('Ctrl Pts',(-67.5654850890678,-78.1731633810906,-5.91666666666667));
#9920=CARTESIAN_POINT('Ctrl Pts',(-67.5439422747014,-78.168847132187,-5.91666666666667));
#9921=CARTESIAN_POINT('Ctrl Pts',(-67.521971895753,-78.1666679346923,-5.9167535789268));
#9922=CARTESIAN_POINT('Ctrl Pts',(-67.500000923872,-78.1666675700183,-5.91696045726808));
#9923=CARTESIAN_POINT('Ctrl Pts',(-67.5818561303668,-78.0914539357906,-5.83333333333333));
#9924=CARTESIAN_POINT('Ctrl Pts',(-67.5549276124088,-78.0860586246611,-5.83333333333333));
#9925=CARTESIAN_POINT('Ctrl Pts',(-67.5274646259227,-78.0833345484915,-5.8333767894634));
#9926=CARTESIAN_POINT('Ctrl Pts',(-67.500000923872,-78.0833343661544,-5.83348022863404));
#9927=CARTESIAN_POINT('Ctrl Pts',(-67.5982271716658,-78.0097444904906,-5.75));
#9928=CARTESIAN_POINT('Ctrl Pts',(-67.5659129501161,-78.0032701171353,-5.75));
#9929=CARTESIAN_POINT('Ctrl Pts',(-67.5329573560924,-78.0000011622906,-5.75));
#9930=CARTESIAN_POINT('Ctrl Pts',(-67.500000923872,-78.0000011622906,-5.75));
#9931=CARTESIAN_POINT('',(-67.500000923872,-78.2500007738821,-6.00044068590211));
#9932=CARTESIAN_POINT('',(-67.500000923872,-78.0000011622906,-5.75));
#9933=CARTESIAN_POINT('Ctrl Pts',(-67.500000923872,-78.2500007738821,-6.00044068590211));
#9934=CARTESIAN_POINT('Ctrl Pts',(-67.5164791655833,-78.2500013208932,-6.0001303683902));
#9935=CARTESIAN_POINT('Ctrl Pts',(-67.5329569369941,-78.2516356397129,-6.));
#9936=CARTESIAN_POINT('Ctrl Pts',(-67.5491140477689,-78.2548728263906,-6.));
#9937=CARTESIAN_POINT('Ctrl Pts',(-67.5982271716658,-78.0097444904906,-5.75));
#9938=CARTESIAN_POINT('Ctrl Pts',(-67.5659129501161,-78.0032701171353,-5.75));
#9939=CARTESIAN_POINT('Ctrl Pts',(-67.5329573560924,-78.0000011622906,-5.75));
#9940=CARTESIAN_POINT('Ctrl Pts',(-67.500000923872,-78.0000011622906,-5.75));
#9941=CARTESIAN_POINT('Ctrl Pts',(-67.500000923872,-78.2500007738821,-6.00044068590211));
#9942=CARTESIAN_POINT('Ctrl Pts',(-67.4713259057111,-78.2499998219874,-6.00098069256337));
#9943=CARTESIAN_POINT('Ctrl Pts',(-67.4426508875502,-78.2499976829074,-6.00201583180163));
#9944=CARTESIAN_POINT('Ctrl Pts',(-67.4139758693893,-78.2499760962375,-6.00354011274423));
#9945=CARTESIAN_POINT('Ctrl Pts',(-67.500000923872,-78.1666675700183,-5.91696045726808));
#9946=CARTESIAN_POINT('Ctrl Pts',(-67.4713259057111,-78.1666669354218,-5.91732046170891));
#9947=CARTESIAN_POINT('Ctrl Pts',(-67.4426508875502,-78.1666655093685,-5.91801055453442));
#9948=CARTESIAN_POINT('Ctrl Pts',(-67.4139758693893,-78.1666511182552,-5.91902674182949));
#9949=CARTESIAN_POINT('Ctrl Pts',(-67.500000923872,-78.0833343661544,-5.83348022863404));
#9950=CARTESIAN_POINT('Ctrl Pts',(-67.4713259057111,-78.0833340488562,-5.83366023085446));
#9951=CARTESIAN_POINT('Ctrl Pts',(-67.4426508875502,-78.0833333358295,-5.83400527726721));
#9952=CARTESIAN_POINT('Ctrl Pts',(-67.4139758693893,-78.0833261402729,-5.83451337091474));
#9953=CARTESIAN_POINT('Ctrl Pts',(-67.500000923872,-78.0000011622906,-5.75));
#9954=CARTESIAN_POINT('Ctrl Pts',(-67.4713259057111,-78.0000011622906,-5.75));
#9955=CARTESIAN_POINT('Ctrl Pts',(-67.4426508875502,-78.0000011622906,-5.75));
#9956=CARTESIAN_POINT('Ctrl Pts',(-67.4139758693893,-78.0000011622906,-5.75));
#9957=CARTESIAN_POINT('Ctrl Pts',(-67.4139758693893,-78.2499760962375,-6.00354011274423));
#9958=CARTESIAN_POINT('Ctrl Pts',(-67.4426508875502,-78.2499976829074,-6.00201583180163));
#9959=CARTESIAN_POINT('Ctrl Pts',(-67.4713259057111,-78.2499998219874,-6.00098069256337));
#9960=CARTESIAN_POINT('Ctrl Pts',(-67.500000923872,-78.2500007738821,-6.00044068590211));
#9961=CARTESIAN_POINT('Ctrl Pts',(-63.9854562908218,-78.0000011622906,-7.61145748788485));
#9962=CARTESIAN_POINT('Ctrl Pts',(-63.973595611965,-78.0000011622906,-7.7409716585899));
#9963=CARTESIAN_POINT('Ctrl Pts',(-63.9617349331083,-78.0000011622906,-7.87048582929495));
#9964=CARTESIAN_POINT('Ctrl Pts',(-63.9498742542515,-78.0000011622906,-8.));
#9965=CARTESIAN_POINT('Ctrl Pts',(-64.102159015685,-78.0124080409239,-7.72914150514482));
#9966=CARTESIAN_POINT('Ctrl Pts',(-64.0519230794066,-78.0041616588985,-7.81942725612942));
#9967=CARTESIAN_POINT('Ctrl Pts',(-64.0008991325717,-78.0000011622906,-7.90971362806145));
#9968=CARTESIAN_POINT('Ctrl Pts',(-63.9498742542515,-78.0000011622906,-8.));
#9969=CARTESIAN_POINT('Ctrl Pts',(-64.2188617405481,-78.0248149195572,-7.84682552240479));
#9970=CARTESIAN_POINT('Ctrl Pts',(-64.1302505468481,-78.0083221555063,-7.89788285366895));
#9971=CARTESIAN_POINT('Ctrl Pts',(-64.0400633320352,-78.0000011622906,-7.94894142682795));
#9972=CARTESIAN_POINT('Ctrl Pts',(-63.9498742542515,-78.0000011622906,-8.));
#9973=CARTESIAN_POINT('Ctrl Pts',(-64.3355644654113,-78.0372217981905,-7.96450953966476));
#9974=CARTESIAN_POINT('Ctrl Pts',(-64.2085780142896,-78.0124826521142,-7.97633845120847));
#9975=CARTESIAN_POINT('Ctrl Pts',(-64.0792275314987,-78.0000011622906,-7.98816922559446));
#9976=CARTESIAN_POINT('Ctrl Pts',(-63.9498742542515,-78.0000011622906,-8.));
#9977=CARTESIAN_POINT('Ctrl Pts',(-63.9498742542515,-78.0000011622906,-8.));
#9978=CARTESIAN_POINT('Ctrl Pts',(-64.0792275314987,-78.0000011622906,-7.98816922559446));
#9979=CARTESIAN_POINT('Ctrl Pts',(-64.2085780142896,-78.0124826521142,-7.97633845120847));
#9980=CARTESIAN_POINT('Ctrl Pts',(-64.3355644654113,-78.0372217981905,-7.96450953966476));
#9981=CARTESIAN_POINT('Ctrl Pts',(-53.0372215597201,-89.3355644890821,-7.9645095399645));
#9982=CARTESIAN_POINT('Ctrl Pts',(-53.0124824136782,-89.2085780380545,-7.97633845140833));
#9983=CARTESIAN_POINT('Ctrl Pts',(-53.000000923872,-89.0792275553621,-7.98816922569439));
#9984=CARTESIAN_POINT('Ctrl Pts',(-53.000000923872,-88.9498742782135,-8.));
#9985=CARTESIAN_POINT('Ctrl Pts',(-53.0248146811041,-89.2188617642157,-7.84682552270404));
#9986=CARTESIAN_POINT('Ctrl Pts',(-53.0083219170762,-89.1302505706118,-7.89788285386847));
#9987=CARTESIAN_POINT('Ctrl Pts',(-53.000000923872,-89.0400633558981,-7.94894142692772));
#9988=CARTESIAN_POINT('Ctrl Pts',(-53.000000923872,-88.9498742782135,-8.));
#9989=CARTESIAN_POINT('Ctrl Pts',(-53.012407802488,-89.1021590393493,-7.72914150544359));
#9990=CARTESIAN_POINT('Ctrl Pts',(-53.0041614204741,-89.0519231031692,-7.81942725632861));
#9991=CARTESIAN_POINT('Ctrl Pts',(-53.000000923872,-89.0008991564341,-7.90971362816105));
#9992=CARTESIAN_POINT('Ctrl Pts',(-53.000000923872,-88.9498742782135,-8.));
#9993=CARTESIAN_POINT('Ctrl Pts',(-53.000000923872,-88.985456314483,-7.61145748818313));
#9994=CARTESIAN_POINT('Ctrl Pts',(-53.000000923872,-88.9735956357265,-7.74097165878875));
#9995=CARTESIAN_POINT('Ctrl Pts',(-53.000000923872,-88.96173495697,-7.87048582939438));
#9996=CARTESIAN_POINT('Ctrl Pts',(-53.000000923872,-88.9498742782135,-8.));
#9997=CARTESIAN_POINT('Ctrl Pts',(-53.0372215597201,-89.3355644890821,-7.9645095399645));
#9998=CARTESIAN_POINT('Ctrl Pts',(-53.0124824136782,-89.2085780380545,-7.97633845140833));
#9999=CARTESIAN_POINT('Ctrl Pts',(-53.000000923872,-89.0792275553621,-7.98816922569439));
#10000=CARTESIAN_POINT('Ctrl Pts',(-53.000000923872,-88.9498742782135,-8.));
#10001=CARTESIAN_POINT('Ctrl Pts',(-53.000000923872,-88.9498742782135,-8.));
#10002=CARTESIAN_POINT('Ctrl Pts',(-53.000000923872,-88.96173495697,-7.87048582939438));
#10003=CARTESIAN_POINT('Ctrl Pts',(-53.000000923872,-88.9735956357265,-7.74097165878875));
#10004=CARTESIAN_POINT('Ctrl Pts',(-53.000000923872,-88.985456314483,-7.61145748818313));
#10005=CARTESIAN_POINT('Origin',(-67.500000923872,-78.5000011622906,-6.));
#10006=CARTESIAN_POINT('',(-68.000000923872,-78.5000011622906,-3.25));
#10007=CARTESIAN_POINT('',(-68.000000923872,-78.5000011622906,-6.));
#10008=CARTESIAN_POINT('Origin',(-67.500000923872,-78.5000011622906,-3.25));
#10009=CARTESIAN_POINT('Origin',(-68.000000923872,-78.0000011622906,-6.));
#10010=CARTESIAN_POINT('',(-68.000000923872,-92.5000011622906,-3.25));
#10011=CARTESIAN_POINT('',(-68.000000923872,-92.5000011622906,-6.));
#10012=CARTESIAN_POINT('',(-68.000000923872,-81.7500011622906,-3.25));
#10013=CARTESIAN_POINT('Origin',(-67.500000923872,-92.5000011622906,-6.));
#10014=CARTESIAN_POINT('',(-67.500000923872,-93.0000011622906,-3.25));
#10015=CARTESIAN_POINT('',(-67.500000923872,-93.0000011622906,-6.));
#10016=CARTESIAN_POINT('Origin',(-67.500000923872,-92.5000011622906,-3.25));
#10017=CARTESIAN_POINT('Origin',(-68.000000923872,-93.0000011622906,-6.));
#10018=CARTESIAN_POINT('',(-53.500000923872,-93.0000011622906,-3.25));
#10019=CARTESIAN_POINT('',(-53.500000923872,-93.0000011622906,-6.));
#10020=CARTESIAN_POINT('',(-64.250000923872,-93.0000011622906,-3.25));
#10021=CARTESIAN_POINT('Origin',(-60.500000923872,-85.5000011622906,-6.));
#10022=CARTESIAN_POINT('Origin',(-55.000000923872,-88.9498742782135,-6.));
#10023=CARTESIAN_POINT('Origin',(-60.500000923872,-85.5000011622906,-6.));
#10024=CARTESIAN_POINT('Origin',(-54.,-79.,-6.));
#10025=CARTESIAN_POINT('Origin',(-53.500000923872,-92.5000011622906,-6.));
#10026=CARTESIAN_POINT('',(-53.000000923872,-92.5000011622906,-3.25));
#10027=CARTESIAN_POINT('',(-53.000000923872,-92.5000011622906,-6.));
#10028=CARTESIAN_POINT('Origin',(-53.500000923872,-92.5000011622906,-3.25));
#10029=CARTESIAN_POINT('Origin',(-53.000000923872,-83.,-6.));
#10030=CARTESIAN_POINT('',(-53.000000923872,-85.,-3.25));
#10031=CARTESIAN_POINT('',(-53.000000923872,-85.,7.5));
#10032=CARTESIAN_POINT('',(-53.000000923872,-84.2500005811453,-3.25));
#10033=CARTESIAN_POINT('Origin',(-55.000000923872,-88.9498742782135,-8.));
#10034=CARTESIAN_POINT('Origin',(-55.4000012934208,-92.9298239894989,-8.));
#10035=CARTESIAN_POINT('Origin',(-54.,-79.,-8.));
#10036=CARTESIAN_POINT('Origin',(-67.9298239559521,-80.4000016272068,-8.));
#10037=CARTESIAN_POINT('Origin',(-63.9498742542515,-80.0000011622906,-8.));
#10038=CARTESIAN_POINT('Origin',(-63.9498742542515,-80.0000011622906,-6.));
#10039=CARTESIAN_POINT('Origin',(-60.500000923872,-85.5000011622906,-6.));
#10040=CARTESIAN_POINT('Origin',(-60.125,-82.2500005811453,-3.125));
#10041=CARTESIAN_POINT('',(-60.25,-78.2500011622906,-3.));
#10042=CARTESIAN_POINT('',(-60.25,-79.,-3.));
#10043=CARTESIAN_POINT('',(-60.25,-82.2500005811453,-3.));
#10044=CARTESIAN_POINT('',(-60.,-79.,-3.25000000000001));
#10045=CARTESIAN_POINT('',(-60.25,-79.,-3.));
#10046=CARTESIAN_POINT('',(-60.,-82.2500005811453,-3.25));
#10047=CARTESIAN_POINT('',(-60.25,-78.2500011622906,-3.));
#10048=CARTESIAN_POINT('Origin',(-54.,-79.,-3.125));
#10049=CARTESIAN_POINT('',(-54.,-85.25,-3.));
#10050=CARTESIAN_POINT('',(-54.,-85.,-3.25));
#10051=CARTESIAN_POINT('',(-54.,-85.25,-3.));
#10052=CARTESIAN_POINT('Origin',(-54.,-79.,-3.25));
#10053=CARTESIAN_POINT('Origin',(-54.,-79.,-3.));
#10054=CARTESIAN_POINT('Origin',(-3.25000046193599,-85.125,-3.125));
#10055=CARTESIAN_POINT('',(-3.25000046193599,-85.,-3.25));
#10056=CARTESIAN_POINT('',(-53.250000923872,-85.25,-3.));
#10057=CARTESIAN_POINT('',(-3.25000046193599,-85.25,-3.));
#10058=CARTESIAN_POINT('',(-53.250000923872,-85.25,-3.));
#10059=CARTESIAN_POINT('Origin',(-53.125000923872,-84.2500005811453,-3.125));
#10060=CARTESIAN_POINT('',(-53.250000923872,-92.5000011622906,-3.));
#10061=CARTESIAN_POINT('',(-53.250000923872,-84.2500005811453,-3.));
#10062=CARTESIAN_POINT('',(-53.250000923872,-92.5000011622906,-3.));
#10063=CARTESIAN_POINT('Origin',(-53.500000923872,-92.5000011622906,-3.125));
#10064=CARTESIAN_POINT('',(-53.500000923872,-92.7500011622905,-3.));
#10065=CARTESIAN_POINT('',(-53.500000923872,-92.7500011622905,-3.));
#10066=CARTESIAN_POINT('Origin',(-53.500000923872,-92.5000011622906,-3.));
#10067=CARTESIAN_POINT('Origin',(-64.250000923872,-92.8750011622906,-3.125));
#10068=CARTESIAN_POINT('',(-67.500000923872,-92.7500011622906,-3.));
#10069=CARTESIAN_POINT('',(-67.500000923872,-92.7500011622906,-3.));
#10070=CARTESIAN_POINT('',(-64.250000923872,-92.7500011622906,-3.));
#10071=CARTESIAN_POINT('Origin',(-67.500000923872,-92.5000011622906,-3.125));
#10072=CARTESIAN_POINT('',(-67.750000923872,-92.5000011622906,-3.));
#10073=CARTESIAN_POINT('',(-67.750000923872,-92.5000011622906,-3.));
#10074=CARTESIAN_POINT('Origin',(-67.500000923872,-92.5000011622906,-3.));
#10075=CARTESIAN_POINT('Origin',(-67.875000923872,-81.7500011622906,-3.125));
#10076=CARTESIAN_POINT('',(-67.750000923872,-78.5000011622906,-3.));
#10077=CARTESIAN_POINT('',(-67.750000923872,-78.5000011622906,-3.));
#10078=CARTESIAN_POINT('',(-67.750000923872,-81.7500011622906,-3.));
#10079=CARTESIAN_POINT('Origin',(-67.500000923872,-78.5000011622906,-3.125));
#10080=CARTESIAN_POINT('',(-67.500000923872,-78.2500011622906,-3.));
#10081=CARTESIAN_POINT('',(-67.500000923872,-78.2500011622906,-3.));
#10082=CARTESIAN_POINT('Origin',(-67.500000923872,-78.5000011622906,-3.));
#10083=CARTESIAN_POINT('Origin',(-61.250000461936,-78.1250011622906,-3.125));
#10084=CARTESIAN_POINT('',(-61.250000461936,-78.2500011622906,-3.));
#10085=CARTESIAN_POINT('Origin',(-60.,-79.,21.));
#10086=CARTESIAN_POINT('',(-60.,-79.,-26.));
#10087=CARTESIAN_POINT('Origin',(-60.500000923872,-85.5000011622906,-3.));
#10088=CARTESIAN_POINT('Origin',(-54.,-79.,21.));
#10089=CARTESIAN_POINT('',(-54.,-85.,-26.));
#10090=CARTESIAN_POINT('Origin',(54.,-85.,21.));
#10091=CARTESIAN_POINT('Ctrl Pts',(59.9500910882412,-78.0000056935405,-27.));
#10092=CARTESIAN_POINT('Ctrl Pts',(59.9500910882412,-78.0012375595642,-40.6666666666666));
#10093=CARTESIAN_POINT('Ctrl Pts',(59.9500910882412,-78.002469425588,-54.3333333333333));
#10094=CARTESIAN_POINT('Ctrl Pts',(59.9500910882412,-78.0037012916118,-68.));
#10095=CARTESIAN_POINT('Ctrl Pts',(59.9500910882412,-78.1661637683078,-27.));
#10096=CARTESIAN_POINT('Ctrl Pts',(59.9500910965722,-78.167359805319,-40.6666666666666));
#10097=CARTESIAN_POINT('Ctrl Pts',(59.9500910799101,-78.1685558342766,-54.3333333333333));
#10098=CARTESIAN_POINT('Ctrl Pts',(59.9500910882412,-78.1697518712879,-68.));
#10099=CARTESIAN_POINT('Ctrl Pts',(59.9501552743329,-78.4985042784941,-27.000000000114));
#10100=CARTESIAN_POINT('Ctrl Pts',(59.9501552564139,-78.4996286436526,-40.6666666667807));
#10101=CARTESIAN_POINT('Ctrl Pts',(59.9501551195811,-78.5007529802336,-54.3333333336206));
#10102=CARTESIAN_POINT('Ctrl Pts',(59.950155101662,-78.5018773453921,-68.0000000002872));
#10103=CARTESIAN_POINT('Ctrl Pts',(59.950174849819,-78.8308273471291,-27.000000000203));
#10104=CARTESIAN_POINT('Ctrl Pts',(59.9501748723781,-78.8318800619368,-40.6666666668697));
#10105=CARTESIAN_POINT('Ctrl Pts',(59.9501746017428,-78.8329326964097,-54.3333333338448));
#10106=CARTESIAN_POINT('Ctrl Pts',(59.9501746243019,-78.8339854112175,-68.0000000005114));
#10107=CARTESIAN_POINT('Ctrl Pts',(59.9502345639293,-78.9980256350673,-27.0000000002375));
#10108=CARTESIAN_POINT('Ctrl Pts',(59.9502344861502,-78.999042266559,-40.6666666669042));
#10109=CARTESIAN_POINT('Ctrl Pts',(59.9502342557951,-79.0000588701979,-54.3333333339317));
#10110=CARTESIAN_POINT('Ctrl Pts',(59.950234178016,-79.0010755016896,-68.0000000005984));
#10111=CARTESIAN_POINT('Ctrl Pts',(59.9502324062972,-78.999041657688,-27.0000000002374));
#10112=CARTESIAN_POINT('Ctrl Pts',(59.9502326204933,-79.000058191603,-40.6666666669041));
#10113=CARTESIAN_POINT('Ctrl Pts',(59.9502315538051,-79.001074334168,-54.3333333339313));
#10114=CARTESIAN_POINT('Ctrl Pts',(59.9502317680012,-79.0020908680831,-68.000000000598));
#10115=CARTESIAN_POINT('Ctrl Pts',(59.9546050319098,-80.5725865065656,-27.0000000002861));
#10116=CARTESIAN_POINT('Ctrl Pts',(59.9543283474758,-80.5732610812122,-40.6666666669528));
#10117=CARTESIAN_POINT('Ctrl Pts',(59.95407120541,-80.5739407426258,-54.333333334054));
#10118=CARTESIAN_POINT('Ctrl Pts',(59.953794520976,-80.5746153172723,-68.0000000007206));
#10119=CARTESIAN_POINT('Ctrl Pts',(58.9751363369338,-82.9108799277047,-27.0000000003169));
#10120=CARTESIAN_POINT('Ctrl Pts',(58.9749147927783,-82.9109012801818,-40.6666666669836));
#10121=CARTESIAN_POINT('Ctrl Pts',(58.9746926635307,-82.9109229379622,-54.3333333341314));
#10122=CARTESIAN_POINT('Ctrl Pts',(58.9744711193752,-82.9109442904393,-68.0000000007981));
#10123=CARTESIAN_POINT('Ctrl Pts',(56.3004559306528,-84.6853721298905,-27.0000000004922));
#10124=CARTESIAN_POINT('Ctrl Pts',(56.3009141645633,-84.6851104286563,-40.6666666671589));
#10125=CARTESIAN_POINT('Ctrl Pts',(56.3013790428586,-84.6848504166972,-54.333333334573));
#10126=CARTESIAN_POINT('Ctrl Pts',(56.301837276769,-84.684588715463,-68.0000000012397));
#10127=CARTESIAN_POINT('Ctrl Pts',(54.7354355393286,-85.0000090508868,-27.0000000007369));
#10128=CARTESIAN_POINT('Ctrl Pts',(54.7362809151285,-84.9998748910927,-40.6666666674035));
#10129=CARTESIAN_POINT('Ctrl Pts',(54.7371307683375,-84.9997436045725,-54.3333333351884));
#10130=CARTESIAN_POINT('Ctrl Pts',(54.7379761441374,-84.9996094447783,-68.0000000018551));
#10131=CARTESIAN_POINT('Ctrl Pts',(53.9490116158888,-84.9999837452005,-27.0000000007213));
#10132=CARTESIAN_POINT('Ctrl Pts',(53.95002807316,-84.9999836625622,-40.666666667388));
#10133=CARTESIAN_POINT('Ctrl Pts',(53.9510446430922,-84.9999836076862,-54.3333333351501));
#10134=CARTESIAN_POINT('Ctrl Pts',(53.9520611003634,-84.9999835250479,-68.0000000018167));
#10135=CARTESIAN_POINT('Ctrl Pts',(53.9479947122378,-84.9999837573485,-27.0000000007217));
#10136=CARTESIAN_POINT('Ctrl Pts',(53.9490113647951,-84.9999837565468,-40.6666666673884));
#10137=CARTESIAN_POINT('Ctrl Pts',(53.9500282021037,-84.9999837961376,-54.3333333351511));
#10138=CARTESIAN_POINT('Ctrl Pts',(53.951044854661,-84.9999837953359,-68.0000000018178));
#10139=CARTESIAN_POINT('Ctrl Pts',(53.7808284744093,-84.9999862648087,-27.0000000006196));
#10140=CARTESIAN_POINT('Ctrl Pts',(53.7818811842067,-84.9999862650408,-40.6666666672862));
#10141=CARTESIAN_POINT('Ctrl Pts',(53.7829340361579,-84.9999862982807,-54.3333333348938));
#10142=CARTESIAN_POINT('Ctrl Pts',(53.7839867459552,-84.9999862985127,-68.0000000015605));
#10143=CARTESIAN_POINT('Ctrl Pts',(53.4485362394987,-84.9999946163317,-27.0000000003468));
#10144=CARTESIAN_POINT('Ctrl Pts',(53.4496606101468,-84.9999946161476,-40.6666666670134));
#10145=CARTESIAN_POINT('Ctrl Pts',(53.4507850659609,-84.9999946349019,-54.3333333342068));
#10146=CARTESIAN_POINT('Ctrl Pts',(53.451909436609,-84.9999946347177,-68.0000000008735));
#10147=CARTESIAN_POINT('Ctrl Pts',(53.1162502851328,-85.0000047696685,-27.));
#10148=CARTESIAN_POINT('Ctrl Pts',(53.1174463207955,-85.000004769754,-40.6666666666666));
#10149=CARTESIAN_POINT('Ctrl Pts',(53.1186423548989,-85.0000047695829,-54.3333333333333));
#10150=CARTESIAN_POINT('Ctrl Pts',(53.1198383905617,-85.0000047696685,-68.));
#10151=CARTESIAN_POINT('Ctrl Pts',(52.9500922505317,-85.0000047696685,-27.));
#10152=CARTESIAN_POINT('Ctrl Pts',(52.9513241173631,-85.0000047696685,-40.6666666666666));
#10153=CARTESIAN_POINT('Ctrl Pts',(52.9525559841944,-85.0000047696685,-54.3333333333333));
#10154=CARTESIAN_POINT('Ctrl Pts',(52.9537878510258,-85.0000047696685,-68.));
#10155=CARTESIAN_POINT('',(59.9500910882412,-79.0000047696685,-27.));
#10156=CARTESIAN_POINT('',(59.9500910882414,-30.0000053657149,-27.));
#10157=CARTESIAN_POINT('',(59.9500910882413,-79.0000047696685,-68.));
#10158=CARTESIAN_POINT('',(59.9500910882413,-79.0000047696685,-68.));
#10159=CARTESIAN_POINT('',(53.9500910882412,-85.0000047696685,-68.));
#10160=CARTESIAN_POINT('Origin',(53.9500910882413,-79.0000047696685,-68.));
#10161=CARTESIAN_POINT('',(52.9537878510259,-85.0000047696685,-68.));
#10162=CARTESIAN_POINT('',(53.9500910882412,-85.0000047696685,-27.));
#10163=CARTESIAN_POINT('',(52.9500918929039,-85.0000047696685,-27.));
#10164=CARTESIAN_POINT('Origin',(53.9500910882412,-79.0000047696685,-27.));
#10165=CARTESIAN_POINT('Origin',(52.9500922505317,-87.0000047696684,-5.99999999999996));
#10166=CARTESIAN_POINT('',(52.9500922505317,-88.94987902392,-7.99999999999995));
#10167=CARTESIAN_POINT('',(52.9500922505317,-88.94987902392,-22.));
#10168=CARTESIAN_POINT('',(52.9500922505317,-88.9854610604903,-7.6114574878848));
#10169=CARTESIAN_POINT('Ctrl Pts',(52.9500922505317,-88.9854610604903,-7.61145748788479));
#10170=CARTESIAN_POINT('Ctrl Pts',(52.9500922505317,-88.9736003816335,-7.74097165858984));
#10171=CARTESIAN_POINT('Ctrl Pts',(52.9500922505317,-88.9617397027767,-7.8704858292949));
#10172=CARTESIAN_POINT('Ctrl Pts',(52.9500922505317,-88.94987902392,-7.99999999999995));
#10173=CARTESIAN_POINT('',(52.9500922505317,-92.4139806390577,-5.74999999999995));
#10174=CARTESIAN_POINT('Ctrl Pts',(52.9500922505317,-92.4139806390577,-5.74999999999995));
#10175=CARTESIAN_POINT('Ctrl Pts',(52.9500922505317,-92.227089486862,-5.74999999999995));
#10176=CARTESIAN_POINT('Ctrl Pts',(52.9500922505317,-91.6232264028348,-5.8105710091744));
#10177=CARTESIAN_POINT('Ctrl Pts',(52.9500922505317,-90.7127191992898,-6.16744500407438));
#10178=CARTESIAN_POINT('Ctrl Pts',(52.9500922505317,-89.81167699028,-6.81389259917025));
#10179=CARTESIAN_POINT('Ctrl Pts',(52.9500922505317,-89.2403698581851,-7.35867421301697));
#10180=CARTESIAN_POINT('Ctrl Pts',(52.9500922505317,-88.9854610604903,-7.61145748788471));
#10181=CARTESIAN_POINT('',(52.9500922505317,-92.5000056935404,-5.74999999999995));
#10182=CARTESIAN_POINT('Ctrl Pts',(52.9500922505317,-92.5000056935404,-5.74999999999995));
#10183=CARTESIAN_POINT('Ctrl Pts',(52.9500922505317,-92.4713306753795,-5.74999999999995));
#10184=CARTESIAN_POINT('Ctrl Pts',(52.9500922505317,-92.4426556572186,-5.74999999999995));
#10185=CARTESIAN_POINT('Ctrl Pts',(52.9500922505317,-92.4139806390577,-5.74999999999995));
#10186=CARTESIAN_POINT('',(52.9500922505317,-92.5000056935404,-3.24999999999995));
#10187=CARTESIAN_POINT('',(52.9500922505317,-92.5000056935404,-5.99999999999995));
#10188=CARTESIAN_POINT('',(52.9500922505317,-85.0000047696684,-3.24999999999996));
#10189=CARTESIAN_POINT('',(52.9500922505317,-86.2500052316044,-3.24999999999996));
#10190=CARTESIAN_POINT('',(52.9500922505317,-85.0000047696684,7.50000000000004));
#10191=CARTESIAN_POINT('Origin',(54.9500922505317,-88.94987902392,-27.));
#10192=CARTESIAN_POINT('',(55.1500924829898,-90.9398538747703,-7.99999999999995));
#10193=CARTESIAN_POINT('',(55.1500924829898,-90.9398538747703,-27.));
#10194=CARTESIAN_POINT('Origin',(54.9500922505317,-88.94987902392,-7.99999999999995));
#10195=CARTESIAN_POINT('Origin',(53.9500910882412,-79.0000047696684,-27.));
#10196=CARTESIAN_POINT('',(65.8899402220974,-80.2000058783149,-7.99999999999996));
#10197=CARTESIAN_POINT('',(65.8899402220974,-80.2000058783149,-22.));
#10198=CARTESIAN_POINT('Origin',(53.9500910882412,-79.0000047696684,-7.99999999999996));
#10199=CARTESIAN_POINT('Origin',(63.8999653664547,-80.0000056935405,-27.));
#10200=CARTESIAN_POINT('',(63.8999653664547,-78.0000056935405,-7.99999999999996));
#10201=CARTESIAN_POINT('',(63.8999653664547,-78.0000056935405,-27.));
#10202=CARTESIAN_POINT('Origin',(63.8999653664547,-80.0000056935405,-7.99999999999996));
#10203=CARTESIAN_POINT('Ctrl Pts',(53.2000671844786,-92.4139806390577,-6.00354011274418));
#10204=CARTESIAN_POINT('Ctrl Pts',(53.1999387221774,-92.2433355681644,-6.0126111106439));
#10205=CARTESIAN_POINT('Ctrl Pts',(53.1977844070102,-91.6950033086416,-6.10018055274558));
#10206=CARTESIAN_POINT('Ctrl Pts',(53.1802535621729,-90.8855209607263,-6.48908959548794));
#10207=CARTESIAN_POINT('Ctrl Pts',(53.1173177912766,-90.1016128163365,-7.15826255944208));
#10208=CARTESIAN_POINT('Ctrl Pts',(53.031201926931,-89.5822987298125,-7.71053118103649));
#10209=CARTESIAN_POINT('Ctrl Pts',(52.9873128864316,-89.3355692350797,-7.96450953966471));
#10210=CARTESIAN_POINT('Ctrl Pts',(53.1167422064963,-92.4139806390577,-5.91902674182944));
#10211=CARTESIAN_POINT('Ctrl Pts',(53.1166565649621,-92.2379202077302,-5.92507407376258));
#10212=CARTESIAN_POINT('Ctrl Pts',(53.1152203548507,-91.6710776733727,-6.00364403822185));
#10213=CARTESIAN_POINT('Ctrl Pts',(53.1035331249592,-90.8279203735808,-6.38187473168342));
#10214=CARTESIAN_POINT('Ctrl Pts',(53.0615759443616,-90.0049675409844,-7.0434725726848));
#10215=CARTESIAN_POINT('Ctrl Pts',(53.0041653681312,-89.46832243927,-7.59324552502998));
#10216=CARTESIAN_POINT('Ctrl Pts',(52.9749060077983,-89.2188665102165,-7.84682552240471));
#10217=CARTESIAN_POINT('Ctrl Pts',(53.033417228514,-92.4139806390577,-5.83451337091469));
#10218=CARTESIAN_POINT('Ctrl Pts',(53.0333744077469,-92.2325048472961,-5.83753703688127));
#10219=CARTESIAN_POINT('Ctrl Pts',(53.0326563026912,-91.6471520381038,-5.90710752369812));
#10220=CARTESIAN_POINT('Ctrl Pts',(53.0268126877454,-90.7703197864353,-6.2746598678789));
#10221=CARTESIAN_POINT('Ctrl Pts',(53.0058340974467,-89.9083222656322,-6.92868258592752));
#10222=CARTESIAN_POINT('Ctrl Pts',(52.9771288093315,-89.3543461487276,-7.47595986902348));
#10223=CARTESIAN_POINT('Ctrl Pts',(52.962499129165,-89.1021637853534,-7.72914150514471));
#10224=CARTESIAN_POINT('Ctrl Pts',(52.9500922505317,-92.4139806390577,-5.74999999999995));
#10225=CARTESIAN_POINT('Ctrl Pts',(52.9500922505317,-92.227089486862,-5.74999999999995));
#10226=CARTESIAN_POINT('Ctrl Pts',(52.9500922505317,-91.6232264028348,-5.8105710091744));
#10227=CARTESIAN_POINT('Ctrl Pts',(52.9500922505317,-90.7127191992898,-6.16744500407438));
#10228=CARTESIAN_POINT('Ctrl Pts',(52.9500922505317,-89.81167699028,-6.81389259917025));
#10229=CARTESIAN_POINT('Ctrl Pts',(52.9500922505317,-89.2403698581851,-7.35867421301697));
#10230=CARTESIAN_POINT('Ctrl Pts',(52.9500922505317,-88.9854610604903,-7.61145748788471));
#10231=CARTESIAN_POINT('',(52.9873128864316,-89.3355692350798,-7.96450953966471));
#10232=CARTESIAN_POINT('Ctrl Pts',(52.9500922505317,-88.9854610604903,-7.61145748788471));
#10233=CARTESIAN_POINT('Ctrl Pts',(52.962499129165,-89.1021637853534,-7.72914150514471));
#10234=CARTESIAN_POINT('Ctrl Pts',(52.9749060077983,-89.2188665102165,-7.84682552240471));
#10235=CARTESIAN_POINT('Ctrl Pts',(52.9873128864316,-89.3355692350797,-7.96450953966471));
#10236=CARTESIAN_POINT('',(53.2000671844786,-92.4139806390577,-6.00354011274418));
#10237=CARTESIAN_POINT('Ctrl Pts',(52.9873128864316,-89.3355692350797,-7.96450953966471));
#10238=CARTESIAN_POINT('Ctrl Pts',(53.031201926931,-89.5822987298125,-7.71053118103649));
#10239=CARTESIAN_POINT('Ctrl Pts',(53.1173177912766,-90.1016128163365,-7.15826255944208));
#10240=CARTESIAN_POINT('Ctrl Pts',(53.1802535621729,-90.8855209607263,-6.48908959548794));
#10241=CARTESIAN_POINT('Ctrl Pts',(53.1977844070102,-91.6950033086416,-6.10018055274558));
#10242=CARTESIAN_POINT('Ctrl Pts',(53.1999387221774,-92.2433355681644,-6.0126111106439));
#10243=CARTESIAN_POINT('Ctrl Pts',(53.2000671844786,-92.4139806390577,-6.00354011274418));
#10244=CARTESIAN_POINT('',(53.2000671844786,-92.4139806390577,-6.00354011274418));
#10245=CARTESIAN_POINT('Origin',(67.4500922505317,-78.5000056935405,-5.87499999999996));
#10246=CARTESIAN_POINT('',(67.4992051368971,-78.2548773100496,-5.99999999999996));
#10247=CARTESIAN_POINT('',(67.5483180232625,-78.0097489265587,-5.74999999999996));
#10248=CARTESIAN_POINT('',(67.4992051368971,-78.2548773100496,-5.99999999999996));
#10249=CARTESIAN_POINT('',(67.9500922505318,-78.5000056935405,-5.74999999999996));
#10250=CARTESIAN_POINT('Origin',(67.4500922505317,-78.5000056935405,-5.74999999999996));
#10251=CARTESIAN_POINT('',(67.7000922505317,-78.5000056935405,-5.99999999999996));
#10252=CARTESIAN_POINT('',(67.9500922505318,-78.5000056935405,-5.74999999999996));
#10253=CARTESIAN_POINT('Origin',(67.4500922505317,-78.5000056935405,-5.99999999999996));
#10254=CARTESIAN_POINT('Origin',(67.8250922505317,-89.2500056935405,-5.87499999999995));
#10255=CARTESIAN_POINT('',(67.9500922505318,-78.7513921965308,-5.74999999999996));
#10256=CARTESIAN_POINT('',(67.7000922505317,-78.7513921965308,-5.99999999999996));
#10257=CARTESIAN_POINT('',(67.9500922505318,-78.7513921965308,-5.74999999999996));
#10258=CARTESIAN_POINT('',(67.7000922505317,-89.2500056935405,-5.99999999999995));
#10259=CARTESIAN_POINT('',(67.9500922505317,-89.2500056935405,-5.74999999999996));
#10260=CARTESIAN_POINT('Ctrl Pts',(67.7000922505317,-78.7513921965308,-5.99999999999996));
#10261=CARTESIAN_POINT('Ctrl Pts',(67.7000922505317,-79.2949103289035,-5.99999999999996));
#10262=CARTESIAN_POINT('Ctrl Pts',(67.7003864566341,-79.8384284612763,-6.01308374623253));
#10263=CARTESIAN_POINT('Ctrl Pts',(67.7002257932879,-80.381946593649,-6.00817028423192));
#10264=CARTESIAN_POINT('Ctrl Pts',(67.7834255838651,-78.7513921965308,-5.91666666666663));
#10265=CARTESIAN_POINT('Ctrl Pts',(67.7834255838651,-79.2949103289035,-5.91666666666663));
#10266=CARTESIAN_POINT('Ctrl Pts',(67.7836217212666,-79.8384284612763,-5.92538916415501));
#10267=CARTESIAN_POINT('Ctrl Pts',(67.7835146123692,-80.381946593649,-5.92211352282127));
#10268=CARTESIAN_POINT('Ctrl Pts',(67.8667589171984,-78.7513921965308,-5.8333333333333));
#10269=CARTESIAN_POINT('Ctrl Pts',(67.8667589171984,-79.2949103289035,-5.8333333333333));
#10270=CARTESIAN_POINT('Ctrl Pts',(67.8668569858992,-79.8384284612763,-5.83769458207748));
#10271=CARTESIAN_POINT('Ctrl Pts',(67.8668034314505,-80.381946593649,-5.83605676141061));
#10272=CARTESIAN_POINT('Ctrl Pts',(67.9500922505318,-78.7513921965308,-5.74999999999996));
#10273=CARTESIAN_POINT('Ctrl Pts',(67.9500922505318,-79.2949103289035,-5.74999999999996));
#10274=CARTESIAN_POINT('Ctrl Pts',(67.9500922505318,-79.8384284612763,-5.74999999999996));
#10275=CARTESIAN_POINT('Ctrl Pts',(67.9500922505318,-80.381946593649,-5.74999999999996));
#10276=CARTESIAN_POINT('',(67.9500922505318,-80.381946593649,-5.74999999999996));
#10277=CARTESIAN_POINT('',(67.700225793288,-80.381946593649,-6.00817028423192));
#10278=CARTESIAN_POINT('',(67.9500922505318,-80.381946593649,-5.74999999999996));
#10279=CARTESIAN_POINT('Ctrl Pts',(67.7002257932879,-80.381946593649,-6.00817028423192));
#10280=CARTESIAN_POINT('Ctrl Pts',(67.7003864566341,-79.8384284612763,-6.01308374623253));
#10281=CARTESIAN_POINT('Ctrl Pts',(67.7000922505317,-79.2949103289035,-5.99999999999996));
#10282=CARTESIAN_POINT('Ctrl Pts',(67.7000922505317,-78.7513921965308,-5.99999999999996));
#10283=CARTESIAN_POINT('Ctrl Pts',(67.9500922505318,-78.7513921965308,-5.74999999999996));
#10284=CARTESIAN_POINT('Ctrl Pts',(67.9500922505318,-79.2949103289035,-5.74999999999996));
#10285=CARTESIAN_POINT('Ctrl Pts',(67.9500922505318,-79.8384284612763,-5.74999999999996));
#10286=CARTESIAN_POINT('Ctrl Pts',(67.9500922505318,-80.381946593649,-5.74999999999996));
#10287=CARTESIAN_POINT('Ctrl Pts',(67.7002257932879,-80.381946593649,-6.00817028423192));
#10288=CARTESIAN_POINT('Ctrl Pts',(67.7001024334207,-80.7992684425289,-6.00439765012025));
#10289=CARTESIAN_POINT('Ctrl Pts',(67.7000922505317,-81.2165902914089,-5.99999999999996));
#10290=CARTESIAN_POINT('Ctrl Pts',(67.7000922505317,-81.6339121402888,-5.99999999999996));
#10291=CARTESIAN_POINT('Ctrl Pts',(67.7835146123692,-80.381946593649,-5.92211352282126));
#10292=CARTESIAN_POINT('Ctrl Pts',(67.7834323724577,-80.7992684425289,-5.91959843341349));
#10293=CARTESIAN_POINT('Ctrl Pts',(67.7834255838651,-81.2165902914089,-5.91666666666663));
#10294=CARTESIAN_POINT('Ctrl Pts',(67.7834255838651,-81.6339121402888,-5.91666666666663));
#10295=CARTESIAN_POINT('Ctrl Pts',(67.8668034314505,-80.381946593649,-5.83605676141061));
#10296=CARTESIAN_POINT('Ctrl Pts',(67.8667623114947,-80.7992684425289,-5.83479921670672));
#10297=CARTESIAN_POINT('Ctrl Pts',(67.8667589171984,-81.2165902914089,-5.83333333333329));
#10298=CARTESIAN_POINT('Ctrl Pts',(67.8667589171984,-81.6339121402888,-5.83333333333329));
#10299=CARTESIAN_POINT('Ctrl Pts',(67.9500922505318,-80.381946593649,-5.74999999999996));
#10300=CARTESIAN_POINT('Ctrl Pts',(67.9500922505318,-80.7992684425289,-5.74999999999996));
#10301=CARTESIAN_POINT('Ctrl Pts',(67.9500922505318,-81.2165902914089,-5.74999999999996));
#10302=CARTESIAN_POINT('Ctrl Pts',(67.9500922505318,-81.6339121402888,-5.74999999999996));
#10303=CARTESIAN_POINT('',(67.9500922505317,-81.6339121402888,-5.74999999999996));
#10304=CARTESIAN_POINT('',(67.7000922505317,-81.6339121402888,-5.99999999999996));
#10305=CARTESIAN_POINT('',(67.9500922505317,-81.6339121402888,-5.74999999999996));
#10306=CARTESIAN_POINT('Ctrl Pts',(67.7000922505317,-81.6339121402888,-5.99999999999996));
#10307=CARTESIAN_POINT('Ctrl Pts',(67.7000922505317,-81.2165902914089,-5.99999999999996));
#10308=CARTESIAN_POINT('Ctrl Pts',(67.7001024334207,-80.7992684425289,-6.00439765012025));
#10309=CARTESIAN_POINT('Ctrl Pts',(67.7002257932879,-80.381946593649,-6.00817028423192));
#10310=CARTESIAN_POINT('Ctrl Pts',(67.9500922505318,-80.381946593649,-5.74999999999996));
#10311=CARTESIAN_POINT('Ctrl Pts',(67.9500922505318,-80.7992684425289,-5.74999999999996));
#10312=CARTESIAN_POINT('Ctrl Pts',(67.9500922505318,-81.2165902914089,-5.74999999999996));
#10313=CARTESIAN_POINT('Ctrl Pts',(67.9500922505318,-81.6339121402888,-5.74999999999996));
#10314=CARTESIAN_POINT('Origin',(67.8250922505317,-89.2500056935405,-5.87499999999995));
#10315=CARTESIAN_POINT('',(67.9500922505317,-92.5000056935405,-5.74999999999995));
#10316=CARTESIAN_POINT('',(67.9500922505317,-89.2500056935405,-5.74999999999996));
#10317=CARTESIAN_POINT('',(67.7000922505317,-92.5000056935405,-5.99999999999995));
#10318=CARTESIAN_POINT('',(67.9500922505317,-92.5000056935405,-5.74999999999995));
#10319=CARTESIAN_POINT('',(67.7000922505317,-89.2500056935405,-5.99999999999995));
#10320=CARTESIAN_POINT('Origin',(67.4500922505317,-92.5000056935405,-5.87499999999995));
#10321=CARTESIAN_POINT('',(67.4500922505317,-93.0000056935405,-5.74999999999995));
#10322=CARTESIAN_POINT('Origin',(67.4500922505317,-92.5000056935405,-5.74999999999995));
#10323=CARTESIAN_POINT('',(67.4500922505317,-92.7500056935405,-5.99999999999995));
#10324=CARTESIAN_POINT('',(67.4500922505317,-93.0000056935405,-5.74999999999995));
#10325=CARTESIAN_POINT('Origin',(67.4500922505317,-92.5000056935405,-5.99999999999995));
#10326=CARTESIAN_POINT('Origin',(56.7000922505317,-92.8750056935404,-5.87499999999995));
#10327=CARTESIAN_POINT('',(53.7014781008285,-92.7500056935405,-5.99999999999995));
#10328=CARTESIAN_POINT('',(53.7014781008285,-93.0000056935404,-5.74999999999995));
#10329=CARTESIAN_POINT('',(53.7014781008285,-92.7500056935405,-5.99999999999995));
#10330=CARTESIAN_POINT('',(53.4500922505317,-93.0000056935404,-5.74999999999995));
#10331=CARTESIAN_POINT('',(56.7000922505317,-93.0000056935405,-5.74999999999995));
#10332=CARTESIAN_POINT('',(53.4500922505317,-92.7500056935405,-5.99999999999995));
#10333=CARTESIAN_POINT('',(53.4500922505317,-93.0000056935404,-5.74999999999995));
#10334=CARTESIAN_POINT('',(56.7000922505317,-92.7500056935405,-5.99999999999995));
#10335=CARTESIAN_POINT('Ctrl Pts',(53.7014781008285,-93.0000056935404,-5.74999999999995));
#10336=CARTESIAN_POINT('Ctrl Pts',(54.2449964742621,-93.0000056935404,-5.74999999999995));
#10337=CARTESIAN_POINT('Ctrl Pts',(54.7885148476957,-93.0000056935405,-5.74999999999995));
#10338=CARTESIAN_POINT('Ctrl Pts',(55.3320332211293,-93.0000056935405,-5.74999999999995));
#10339=CARTESIAN_POINT('Ctrl Pts',(53.7014781008285,-92.9166723602071,-5.83333333333329));
#10340=CARTESIAN_POINT('Ctrl Pts',(54.2449964742621,-92.9166723602071,-5.83333333333329));
#10341=CARTESIAN_POINT('Ctrl Pts',(54.7885148476957,-92.9167704293311,-5.83769459127647));
#10342=CARTESIAN_POINT('Ctrl Pts',(55.3320332211293,-92.9167168746625,-5.83605676762816));
#10343=CARTESIAN_POINT('Ctrl Pts',(53.7014781008285,-92.8333390268738,-5.91666666666662));
#10344=CARTESIAN_POINT('Ctrl Pts',(54.2449964742621,-92.8333390268738,-5.91666666666662));
#10345=CARTESIAN_POINT('Ctrl Pts',(54.7885148476957,-92.8335351651217,-5.925389182553));
#10346=CARTESIAN_POINT('Ctrl Pts',(55.3320332211293,-92.8334280557846,-5.92211353525638));
#10347=CARTESIAN_POINT('Ctrl Pts',(53.7014781008285,-92.7500056935404,-5.99999999999995));
#10348=CARTESIAN_POINT('Ctrl Pts',(54.2449964742621,-92.7500056935404,-5.99999999999995));
#10349=CARTESIAN_POINT('Ctrl Pts',(54.7885148476957,-92.7502999009124,-6.01308377382952));
#10350=CARTESIAN_POINT('Ctrl Pts',(55.3320332211293,-92.7501392369066,-6.00817030288459));
#10351=CARTESIAN_POINT('',(55.3320332211293,-92.7501392369066,-6.00817030288459));
#10352=CARTESIAN_POINT('',(55.3320332211293,-93.0000056935404,-5.74999999999995));
#10353=CARTESIAN_POINT('',(55.3320332211293,-92.7501392369066,-6.00817030288459));
#10354=CARTESIAN_POINT('Ctrl Pts',(55.3320332211293,-93.0000056935405,-5.74999999999995));
#10355=CARTESIAN_POINT('Ctrl Pts',(54.7885148476957,-93.0000056935405,-5.74999999999995));
#10356=CARTESIAN_POINT('Ctrl Pts',(54.2449964742621,-93.0000056935404,-5.74999999999995));
#10357=CARTESIAN_POINT('Ctrl Pts',(53.7014781008285,-93.0000056935404,-5.74999999999995));
#10358=CARTESIAN_POINT('Ctrl Pts',(53.7014781008285,-92.7500056935404,-5.99999999999995));
#10359=CARTESIAN_POINT('Ctrl Pts',(54.2449964742621,-92.7500056935404,-5.99999999999995));
#10360=CARTESIAN_POINT('Ctrl Pts',(54.7885148476957,-92.7502999009124,-6.01308377382952));
#10361=CARTESIAN_POINT('Ctrl Pts',(55.3320332211293,-92.7501392369066,-6.00817030288459));
#10362=CARTESIAN_POINT('Ctrl Pts',(55.3320332211293,-93.0000056935405,-5.74999999999995));
#10363=CARTESIAN_POINT('Ctrl Pts',(55.7493553819185,-93.0000056935405,-5.74999999999995));
#10364=CARTESIAN_POINT('Ctrl Pts',(56.1666775427077,-93.0000056935405,-5.74999999999995));
#10365=CARTESIAN_POINT('Ctrl Pts',(56.5839997034969,-93.0000056935405,-5.74999999999995));
#10366=CARTESIAN_POINT('Ctrl Pts',(55.3320332211293,-92.9167168746625,-5.83605676762817));
#10367=CARTESIAN_POINT('Ctrl Pts',(55.7493553819185,-92.9166757545254,-5.83479922025293));
#10368=CARTESIAN_POINT('Ctrl Pts',(56.1666775427077,-92.9166723602071,-5.83333333333329));
#10369=CARTESIAN_POINT('Ctrl Pts',(56.5839997034969,-92.9166723602071,-5.83333333333329));
#10370=CARTESIAN_POINT('Ctrl Pts',(55.3320332211293,-92.8334280557845,-5.92211353525638));
#10371=CARTESIAN_POINT('Ctrl Pts',(55.7493553819185,-92.8333458155104,-5.91959844050591));
#10372=CARTESIAN_POINT('Ctrl Pts',(56.1666775427077,-92.8333390268738,-5.91666666666662));
#10373=CARTESIAN_POINT('Ctrl Pts',(56.5839997034969,-92.8333390268738,-5.91666666666662));
#10374=CARTESIAN_POINT('Ctrl Pts',(55.3320332211293,-92.7501392369066,-6.00817030288459));
#10375=CARTESIAN_POINT('Ctrl Pts',(55.7493553819185,-92.7500158764953,-6.00439766075889));
#10376=CARTESIAN_POINT('Ctrl Pts',(56.1666775427077,-92.7500056935405,-5.99999999999995));
#10377=CARTESIAN_POINT('Ctrl Pts',(56.5839997034969,-92.7500056935405,-5.99999999999995));
#10378=CARTESIAN_POINT('',(56.5839997034969,-92.7500056935405,-5.99999999999995));
#10379=CARTESIAN_POINT('',(56.5839997034969,-93.0000056935405,-5.74999999999995));
#10380=CARTESIAN_POINT('',(56.5839997034969,-92.7500056935405,-5.99999999999995));
#10381=CARTESIAN_POINT('Ctrl Pts',(56.5839997034969,-93.0000056935405,-5.74999999999995));
#10382=CARTESIAN_POINT('Ctrl Pts',(56.1666775427077,-93.0000056935405,-5.74999999999995));
#10383=CARTESIAN_POINT('Ctrl Pts',(55.7493553819185,-93.0000056935405,-5.74999999999995));
#10384=CARTESIAN_POINT('Ctrl Pts',(55.3320332211293,-93.0000056935405,-5.74999999999995));
#10385=CARTESIAN_POINT('Ctrl Pts',(55.3320332211293,-92.7501392369066,-6.00817030288459));
#10386=CARTESIAN_POINT('Ctrl Pts',(55.7493553819185,-92.7500158764953,-6.00439766075889));
#10387=CARTESIAN_POINT('Ctrl Pts',(56.1666775427077,-92.7500056935405,-5.99999999999995));
#10388=CARTESIAN_POINT('Ctrl Pts',(56.5839997034969,-92.7500056935405,-5.99999999999995));
#10389=CARTESIAN_POINT('Origin',(56.7000922505317,-92.8750056935404,-5.87499999999995));
#10390=CARTESIAN_POINT('',(56.7000922505317,-92.7500056935405,-5.99999999999995));
#10391=CARTESIAN_POINT('',(56.7000922505317,-93.0000056935405,-5.74999999999995));
#10392=CARTESIAN_POINT('Origin',(53.4500922505317,-92.5000056935404,-5.87499999999995));
#10393=CARTESIAN_POINT('',(52.9598355787317,-92.5982319413342,-5.74999999999995));
#10394=CARTESIAN_POINT('',(53.2049639146317,-92.5491188174373,-5.99999999999995));
#10395=CARTESIAN_POINT('',(52.9598355787317,-92.5982319413342,-5.74999999999995));
#10396=CARTESIAN_POINT('Origin',(53.4500922505317,-92.5000056935404,-5.99999999999995));
#10397=CARTESIAN_POINT('Origin',(53.4500922505317,-92.5000056935404,-5.74999999999995));
#10398=CARTESIAN_POINT('Ctrl Pts',(64.2856555773231,-78.0372263293886,-7.96450953996446));
#10399=CARTESIAN_POINT('Ctrl Pts',(64.6557498194552,-78.1030598901453,-7.58354200199922));
#10400=CARTESIAN_POINT('Ctrl Pts',(65.3055782960143,-78.2013910951575,-6.8850929424274));
#10401=CARTESIAN_POINT('Ctrl Pts',(66.1383989981868,-78.2366417600902,-6.32666037809512));
#10402=CARTESIAN_POINT('Ctrl Pts',(66.8395811187003,-78.2488788046326,-6.06444585772885));
#10403=CARTESIAN_POINT('Ctrl Pts',(67.1934219106799,-78.2498521651861,-6.01261111064493));
#10404=CARTESIAN_POINT('Ctrl Pts',(67.3640669815924,-78.2499806274874,-6.00354011274419));
#10405=CARTESIAN_POINT('Ctrl Pts',(64.1689528524568,-78.0248194507726,-7.84682552270395));
#10406=CARTESIAN_POINT('Ctrl Pts',(64.5431367460644,-78.068708491277,-7.46645552661829));
#10407=CARTESIAN_POINT('Ctrl Pts',(65.2217810901644,-78.1342626279518,-6.77210300763832));
#10408=CARTESIAN_POINT('Ctrl Pts',(66.0940409200139,-78.1577630712403,-6.22329694328071));
#10409=CARTESIAN_POINT('Ctrl Pts',(66.8222789432024,-78.1659211009352,-5.9710431021086));
#10410=CARTESIAN_POINT('Ctrl Pts',(67.1880065502452,-78.1665700079709,-5.92507407376327));
#10411=CARTESIAN_POINT('Ctrl Pts',(67.3640669815924,-78.1666556495051,-5.91902674182945));
#10412=CARTESIAN_POINT('Ctrl Pts',(64.0522501275905,-78.0124125721565,-7.72914150544344));
#10413=CARTESIAN_POINT('Ctrl Pts',(64.4305236726735,-78.0343570924088,-7.34936905123737));
#10414=CARTESIAN_POINT('Ctrl Pts',(65.1379838843145,-78.0671341607461,-6.65911307284924));
#10415=CARTESIAN_POINT('Ctrl Pts',(66.0496828418409,-78.0788843823904,-6.11993350846631));
#10416=CARTESIAN_POINT('Ctrl Pts',(66.8049767677044,-78.0829633972379,-5.87764034648835));
#10417=CARTESIAN_POINT('Ctrl Pts',(67.1825911898105,-78.0832878507557,-5.83753703688162));
#10418=CARTESIAN_POINT('Ctrl Pts',(67.3640669815924,-78.0833306715228,-5.8345133709147));
#10419=CARTESIAN_POINT('Ctrl Pts',(63.9355474027241,-78.0000056935405,-7.61145748818293));
#10420=CARTESIAN_POINT('Ctrl Pts',(64.3179105992827,-78.0000056935405,-7.23228257585645));
#10421=CARTESIAN_POINT('Ctrl Pts',(65.0541866784646,-78.0000056935405,-6.54612313806016));
#10422=CARTESIAN_POINT('Ctrl Pts',(66.0053247636679,-78.0000056935405,-6.0165700736519));
#10423=CARTESIAN_POINT('Ctrl Pts',(66.7876745922065,-78.0000056935405,-5.78423759086809));
#10424=CARTESIAN_POINT('Ctrl Pts',(67.1771758293757,-78.0000056935405,-5.74999999999996));
#10425=CARTESIAN_POINT('Ctrl Pts',(67.3640669815924,-78.0000056935405,-5.74999999999996));
#10426=CARTESIAN_POINT('',(64.2856555773233,-78.0372263293886,-7.96450953996446));
#10427=CARTESIAN_POINT('',(63.9355474027242,-78.0000056935405,-7.61145748818309));
#10428=CARTESIAN_POINT('Ctrl Pts',(64.2856555773231,-78.0372263293886,-7.96450953996446));
#10429=CARTESIAN_POINT('Ctrl Pts',(64.1689528524568,-78.0248194507726,-7.84682552270395));
#10430=CARTESIAN_POINT('Ctrl Pts',(64.0522501275905,-78.0124125721565,-7.72914150544344));
#10431=CARTESIAN_POINT('Ctrl Pts',(63.9355474027241,-78.0000056935405,-7.61145748818293));
#10432=CARTESIAN_POINT('',(67.3640669815925,-78.0000056935405,-5.74999999999996));
#10433=CARTESIAN_POINT('Ctrl Pts',(63.9355474027241,-78.0000056935405,-7.61145748818293));
#10434=CARTESIAN_POINT('Ctrl Pts',(64.3179105992827,-78.0000056935405,-7.23228257585645));
#10435=CARTESIAN_POINT('Ctrl Pts',(65.0541866784646,-78.0000056935405,-6.54612313806016));
#10436=CARTESIAN_POINT('Ctrl Pts',(66.0053247636679,-78.0000056935405,-6.0165700736519));
#10437=CARTESIAN_POINT('Ctrl Pts',(66.7876745922065,-78.0000056935405,-5.78423759086809));
#10438=CARTESIAN_POINT('Ctrl Pts',(67.1771758293757,-78.0000056935405,-5.74999999999996));
#10439=CARTESIAN_POINT('Ctrl Pts',(67.3640669815924,-78.0000056935405,-5.74999999999996));
#10440=CARTESIAN_POINT('',(67.3640669815924,-78.2499806274874,-6.00354011274419));
#10441=CARTESIAN_POINT('',(67.3640669815925,-78.0000056935405,-5.74999999999996));
#10442=CARTESIAN_POINT('Ctrl Pts',(67.3640669815924,-78.2499806274874,-6.00354011274419));
#10443=CARTESIAN_POINT('Ctrl Pts',(67.1934219106799,-78.2498521651861,-6.01261111064493));
#10444=CARTESIAN_POINT('Ctrl Pts',(66.8395811187003,-78.2488788046326,-6.06444585772885));
#10445=CARTESIAN_POINT('Ctrl Pts',(66.1383989981868,-78.2366417600902,-6.32666037809512));
#10446=CARTESIAN_POINT('Ctrl Pts',(65.3055782960143,-78.2013910951575,-6.8850929424274));
#10447=CARTESIAN_POINT('Ctrl Pts',(64.6557498194552,-78.1030598901453,-7.58354200199922));
#10448=CARTESIAN_POINT('Ctrl Pts',(64.2856555773231,-78.0372263293886,-7.96450953996446));
#10449=CARTESIAN_POINT('Ctrl Pts',(67.3640669815925,-78.2499806274874,-6.00354011274419));
#10450=CARTESIAN_POINT('Ctrl Pts',(67.3927420712389,-78.2500022142112,-6.00201582800162));
#10451=CARTESIAN_POINT('Ctrl Pts',(67.4214171608853,-78.2500043532551,-6.00098068740217));
#10452=CARTESIAN_POINT('Ctrl Pts',(67.4500922505318,-78.2500053051392,-6.00044068186345));
#10453=CARTESIAN_POINT('Ctrl Pts',(67.3640669815925,-78.1666556495051,-5.91902674182945));
#10454=CARTESIAN_POINT('Ctrl Pts',(67.3927420712389,-78.1666700406543,-5.91801055200107));
#10455=CARTESIAN_POINT('Ctrl Pts',(67.4214171608853,-78.1666714666836,-5.9173204582681));
#10456=CARTESIAN_POINT('Ctrl Pts',(67.4500922505318,-78.166672101273,-5.91696045457562));
#10457=CARTESIAN_POINT('Ctrl Pts',(67.3640669815925,-78.0833306715228,-5.83451337091471));
#10458=CARTESIAN_POINT('Ctrl Pts',(67.3927420712389,-78.0833378670974,-5.83400527600052));
#10459=CARTESIAN_POINT('Ctrl Pts',(67.4214171608853,-78.083338580112,-5.83366022913403));
#10460=CARTESIAN_POINT('Ctrl Pts',(67.4500922505318,-78.0833388974067,-5.83348022728779));
#10461=CARTESIAN_POINT('Ctrl Pts',(67.3640669815925,-78.0000056935405,-5.74999999999996));
#10462=CARTESIAN_POINT('Ctrl Pts',(67.3927420712389,-78.0000056935405,-5.74999999999996));
#10463=CARTESIAN_POINT('Ctrl Pts',(67.4214171608853,-78.0000056935405,-5.74999999999996));
#10464=CARTESIAN_POINT('Ctrl Pts',(67.4500922505318,-78.0000056935405,-5.74999999999996));
#10465=CARTESIAN_POINT('',(67.4500922505317,-78.0000056935405,-5.74999999999996));
#10466=CARTESIAN_POINT('',(67.4500922505317,-78.2500053051392,-6.00044068186345));
#10467=CARTESIAN_POINT('',(67.4500922505317,-78.0000056935405,-5.74999999999996));
#10468=CARTESIAN_POINT('Ctrl Pts',(67.4500922505318,-78.2500053051392,-6.00044068186345));
#10469=CARTESIAN_POINT('Ctrl Pts',(67.4214171608853,-78.2500043532551,-6.00098068740217));
#10470=CARTESIAN_POINT('Ctrl Pts',(67.3927420712389,-78.2500022142112,-6.00201582800162));
#10471=CARTESIAN_POINT('Ctrl Pts',(67.3640669815925,-78.2499806274874,-6.00354011274419));
#10472=CARTESIAN_POINT('Ctrl Pts',(67.3640669815925,-78.0000056935405,-5.74999999999996));
#10473=CARTESIAN_POINT('Ctrl Pts',(67.3927420712389,-78.0000056935405,-5.74999999999996));
#10474=CARTESIAN_POINT('Ctrl Pts',(67.4214171608853,-78.0000056935405,-5.74999999999996));
#10475=CARTESIAN_POINT('Ctrl Pts',(67.4500922505318,-78.0000056935405,-5.74999999999996));
#10476=CARTESIAN_POINT('Ctrl Pts',(67.4500922505317,-78.2500053051392,-6.00044068186345));
#10477=CARTESIAN_POINT('Ctrl Pts',(67.4665704114918,-78.25000585214,-6.0001303672909));
#10478=CARTESIAN_POINT('Ctrl Pts',(67.4830481021626,-78.2516401548919,-5.99999999999996));
#10479=CARTESIAN_POINT('Ctrl Pts',(67.4992051368971,-78.2548773100496,-5.99999999999996));
#10480=CARTESIAN_POINT('Ctrl Pts',(67.4500922505317,-78.166672101273,-5.91696045457562));
#10481=CARTESIAN_POINT('Ctrl Pts',(67.4720631147447,-78.1666724659402,-5.91675357819392));
#10482=CARTESIAN_POINT('Ctrl Pts',(67.4940333860396,-78.168851642009,-5.91666666666663));
#10483=CARTESIAN_POINT('Ctrl Pts',(67.5155760990189,-78.173167848886,-5.91666666666663));
#10484=CARTESIAN_POINT('Ctrl Pts',(67.4500922505317,-78.0833388974067,-5.83348022728779));
#10485=CARTESIAN_POINT('Ctrl Pts',(67.4775558179977,-78.0833390797403,-5.83337678909694));
#10486=CARTESIAN_POINT('Ctrl Pts',(67.5050186699166,-78.0860631291262,-5.83333333333329));
#10487=CARTESIAN_POINT('Ctrl Pts',(67.5319470611407,-78.0914583877223,-5.83333333333329));
#10488=CARTESIAN_POINT('Ctrl Pts',(67.4500922505317,-78.0000056935405,-5.74999999999996));
#10489=CARTESIAN_POINT('Ctrl Pts',(67.4830485212507,-78.0000056935405,-5.74999999999996));
#10490=CARTESIAN_POINT('Ctrl Pts',(67.5160039537935,-78.0032746162433,-5.74999999999996));
#10491=CARTESIAN_POINT('Ctrl Pts',(67.5483180232625,-78.0097489265587,-5.74999999999996));
#10492=CARTESIAN_POINT('Ctrl Pts',(67.4500922505317,-78.0000056935405,-5.74999999999996));
#10493=CARTESIAN_POINT('Ctrl Pts',(67.4830485212507,-78.0000056935405,-5.74999999999996));
#10494=CARTESIAN_POINT('Ctrl Pts',(67.5160039537935,-78.0032746162433,-5.74999999999996));
#10495=CARTESIAN_POINT('Ctrl Pts',(67.5483180232625,-78.0097489265587,-5.74999999999996));
#10496=CARTESIAN_POINT('Ctrl Pts',(67.4992051368971,-78.2548773100496,-5.99999999999996));
#10497=CARTESIAN_POINT('Ctrl Pts',(67.4830481021626,-78.2516401548919,-5.99999999999996));
#10498=CARTESIAN_POINT('Ctrl Pts',(67.4665704114918,-78.25000585214,-6.0001303672909));
#10499=CARTESIAN_POINT('Ctrl Pts',(67.4500922505317,-78.2500053051392,-6.00044068186345));
#10500=CARTESIAN_POINT('Ctrl Pts',(53.2049639146317,-92.5491188174373,-5.99999999999995));
#10501=CARTESIAN_POINT('Ctrl Pts',(53.201726727954,-92.5329617066625,-5.99999999999995));
#10502=CARTESIAN_POINT('Ctrl Pts',(53.2000924091343,-92.5164839352518,-6.00013036839015));
#10503=CARTESIAN_POINT('Ctrl Pts',(53.2000918621233,-92.5000056935404,-6.00044068590207));
#10504=CARTESIAN_POINT('Ctrl Pts',(53.1232544693317,-92.5654898587363,-5.91666666666662));
#10505=CARTESIAN_POINT('Ctrl Pts',(53.1189382204282,-92.5439470443699,-5.91666666666662));
#10506=CARTESIAN_POINT('Ctrl Pts',(53.1167590229335,-92.5219766654215,-5.91675357892675));
#10507=CARTESIAN_POINT('Ctrl Pts',(53.1167586582594,-92.5000056935404,-5.91696045726803));
#10508=CARTESIAN_POINT('Ctrl Pts',(53.0415450240317,-92.5818609000353,-5.83333333333329));
#10509=CARTESIAN_POINT('Ctrl Pts',(53.0361497129023,-92.5549323820772,-5.83333333333329));
#10510=CARTESIAN_POINT('Ctrl Pts',(53.0334256367326,-92.5274693955912,-5.83337678946335));
#10511=CARTESIAN_POINT('Ctrl Pts',(53.0334254543956,-92.5000056935404,-5.83348022863399));
#10512=CARTESIAN_POINT('Ctrl Pts',(52.9598355787318,-92.5982319413342,-5.74999999999995));
#10513=CARTESIAN_POINT('Ctrl Pts',(52.9533612053764,-92.5659177197846,-5.74999999999995));
#10514=CARTESIAN_POINT('Ctrl Pts',(52.9500922505317,-92.5329621257609,-5.74999999999995));
#10515=CARTESIAN_POINT('Ctrl Pts',(52.9500922505317,-92.5000056935404,-5.74999999999995));
#10516=CARTESIAN_POINT('',(53.2000918621233,-92.5000056935404,-6.00044068590207));
#10517=CARTESIAN_POINT('',(52.9500922505317,-92.5000056935404,-5.74999999999995));
#10518=CARTESIAN_POINT('Ctrl Pts',(53.2000918621233,-92.5000056935404,-6.00044068590207));
#10519=CARTESIAN_POINT('Ctrl Pts',(53.2000924091343,-92.5164839352518,-6.00013036839015));
#10520=CARTESIAN_POINT('Ctrl Pts',(53.201726727954,-92.5329617066625,-5.99999999999995));
#10521=CARTESIAN_POINT('Ctrl Pts',(53.2049639146317,-92.5491188174373,-5.99999999999995));
#10522=CARTESIAN_POINT('Ctrl Pts',(52.9598355787318,-92.5982319413342,-5.74999999999995));
#10523=CARTESIAN_POINT('Ctrl Pts',(52.9533612053764,-92.5659177197846,-5.74999999999995));
#10524=CARTESIAN_POINT('Ctrl Pts',(52.9500922505317,-92.5329621257609,-5.74999999999995));
#10525=CARTESIAN_POINT('Ctrl Pts',(52.9500922505317,-92.5000056935404,-5.74999999999995));
#10526=CARTESIAN_POINT('Ctrl Pts',(53.2000918621233,-92.5000056935404,-6.00044068590207));
#10527=CARTESIAN_POINT('Ctrl Pts',(53.2000909102285,-92.4713306753795,-6.00098069256332));
#10528=CARTESIAN_POINT('Ctrl Pts',(53.2000887711485,-92.4426556572186,-6.00201583180158));
#10529=CARTESIAN_POINT('Ctrl Pts',(53.2000671844786,-92.4139806390577,-6.00354011274418));
#10530=CARTESIAN_POINT('Ctrl Pts',(53.1167586582594,-92.5000056935404,-5.91696045726803));
#10531=CARTESIAN_POINT('Ctrl Pts',(53.1167580236629,-92.4713306753795,-5.91732046170887));
#10532=CARTESIAN_POINT('Ctrl Pts',(53.1167565976096,-92.4426556572186,-5.91801055453437));
#10533=CARTESIAN_POINT('Ctrl Pts',(53.1167422064963,-92.4139806390577,-5.91902674182944));
#10534=CARTESIAN_POINT('Ctrl Pts',(53.0334254543955,-92.5000056935404,-5.83348022863399));
#10535=CARTESIAN_POINT('Ctrl Pts',(53.0334251370973,-92.4713306753795,-5.83366023085441));
#10536=CARTESIAN_POINT('Ctrl Pts',(53.0334244240706,-92.4426556572186,-5.83400527726716));
#10537=CARTESIAN_POINT('Ctrl Pts',(53.033417228514,-92.4139806390577,-5.8345133709147));
#10538=CARTESIAN_POINT('Ctrl Pts',(52.9500922505317,-92.5000056935404,-5.74999999999995));
#10539=CARTESIAN_POINT('Ctrl Pts',(52.9500922505317,-92.4713306753795,-5.74999999999995));
#10540=CARTESIAN_POINT('Ctrl Pts',(52.9500922505317,-92.4426556572186,-5.74999999999995));
#10541=CARTESIAN_POINT('Ctrl Pts',(52.9500922505317,-92.4139806390577,-5.74999999999995));
#10542=CARTESIAN_POINT('Ctrl Pts',(53.2000671844786,-92.4139806390577,-6.00354011274418));
#10543=CARTESIAN_POINT('Ctrl Pts',(53.2000887711485,-92.4426556572186,-6.00201583180158));
#10544=CARTESIAN_POINT('Ctrl Pts',(53.2000909102285,-92.4713306753795,-6.00098069256332));
#10545=CARTESIAN_POINT('Ctrl Pts',(53.2000918621233,-92.5000056935404,-6.00044068590207));
#10546=CARTESIAN_POINT('Ctrl Pts',(52.9500922505317,-88.9854610604903,-7.61145748788479));
#10547=CARTESIAN_POINT('Ctrl Pts',(52.9500922505317,-88.9736003816335,-7.74097165858984));
#10548=CARTESIAN_POINT('Ctrl Pts',(52.9500922505317,-88.9617397027767,-7.8704858292949));
#10549=CARTESIAN_POINT('Ctrl Pts',(52.9500922505317,-88.94987902392,-7.99999999999995));
#10550=CARTESIAN_POINT('Ctrl Pts',(52.962499129165,-89.1021637853534,-7.72914150514476));
#10551=CARTESIAN_POINT('Ctrl Pts',(52.9542527471396,-89.051927849075,-7.81942725612937));
#10552=CARTESIAN_POINT('Ctrl Pts',(52.9500922505317,-89.0009039022402,-7.90971362806141));
#10553=CARTESIAN_POINT('Ctrl Pts',(52.9500922505317,-88.94987902392,-7.99999999999995));
#10554=CARTESIAN_POINT('Ctrl Pts',(52.9749060077983,-89.2188665102166,-7.84682552240474));
#10555=CARTESIAN_POINT('Ctrl Pts',(52.9584132437475,-89.1302553165166,-7.89788285366889));
#10556=CARTESIAN_POINT('Ctrl Pts',(52.9500922505317,-89.0400681017037,-7.94894142682791));
#10557=CARTESIAN_POINT('Ctrl Pts',(52.9500922505317,-88.94987902392,-7.99999999999995));
#10558=CARTESIAN_POINT('Ctrl Pts',(52.9873128864317,-89.3355692350798,-7.96450953966471));
#10559=CARTESIAN_POINT('Ctrl Pts',(52.9625737403554,-89.2085827839581,-7.97633845120842));
#10560=CARTESIAN_POINT('Ctrl Pts',(52.9500922505317,-89.0792323011672,-7.98816922559441));
#10561=CARTESIAN_POINT('Ctrl Pts',(52.9500922505317,-88.94987902392,-7.99999999999995));
#10562=CARTESIAN_POINT('Ctrl Pts',(52.9500922505317,-88.94987902392,-7.99999999999995));
#10563=CARTESIAN_POINT('Ctrl Pts',(52.9500922505317,-89.0792323011672,-7.98816922559441));
#10564=CARTESIAN_POINT('Ctrl Pts',(52.9625737403554,-89.2085827839581,-7.97633845120842));
#10565=CARTESIAN_POINT('Ctrl Pts',(52.9873128864317,-89.3355692350798,-7.96450953966471));
#10566=CARTESIAN_POINT('Ctrl Pts',(64.2856555773232,-78.0372263293886,-7.96450953996446));
#10567=CARTESIAN_POINT('Ctrl Pts',(64.1586691262956,-78.0124871833467,-7.97633845140829));
#10568=CARTESIAN_POINT('Ctrl Pts',(64.0293186436033,-78.0000056935405,-7.98816922569435));
#10569=CARTESIAN_POINT('Ctrl Pts',(63.8999653664547,-78.0000056935405,-7.99999999999996));
#10570=CARTESIAN_POINT('Ctrl Pts',(64.1689528524568,-78.0248194507726,-7.84682552270398));
#10571=CARTESIAN_POINT('Ctrl Pts',(64.080341658853,-78.0083266867447,-7.8978828538684));
#10572=CARTESIAN_POINT('Ctrl Pts',(63.9901544441393,-78.0000056935405,-7.94894142692768));
#10573=CARTESIAN_POINT('Ctrl Pts',(63.8999653664547,-78.0000056935405,-7.99999999999996));
#10574=CARTESIAN_POINT('Ctrl Pts',(64.0522501275905,-78.0124125721565,-7.7291415054435));
#10575=CARTESIAN_POINT('Ctrl Pts',(64.0020141914103,-78.0041661901426,-7.81942725632852));
#10576=CARTESIAN_POINT('Ctrl Pts',(63.9509902446752,-78.0000056935405,-7.90971362816101));
#10577=CARTESIAN_POINT('Ctrl Pts',(63.8999653664547,-78.0000056935405,-7.99999999999996));
#10578=CARTESIAN_POINT('Ctrl Pts',(63.9355474027242,-78.0000056935405,-7.61145748818302));
#10579=CARTESIAN_POINT('Ctrl Pts',(63.9236867239677,-78.0000056935405,-7.74097165878864));
#10580=CARTESIAN_POINT('Ctrl Pts',(63.9118260452112,-78.0000056935405,-7.87048582939434));
#10581=CARTESIAN_POINT('Ctrl Pts',(63.8999653664547,-78.0000056935405,-7.99999999999996));
#10582=CARTESIAN_POINT('Ctrl Pts',(64.2856555773232,-78.0372263293886,-7.96450953996446));
#10583=CARTESIAN_POINT('Ctrl Pts',(64.1586691262956,-78.0124871833467,-7.97633845140829));
#10584=CARTESIAN_POINT('Ctrl Pts',(64.0293186436033,-78.0000056935405,-7.98816922569435));
#10585=CARTESIAN_POINT('Ctrl Pts',(63.8999653664547,-78.0000056935405,-7.99999999999996));
#10586=CARTESIAN_POINT('Ctrl Pts',(63.8999653664547,-78.0000056935405,-7.99999999999996));
#10587=CARTESIAN_POINT('Ctrl Pts',(63.9118260452112,-78.0000056935405,-7.87048582939434));
#10588=CARTESIAN_POINT('Ctrl Pts',(63.9236867239677,-78.0000056935405,-7.74097165878864));
#10589=CARTESIAN_POINT('Ctrl Pts',(63.9355474027242,-78.0000056935405,-7.61145748818302));
#10590=CARTESIAN_POINT('Origin',(53.4500922505317,-92.5000056935404,-5.99999999999995));
#10591=CARTESIAN_POINT('',(53.4500922505317,-93.0000056935404,-3.24999999999995));
#10592=CARTESIAN_POINT('',(53.4500922505317,-93.0000056935404,-5.99999999999995));
#10593=CARTESIAN_POINT('Origin',(53.4500922505317,-92.5000056935404,-3.24999999999995));
#10594=CARTESIAN_POINT('Origin',(52.9500922505317,-93.0000056935404,-5.99999999999995));
#10595=CARTESIAN_POINT('',(67.4500922505317,-93.0000056935405,-3.24999999999995));
#10596=CARTESIAN_POINT('',(67.4500922505317,-93.0000056935405,-5.99999999999995));
#10597=CARTESIAN_POINT('',(56.7000922505317,-93.0000056935405,-3.24999999999995));
#10598=CARTESIAN_POINT('Origin',(67.4500922505317,-92.5000056935405,-5.99999999999995));
#10599=CARTESIAN_POINT('',(67.9500922505317,-92.5000056935405,-3.24999999999995));
#10600=CARTESIAN_POINT('',(67.9500922505317,-92.5000056935405,-5.99999999999995));
#10601=CARTESIAN_POINT('Origin',(67.4500922505317,-92.5000056935405,-3.24999999999995));
#10602=CARTESIAN_POINT('Origin',(67.9500922505317,-93.0000056935405,-5.99999999999995));
#10603=CARTESIAN_POINT('',(67.9500922505318,-78.5000056935405,-3.24999999999996));
#10604=CARTESIAN_POINT('',(67.9500922505318,-78.5000056935405,-5.99999999999996));
#10605=CARTESIAN_POINT('',(67.9500922505317,-89.2500056935405,-3.24999999999996));
#10606=CARTESIAN_POINT('Origin',(60.4500922505317,-85.5000056935405,-5.99999999999996));
#10607=CARTESIAN_POINT('Origin',(63.8999653664547,-80.0000056935405,-5.99999999999996));
#10608=CARTESIAN_POINT('Origin',(60.4500922505317,-85.5000056935405,-5.99999999999996));
#10609=CARTESIAN_POINT('Origin',(53.9500910882412,-79.0000047696684,-5.99999999999996));
#10610=CARTESIAN_POINT('Origin',(67.4500922505317,-78.5000056935405,-5.99999999999996));
#10611=CARTESIAN_POINT('',(67.4500922505317,-78.0000056935405,-3.24999999999996));
#10612=CARTESIAN_POINT('',(67.4500922505317,-78.0000056935405,-5.99999999999996));
#10613=CARTESIAN_POINT('Origin',(67.4500922505317,-78.5000056935405,-3.24999999999996));
#10614=CARTESIAN_POINT('Origin',(57.9500910882412,-78.0000056935405,-5.99999999999996));
#10615=CARTESIAN_POINT('',(59.9500910882412,-78.0000056935405,-3.24999999999997));
#10616=CARTESIAN_POINT('',(59.9500910882412,-78.0000056935405,7.50000000000004));
#10617=CARTESIAN_POINT('',(59.2000916693865,-78.0000056935405,-3.24999999999996));
#10618=CARTESIAN_POINT('Origin',(63.8999653664547,-80.0000056935405,-7.99999999999996));
#10619=CARTESIAN_POINT('Origin',(67.8799150777401,-80.4000060630893,-7.99999999999996));
#10620=CARTESIAN_POINT('Origin',(53.9500910882412,-79.0000047696684,-7.99999999999996));
#10621=CARTESIAN_POINT('Origin',(55.3500927154479,-92.9298287256206,-7.99999999999995));
#10622=CARTESIAN_POINT('Origin',(54.9500922505317,-88.94987902392,-7.99999999999995));
#10623=CARTESIAN_POINT('Origin',(54.9500922505317,-88.94987902392,-5.99999999999995));
#10624=CARTESIAN_POINT('Origin',(60.4500922505317,-85.5000056935405,-5.99999999999996));
#10625=CARTESIAN_POINT('Origin',(57.2000916693865,-85.1250047696685,-3.12499999999996));
#10626=CARTESIAN_POINT('',(53.2000922505317,-85.2500047696684,-2.99999999999996));
#10627=CARTESIAN_POINT('',(53.9500910882412,-85.2500047696685,-2.99999999999996));
#10628=CARTESIAN_POINT('',(57.2000916693865,-85.2500047696685,-2.99999999999996));
#10629=CARTESIAN_POINT('',(53.9500910882412,-85.0000047696684,-3.24999999999996));
#10630=CARTESIAN_POINT('',(53.9500910882412,-85.2500047696685,-2.99999999999996));
#10631=CARTESIAN_POINT('',(57.2000916693865,-85.0000047696685,-3.24999999999996));
#10632=CARTESIAN_POINT('',(53.2000922505317,-85.2500047696684,-2.99999999999996));
#10633=CARTESIAN_POINT('Origin',(53.9500910882412,-79.0000047696684,-3.12499999999996));
#10634=CARTESIAN_POINT('',(60.2000910882412,-79.0000047696685,-2.99999999999996));
#10635=CARTESIAN_POINT('',(59.9500910882412,-79.0000047696685,-3.24999999999996));
#10636=CARTESIAN_POINT('',(60.2000910882412,-79.0000047696685,-2.99999999999996));
#10637=CARTESIAN_POINT('Origin',(53.9500910882412,-79.0000047696684,-3.24999999999996));
#10638=CARTESIAN_POINT('Origin',(53.9500910882412,-79.0000047696684,-2.99999999999996));
#10639=CARTESIAN_POINT('Origin',(60.0750910882414,-28.2500052316045,-3.125));
#10640=CARTESIAN_POINT('',(59.9500910882414,-28.2500052316045,-3.25));
#10641=CARTESIAN_POINT('',(60.2000910882412,-78.2500056935405,-2.99999999999996));
#10642=CARTESIAN_POINT('',(60.2000910882414,-28.2500052316045,-3.));
#10643=CARTESIAN_POINT('',(60.2000910882412,-78.2500056935405,-2.99999999999996));
#10644=CARTESIAN_POINT('Origin',(59.2000916693865,-78.1250056935405,-3.12499999999996));
#10645=CARTESIAN_POINT('',(67.4500922505317,-78.2500056935405,-2.99999999999996));
#10646=CARTESIAN_POINT('',(59.2000916693865,-78.2500056935405,-2.99999999999996));
#10647=CARTESIAN_POINT('',(67.4500922505317,-78.2500056935405,-2.99999999999996));
#10648=CARTESIAN_POINT('Origin',(67.4500922505317,-78.5000056935405,-3.12499999999996));
#10649=CARTESIAN_POINT('',(67.7000922505317,-78.5000056935405,-2.99999999999996));
#10650=CARTESIAN_POINT('',(67.7000922505317,-78.5000056935405,-2.99999999999996));
#10651=CARTESIAN_POINT('Origin',(67.4500922505317,-78.5000056935405,-2.99999999999996));
#10652=CARTESIAN_POINT('Origin',(67.8250922505317,-89.2500056935405,-3.12499999999996));
#10653=CARTESIAN_POINT('',(67.7000922505317,-92.5000056935405,-2.99999999999995));
#10654=CARTESIAN_POINT('',(67.7000922505317,-92.5000056935405,-2.99999999999995));
#10655=CARTESIAN_POINT('',(67.7000922505317,-89.2500056935405,-2.99999999999996));
#10656=CARTESIAN_POINT('Origin',(67.4500922505317,-92.5000056935405,-3.12499999999995));
#10657=CARTESIAN_POINT('',(67.4500922505317,-92.7500056935405,-2.99999999999995));
#10658=CARTESIAN_POINT('',(67.4500922505317,-92.7500056935405,-2.99999999999995));
#10659=CARTESIAN_POINT('Origin',(67.4500922505317,-92.5000056935405,-2.99999999999995));
#10660=CARTESIAN_POINT('Origin',(56.7000922505317,-92.8750056935404,-3.12499999999995));
#10661=CARTESIAN_POINT('',(53.4500922505317,-92.7500056935405,-2.99999999999995));
#10662=CARTESIAN_POINT('',(53.4500922505317,-92.7500056935405,-2.99999999999995));
#10663=CARTESIAN_POINT('',(56.7000922505317,-92.7500056935405,-2.99999999999995));
#10664=CARTESIAN_POINT('Origin',(53.4500922505317,-92.5000056935404,-3.12499999999995));
#10665=CARTESIAN_POINT('',(53.2000922505317,-92.5000056935404,-2.99999999999995));
#10666=CARTESIAN_POINT('',(53.2000922505317,-92.5000056935404,-2.99999999999995));
#10667=CARTESIAN_POINT('Origin',(53.4500922505317,-92.5000056935404,-2.99999999999995));
#10668=CARTESIAN_POINT('Origin',(53.0750922505317,-86.2500052316044,-3.12499999999996));
#10669=CARTESIAN_POINT('',(53.2000922505317,-86.2500052316044,-2.99999999999996));
#10670=CARTESIAN_POINT('Origin',(53.9500910882412,-85.0000047696684,21.));
#10671=CARTESIAN_POINT('',(53.9500910882412,-85.0000047696685,-26.));
#10672=CARTESIAN_POINT('Origin',(60.4500922505317,-85.5000056935405,-2.99999999999996));
#10673=CARTESIAN_POINT('Origin',(53.9500910882412,-79.0000047696684,21.));
#10674=CARTESIAN_POINT('',(59.9500910882412,-79.0000047696685,-26.));
#10675=CARTESIAN_POINT('Origin',(59.9500910882416,28.9999952303315,21.));
#10676=CARTESIAN_POINT('Ctrl Pts',(52.9500967817812,34.9500863185728,-27.));
#10677=CARTESIAN_POINT('Ctrl Pts',(52.9513286478049,34.9500863185728,-40.6666666666666));
#10678=CARTESIAN_POINT('Ctrl Pts',(52.9525605138287,34.9500863185728,-54.3333333333333));
#10679=CARTESIAN_POINT('Ctrl Pts',(52.9537923798524,34.9500863185728,-68.));
#10680=CARTESIAN_POINT('Ctrl Pts',(53.1162548565485,34.9500863185728,-27.));
#10681=CARTESIAN_POINT('Ctrl Pts',(53.1174508935597,34.9500863269039,-40.6666666666666));
#10682=CARTESIAN_POINT('Ctrl Pts',(53.1186469225173,34.9500863102418,-54.3333333333333));
#10683=CARTESIAN_POINT('Ctrl Pts',(53.1198429595285,34.9500863185728,-68.));
#10684=CARTESIAN_POINT('Ctrl Pts',(53.4485967950509,34.9501540324567,-26.9999999996958));
#10685=CARTESIAN_POINT('Ctrl Pts',(53.4497211602093,34.9501540145376,-40.6666666663625));
#10686=CARTESIAN_POINT('Ctrl Pts',(53.4508454940721,34.9501538682991,-54.3333333325672));
#10687=CARTESIAN_POINT('Ctrl Pts',(53.4519698592305,34.95015385038,-67.9999999992339));
#10688=CARTESIAN_POINT('Ctrl Pts',(53.7809208337005,34.9501760135677,-26.9999999994555));
#10689=CARTESIAN_POINT('Ctrl Pts',(53.7819735485083,34.9501760361268,-40.6666666661221));
#10690=CARTESIAN_POINT('Ctrl Pts',(53.7830261784196,34.9501757496703,-54.3333333319613));
#10691=CARTESIAN_POINT('Ctrl Pts',(53.7840788932274,34.9501757722294,-67.9999999986279));
#10692=CARTESIAN_POINT('Ctrl Pts',(53.9481198277386,34.9502374730452,-26.9999999993662));
#10693=CARTESIAN_POINT('Ctrl Pts',(53.9491364592303,34.9502373952662,-40.6666666660328));
#10694=CARTESIAN_POINT('Ctrl Pts',(53.9501530569621,34.9502371444334,-54.3333333317372));
#10695=CARTESIAN_POINT('Ctrl Pts',(53.9511696884538,34.9502370666543,-67.9999999984039));
#10696=CARTESIAN_POINT('Ctrl Pts',(53.9491358347632,34.9502352769431,-26.9999999993665));
#10697=CARTESIAN_POINT('Ctrl Pts',(53.9501523686782,34.9502354911391,-40.6666666660332));
#10698=CARTESIAN_POINT('Ctrl Pts',(53.9511685053659,34.950234404076,-54.3333333317381));
#10699=CARTESIAN_POINT('Ctrl Pts',(53.9521850392809,34.950234618272,-67.9999999984048));
#10700=CARTESIAN_POINT('Ctrl Pts',(55.522709788729,34.9546796614042,-26.9999999993838));
#10701=CARTESIAN_POINT('Ctrl Pts',(55.5233843633756,34.9544029769702,-40.6666666660505));
#10702=CARTESIAN_POINT('Ctrl Pts',(55.5240639633115,34.9541456230121,-54.3333333317816));
#10703=CARTESIAN_POINT('Ctrl Pts',(55.524738537958,34.9538689385781,-67.9999999984482));
#10704=CARTESIAN_POINT('Ctrl Pts',(57.8610448799029,33.9753126816089,-26.9999999995689));
#10705=CARTESIAN_POINT('Ctrl Pts',(57.86106623238,33.9750911374534,-40.6666666662356));
#10706=CARTESIAN_POINT('Ctrl Pts',(57.8610877489107,33.9748685251601,-54.3333333322477));
#10707=CARTESIAN_POINT('Ctrl Pts',(57.8611091013878,33.9746469810046,-67.9999999989144));
#10708=CARTESIAN_POINT('Ctrl Pts',(59.6355010343615,31.3005355033202,-26.9999999994924));
#10709=CARTESIAN_POINT('Ctrl Pts',(59.6352393331273,31.3009937372306,-40.6666666661591));
#10710=CARTESIAN_POINT('Ctrl Pts',(59.6349792458315,31.3014583917044,-54.333333332055));
#10711=CARTESIAN_POINT('Ctrl Pts',(59.6347175445973,31.3019166256149,-67.9999999987217));
#10712=CARTESIAN_POINT('Ctrl Pts',(59.9501086208301,29.7354492858569,-26.9999999994218));
#10713=CARTESIAN_POINT('Ctrl Pts',(59.9499744610359,29.7362946616567,-40.6666666660884));
#10714=CARTESIAN_POINT('Ctrl Pts',(59.9498431575158,29.737144465819,-54.3333333318772));
#10715=CARTESIAN_POINT('Ctrl Pts',(59.9497089977217,29.7379898416188,-67.9999999985438));
#10716=CARTESIAN_POINT('Ctrl Pts',(59.9500770768275,28.9490118086217,-26.999999999442));
#10717=CARTESIAN_POINT('Ctrl Pts',(59.9500769941892,28.9500282658929,-40.6666666661086));
#10718=CARTESIAN_POINT('Ctrl Pts',(59.9500769348256,28.9510448226606,-54.3333333319279));
#10719=CARTESIAN_POINT('Ctrl Pts',(59.9500768521873,28.9520612799318,-67.9999999985946));
#10720=CARTESIAN_POINT('Ctrl Pts',(59.9500770961597,28.9479949206223,-26.9999999994416));
#10721=CARTESIAN_POINT('Ctrl Pts',(59.950077095358,28.9490115731796,-40.6666666661083));
#10722=CARTESIAN_POINT('Ctrl Pts',(59.9500771304467,28.9500283972822,-54.3333333319271));
#10723=CARTESIAN_POINT('Ctrl Pts',(59.9500771296451,28.9510450498395,-67.9999999985937));
#10724=CARTESIAN_POINT('Ctrl Pts',(59.9500791758923,28.7808277429763,-26.9999999995206));
#10725=CARTESIAN_POINT('Ctrl Pts',(59.9500791761243,28.7818804527736,-40.6666666661873));
#10726=CARTESIAN_POINT('Ctrl Pts',(59.9500792057189,28.7829332940103,-54.333333332126));
#10727=CARTESIAN_POINT('Ctrl Pts',(59.9500792059509,28.7839860038076,-67.9999999987927));
#10728=CARTESIAN_POINT('Ctrl Pts',(59.9500867858319,28.4485338727425,-26.9999999997321));
#10729=CARTESIAN_POINT('Ctrl Pts',(59.9500867856478,28.4496582433906,-40.6666666663987));
#10730=CARTESIAN_POINT('Ctrl Pts',(59.9500868022419,28.4507826928274,-54.3333333326586));
#10731=CARTESIAN_POINT('Ctrl Pts',(59.9500868020578,28.4519070634755,-67.9999999993252));
#10732=CARTESIAN_POINT('Ctrl Pts',(59.9500958579092,28.1162455154645,-27.));
#10733=CARTESIAN_POINT('Ctrl Pts',(59.9500958579948,28.1174415511272,-40.6666666666667));
#10734=CARTESIAN_POINT('Ctrl Pts',(59.9500958578236,28.1186375852307,-54.3333333333333));
#10735=CARTESIAN_POINT('Ctrl Pts',(59.9500958579092,28.1198336208934,-68.));
#10736=CARTESIAN_POINT('Ctrl Pts',(59.9500958579092,27.9500874808634,-27.));
#10737=CARTESIAN_POINT('Ctrl Pts',(59.9500958579092,27.9513193476948,-40.6666666666666));
#10738=CARTESIAN_POINT('Ctrl Pts',(59.9500958579092,27.9525512145262,-54.3333333333333));
#10739=CARTESIAN_POINT('Ctrl Pts',(59.9500958579092,27.9537830813575,-68.));
#10740=CARTESIAN_POINT('',(53.9500958579092,34.9500863185729,-27.));
#10741=CARTESIAN_POINT('',(4.95009645395565,34.9500863185726,-27.));
#10742=CARTESIAN_POINT('',(53.9500958579092,34.9500863185729,-68.));
#10743=CARTESIAN_POINT('',(53.9500958579092,34.9500863185729,-68.));
#10744=CARTESIAN_POINT('',(59.9500958579092,28.9500863185729,-68.));
#10745=CARTESIAN_POINT('Origin',(53.9500958579092,28.9500863185729,-68.));
#10746=CARTESIAN_POINT('',(59.9500958579092,27.9537830813576,-68.));
#10747=CARTESIAN_POINT('',(59.9500958579092,28.9500863185729,-27.));
#10748=CARTESIAN_POINT('',(59.9500958579092,27.9500871232356,-27.));
#10749=CARTESIAN_POINT('Origin',(53.9500958579092,28.9500863185728,-27.));
#10750=CARTESIAN_POINT('Origin',(61.9500958579092,27.9500874808635,-5.99999999999998));
#10751=CARTESIAN_POINT('',(63.8999701121607,27.9500874808635,-7.99999999999998));
#10752=CARTESIAN_POINT('',(63.8999701121607,27.9500874808635,-22.));
#10753=CARTESIAN_POINT('',(63.935552148731,27.9500874808635,-7.61145748788483));
#10754=CARTESIAN_POINT('Ctrl Pts',(63.935552148731,27.9500874808635,-7.61145748788475));
#10755=CARTESIAN_POINT('Ctrl Pts',(63.9236914698743,27.9500874808635,-7.7409716585898));
#10756=CARTESIAN_POINT('Ctrl Pts',(63.9118307910175,27.9500874808635,-7.87048582929493));
#10757=CARTESIAN_POINT('Ctrl Pts',(63.8999701121607,27.9500874808635,-7.99999999999998));
#10758=CARTESIAN_POINT('',(67.3640717272985,27.9500874808635,-5.74999999999998));
#10759=CARTESIAN_POINT('Ctrl Pts',(67.3640717272985,27.9500874808635,-5.74999999999998));
#10760=CARTESIAN_POINT('Ctrl Pts',(67.1771805751027,27.9500874808635,-5.74999999999998));
#10761=CARTESIAN_POINT('Ctrl Pts',(66.5733124502852,27.9500874808635,-5.81057494543974));
#10762=CARTESIAN_POINT('Ctrl Pts',(65.6628042108987,27.9500874808635,-6.16745005601492));
#10763=CARTESIAN_POINT('Ctrl Pts',(64.7617504094266,27.9500874808635,-6.8139041786215));
#10764=CARTESIAN_POINT('Ctrl Pts',(64.1904609464259,27.9500874808635,-7.35867421301699));
#10765=CARTESIAN_POINT('Ctrl Pts',(63.935552148731,27.9500874808635,-7.61145748788475));
#10766=CARTESIAN_POINT('',(67.4500967817812,27.9500874808635,-5.74999999999998));
#10767=CARTESIAN_POINT('Ctrl Pts',(67.4500967817812,27.9500874808635,-5.74999999999998));
#10768=CARTESIAN_POINT('Ctrl Pts',(67.4214217636203,27.9500874808635,-5.74999999999998));
#10769=CARTESIAN_POINT('Ctrl Pts',(67.3927467454594,27.9500874808635,-5.74999999999998));
#10770=CARTESIAN_POINT('Ctrl Pts',(67.3640717272985,27.9500874808635,-5.74999999999998));
#10771=CARTESIAN_POINT('',(67.4500967817812,27.9500874808635,-3.24999999999998));
#10772=CARTESIAN_POINT('',(67.4500967817812,27.9500874808635,-5.99999999999998));
#10773=CARTESIAN_POINT('',(59.9500958579092,27.9500874808635,-3.24999999999998));
#10774=CARTESIAN_POINT('',(61.2000963198452,27.9500874808635,-3.24999999999998));
#10775=CARTESIAN_POINT('',(59.9500958579092,27.9500874808635,7.50000000000002));
#10776=CARTESIAN_POINT('Origin',(63.8999701121607,29.9500874808635,-27.));
#10777=CARTESIAN_POINT('',(65.889944963011,30.1500877133216,-7.99999999999998));
#10778=CARTESIAN_POINT('',(65.889944963011,30.1500877133216,-27.));
#10779=CARTESIAN_POINT('Origin',(63.8999701121607,29.9500874808635,-7.99999999999998));
#10780=CARTESIAN_POINT('Origin',(53.9500958579092,28.9500863185728,-27.));
#10781=CARTESIAN_POINT('',(55.1500969665556,40.8899354524291,-7.99999999999998));
#10782=CARTESIAN_POINT('',(55.1500969665556,40.8899354524291,-22.));
#10783=CARTESIAN_POINT('Origin',(53.9500958579092,28.9500863185729,-7.99999999999998));
#10784=CARTESIAN_POINT('Origin',(54.9500967817812,38.8999605967864,-27.));
#10785=CARTESIAN_POINT('',(52.9500967817812,38.8999605967864,-7.99999999999998));
#10786=CARTESIAN_POINT('',(52.9500967817812,38.8999605967864,-27.));
#10787=CARTESIAN_POINT('Origin',(54.9500967817812,38.8999605967864,-7.99999999999998));
#10788=CARTESIAN_POINT('Ctrl Pts',(67.3640717272985,28.2000624148104,-6.00354011274421));
#10789=CARTESIAN_POINT('Ctrl Pts',(67.1934266564051,28.1999339525091,-6.01261111064393));
#10790=CARTESIAN_POINT('Ctrl Pts',(66.6450915150493,28.1977800265217,-6.10018470102711));
#10791=CARTESIAN_POINT('Ctrl Pts',(65.8356088483309,28.1802494191164,-6.48909490757775));
#10792=CARTESIAN_POINT('Ctrl Pts',(65.0516918521026,28.1173138951243,-7.15827482172071));
#10793=CARTESIAN_POINT('Ctrl Pts',(64.5323898180532,28.0311971572628,-7.71053118103652));
#10794=CARTESIAN_POINT('Ctrl Pts',(64.2856603233204,27.9873081167634,-7.96450953966474));
#10795=CARTESIAN_POINT('Ctrl Pts',(67.3640717272985,28.1167374368281,-5.91902674182947));
#10796=CARTESIAN_POINT('Ctrl Pts',(67.188011295971,28.1166517952939,-5.92507407376262));
#10797=CARTESIAN_POINT('Ctrl Pts',(66.6211651601279,28.1152158446356,-6.00364811583132));
#10798=CARTESIAN_POINT('Ctrl Pts',(65.7780073025202,28.1035287730321,-6.3818799570568));
#10799=CARTESIAN_POINT('Ctrl Pts',(64.955044704544,28.0615717570373,-7.04348460735431));
#10800=CARTESIAN_POINT('Ctrl Pts',(64.4184135275108,28.004160598463,-7.59324552503001));
#10801=CARTESIAN_POINT('Ctrl Pts',(64.1689575984573,27.9749012381301,-7.84682552240474));
#10802=CARTESIAN_POINT('Ctrl Pts',(67.3640717272985,28.0334124588458,-5.83451337091472));
#10803=CARTESIAN_POINT('Ctrl Pts',(67.1825959355369,28.0333696380787,-5.8375370368813));
#10804=CARTESIAN_POINT('Ctrl Pts',(66.5972388052066,28.0326516627496,-5.90711153063553));
#10805=CARTESIAN_POINT('Ctrl Pts',(65.7204057567095,28.0268081269478,-6.27466500653586));
#10806=CARTESIAN_POINT('Ctrl Pts',(64.8583975569853,28.0058296189504,-6.9286943929879));
#10807=CARTESIAN_POINT('Ctrl Pts',(64.3044372369683,27.9771240396632,-7.4759598690235));
#10808=CARTESIAN_POINT('Ctrl Pts',(64.0522548735942,27.9624943594968,-7.72914150514475));
#10809=CARTESIAN_POINT('Ctrl Pts',(67.3640717272985,27.9500874808635,-5.74999999999998));
#10810=CARTESIAN_POINT('Ctrl Pts',(67.1771805751027,27.9500874808635,-5.74999999999998));
#10811=CARTESIAN_POINT('Ctrl Pts',(66.5733124502852,27.9500874808635,-5.81057494543974));
#10812=CARTESIAN_POINT('Ctrl Pts',(65.6628042108987,27.9500874808635,-6.16745005601492));
#10813=CARTESIAN_POINT('Ctrl Pts',(64.7617504094266,27.9500874808635,-6.8139041786215));
#10814=CARTESIAN_POINT('Ctrl Pts',(64.1904609464259,27.9500874808635,-7.35867421301699));
#10815=CARTESIAN_POINT('Ctrl Pts',(63.935552148731,27.9500874808635,-7.61145748788475));
#10816=CARTESIAN_POINT('',(64.2856603233205,27.9873081167634,-7.96450953966474));
#10817=CARTESIAN_POINT('Ctrl Pts',(63.935552148731,27.9500874808635,-7.61145748788475));
#10818=CARTESIAN_POINT('Ctrl Pts',(64.0522548735942,27.9624943594968,-7.72914150514475));
#10819=CARTESIAN_POINT('Ctrl Pts',(64.1689575984573,27.9749012381301,-7.84682552240474));
#10820=CARTESIAN_POINT('Ctrl Pts',(64.2856603233204,27.9873081167634,-7.96450953966474));
#10821=CARTESIAN_POINT('',(67.3640717272985,28.2000624148104,-6.00354011274421));
#10822=CARTESIAN_POINT('Ctrl Pts',(64.2856603233204,27.9873081167634,-7.96450953966474));
#10823=CARTESIAN_POINT('Ctrl Pts',(64.5323898180532,28.0311971572628,-7.71053118103652));
#10824=CARTESIAN_POINT('Ctrl Pts',(65.0516918521026,28.1173138951243,-7.15827482172071));
#10825=CARTESIAN_POINT('Ctrl Pts',(65.8356088483309,28.1802494191164,-6.48909490757775));
#10826=CARTESIAN_POINT('Ctrl Pts',(66.6450915150493,28.1977800265217,-6.10018470102711));
#10827=CARTESIAN_POINT('Ctrl Pts',(67.1934266564051,28.1999339525091,-6.01261111064393));
#10828=CARTESIAN_POINT('Ctrl Pts',(67.3640717272985,28.2000624148104,-6.00354011274421));
#10829=CARTESIAN_POINT('',(67.3640717272985,28.2000624148104,-6.00354011274421));
#10830=CARTESIAN_POINT('Origin',(53.4500967817812,42.4500874808634,-5.87499999999999));
#10831=CARTESIAN_POINT('',(53.2049683982903,42.4992003672288,-5.99999999999999));
#10832=CARTESIAN_POINT('',(52.9598400147994,42.5483132535942,-5.74999999999999));
#10833=CARTESIAN_POINT('',(53.2049683982903,42.4992003672288,-5.99999999999999));
#10834=CARTESIAN_POINT('',(53.4500967817812,42.9500874808634,-5.74999999999999));
#10835=CARTESIAN_POINT('Origin',(53.4500967817812,42.4500874808634,-5.74999999999999));
#10836=CARTESIAN_POINT('',(53.4500967817812,42.7000874808634,-5.99999999999999));
#10837=CARTESIAN_POINT('',(53.4500967817812,42.9500874808634,-5.74999999999999));
#10838=CARTESIAN_POINT('Origin',(53.4500967817812,42.4500874808634,-5.99999999999999));
#10839=CARTESIAN_POINT('Origin',(64.2000967817812,42.8250874808635,-5.87499999999999));
#10840=CARTESIAN_POINT('',(53.7014832847714,42.9500874808634,-5.74999999999999));
#10841=CARTESIAN_POINT('',(53.7014832847714,42.7000874808634,-5.99999999999999));
#10842=CARTESIAN_POINT('',(53.7014832847714,42.9500874808634,-5.74999999999999));
#10843=CARTESIAN_POINT('',(64.2000967817812,42.7000874808635,-5.99999999999999));
#10844=CARTESIAN_POINT('',(64.2000967817812,42.9500874808635,-5.74999999999999));
#10845=CARTESIAN_POINT('Ctrl Pts',(53.7014832847714,42.7000874808634,-5.99999999999999));
#10846=CARTESIAN_POINT('Ctrl Pts',(54.2450014171442,42.7000874808634,-5.99999999999999));
#10847=CARTESIAN_POINT('Ctrl Pts',(54.7885195495169,42.7003816869657,-6.01308374623256));
#10848=CARTESIAN_POINT('Ctrl Pts',(55.3320376818897,42.7002210236196,-6.00817028423194));
#10849=CARTESIAN_POINT('Ctrl Pts',(53.7014832847714,42.7834208141968,-5.91666666666665));
#10850=CARTESIAN_POINT('Ctrl Pts',(54.2450014171442,42.7834208141968,-5.91666666666665));
#10851=CARTESIAN_POINT('Ctrl Pts',(54.7885195495169,42.7836169515983,-5.92538916415503));
#10852=CARTESIAN_POINT('Ctrl Pts',(55.3320376818897,42.7835098427009,-5.92211352282129));
#10853=CARTESIAN_POINT('Ctrl Pts',(53.7014832847714,42.8667541475301,-5.83333333333332));
#10854=CARTESIAN_POINT('Ctrl Pts',(54.2450014171442,42.8667541475301,-5.83333333333332));
#10855=CARTESIAN_POINT('Ctrl Pts',(54.7885195495169,42.8668522162309,-5.83769458207751));
#10856=CARTESIAN_POINT('Ctrl Pts',(55.3320376818897,42.8667986617822,-5.83605676141064));
#10857=CARTESIAN_POINT('Ctrl Pts',(53.7014832847714,42.9500874808634,-5.74999999999999));
#10858=CARTESIAN_POINT('Ctrl Pts',(54.2450014171442,42.9500874808634,-5.74999999999999));
#10859=CARTESIAN_POINT('Ctrl Pts',(54.7885195495169,42.9500874808634,-5.74999999999999));
#10860=CARTESIAN_POINT('Ctrl Pts',(55.3320376818897,42.9500874808634,-5.74999999999999));
#10861=CARTESIAN_POINT('',(55.3320376818897,42.9500874808634,-5.74999999999999));
#10862=CARTESIAN_POINT('',(55.3320376818897,42.7002210236196,-6.00817028423194));
#10863=CARTESIAN_POINT('',(55.3320376818897,42.9500874808634,-5.74999999999999));
#10864=CARTESIAN_POINT('Ctrl Pts',(55.3320376818897,42.7002210236196,-6.00817028423194));
#10865=CARTESIAN_POINT('Ctrl Pts',(54.7885195495169,42.7003816869657,-6.01308374623256));
#10866=CARTESIAN_POINT('Ctrl Pts',(54.2450014171442,42.7000874808634,-5.99999999999999));
#10867=CARTESIAN_POINT('Ctrl Pts',(53.7014832847714,42.7000874808634,-5.99999999999999));
#10868=CARTESIAN_POINT('Ctrl Pts',(53.7014832847714,42.9500874808634,-5.74999999999999));
#10869=CARTESIAN_POINT('Ctrl Pts',(54.2450014171442,42.9500874808634,-5.74999999999999));
#10870=CARTESIAN_POINT('Ctrl Pts',(54.7885195495169,42.9500874808634,-5.74999999999999));
#10871=CARTESIAN_POINT('Ctrl Pts',(55.3320376818897,42.9500874808634,-5.74999999999999));
#10872=CARTESIAN_POINT('Ctrl Pts',(55.3320376818897,42.7002210236196,-6.00817028423194));
#10873=CARTESIAN_POINT('Ctrl Pts',(55.7493595307696,42.7000976637524,-6.00439765012028));
#10874=CARTESIAN_POINT('Ctrl Pts',(56.1666813796495,42.7000874808634,-5.99999999999999));
#10875=CARTESIAN_POINT('Ctrl Pts',(56.5840032285294,42.7000874808634,-5.99999999999999));
#10876=CARTESIAN_POINT('Ctrl Pts',(55.3320376818897,42.7835098427009,-5.92211352282129));
#10877=CARTESIAN_POINT('Ctrl Pts',(55.7493595307696,42.7834276027894,-5.91959843341351));
#10878=CARTESIAN_POINT('Ctrl Pts',(56.1666813796495,42.7834208141968,-5.91666666666665));
#10879=CARTESIAN_POINT('Ctrl Pts',(56.5840032285294,42.7834208141968,-5.91666666666665));
#10880=CARTESIAN_POINT('Ctrl Pts',(55.3320376818897,42.8667986617822,-5.83605676141064));
#10881=CARTESIAN_POINT('Ctrl Pts',(55.7493595307696,42.8667575418264,-5.83479921670675));
#10882=CARTESIAN_POINT('Ctrl Pts',(56.1666813796495,42.8667541475301,-5.83333333333332));
#10883=CARTESIAN_POINT('Ctrl Pts',(56.5840032285294,42.8667541475301,-5.83333333333332));
#10884=CARTESIAN_POINT('Ctrl Pts',(55.3320376818897,42.9500874808634,-5.74999999999999));
#10885=CARTESIAN_POINT('Ctrl Pts',(55.7493595307696,42.9500874808634,-5.74999999999999));
#10886=CARTESIAN_POINT('Ctrl Pts',(56.1666813796495,42.9500874808634,-5.74999999999999));
#10887=CARTESIAN_POINT('Ctrl Pts',(56.5840032285294,42.9500874808634,-5.74999999999999));
#10888=CARTESIAN_POINT('',(56.5840032285294,42.9500874808634,-5.74999999999999));
#10889=CARTESIAN_POINT('',(56.5840032285294,42.7000874808634,-5.99999999999999));
#10890=CARTESIAN_POINT('',(56.5840032285294,42.9500874808634,-5.74999999999999));
#10891=CARTESIAN_POINT('Ctrl Pts',(56.5840032285294,42.7000874808634,-5.99999999999999));
#10892=CARTESIAN_POINT('Ctrl Pts',(56.1666813796495,42.7000874808634,-5.99999999999999));
#10893=CARTESIAN_POINT('Ctrl Pts',(55.7493595307696,42.7000976637524,-6.00439765012028));
#10894=CARTESIAN_POINT('Ctrl Pts',(55.3320376818897,42.7002210236196,-6.00817028423194));
#10895=CARTESIAN_POINT('Ctrl Pts',(55.3320376818897,42.9500874808634,-5.74999999999999));
#10896=CARTESIAN_POINT('Ctrl Pts',(55.7493595307696,42.9500874808634,-5.74999999999999));
#10897=CARTESIAN_POINT('Ctrl Pts',(56.1666813796495,42.9500874808634,-5.74999999999999));
#10898=CARTESIAN_POINT('Ctrl Pts',(56.5840032285294,42.9500874808634,-5.74999999999999));
#10899=CARTESIAN_POINT('Origin',(64.2000967817812,42.8250874808635,-5.87499999999999));
#10900=CARTESIAN_POINT('',(67.4500967817812,42.9500874808635,-5.74999999999999));
#10901=CARTESIAN_POINT('',(64.2000967817812,42.9500874808635,-5.74999999999999));
#10902=CARTESIAN_POINT('',(67.4500967817812,42.7000874808635,-5.99999999999999));
#10903=CARTESIAN_POINT('',(67.4500967817812,42.9500874808635,-5.74999999999999));
#10904=CARTESIAN_POINT('',(64.2000967817812,42.7000874808635,-5.99999999999999));
#10905=CARTESIAN_POINT('Origin',(67.4500967817812,42.4500874808635,-5.87499999999999));
#10906=CARTESIAN_POINT('',(67.9500967817812,42.4500874808635,-5.74999999999998));
#10907=CARTESIAN_POINT('Origin',(67.4500967817812,42.4500874808635,-5.74999999999998));
#10908=CARTESIAN_POINT('',(67.7000967817811,42.4500874808635,-5.99999999999999));
#10909=CARTESIAN_POINT('',(67.9500967817812,42.4500874808635,-5.74999999999998));
#10910=CARTESIAN_POINT('Origin',(67.4500967817812,42.4500874808635,-5.99999999999999));
#10911=CARTESIAN_POINT('Origin',(67.8250967817812,31.7000874808635,-5.87499999999998));
#10912=CARTESIAN_POINT('',(67.7000967817812,28.7014733311603,-5.99999999999998));
#10913=CARTESIAN_POINT('',(67.9500967817812,28.7014733311603,-5.74999999999998));
#10914=CARTESIAN_POINT('',(67.7000967817812,28.7014733311603,-5.99999999999998));
#10915=CARTESIAN_POINT('',(67.9500967817812,28.4500874808635,-5.74999999999998));
#10916=CARTESIAN_POINT('',(67.9500967817812,31.7000874808635,-5.74999999999998));
#10917=CARTESIAN_POINT('',(67.7000967817812,28.4500874808635,-5.99999999999998));
#10918=CARTESIAN_POINT('',(67.9500967817812,28.4500874808635,-5.74999999999998));
#10919=CARTESIAN_POINT('',(67.7000967817812,31.7000874808635,-5.99999999999998));
#10920=CARTESIAN_POINT('Ctrl Pts',(67.9500967817812,28.7014733311603,-5.74999999999998));
#10921=CARTESIAN_POINT('Ctrl Pts',(67.9500967817812,29.2449917045939,-5.74999999999998));
#10922=CARTESIAN_POINT('Ctrl Pts',(67.9500967817812,29.7885100780275,-5.74999999999998));
#10923=CARTESIAN_POINT('Ctrl Pts',(67.9500967817812,30.3320284514611,-5.74999999999998));
#10924=CARTESIAN_POINT('Ctrl Pts',(67.8667634484479,28.7014733311603,-5.83333333333331));
#10925=CARTESIAN_POINT('Ctrl Pts',(67.8667634484479,29.2449917045939,-5.83333333333331));
#10926=CARTESIAN_POINT('Ctrl Pts',(67.8668615175718,29.7885100780275,-5.83769459127651));
#10927=CARTESIAN_POINT('Ctrl Pts',(67.8668079629033,30.3320284514611,-5.8360567676282));
#10928=CARTESIAN_POINT('Ctrl Pts',(67.7834301151146,28.7014733311603,-5.91666666666665));
#10929=CARTESIAN_POINT('Ctrl Pts',(67.7834301151146,29.2449917045939,-5.91666666666665));
#10930=CARTESIAN_POINT('Ctrl Pts',(67.7836262533625,29.7885100780275,-5.92538918255303));
#10931=CARTESIAN_POINT('Ctrl Pts',(67.7835191440253,30.3320284514611,-5.92211353525641));
#10932=CARTESIAN_POINT('Ctrl Pts',(67.7000967817812,28.7014733311603,-5.99999999999998));
#10933=CARTESIAN_POINT('Ctrl Pts',(67.7000967817812,29.2449917045939,-5.99999999999998));
#10934=CARTESIAN_POINT('Ctrl Pts',(67.7003909891531,29.7885100780275,-6.01308377382956));
#10935=CARTESIAN_POINT('Ctrl Pts',(67.7002303251473,30.3320284514611,-6.00817030288463));
#10936=CARTESIAN_POINT('',(67.7002303251473,30.3320284514611,-6.00817030288462));
#10937=CARTESIAN_POINT('',(67.9500967817812,30.3320284514611,-5.74999999999998));
#10938=CARTESIAN_POINT('',(67.7002303251473,30.3320284514611,-6.00817030288462));
#10939=CARTESIAN_POINT('Ctrl Pts',(67.9500967817812,30.3320284514611,-5.74999999999998));
#10940=CARTESIAN_POINT('Ctrl Pts',(67.9500967817812,29.7885100780275,-5.74999999999998));
#10941=CARTESIAN_POINT('Ctrl Pts',(67.9500967817812,29.2449917045939,-5.74999999999998));
#10942=CARTESIAN_POINT('Ctrl Pts',(67.9500967817812,28.7014733311603,-5.74999999999998));
#10943=CARTESIAN_POINT('Ctrl Pts',(67.7000967817812,28.7014733311603,-5.99999999999998));
#10944=CARTESIAN_POINT('Ctrl Pts',(67.7000967817812,29.2449917045939,-5.99999999999998));
#10945=CARTESIAN_POINT('Ctrl Pts',(67.7003909891531,29.7885100780275,-6.01308377382956));
#10946=CARTESIAN_POINT('Ctrl Pts',(67.7002303251473,30.3320284514611,-6.00817030288463));
#10947=CARTESIAN_POINT('Ctrl Pts',(67.9500967817812,30.3320284514611,-5.74999999999998));
#10948=CARTESIAN_POINT('Ctrl Pts',(67.9500967817812,30.7493506122503,-5.74999999999998));
#10949=CARTESIAN_POINT('Ctrl Pts',(67.9500967817812,31.1666727730395,-5.74999999999998));
#10950=CARTESIAN_POINT('Ctrl Pts',(67.9500967817812,31.5839949338287,-5.74999999999998));
#10951=CARTESIAN_POINT('Ctrl Pts',(67.8668079629033,30.3320284514611,-5.8360567676282));
#10952=CARTESIAN_POINT('Ctrl Pts',(67.8667668427662,30.7493506122503,-5.83479922025296));
#10953=CARTESIAN_POINT('Ctrl Pts',(67.8667634484479,31.1666727730395,-5.83333333333332));
#10954=CARTESIAN_POINT('Ctrl Pts',(67.8667634484479,31.5839949338287,-5.83333333333332));
#10955=CARTESIAN_POINT('Ctrl Pts',(67.7835191440253,30.3320284514611,-5.92211353525641));
#10956=CARTESIAN_POINT('Ctrl Pts',(67.7834369037511,30.7493506122503,-5.91959844050594));
#10957=CARTESIAN_POINT('Ctrl Pts',(67.7834301151145,31.1666727730395,-5.91666666666665));
#10958=CARTESIAN_POINT('Ctrl Pts',(67.7834301151145,31.5839949338287,-5.91666666666665));
#10959=CARTESIAN_POINT('Ctrl Pts',(67.7002303251473,30.3320284514611,-6.00817030288462));
#10960=CARTESIAN_POINT('Ctrl Pts',(67.7001069647361,30.7493506122503,-6.00439766075892));
#10961=CARTESIAN_POINT('Ctrl Pts',(67.7000967817812,31.1666727730395,-5.99999999999998));
#10962=CARTESIAN_POINT('Ctrl Pts',(67.7000967817812,31.5839949338287,-5.99999999999998));
#10963=CARTESIAN_POINT('',(67.7000967817812,31.5839949338286,-5.99999999999998));
#10964=CARTESIAN_POINT('',(67.9500967817812,31.5839949338287,-5.74999999999998));
#10965=CARTESIAN_POINT('',(67.7000967817812,31.5839949338286,-5.99999999999998));
#10966=CARTESIAN_POINT('Ctrl Pts',(67.9500967817812,31.5839949338287,-5.74999999999998));
#10967=CARTESIAN_POINT('Ctrl Pts',(67.9500967817812,31.1666727730395,-5.74999999999998));
#10968=CARTESIAN_POINT('Ctrl Pts',(67.9500967817812,30.7493506122503,-5.74999999999998));
#10969=CARTESIAN_POINT('Ctrl Pts',(67.9500967817812,30.3320284514611,-5.74999999999998));
#10970=CARTESIAN_POINT('Ctrl Pts',(67.7002303251473,30.3320284514611,-6.00817030288462));
#10971=CARTESIAN_POINT('Ctrl Pts',(67.7001069647361,30.7493506122503,-6.00439766075892));
#10972=CARTESIAN_POINT('Ctrl Pts',(67.7000967817812,31.1666727730395,-5.99999999999998));
#10973=CARTESIAN_POINT('Ctrl Pts',(67.7000967817812,31.5839949338287,-5.99999999999998));
#10974=CARTESIAN_POINT('Origin',(67.8250967817812,31.7000874808635,-5.87499999999998));
#10975=CARTESIAN_POINT('',(67.7000967817812,31.7000874808635,-5.99999999999998));
#10976=CARTESIAN_POINT('',(67.9500967817812,31.7000874808635,-5.74999999999998));
#10977=CARTESIAN_POINT('Origin',(67.4500967817812,28.4500874808635,-5.87499999999998));
#10978=CARTESIAN_POINT('',(67.548323029575,27.9598308090635,-5.74999999999998));
#10979=CARTESIAN_POINT('',(67.4992099056781,28.2049591449635,-5.99999999999998));
#10980=CARTESIAN_POINT('',(67.548323029575,27.9598308090635,-5.74999999999998));
#10981=CARTESIAN_POINT('Origin',(67.4500967817812,28.4500874808635,-5.99999999999998));
#10982=CARTESIAN_POINT('Origin',(67.4500967817812,28.4500874808635,-5.74999999999998));
#10983=CARTESIAN_POINT('Ctrl Pts',(52.9873174176293,39.2856508076549,-7.96450953996448));
#10984=CARTESIAN_POINT('Ctrl Pts',(53.053150978386,39.6557450497867,-7.58354200199931));
#10985=CARTESIAN_POINT('Ctrl Pts',(53.1515020383958,40.30553970031,-6.88510218934874));
#10986=CARTESIAN_POINT('Ctrl Pts',(53.1867376746252,41.1383830835631,-6.3266657124356));
#10987=CARTESIAN_POINT('Ctrl Pts',(53.1989747235932,41.8395646383383,-6.06445028467166));
#10988=CARTESIAN_POINT('Ctrl Pts',(53.1999432534268,42.1934171410116,-6.01261111064496));
#10989=CARTESIAN_POINT('Ctrl Pts',(53.2000717157281,42.3640622119241,-6.00354011274422));
#10990=CARTESIAN_POINT('Ctrl Pts',(52.9749105390133,39.1689480827885,-7.846825522704));
#10991=CARTESIAN_POINT('Ctrl Pts',(53.0187995795177,39.543131976396,-7.46645552661831));
#10992=CARTESIAN_POINT('Ctrl Pts',(53.0843669528576,40.2217369716649,-6.77211145464327));
#10993=CARTESIAN_POINT('Ctrl Pts',(53.1078573770105,41.0940234537117,-6.2233020586433));
#10994=CARTESIAN_POINT('Ctrl Pts',(53.1160154096558,41.822260931072,-5.97104729092992));
#10995=CARTESIAN_POINT('Ctrl Pts',(53.1166610962116,42.1880017805769,-5.9250740737633));
#10996=CARTESIAN_POINT('Ctrl Pts',(53.1167467377458,42.3640622119241,-5.91902674182947));
#10997=CARTESIAN_POINT('Ctrl Pts',(52.9625036603972,39.0522453579222,-7.72914150544352));
#10998=CARTESIAN_POINT('Ctrl Pts',(52.9844481806494,39.4305189030052,-7.34936905123731));
#10999=CARTESIAN_POINT('Ctrl Pts',(53.0172318673194,40.1379342430197,-6.6591207199378));
#11000=CARTESIAN_POINT('Ctrl Pts',(53.0289770793959,41.0496638238604,-6.119938404851));
#11001=CARTESIAN_POINT('Ctrl Pts',(53.0330560957185,41.8049572238058,-5.87764429718817));
#11002=CARTESIAN_POINT('Ctrl Pts',(53.0333789389964,42.1825864201421,-5.83753703688164));
#11003=CARTESIAN_POINT('Ctrl Pts',(53.0334217597635,42.3640622119241,-5.83451337091473));
#11004=CARTESIAN_POINT('Ctrl Pts',(52.9500967817812,38.9355426330558,-7.61145748818304));
#11005=CARTESIAN_POINT('Ctrl Pts',(52.9500967817812,39.3179058296145,-7.2322825758563));
#11006=CARTESIAN_POINT('Ctrl Pts',(52.9500967817812,40.0541315143746,-6.54612998523233));
#11007=CARTESIAN_POINT('Ctrl Pts',(52.9500967817812,41.005304194009,-6.0165747510587));
#11008=CARTESIAN_POINT('Ctrl Pts',(52.9500967817812,41.7876535165395,-5.78424130344643));
#11009=CARTESIAN_POINT('Ctrl Pts',(52.9500967817812,42.1771710597074,-5.74999999999998));
#11010=CARTESIAN_POINT('Ctrl Pts',(52.9500967817812,42.3640622119241,-5.74999999999999));
#11011=CARTESIAN_POINT('',(52.9873174176293,39.2856508076549,-7.96450953996449));
#11012=CARTESIAN_POINT('',(52.9500967817812,38.9355426330558,-7.61145748818311));
#11013=CARTESIAN_POINT('Ctrl Pts',(52.9873174176293,39.2856508076549,-7.96450953996448));
#11014=CARTESIAN_POINT('Ctrl Pts',(52.9749105390133,39.1689480827885,-7.846825522704));
#11015=CARTESIAN_POINT('Ctrl Pts',(52.9625036603972,39.0522453579222,-7.72914150544352));
#11016=CARTESIAN_POINT('Ctrl Pts',(52.9500967817812,38.9355426330558,-7.61145748818304));
#11017=CARTESIAN_POINT('',(52.9500967817812,42.3640622119241,-5.74999999999998));
#11018=CARTESIAN_POINT('Ctrl Pts',(52.9500967817812,38.9355426330558,-7.61145748818304));
#11019=CARTESIAN_POINT('Ctrl Pts',(52.9500967817812,39.3179058296145,-7.2322825758563));
#11020=CARTESIAN_POINT('Ctrl Pts',(52.9500967817812,40.0541315143746,-6.54612998523233));
#11021=CARTESIAN_POINT('Ctrl Pts',(52.9500967817812,41.005304194009,-6.0165747510587));
#11022=CARTESIAN_POINT('Ctrl Pts',(52.9500967817812,41.7876535165395,-5.78424130344643));
#11023=CARTESIAN_POINT('Ctrl Pts',(52.9500967817812,42.1771710597074,-5.74999999999998));
#11024=CARTESIAN_POINT('Ctrl Pts',(52.9500967817812,42.3640622119241,-5.74999999999999));
#11025=CARTESIAN_POINT('',(53.2000717157281,42.3640622119241,-6.00354011274421));
#11026=CARTESIAN_POINT('',(52.9500967817812,42.3640622119241,-5.74999999999998));
#11027=CARTESIAN_POINT('Ctrl Pts',(53.2000717157281,42.3640622119241,-6.00354011274422));
#11028=CARTESIAN_POINT('Ctrl Pts',(53.1999432534268,42.1934171410116,-6.01261111064496));
#11029=CARTESIAN_POINT('Ctrl Pts',(53.1989747235932,41.8395646383383,-6.06445028467166));
#11030=CARTESIAN_POINT('Ctrl Pts',(53.1867376746252,41.1383830835631,-6.3266657124356));
#11031=CARTESIAN_POINT('Ctrl Pts',(53.1515020383958,40.30553970031,-6.88510218934874));
#11032=CARTESIAN_POINT('Ctrl Pts',(53.053150978386,39.6557450497867,-7.58354200199931));
#11033=CARTESIAN_POINT('Ctrl Pts',(52.9873174176293,39.2856508076549,-7.96450953996448));
#11034=CARTESIAN_POINT('Ctrl Pts',(53.2000717157281,42.3640622119241,-6.00354011274421));
#11035=CARTESIAN_POINT('Ctrl Pts',(53.2000933024518,42.3927373015706,-6.00201582800165));
#11036=CARTESIAN_POINT('Ctrl Pts',(53.2000954414958,42.421412391217,-6.00098068740219));
#11037=CARTESIAN_POINT('Ctrl Pts',(53.2000963933799,42.4500874808634,-6.00044068186347));
#11038=CARTESIAN_POINT('Ctrl Pts',(53.1167467377458,42.3640622119241,-5.91902674182947));
#11039=CARTESIAN_POINT('Ctrl Pts',(53.1167611288949,42.3927373015706,-5.91801055200109));
#11040=CARTESIAN_POINT('Ctrl Pts',(53.1167625549242,42.421412391217,-5.91732045826812));
#11041=CARTESIAN_POINT('Ctrl Pts',(53.1167631895136,42.4500874808634,-5.91696045457564));
#11042=CARTESIAN_POINT('Ctrl Pts',(53.0334217597635,42.3640622119241,-5.83451337091473));
#11043=CARTESIAN_POINT('Ctrl Pts',(53.033428955338,42.3927373015706,-5.83400527600054));
#11044=CARTESIAN_POINT('Ctrl Pts',(53.0334296683527,42.421412391217,-5.83366022913405));
#11045=CARTESIAN_POINT('Ctrl Pts',(53.0334299856474,42.4500874808634,-5.83348022728782));
#11046=CARTESIAN_POINT('Ctrl Pts',(52.9500967817812,42.3640622119241,-5.74999999999999));
#11047=CARTESIAN_POINT('Ctrl Pts',(52.9500967817812,42.3927373015706,-5.74999999999999));
#11048=CARTESIAN_POINT('Ctrl Pts',(52.9500967817812,42.421412391217,-5.74999999999999));
#11049=CARTESIAN_POINT('Ctrl Pts',(52.9500967817812,42.4500874808634,-5.74999999999999));
#11050=CARTESIAN_POINT('',(52.9500967817812,42.4500874808634,-5.74999999999999));
#11051=CARTESIAN_POINT('',(53.2000963933799,42.4500874808634,-6.00044068186347));
#11052=CARTESIAN_POINT('',(52.9500967817812,42.4500874808634,-5.74999999999999));
#11053=CARTESIAN_POINT('Ctrl Pts',(53.2000963933799,42.4500874808634,-6.00044068186347));
#11054=CARTESIAN_POINT('Ctrl Pts',(53.2000954414958,42.421412391217,-6.00098068740219));
#11055=CARTESIAN_POINT('Ctrl Pts',(53.2000933024518,42.3927373015706,-6.00201582800165));
#11056=CARTESIAN_POINT('Ctrl Pts',(53.2000717157281,42.3640622119241,-6.00354011274421));
#11057=CARTESIAN_POINT('Ctrl Pts',(52.9500967817812,42.3640622119241,-5.74999999999999));
#11058=CARTESIAN_POINT('Ctrl Pts',(52.9500967817812,42.3927373015706,-5.74999999999999));
#11059=CARTESIAN_POINT('Ctrl Pts',(52.9500967817812,42.421412391217,-5.74999999999999));
#11060=CARTESIAN_POINT('Ctrl Pts',(52.9500967817812,42.4500874808634,-5.74999999999999));
#11061=CARTESIAN_POINT('Ctrl Pts',(53.2000963933798,42.4500874808634,-6.00044068186347));
#11062=CARTESIAN_POINT('Ctrl Pts',(53.2000969403807,42.4665656418234,-6.00013036729093));
#11063=CARTESIAN_POINT('Ctrl Pts',(53.2017312431326,42.4830433324943,-5.99999999999999));
#11064=CARTESIAN_POINT('Ctrl Pts',(53.2049683982903,42.4992003672288,-5.99999999999999));
#11065=CARTESIAN_POINT('Ctrl Pts',(53.1167631895136,42.4500874808634,-5.91696045457565));
#11066=CARTESIAN_POINT('Ctrl Pts',(53.1167635541809,42.4720583450764,-5.91675357819395));
#11067=CARTESIAN_POINT('Ctrl Pts',(53.1189427302497,42.4940286163713,-5.91666666666665));
#11068=CARTESIAN_POINT('Ctrl Pts',(53.1232589371266,42.5155713293506,-5.91666666666665));
#11069=CARTESIAN_POINT('Ctrl Pts',(53.0334299856474,42.4500874808634,-5.83348022728782));
#11070=CARTESIAN_POINT('Ctrl Pts',(53.033430167981,42.4775510483294,-5.83337678909697));
#11071=CARTESIAN_POINT('Ctrl Pts',(53.0361542173668,42.5050139002482,-5.83333333333332));
#11072=CARTESIAN_POINT('Ctrl Pts',(53.041549475963,42.5319422914724,-5.83333333333332));
#11073=CARTESIAN_POINT('Ctrl Pts',(52.9500967817812,42.4500874808634,-5.74999999999999));
#11074=CARTESIAN_POINT('Ctrl Pts',(52.9500967817812,42.4830437515824,-5.74999999999999));
#11075=CARTESIAN_POINT('Ctrl Pts',(52.953365704484,42.5159991841252,-5.74999999999999));
#11076=CARTESIAN_POINT('Ctrl Pts',(52.9598400147994,42.5483132535942,-5.74999999999999));
#11077=CARTESIAN_POINT('Ctrl Pts',(52.9500967817812,42.4500874808634,-5.74999999999999));
#11078=CARTESIAN_POINT('Ctrl Pts',(52.9500967817812,42.4830437515824,-5.74999999999999));
#11079=CARTESIAN_POINT('Ctrl Pts',(52.953365704484,42.5159991841252,-5.74999999999999));
#11080=CARTESIAN_POINT('Ctrl Pts',(52.9598400147994,42.5483132535942,-5.74999999999999));
#11081=CARTESIAN_POINT('Ctrl Pts',(53.2049683982903,42.4992003672288,-5.99999999999999));
#11082=CARTESIAN_POINT('Ctrl Pts',(53.2017312431326,42.4830433324943,-5.99999999999999));
#11083=CARTESIAN_POINT('Ctrl Pts',(53.2000969403807,42.4665656418234,-6.00013036729093));
#11084=CARTESIAN_POINT('Ctrl Pts',(53.2000963933798,42.4500874808634,-6.00044068186347));
#11085=CARTESIAN_POINT('Ctrl Pts',(67.4992099056781,28.2049591449635,-5.99999999999998));
#11086=CARTESIAN_POINT('Ctrl Pts',(67.4830527949033,28.2017219582858,-5.99999999999998));
#11087=CARTESIAN_POINT('Ctrl Pts',(67.4665750234926,28.2000876394661,-6.00013036839018));
#11088=CARTESIAN_POINT('Ctrl Pts',(67.4500967817812,28.2000870924551,-6.0004406859021));
#11089=CARTESIAN_POINT('Ctrl Pts',(67.5155809469771,28.1232496996635,-5.91666666666665));
#11090=CARTESIAN_POINT('Ctrl Pts',(67.4940381326107,28.11893345076,-5.91666666666665));
#11091=CARTESIAN_POINT('Ctrl Pts',(67.4720677536623,28.1167542532652,-5.91675357892678));
#11092=CARTESIAN_POINT('Ctrl Pts',(67.4500967817812,28.1167538885912,-5.91696045726806));
#11093=CARTESIAN_POINT('Ctrl Pts',(67.531951988276,28.0415402543635,-5.83333333333331));
#11094=CARTESIAN_POINT('Ctrl Pts',(67.505023470318,28.0361449432341,-5.83333333333331));
#11095=CARTESIAN_POINT('Ctrl Pts',(67.477560483832,28.0334208670644,-5.83337678946338));
#11096=CARTESIAN_POINT('Ctrl Pts',(67.4500967817812,28.0334206847274,-5.83348022863402));
#11097=CARTESIAN_POINT('Ctrl Pts',(67.548323029575,27.9598308090636,-5.74999999999998));
#11098=CARTESIAN_POINT('Ctrl Pts',(67.5160088080254,27.9533564357082,-5.74999999999998));
#11099=CARTESIAN_POINT('Ctrl Pts',(67.4830532140017,27.9500874808635,-5.74999999999998));
#11100=CARTESIAN_POINT('Ctrl Pts',(67.4500967817812,27.9500874808635,-5.74999999999998));
#11101=CARTESIAN_POINT('',(67.4500967817812,28.2000870924551,-6.0004406859021));
#11102=CARTESIAN_POINT('',(67.4500967817812,27.9500874808635,-5.74999999999998));
#11103=CARTESIAN_POINT('Ctrl Pts',(67.4500967817812,28.2000870924551,-6.0004406859021));
#11104=CARTESIAN_POINT('Ctrl Pts',(67.4665750234926,28.2000876394661,-6.00013036839018));
#11105=CARTESIAN_POINT('Ctrl Pts',(67.4830527949033,28.2017219582858,-5.99999999999998));
#11106=CARTESIAN_POINT('Ctrl Pts',(67.4992099056781,28.2049591449635,-5.99999999999998));
#11107=CARTESIAN_POINT('Ctrl Pts',(67.548323029575,27.9598308090636,-5.74999999999998));
#11108=CARTESIAN_POINT('Ctrl Pts',(67.5160088080254,27.9533564357082,-5.74999999999998));
#11109=CARTESIAN_POINT('Ctrl Pts',(67.4830532140017,27.9500874808635,-5.74999999999998));
#11110=CARTESIAN_POINT('Ctrl Pts',(67.4500967817812,27.9500874808635,-5.74999999999998));
#11111=CARTESIAN_POINT('Ctrl Pts',(67.4500967817812,28.2000870924551,-6.0004406859021));
#11112=CARTESIAN_POINT('Ctrl Pts',(67.4214217636203,28.2000861405603,-6.00098069256335));
#11113=CARTESIAN_POINT('Ctrl Pts',(67.3927467454594,28.2000840014803,-6.00201583180161));
#11114=CARTESIAN_POINT('Ctrl Pts',(67.3640717272985,28.2000624148104,-6.00354011274421));
#11115=CARTESIAN_POINT('Ctrl Pts',(67.4500967817812,28.1167538885912,-5.91696045726806));
#11116=CARTESIAN_POINT('Ctrl Pts',(67.4214217636203,28.1167532539947,-5.9173204617089));
#11117=CARTESIAN_POINT('Ctrl Pts',(67.3927467454594,28.1167518279414,-5.9180105545344));
#11118=CARTESIAN_POINT('Ctrl Pts',(67.3640717272985,28.1167374368281,-5.91902674182947));
#11119=CARTESIAN_POINT('Ctrl Pts',(67.4500967817812,28.0334206847273,-5.83348022863402));
#11120=CARTESIAN_POINT('Ctrl Pts',(67.4214217636203,28.0334203674291,-5.83366023085444));
#11121=CARTESIAN_POINT('Ctrl Pts',(67.3927467454594,28.0334196544024,-5.83400527726719));
#11122=CARTESIAN_POINT('Ctrl Pts',(67.3640717272985,28.0334124588458,-5.83451337091472));
#11123=CARTESIAN_POINT('Ctrl Pts',(67.4500967817812,27.9500874808635,-5.74999999999998));
#11124=CARTESIAN_POINT('Ctrl Pts',(67.4214217636203,27.9500874808635,-5.74999999999998));
#11125=CARTESIAN_POINT('Ctrl Pts',(67.3927467454594,27.9500874808635,-5.74999999999998));
#11126=CARTESIAN_POINT('Ctrl Pts',(67.3640717272985,27.9500874808635,-5.74999999999998));
#11127=CARTESIAN_POINT('Ctrl Pts',(67.3640717272985,28.2000624148104,-6.00354011274421));
#11128=CARTESIAN_POINT('Ctrl Pts',(67.3927467454594,28.2000840014803,-6.00201583180161));
#11129=CARTESIAN_POINT('Ctrl Pts',(67.4214217636203,28.2000861405603,-6.00098069256335));
#11130=CARTESIAN_POINT('Ctrl Pts',(67.4500967817812,28.2000870924551,-6.0004406859021));
#11131=CARTESIAN_POINT('Ctrl Pts',(63.935552148731,27.9500874808635,-7.61145748788475));
#11132=CARTESIAN_POINT('Ctrl Pts',(63.9236914698743,27.9500874808635,-7.7409716585898));
#11133=CARTESIAN_POINT('Ctrl Pts',(63.9118307910175,27.9500874808635,-7.87048582929493));
#11134=CARTESIAN_POINT('Ctrl Pts',(63.8999701121607,27.9500874808635,-7.99999999999998));
#11135=CARTESIAN_POINT('Ctrl Pts',(64.0522548735942,27.9624943594968,-7.72914150514474));
#11136=CARTESIAN_POINT('Ctrl Pts',(64.0020189373158,27.9542479774714,-7.81942725612935));
#11137=CARTESIAN_POINT('Ctrl Pts',(63.950994990481,27.9500874808635,-7.90971362806143));
#11138=CARTESIAN_POINT('Ctrl Pts',(63.8999701121607,27.9500874808635,-7.99999999999998));
#11139=CARTESIAN_POINT('Ctrl Pts',(64.1689575984573,27.9749012381301,-7.84682552240474));
#11140=CARTESIAN_POINT('Ctrl Pts',(64.0803464047573,27.9584084740792,-7.8978828536689));
#11141=CARTESIAN_POINT('Ctrl Pts',(63.9901591899444,27.9500874808635,-7.94894142682793));
#11142=CARTESIAN_POINT('Ctrl Pts',(63.8999701121607,27.9500874808635,-7.99999999999998));
#11143=CARTESIAN_POINT('Ctrl Pts',(64.2856603233204,27.9873081167634,-7.96450953966474));
#11144=CARTESIAN_POINT('Ctrl Pts',(64.1586738721988,27.9625689706871,-7.97633845120845));
#11145=CARTESIAN_POINT('Ctrl Pts',(64.0293233894079,27.9500874808635,-7.98816922559444));
#11146=CARTESIAN_POINT('Ctrl Pts',(63.8999701121607,27.9500874808635,-7.99999999999998));
#11147=CARTESIAN_POINT('Ctrl Pts',(63.8999701121607,27.9500874808635,-7.99999999999998));
#11148=CARTESIAN_POINT('Ctrl Pts',(64.0293233894079,27.9500874808635,-7.98816922559444));
#11149=CARTESIAN_POINT('Ctrl Pts',(64.1586738721988,27.9625689706871,-7.97633845120845));
#11150=CARTESIAN_POINT('Ctrl Pts',(64.2856603233204,27.9873081167634,-7.96450953966474));
#11151=CARTESIAN_POINT('Ctrl Pts',(52.9873174176293,39.2856508076549,-7.96450953996448));
#11152=CARTESIAN_POINT('Ctrl Pts',(52.9625782715874,39.1586643566273,-7.97633845140831));
#11153=CARTESIAN_POINT('Ctrl Pts',(52.9500967817812,39.029313873935,-7.98816922569437));
#11154=CARTESIAN_POINT('Ctrl Pts',(52.9500967817812,38.8999605967864,-7.99999999999998));
#11155=CARTESIAN_POINT('Ctrl Pts',(52.9749105390133,39.1689480827885,-7.846825522704));
#11156=CARTESIAN_POINT('Ctrl Pts',(52.9584177749853,39.0803368891846,-7.89788285386843));
#11157=CARTESIAN_POINT('Ctrl Pts',(52.9500967817812,38.9901496744709,-7.9489414269277));
#11158=CARTESIAN_POINT('Ctrl Pts',(52.9500967817812,38.8999605967864,-7.99999999999998));
#11159=CARTESIAN_POINT('Ctrl Pts',(52.9625036603972,39.0522453579222,-7.72914150544352));
#11160=CARTESIAN_POINT('Ctrl Pts',(52.9542572783833,39.002009421742,-7.81942725632855));
#11161=CARTESIAN_POINT('Ctrl Pts',(52.9500967817812,38.9509854750069,-7.90971362816103));
#11162=CARTESIAN_POINT('Ctrl Pts',(52.9500967817812,38.8999605967864,-7.99999999999999));
#11163=CARTESIAN_POINT('Ctrl Pts',(52.9500967817812,38.9355426330558,-7.61145748818304));
#11164=CARTESIAN_POINT('Ctrl Pts',(52.9500967817812,38.9236819542993,-7.74097165878867));
#11165=CARTESIAN_POINT('Ctrl Pts',(52.9500967817812,38.9118212755429,-7.87048582939436));
#11166=CARTESIAN_POINT('Ctrl Pts',(52.9500967817812,38.8999605967864,-7.99999999999999));
#11167=CARTESIAN_POINT('Ctrl Pts',(52.9873174176293,39.2856508076549,-7.96450953996448));
#11168=CARTESIAN_POINT('Ctrl Pts',(52.9625782715874,39.1586643566273,-7.97633845140831));
#11169=CARTESIAN_POINT('Ctrl Pts',(52.9500967817812,39.029313873935,-7.98816922569437));
#11170=CARTESIAN_POINT('Ctrl Pts',(52.9500967817812,38.8999605967864,-7.99999999999998));
#11171=CARTESIAN_POINT('Ctrl Pts',(52.9500967817812,38.8999605967864,-7.99999999999999));
#11172=CARTESIAN_POINT('Ctrl Pts',(52.9500967817812,38.9118212755429,-7.87048582939436));
#11173=CARTESIAN_POINT('Ctrl Pts',(52.9500967817812,38.9236819542993,-7.74097165878867));
#11174=CARTESIAN_POINT('Ctrl Pts',(52.9500967817812,38.9355426330558,-7.61145748818304));
#11175=CARTESIAN_POINT('Origin',(67.4500967817812,28.4500874808635,-5.99999999999998));
#11176=CARTESIAN_POINT('',(67.9500967817812,28.4500874808635,-3.24999999999998));
#11177=CARTESIAN_POINT('',(67.9500967817812,28.4500874808635,-5.99999999999998));
#11178=CARTESIAN_POINT('Origin',(67.4500967817812,28.4500874808635,-3.24999999999998));
#11179=CARTESIAN_POINT('Origin',(67.9500967817812,27.9500874808635,-5.99999999999998));
#11180=CARTESIAN_POINT('',(67.9500967817812,42.4500874808635,-3.24999999999999));
#11181=CARTESIAN_POINT('',(67.9500967817812,42.4500874808635,-5.99999999999999));
#11182=CARTESIAN_POINT('',(67.9500967817812,31.7000874808635,-3.24999999999998));
#11183=CARTESIAN_POINT('Origin',(67.4500967817812,42.4500874808635,-5.99999999999999));
#11184=CARTESIAN_POINT('',(67.4500967817812,42.9500874808635,-3.24999999999999));
#11185=CARTESIAN_POINT('',(67.4500967817812,42.9500874808635,-5.99999999999999));
#11186=CARTESIAN_POINT('Origin',(67.4500967817812,42.4500874808635,-3.24999999999999));
#11187=CARTESIAN_POINT('Origin',(67.9500967817812,42.9500874808635,-5.99999999999999));
#11188=CARTESIAN_POINT('',(53.4500967817812,42.9500874808634,-3.24999999999999));
#11189=CARTESIAN_POINT('',(53.4500967817812,42.9500874808634,-5.99999999999999));
#11190=CARTESIAN_POINT('',(64.2000967817812,42.9500874808635,-3.24999999999999));
#11191=CARTESIAN_POINT('Origin',(60.4500967817812,35.4500874808635,-5.99999999999998));
#11192=CARTESIAN_POINT('Origin',(54.9500967817812,38.8999605967864,-5.99999999999999));
#11193=CARTESIAN_POINT('Origin',(60.4500967817812,35.4500874808635,-5.99999999999998));
#11194=CARTESIAN_POINT('Origin',(53.9500958579092,28.9500863185729,-5.99999999999998));
#11195=CARTESIAN_POINT('Origin',(53.4500967817812,42.4500874808634,-5.99999999999999));
#11196=CARTESIAN_POINT('',(52.9500967817812,42.4500874808634,-3.24999999999999));
#11197=CARTESIAN_POINT('',(52.9500967817812,42.4500874808634,-5.99999999999999));
#11198=CARTESIAN_POINT('Origin',(53.4500967817812,42.4500874808634,-3.24999999999999));
#11199=CARTESIAN_POINT('Origin',(52.9500967817812,32.9500863185729,-5.99999999999998));
#11200=CARTESIAN_POINT('',(52.9500967817812,34.9500863185729,-3.24999999999999));
#11201=CARTESIAN_POINT('',(52.9500967817812,34.9500863185729,7.50000000000002));
#11202=CARTESIAN_POINT('',(52.9500967817812,34.2000868997181,-3.24999999999999));
#11203=CARTESIAN_POINT('Origin',(54.9500967817812,38.8999605967864,-7.99999999999998));
#11204=CARTESIAN_POINT('Origin',(55.35009715133,42.8799103080718,-7.99999999999999));
#11205=CARTESIAN_POINT('Origin',(53.9500958579092,28.9500863185729,-7.99999999999998));
#11206=CARTESIAN_POINT('Origin',(67.8799198138613,30.3500879457797,-7.99999999999998));
#11207=CARTESIAN_POINT('Origin',(63.8999701121607,29.9500874808635,-7.99999999999998));
#11208=CARTESIAN_POINT('Origin',(63.8999701121607,29.9500874808635,-5.99999999999998));
#11209=CARTESIAN_POINT('Origin',(60.4500967817812,35.4500874808635,-5.99999999999998));
#11210=CARTESIAN_POINT('Origin',(60.0750958579092,32.2000868997182,-3.12499999999999));
#11211=CARTESIAN_POINT('',(60.2000958579092,28.2000874808634,-2.99999999999998));
#11212=CARTESIAN_POINT('',(60.2000958579092,28.9500863185729,-2.99999999999998));
#11213=CARTESIAN_POINT('',(60.2000958579092,32.2000868997182,-2.99999999999999));
#11214=CARTESIAN_POINT('',(59.9500958579092,28.9500863185729,-3.24999999999999));
#11215=CARTESIAN_POINT('',(60.2000958579092,28.9500863185729,-2.99999999999998));
#11216=CARTESIAN_POINT('',(59.9500958579092,32.2000868997182,-3.24999999999999));
#11217=CARTESIAN_POINT('',(60.2000958579092,28.2000874808634,-2.99999999999998));
#11218=CARTESIAN_POINT('Origin',(53.9500958579092,28.9500863185729,-3.12499999999998));
#11219=CARTESIAN_POINT('',(53.9500958579092,35.2000863185729,-2.99999999999999));
#11220=CARTESIAN_POINT('',(53.9500958579092,34.9500863185729,-3.24999999999999));
#11221=CARTESIAN_POINT('',(53.9500958579092,35.2000863185729,-2.99999999999999));
#11222=CARTESIAN_POINT('Origin',(53.9500958579092,28.9500863185729,-3.24999999999998));
#11223=CARTESIAN_POINT('Origin',(53.9500958579092,28.9500863185729,-2.99999999999998));
#11224=CARTESIAN_POINT('Origin',(3.2000963198452,35.0750863185726,-3.12499999999999));
#11225=CARTESIAN_POINT('',(3.2000963198452,34.9500863185726,-3.24999999999999));
#11226=CARTESIAN_POINT('',(53.2000967817812,35.2000863185728,-2.99999999999999));
#11227=CARTESIAN_POINT('',(3.2000963198452,35.2000863185726,-2.99999999999999));
#11228=CARTESIAN_POINT('',(53.2000967817812,35.2000863185728,-2.99999999999999));
#11229=CARTESIAN_POINT('Origin',(53.0750967817812,34.2000868997181,-3.12499999999999));
#11230=CARTESIAN_POINT('',(53.2000967817812,42.4500874808634,-2.99999999999999));
#11231=CARTESIAN_POINT('',(53.2000967817812,34.2000868997181,-2.99999999999999));
#11232=CARTESIAN_POINT('',(53.2000967817812,42.4500874808634,-2.99999999999999));
#11233=CARTESIAN_POINT('Origin',(53.4500967817812,42.4500874808634,-3.12499999999999));
#11234=CARTESIAN_POINT('',(53.4500967817812,42.7000874808634,-2.99999999999999));
#11235=CARTESIAN_POINT('',(53.4500967817812,42.7000874808634,-2.99999999999999));
#11236=CARTESIAN_POINT('Origin',(53.4500967817812,42.4500874808634,-2.99999999999999));
#11237=CARTESIAN_POINT('Origin',(64.2000967817812,42.8250874808635,-3.12499999999999));
#11238=CARTESIAN_POINT('',(67.4500967817812,42.7000874808635,-2.99999999999999));
#11239=CARTESIAN_POINT('',(67.4500967817812,42.7000874808635,-2.99999999999999));
#11240=CARTESIAN_POINT('',(64.2000967817812,42.7000874808635,-2.99999999999999));
#11241=CARTESIAN_POINT('Origin',(67.4500967817812,42.4500874808635,-3.12499999999999));
#11242=CARTESIAN_POINT('',(67.7000967817811,42.4500874808635,-2.99999999999999));
#11243=CARTESIAN_POINT('',(67.7000967817811,42.4500874808635,-2.99999999999999));
#11244=CARTESIAN_POINT('Origin',(67.4500967817812,42.4500874808635,-2.99999999999999));
#11245=CARTESIAN_POINT('Origin',(67.8250967817812,31.7000874808635,-3.12499999999998));
#11246=CARTESIAN_POINT('',(67.7000967817812,28.4500874808635,-2.99999999999998));
#11247=CARTESIAN_POINT('',(67.7000967817812,28.4500874808635,-2.99999999999998));
#11248=CARTESIAN_POINT('',(67.7000967817812,31.7000874808635,-2.99999999999998));
#11249=CARTESIAN_POINT('Origin',(67.4500967817812,28.4500874808635,-3.12499999999998));
#11250=CARTESIAN_POINT('',(67.4500967817812,28.2000874808635,-2.99999999999998));
#11251=CARTESIAN_POINT('',(67.4500967817812,28.2000874808635,-2.99999999999998));
#11252=CARTESIAN_POINT('Origin',(67.4500967817812,28.4500874808635,-2.99999999999998));
#11253=CARTESIAN_POINT('Origin',(61.2000963198452,28.0750874808635,-3.12499999999998));
#11254=CARTESIAN_POINT('',(61.2000963198452,28.2000874808635,-2.99999999999998));
#11255=CARTESIAN_POINT('Origin',(59.9500958579092,28.9500863185729,21.));
#11256=CARTESIAN_POINT('',(59.9500958579092,28.9500863185729,-26.));
#11257=CARTESIAN_POINT('Origin',(60.4500967817812,35.4500874808635,-2.99999999999999));
#11258=CARTESIAN_POINT('Origin',(53.9500958579092,28.9500863185729,21.));
#11259=CARTESIAN_POINT('',(53.9500958579092,34.9500863185729,-26.));
#11260=CARTESIAN_POINT('Origin',(-54.0499041420908,34.9500863185724,21.));
#11261=CARTESIAN_POINT('Origin',(52.9537878510259,-96.,-68.));
#11262=CARTESIAN_POINT('',(52.9537878510259,-85.0000047696685,-70.));
#11263=CARTESIAN_POINT('',(52.9537878510259,-85.0000047696685,-68.));
#11264=CARTESIAN_POINT('',(52.9537878510259,-96.,-70.));
#11265=CARTESIAN_POINT('',(52.9537878510259,-85.0000047696685,-70.));
#11266=CARTESIAN_POINT('',(52.9537878510259,-96.,-68.));
#11267=CARTESIAN_POINT('',(52.9537878510259,-96.,-69.));
#11268=CARTESIAN_POINT('',(52.9537878510259,-85.0000047696685,-68.));
#11269=CARTESIAN_POINT('Origin',(59.9500910882412,-78.0037012916117,-68.));
#11270=CARTESIAN_POINT('',(71.,-78.0037012916117,-68.));
#11271=CARTESIAN_POINT('',(59.9500910882412,-78.0037012916117,-68.));
#11272=CARTESIAN_POINT('',(71.,-78.0037012916117,-70.));
#11273=CARTESIAN_POINT('',(71.,-78.0037012916117,-69.));
#11274=CARTESIAN_POINT('',(59.9500910882412,-78.0037012916117,-70.));
#11275=CARTESIAN_POINT('',(59.9500910882412,-78.0037012916117,-70.));
#11276=CARTESIAN_POINT('',(59.9500910882412,-78.0037012916117,-68.));
#11277=CARTESIAN_POINT('Origin',(59.9500910882413,-79.0000047696685,-68.));
#11278=CARTESIAN_POINT('',(59.9500910882413,-79.0000047696685,-70.));
#11279=CARTESIAN_POINT('',(59.9500910882413,-79.0000047696685,-70.));
#11280=CARTESIAN_POINT('',(59.9500910882413,-79.0000047696685,-68.));
#11281=CARTESIAN_POINT('Origin',(53.9500910882413,-79.0000047696685,-68.));
#11282=CARTESIAN_POINT('',(53.9500910882412,-85.0000047696685,-70.));
#11283=CARTESIAN_POINT('Origin',(53.9500910882413,-79.0000047696685,-70.));
#11284=CARTESIAN_POINT('',(53.9500910882412,-85.0000047696685,-68.));
#11285=CARTESIAN_POINT('Origin',(52.9537878510259,-85.0000047696685,-68.));
#11286=CARTESIAN_POINT('',(52.9537878510259,-85.0000047696685,-70.));
#11287=CARTESIAN_POINT('Origin',(71.,46.,-70.));
#11288=CARTESIAN_POINT('',(71.,27.9537830813576,-68.));
#11289=CARTESIAN_POINT('',(71.,-20.,-68.));
#11290=CARTESIAN_POINT('',(71.,27.9537830813576,-70.));
#11291=CARTESIAN_POINT('',(71.,27.9537830813576,-69.));
#11292=CARTESIAN_POINT('',(71.,-20.,-70.));
#11293=CARTESIAN_POINT('Origin',(71.,-96.,-70.));
#11294=CARTESIAN_POINT('',(-53.0036965219432,-96.,-70.));
#11295=CARTESIAN_POINT('',(71.,-96.,-70.));
#11296=CARTESIAN_POINT('',(-53.0036965219432,-96.,-68.));
#11297=CARTESIAN_POINT('',(-53.0036965219432,-96.,-69.));
#11298=CARTESIAN_POINT('',(71.,-96.,-68.));
#11299=CARTESIAN_POINT('Origin',(-71.,-78.0036967627847,-68.));
#11300=CARTESIAN_POINT('',(-60.,-78.0036967627847,-70.));
#11301=CARTESIAN_POINT('',(-60.,-78.0036967627847,-68.));
#11302=CARTESIAN_POINT('',(-71.,-78.0036967627847,-70.));
#11303=CARTESIAN_POINT('',(-60.,-78.0036967627847,-70.));
#11304=CARTESIAN_POINT('',(-71.,-78.0036967627847,-68.));
#11305=CARTESIAN_POINT('',(-71.,-78.0036967627847,-69.));
#11306=CARTESIAN_POINT('',(-60.,-78.0036967627847,-68.));
#11307=CARTESIAN_POINT('Origin',(-53.0036965219432,-85.,-68.));
#11308=CARTESIAN_POINT('',(-53.0036965219432,-85.,-68.));
#11309=CARTESIAN_POINT('',(-53.0036965219432,-85.,-70.));
#11310=CARTESIAN_POINT('',(-53.0036965219432,-85.,-70.));
#11311=CARTESIAN_POINT('',(-53.0036965219432,-85.,-68.));
#11312=CARTESIAN_POINT('Origin',(-54.,-85.,-68.));
#11313=CARTESIAN_POINT('',(-54.,-85.,-70.));
#11314=CARTESIAN_POINT('',(-54.,-85.,-70.));
#11315=CARTESIAN_POINT('',(-54.,-85.,-68.));
#11316=CARTESIAN_POINT('Origin',(-54.,-79.,-68.));
#11317=CARTESIAN_POINT('',(-60.,-79.,-70.));
#11318=CARTESIAN_POINT('Origin',(-54.,-79.,-70.));
#11319=CARTESIAN_POINT('',(-60.,-79.,-68.));
#11320=CARTESIAN_POINT('Origin',(-60.,-78.0036967627847,-68.));
#11321=CARTESIAN_POINT('',(-60.,-78.0036967627847,-70.));
#11322=CARTESIAN_POINT('Origin',(-71.,-96.,-70.));
#11323=CARTESIAN_POINT('',(-71.,27.9537876101841,-70.));
#11324=CARTESIAN_POINT('',(-71.,46.,-70.));
#11325=CARTESIAN_POINT('',(-71.,27.9537876101841,-68.));
#11326=CARTESIAN_POINT('',(-71.,27.9537876101841,-69.));
#11327=CARTESIAN_POINT('',(-71.,46.,-68.));
#11328=CARTESIAN_POINT('Origin',(71.,27.9537830813576,-68.));
#11329=CARTESIAN_POINT('',(59.9500958579092,27.9537830813576,-70.));
#11330=CARTESIAN_POINT('',(59.9500958579092,27.9537830813576,-68.));
#11331=CARTESIAN_POINT('',(59.9500958579092,27.9537830813576,-70.));
#11332=CARTESIAN_POINT('',(59.9500958579092,27.9537830813576,-68.));
#11333=CARTESIAN_POINT('Origin',(52.9537923798524,34.9500863185729,-68.));
#11334=CARTESIAN_POINT('',(52.9537923798524,46.,-68.));
#11335=CARTESIAN_POINT('',(52.9537923798524,34.9500863185729,-68.));
#11336=CARTESIAN_POINT('',(52.9537923798524,46.,-70.));
#11337=CARTESIAN_POINT('',(52.9537923798524,46.,-69.));
#11338=CARTESIAN_POINT('',(52.9537923798524,34.9500863185729,-70.));
#11339=CARTESIAN_POINT('',(52.9537923798524,34.9500863185729,-70.));
#11340=CARTESIAN_POINT('',(52.9537923798524,34.9500863185729,-68.));
#11341=CARTESIAN_POINT('Origin',(53.9500958579092,34.9500863185729,-68.));
#11342=CARTESIAN_POINT('',(53.9500958579092,34.9500863185729,-70.));
#11343=CARTESIAN_POINT('',(53.9500958579092,34.9500863185729,-70.));
#11344=CARTESIAN_POINT('',(53.9500958579092,34.9500863185729,-68.));
#11345=CARTESIAN_POINT('Origin',(53.9500958579092,28.9500863185729,-68.));
#11346=CARTESIAN_POINT('',(59.9500958579092,28.9500863185729,-70.));
#11347=CARTESIAN_POINT('Origin',(53.9500958579092,28.9500863185729,-70.));
#11348=CARTESIAN_POINT('',(59.9500958579092,28.9500863185729,-68.));
#11349=CARTESIAN_POINT('Origin',(59.9500958579092,27.9537830813576,-68.));
#11350=CARTESIAN_POINT('',(59.9500958579092,27.9537830813576,-70.));
#11351=CARTESIAN_POINT('Origin',(-59.999995230332,27.9537876101841,-68.));
#11352=CARTESIAN_POINT('',(-59.999995230332,27.9537876101841,-68.));
#11353=CARTESIAN_POINT('',(-59.999995230332,27.9537876101841,-70.));
#11354=CARTESIAN_POINT('',(-59.999995230332,27.9537876101841,-70.));
#11355=CARTESIAN_POINT('',(-59.999995230332,27.9537876101841,-68.));
#11356=CARTESIAN_POINT('Origin',(-59.999995230332,28.9500910882408,-68.));
#11357=CARTESIAN_POINT('',(-59.999995230332,28.9500910882408,-70.));
#11358=CARTESIAN_POINT('',(-59.999995230332,28.9500910882408,-70.));
#11359=CARTESIAN_POINT('',(-59.999995230332,28.9500910882408,-68.));
#11360=CARTESIAN_POINT('Origin',(-53.999995230332,28.9500910882408,-68.));
#11361=CARTESIAN_POINT('',(-53.999995230332,34.9500910882408,-70.));
#11362=CARTESIAN_POINT('Origin',(-53.999995230332,28.9500910882408,-70.));
#11363=CARTESIAN_POINT('',(-53.999995230332,34.9500910882408,-68.));
#11364=CARTESIAN_POINT('Origin',(-53.0036919931167,34.9500910882408,-68.));
#11365=CARTESIAN_POINT('',(-53.0036919931167,34.9500910882408,-70.));
#11366=CARTESIAN_POINT('',(-53.0036919931167,34.9500910882408,-70.));
#11367=CARTESIAN_POINT('',(-53.0036919931167,34.9500910882408,-68.));
#11368=CARTESIAN_POINT('Origin',(-53.0036919931167,46.,-68.));
#11369=CARTESIAN_POINT('',(-53.0036919931167,46.,-70.));
#11370=CARTESIAN_POINT('',(-53.0036919931167,34.9500910882408,-70.));
#11371=CARTESIAN_POINT('',(-53.0036919931167,46.,-68.));
#11372=CARTESIAN_POINT('',(-53.0036919931167,46.,-69.));
#11373=CARTESIAN_POINT('',(-53.0036919931167,34.9500910882408,-68.));
#11374=CARTESIAN_POINT('Origin',(-71.,46.,-70.));
#11375=CARTESIAN_POINT('',(-71.,46.,-68.));
#11376=CARTESIAN_POINT('',(-71.,46.,-70.));
#11377=CARTESIAN_POINT('Origin',(78.,-101.,-70.));
#11378=CARTESIAN_POINT('',(78.,51.,-68.));
#11379=CARTESIAN_POINT('',(78.,-101.,-68.));
#11380=CARTESIAN_POINT('',(78.,-63.,-68.));
#11381=CARTESIAN_POINT('',(78.,-101.,-74.));
#11382=CARTESIAN_POINT('',(78.,-101.,-70.));
#11383=CARTESIAN_POINT('',(78.,51.,-74.));
#11384=CARTESIAN_POINT('',(78.,51.,-74.));
#11385=CARTESIAN_POINT('',(78.,51.,-70.));
#11386=CARTESIAN_POINT('Origin',(76.,-101.,-70.));
#11387=CARTESIAN_POINT('',(76.,-103.,-68.));
#11388=CARTESIAN_POINT('Origin',(76.,-101.,-68.));
#11389=CARTESIAN_POINT('',(76.,-103.,-74.));
#11390=CARTESIAN_POINT('',(76.,-103.,-70.));
#11391=CARTESIAN_POINT('Origin',(76.,-101.,-74.));
#11392=CARTESIAN_POINT('Origin',(-76.,-103.,-70.));
#11393=CARTESIAN_POINT('',(-76.,-103.,-68.));
#11394=CARTESIAN_POINT('',(-38.,-103.,-68.));
#11395=CARTESIAN_POINT('',(-76.,-103.,-74.));
#11396=CARTESIAN_POINT('',(-76.,-103.,-70.));
#11397=CARTESIAN_POINT('',(76.,-103.,-74.));
#11398=CARTESIAN_POINT('Origin',(-76.,-101.,-70.));
#11399=CARTESIAN_POINT('',(-78.,-101.,-68.));
#11400=CARTESIAN_POINT('Origin',(-76.,-101.,-68.));
#11401=CARTESIAN_POINT('',(-78.,-101.,-74.));
#11402=CARTESIAN_POINT('',(-78.,-101.,-70.));
#11403=CARTESIAN_POINT('Origin',(-76.,-101.,-74.));
#11404=CARTESIAN_POINT('Origin',(75.,-100.,-64.));
#11405=CARTESIAN_POINT('',(75.,50.,-70.));
#11406=CARTESIAN_POINT('',(75.,-100.,-70.));
#11407=CARTESIAN_POINT('',(75.,-62.5,-70.));
#11408=CARTESIAN_POINT('',(75.,50.,-74.));
#11409=CARTESIAN_POINT('',(75.,50.,-64.));
#11410=CARTESIAN_POINT('',(75.,-100.,-74.));
#11411=CARTESIAN_POINT('',(75.,50.,-74.));
#11412=CARTESIAN_POINT('',(75.,-100.,-64.));
#11413=CARTESIAN_POINT('Origin',(75.,50.,-64.));
#11414=CARTESIAN_POINT('',(-75.,50.,-70.));
#11415=CARTESIAN_POINT('',(37.5,50.,-70.));
#11416=CARTESIAN_POINT('',(-75.,50.,-74.));
#11417=CARTESIAN_POINT('',(-75.,50.,-64.));
#11418=CARTESIAN_POINT('',(-75.,50.,-74.));
#11419=CARTESIAN_POINT('Origin',(-75.,-100.,-64.));
#11420=CARTESIAN_POINT('',(-75.,-100.,-70.));
#11421=CARTESIAN_POINT('',(-37.5,-100.,-70.));
#11422=CARTESIAN_POINT('',(-75.,-100.,-74.));
#11423=CARTESIAN_POINT('',(75.,-100.,-74.));
#11424=CARTESIAN_POINT('',(-75.,-100.,-64.));
#11425=CARTESIAN_POINT('Origin',(-75.,50.,-64.));
#11426=CARTESIAN_POINT('',(-75.,12.5,-70.));
#11427=CARTESIAN_POINT('',(-75.,-100.,-74.));
#11428=CARTESIAN_POINT('Origin',(0.,-25.,-74.));
#11429=CARTESIAN_POINT('',(-78.,51.,-74.));
#11430=CARTESIAN_POINT('',(-76.,53.,-74.));
#11431=CARTESIAN_POINT('Origin',(-76.,51.,-74.));
#11432=CARTESIAN_POINT('',(76.,53.,-74.));
#11433=CARTESIAN_POINT('',(-76.,53.,-74.));
#11434=CARTESIAN_POINT('Origin',(76.,51.,-74.));
#11435=CARTESIAN_POINT('',(-78.,-101.,-74.));
#11436=CARTESIAN_POINT('Origin',(0.,-25.,-68.));
#11437=CARTESIAN_POINT('',(-78.,51.,-68.));
#11438=CARTESIAN_POINT('',(-76.,53.,-68.));
#11439=CARTESIAN_POINT('Origin',(-76.,51.,-68.));
#11440=CARTESIAN_POINT('',(-78.,13.,-68.));
#11441=CARTESIAN_POINT('',(76.,53.,-68.));
#11442=CARTESIAN_POINT('Origin',(76.,51.,-68.));
#11443=CARTESIAN_POINT('',(38.,53.,-68.));
#11444=CARTESIAN_POINT('Origin',(76.,53.,-70.));
#11445=CARTESIAN_POINT('',(76.,53.,-70.));
#11446=CARTESIAN_POINT('',(-76.,53.,-64.));
#11447=CARTESIAN_POINT('Origin',(76.,51.,-70.));
#11448=CARTESIAN_POINT('Origin',(-78.,51.,-70.));
#11449=CARTESIAN_POINT('',(-78.,51.,-70.));
#11450=CARTESIAN_POINT('Origin',(-76.,51.,-70.));
#11451=CARTESIAN_POINT('Origin',(0.,-25.,-70.));
#11452=UNCERTAINTY_MEASURE_WITH_UNIT(LENGTH_MEASURE(0.01),#11456,
'DISTANCE_ACCURACY_VALUE',
'Maximum model space distance between geometric entities at asserted c
onnectivities');
#11453=UNCERTAINTY_MEASURE_WITH_UNIT(LENGTH_MEASURE(0.01),#11456,
'DISTANCE_ACCURACY_VALUE',
'Maximum model space distance between geometric entities at asserted c
onnectivities');
#11454=(
GEOMETRIC_REPRESENTATION_CONTEXT(3)
GLOBAL_UNCERTAINTY_ASSIGNED_CONTEXT((#11452))
GLOBAL_UNIT_ASSIGNED_CONTEXT((#11456,#11458,#11459))
REPRESENTATION_CONTEXT('','3D')
);
#11455=(
GEOMETRIC_REPRESENTATION_CONTEXT(3)
GLOBAL_UNCERTAINTY_ASSIGNED_CONTEXT((#11453))
GLOBAL_UNIT_ASSIGNED_CONTEXT((#11456,#11458,#11459))
REPRESENTATION_CONTEXT('','3D')
);
#11456=(
LENGTH_UNIT()
NAMED_UNIT(*)
SI_UNIT(.MILLI.,.METRE.)
);
#11457=(
LENGTH_UNIT()
NAMED_UNIT(*)
SI_UNIT($,.METRE.)
);
#11458=(
NAMED_UNIT(*)
PLANE_ANGLE_UNIT()
SI_UNIT($,.RADIAN.)
);
#11459=(
NAMED_UNIT(*)
SI_UNIT($,.STERADIAN.)
SOLID_ANGLE_UNIT()
);
#11460=SHAPE_DEFINITION_REPRESENTATION(#11461,#11462);
#11461=PRODUCT_DEFINITION_SHAPE('',$,#11464);
#11462=SHAPE_REPRESENTATION('',(#4274),#11454);
#11463=PRODUCT_DEFINITION_CONTEXT('part definition',#11468,'design');
#11464=PRODUCT_DEFINITION('2026-08-23-20-11-02-706','FusionComponent',#11465,
#11463);
#11465=PRODUCT_DEFINITION_FORMATION('',$,#11470);
#11466=PRODUCT_RELATED_PRODUCT_CATEGORY('FusionComponent',
'FusionComponent',(#11470));
#11467=APPLICATION_PROTOCOL_DEFINITION('international standard',
'automotive_design',2009,#11468);
#11468=APPLICATION_CONTEXT(
'Core Data for Automotive Mechanical Design Process');
#11469=PRODUCT_CONTEXT('part definition',#11468,'mechanical');
#11470=PRODUCT('2026-08-23-20-11-02-706','FusionComponent',$,(#11469));
#11471=PRESENTATION_STYLE_ASSIGNMENT((#11473));
#11472=PRESENTATION_STYLE_ASSIGNMENT((#11474));
#11473=SURFACE_STYLE_USAGE(.BOTH.,#11475);
#11474=SURFACE_STYLE_USAGE(.BOTH.,#11476);
#11475=SURFACE_SIDE_STYLE('',(#11477));
#11476=SURFACE_SIDE_STYLE('',(#11478));
#11477=SURFACE_STYLE_FILL_AREA(#11479);
#11478=SURFACE_STYLE_FILL_AREA(#11480);
#11479=FILL_AREA_STYLE('Steel - Satin',(#11481));
#11480=FILL_AREA_STYLE('Nylon 12 (with Formlabs Fuse 1 3D Printer)',(#11482));
#11481=FILL_AREA_STYLE_COLOUR('Steel - Satin',#11483);
#11482=FILL_AREA_STYLE_COLOUR(
'Nylon 12 (with Formlabs Fuse 1 3D Printer)',#11484);
#11483=COLOUR_RGB('Steel - Satin',0.627450980392157,0.627450980392157,0.627450980392157);
#11484=COLOUR_RGB('Nylon 12 (with Formlabs Fuse 1 3D Printer)',0.247058823529412,
0.247058823529412,0.247058823529412);
ENDSEC;
END-ISO-10303-21;
