ISO-10303-21;
HEADER;
/* Generated by software containing ST-Developer
 * from STEP Tools, Inc. (www.steptools.com) 
 */

FILE_DESCRIPTION(
/* description */ (''),
/* implementation_level */ '2;1');

FILE_NAME(
/* name */ 'DGX Fan Shroud.step',
/* time_stamp */ '2026-08-26T01:39:32-07:00',
/* author */ (''),
/* organization */ (''),
/* preprocessor_version */ 'ST-DEVELOPER v20.1',
/* originating_system */ 'Autodesk Translation Framework v15.8.0.0',
/* authorisation */ '');

FILE_SCHEMA (('AUTOMOTIVE_DESIGN { 1 0 10303 214 3 1 1 }'));
ENDSEC;

DATA;
#10=MECHANICAL_DESIGN_GEOMETRIC_PRESENTATION_REPRESENTATION('',(#13),#4676);
#11=SHAPE_REPRESENTATION_RELATIONSHIP('SRR','None',#4683,#12);
#12=ADVANCED_BREP_SHAPE_REPRESENTATION('',(#14),#4675);
#13=STYLED_ITEM('',(#4693),#14);
#14=MANIFOLD_SOLID_BREP('DGX Fan Shroud',#2609);
#15=FACE_BOUND('',#321,.T.);
#16=FACE_BOUND('',#335,.T.);
#17=FACE_BOUND('',#337,.T.);
#18=PLANE('',#2671);
#19=PLANE('',#2683);
#20=PLANE('',#2692);
#21=PLANE('',#2693);
#22=PLANE('',#2720);
#23=PLANE('',#2721);
#24=PLANE('',#2722);
#25=PLANE('',#2727);
#26=PLANE('',#2728);
#27=PLANE('',#2729);
#28=PLANE('',#2730);
#29=PLANE('',#2731);
#30=PLANE('',#2732);
#31=PLANE('',#2737);
#32=PLANE('',#2738);
#33=PLANE('',#2739);
#34=PLANE('',#2740);
#35=PLANE('',#2741);
#36=PLANE('',#2748);
#37=PLANE('',#2753);
#38=PLANE('',#2754);
#39=PLANE('',#2755);
#40=PLANE('',#2756);
#41=PLANE('',#2757);
#42=PLANE('',#2758);
#43=PLANE('',#2759);
#44=PLANE('',#2760);
#45=PLANE('',#2761);
#46=PLANE('',#2762);
#47=PLANE('',#2763);
#48=PLANE('',#2764);
#49=PLANE('',#2765);
#50=PLANE('',#2769);
#51=PLANE('',#2770);
#52=PLANE('',#2771);
#53=PLANE('',#2773);
#54=PLANE('',#2774);
#55=PLANE('',#2775);
#56=PLANE('',#2777);
#57=PLANE('',#2779);
#58=PLANE('',#2780);
#59=PLANE('',#2782);
#60=PLANE('',#2783);
#61=PLANE('',#2784);
#62=PLANE('',#2785);
#63=PLANE('',#2786);
#64=PLANE('',#2788);
#65=PLANE('',#2789);
#66=PLANE('',#2790);
#67=PLANE('',#2791);
#68=PLANE('',#2796);
#69=PLANE('',#2803);
#70=PLANE('',#2808);
#71=PLANE('',#2809);
#72=PLANE('',#2810);
#73=PLANE('',#2811);
#74=PLANE('',#2812);
#75=PLANE('',#2813);
#76=PLANE('',#2814);
#77=PLANE('',#2816);
#78=PLANE('',#2818);
#79=PLANE('',#2819);
#80=PLANE('',#2820);
#81=PLANE('',#2821);
#82=PLANE('',#2822);
#83=PLANE('',#2823);
#84=PLANE('',#2825);
#85=PLANE('',#2828);
#86=PLANE('',#2830);
#87=PLANE('',#2831);
#88=PLANE('',#2832);
#89=PLANE('',#2833);
#90=PLANE('',#2834);
#91=PLANE('',#2835);
#92=PLANE('',#2836);
#93=PLANE('',#2837);
#94=PLANE('',#2838);
#95=PLANE('',#2839);
#96=PLANE('',#2840);
#97=PLANE('',#2841);
#98=PLANE('',#2842);
#99=PLANE('',#2843);
#100=PLANE('',#2844);
#101=PLANE('',#2845);
#102=SPHERICAL_SURFACE('',#2665,1.);
#103=SPHERICAL_SURFACE('',#2667,1.);
#104=SPHERICAL_SURFACE('',#2704,3.);
#105=SPHERICAL_SURFACE('',#2711,3.00000000000001);
#106=B_SPLINE_CURVE_WITH_KNOTS('',3,(#3697,#3698,#3699,#3700,#3701,#3702,
#3703),.UNSPECIFIED.,.F.,.F.,(4,1,1,1,4),(-0.476428855758055,-0.204183795324881,
-0.136122530216587,-0.0680612651082935,0.),.UNSPECIFIED.);
#107=B_SPLINE_CURVE_WITH_KNOTS('',3,(#3706,#3707,#3708,#3709,#3710,#3711,
#3712),.UNSPECIFIED.,.F.,.F.,(4,1,1,1,4),(0.,0.0680612651082935,0.136122530216587,
0.204183795324881,0.476428855758055),.UNSPECIFIED.);
#108=B_SPLINE_CURVE_WITH_KNOTS('',3,(#3750,#3751,#3752,#3753,#3754,#3755),
 .UNSPECIFIED.,.F.,.F.,(4,1,1,4),(-0.476221406370977,-0.408189776889409,
-0.272126517926273,0.),.UNSPECIFIED.);
#109=B_SPLINE_CURVE_WITH_KNOTS('',3,(#3758,#3759,#3760,#3761,#3762,#3763),
 .UNSPECIFIED.,.F.,.F.,(4,1,1,4),(0.,0.272126517926273,0.408189776889409,
0.476221406370977),.UNSPECIFIED.);
#110=B_SPLINE_CURVE_WITH_KNOTS('',3,(#3830,#3831,#3832,#3833,#3834,#3835,
#3836,#3837),.UNSPECIFIED.,.F.,.F.,(4,2,1,1,4),(-0.00115502965650342,0.,
0.205490665792394,0.308235998688591,0.513726664480985),.UNSPECIFIED.);
#111=B_SPLINE_CURVE_WITH_KNOTS('',3,(#3841,#3842,#3843,#3844,#3845,#3846,
#3847,#3848),.UNSPECIFIED.,.F.,.F.,(4,1,1,2,4),(0.,0.102745332896197,0.205490665792394,
0.513726664480984,0.514881694137488),.UNSPECIFIED.);
#112=B_SPLINE_CURVE_WITH_KNOTS('',3,(#4407,#4408,#4409,#4410,#4411,#4412,
#4413,#4414),.UNSPECIFIED.,.F.,.F.,(4,2,1,1,4),(-0.514881694137488,-0.513726664480984,
-0.205490665792394,-0.102745332896197,0.),.UNSPECIFIED.);
#113=B_SPLINE_CURVE_WITH_KNOTS('',3,(#4517,#4518,#4519,#4520,#4521,#4522,
#4523,#4524),.UNSPECIFIED.,.F.,.F.,(4,1,1,2,4),(-0.513726664480985,-0.308235998688591,
-0.205490665792394,0.,0.00115502965650342),.UNSPECIFIED.);
#114=ELLIPSE('',#2654,5.65685424949238,4.);
#115=ELLIPSE('',#2655,4.99999999999999,3.);
#116=ELLIPSE('',#2661,5.65685424949238,4.);
#117=ELLIPSE('',#2662,4.99999999999999,3.);
#118=ELLIPSE('',#2675,5.,3.);
#119=ELLIPSE('',#2676,5.,3.);
#120=ELLIPSE('',#2684,5.65685424949238,4.);
#121=ELLIPSE('',#2685,5.65685424949238,4.);
#122=ELLIPSE('',#2686,5.65685424949238,4.);
#123=ELLIPSE('',#2687,5.65685424949238,4.);
#124=ELLIPSE('',#2689,5.,3.);
#125=ELLIPSE('',#2690,5.,3.);
#126=ELLIPSE('',#2698,3.16227766016838,3.);
#127=ELLIPSE('',#2699,3.16227766016837,3.);
#128=ELLIPSE('',#2701,3.16227766016835,3.);
#129=ELLIPSE('',#2702,3.16227766016838,3.);
#130=B_SPLINE_SURFACE_WITH_KNOTS('',3,3,((#3636,#3637,#3638,#3639),(#3640,
#3641,#3642,#3643),(#3644,#3645,#3646,#3647),(#3648,#3649,#3650,#3651),
(#3652,#3653,#3654,#3655)),.UNSPECIFIED.,.F.,.F.,.F.,(4,1,4),(4,4),(0.,
0.571428571428571,1.),(-1.5707963267949,-0.927202364960722),
 .UNSPECIFIED.);
#131=B_SPLINE_SURFACE_WITH_KNOTS('',3,3,((#3661,#3662,#3663,#3664,#3665,
#3666,#3667),(#3668,#3669,#3670,#3671,#3672,#3673,#3674),(#3675,#3676,#3677,
#3678,#3679,#3680,#3681),(#3682,#3683,#3684,#3685,#3686,#3687,#3688),(#3689,
#3690,#3691,#3692,#3693,#3694,#3695)),.UNSPECIFIED.,.F.,.F.,.F.,(4,1,4),
(4,1,1,1,4),(0.,0.5,1.),(0.,0.0680612651082935,0.136122530216587,0.204183795324881,
0.476428855758055),.UNSPECIFIED.);
#132=B_SPLINE_SURFACE_WITH_KNOTS('',3,3,((#3719,#3720,#3721,#3722,#3723,
#3724),(#3725,#3726,#3727,#3728,#3729,#3730),(#3731,#3732,#3733,#3734,#3735,
#3736),(#3737,#3738,#3739,#3740,#3741,#3742),(#3743,#3744,#3745,#3746,#3747,
#3748)),.UNSPECIFIED.,.F.,.F.,.F.,(4,1,4),(4,1,1,4),(0.,0.5,1.),(0.,0.272126517926273,
0.408189776889409,0.476221406370977),.UNSPECIFIED.);
#133=B_SPLINE_SURFACE_WITH_KNOTS('',3,3,((#3764,#3765,#3766,#3767),(#3768,
#3769,#3770,#3771),(#3772,#3773,#3774,#3775),(#3776,#3777,#3778,#3779),
(#3780,#3781,#3782,#3783)),.UNSPECIFIED.,.F.,.F.,.F.,(4,1,4),(4,4),(0.,
0.571428571428571,1.),(0.927202364960726,1.5707963267949),.UNSPECIFIED.);
#134=B_SPLINE_SURFACE_WITH_KNOTS('',3,3,((#3904,#3905,#3906,#3907,#3908,
#3909),(#3910,#3911,#3912,#3913,#3914,#3915),(#3916,#3917,#3918,#3919,#3920,
#3921),(#3922,#3923,#3924,#3925,#3926,#3927),(#3928,#3929,#3930,#3931,#3932,
#3933)),.UNSPECIFIED.,.F.,.F.,.F.,(4,1,4),(4,1,1,4),(0.,0.571428571428571,
1.),(6.93889390390724E-17,0.448798950512828,0.673198425769241,1.5707963267949),
 .UNSPECIFIED.);
#135=B_SPLINE_SURFACE_WITH_KNOTS('',3,3,((#3940,#3941,#3942,#3943,#3944,
#3945),(#3946,#3947,#3948,#3949,#3950,#3951),(#3952,#3953,#3954,#3955,#3956,
#3957),(#3958,#3959,#3960,#3961,#3962,#3963),(#3964,#3965,#3966,#3967,#3968,
#3969)),.UNSPECIFIED.,.F.,.F.,.F.,(4,1,4),(4,1,1,4),(0.,0.571428571428571,
1.),(1.38777878078146E-16,0.448798950512828,0.897597901025655,1.5707963267949),
 .UNSPECIFIED.);
#136=B_SPLINE_SURFACE_WITH_KNOTS('',3,3,((#4375,#4376,#4377,#4378,#4379,
#4380,#4381,#4382),(#4383,#4384,#4385,#4386,#4387,#4388,#4389,#4390),(#4391,
#4392,#4393,#4394,#4395,#4396,#4397,#4398),(#4399,#4400,#4401,#4402,#4403,
#4404,#4405,#4406)),.UNSPECIFIED.,.F.,.F.,.F.,(4,4),(4,2,1,1,4),(0.,1.),
(-0.514881694137488,-0.513726664480984,-0.205490665792394,-0.102745332896197,
0.),.UNSPECIFIED.);
#137=B_SPLINE_SURFACE_WITH_KNOTS('',3,3,((#4416,#4417,#4418,#4419),(#4420,
#4421,#4422,#4423),(#4424,#4425,#4426,#4427),(#4428,#4429,#4430,#4431),
(#4432,#4433,#4434,#4435)),.UNSPECIFIED.,.F.,.F.,.F.,(4,1,4),(4,4),(0.,
0.5,1.),(0.944946255867452,1.20942920288819),.UNSPECIFIED.);
#138=B_SPLINE_SURFACE_WITH_KNOTS('',3,3,((#4437,#4438,#4439,#4440),(#4441,
#4442,#4443,#4444),(#4445,#4446,#4447,#4448),(#4449,#4450,#4451,#4452),
(#4453,#4454,#4455,#4456)),.UNSPECIFIED.,.F.,.F.,.F.,(4,1,4),(4,4),(0.,
0.571428571428571,1.),(1.20942920288819,1.5707963267949),.UNSPECIFIED.);
#139=B_SPLINE_SURFACE_WITH_KNOTS('',3,3,((#4463,#4464,#4465,#4466),(#4467,
#4468,#4469,#4470),(#4471,#4472,#4473,#4474),(#4475,#4476,#4477,#4478),
(#4479,#4480,#4481,#4482)),.UNSPECIFIED.,.F.,.F.,.F.,(4,1,4),(4,4),(0.,
0.5,1.),(0.944946255867452,1.20942920288819),.UNSPECIFIED.);
#140=B_SPLINE_SURFACE_WITH_KNOTS('',3,3,((#4485,#4486,#4487,#4488,#4489,
#4490,#4491,#4492),(#4493,#4494,#4495,#4496,#4497,#4498,#4499,#4500),(#4501,
#4502,#4503,#4504,#4505,#4506,#4507,#4508),(#4509,#4510,#4511,#4512,#4513,
#4514,#4515,#4516)),.UNSPECIFIED.,.F.,.F.,.F.,(4,4),(4,2,1,1,4),(0.,1.),
(-0.00115502965650342,0.,0.205490665792394,0.308235998688591,0.513726664480985),
 .UNSPECIFIED.);
#141=B_SPLINE_SURFACE_WITH_KNOTS('',3,3,((#4525,#4526,#4527,#4528),(#4529,
#4530,#4531,#4532),(#4533,#4534,#4535,#4536),(#4537,#4538,#4539,#4540),
(#4541,#4542,#4543,#4544)),.UNSPECIFIED.,.F.,.F.,.F.,(4,1,4),(4,4),(0.,
0.571428571428571,1.),(-1.5707963267949,-1.20942920288819),
 .UNSPECIFIED.);
#142=TOROIDAL_SURFACE('',#2626,7.,1.);
#143=TOROIDAL_SURFACE('',#2630,7.,1.);
#144=TOROIDAL_SURFACE('',#2637,7.,1.);
#145=TOROIDAL_SURFACE('',#2643,7.,1.);
#146=TOROIDAL_SURFACE('',#2677,7.99999999999999,3.);
#147=TOROIDAL_SURFACE('',#2681,7.99999999999999,3.);
#148=TOROIDAL_SURFACE('',#2799,8.,3.);
#149=TOROIDAL_SURFACE('',#2804,8.,3.);
#150=FACE_OUTER_BOUND('',#293,.T.);
#151=FACE_OUTER_BOUND('',#294,.T.);
#152=FACE_OUTER_BOUND('',#295,.T.);
#153=FACE_OUTER_BOUND('',#296,.T.);
#154=FACE_OUTER_BOUND('',#297,.T.);
#155=FACE_OUTER_BOUND('',#298,.T.);
#156=FACE_OUTER_BOUND('',#299,.T.);
#157=FACE_OUTER_BOUND('',#300,.T.);
#158=FACE_OUTER_BOUND('',#301,.T.);
#159=FACE_OUTER_BOUND('',#302,.T.);
#160=FACE_OUTER_BOUND('',#303,.T.);
#161=FACE_OUTER_BOUND('',#304,.T.);
#162=FACE_OUTER_BOUND('',#305,.T.);
#163=FACE_OUTER_BOUND('',#306,.T.);
#164=FACE_OUTER_BOUND('',#307,.T.);
#165=FACE_OUTER_BOUND('',#308,.T.);
#166=FACE_OUTER_BOUND('',#309,.T.);
#167=FACE_OUTER_BOUND('',#310,.T.);
#168=FACE_OUTER_BOUND('',#311,.T.);
#169=FACE_OUTER_BOUND('',#312,.T.);
#170=FACE_OUTER_BOUND('',#313,.T.);
#171=FACE_OUTER_BOUND('',#314,.T.);
#172=FACE_OUTER_BOUND('',#315,.T.);
#173=FACE_OUTER_BOUND('',#316,.T.);
#174=FACE_OUTER_BOUND('',#317,.T.);
#175=FACE_OUTER_BOUND('',#318,.T.);
#176=FACE_OUTER_BOUND('',#319,.T.);
#177=FACE_OUTER_BOUND('',#320,.T.);
#178=FACE_OUTER_BOUND('',#322,.T.);
#179=FACE_OUTER_BOUND('',#323,.T.);
#180=FACE_OUTER_BOUND('',#324,.T.);
#181=FACE_OUTER_BOUND('',#325,.T.);
#182=FACE_OUTER_BOUND('',#326,.T.);
#183=FACE_OUTER_BOUND('',#327,.T.);
#184=FACE_OUTER_BOUND('',#328,.T.);
#185=FACE_OUTER_BOUND('',#329,.T.);
#186=FACE_OUTER_BOUND('',#330,.T.);
#187=FACE_OUTER_BOUND('',#331,.T.);
#188=FACE_OUTER_BOUND('',#332,.T.);
#189=FACE_OUTER_BOUND('',#333,.T.);
#190=FACE_OUTER_BOUND('',#334,.T.);
#191=FACE_OUTER_BOUND('',#336,.T.);
#192=FACE_OUTER_BOUND('',#338,.T.);
#193=FACE_OUTER_BOUND('',#339,.T.);
#194=FACE_OUTER_BOUND('',#340,.T.);
#195=FACE_OUTER_BOUND('',#341,.T.);
#196=FACE_OUTER_BOUND('',#342,.T.);
#197=FACE_OUTER_BOUND('',#343,.T.);
#198=FACE_OUTER_BOUND('',#344,.T.);
#199=FACE_OUTER_BOUND('',#345,.T.);
#200=FACE_OUTER_BOUND('',#346,.T.);
#201=FACE_OUTER_BOUND('',#347,.T.);
#202=FACE_OUTER_BOUND('',#348,.T.);
#203=FACE_OUTER_BOUND('',#349,.T.);
#204=FACE_OUTER_BOUND('',#350,.T.);
#205=FACE_OUTER_BOUND('',#351,.T.);
#206=FACE_OUTER_BOUND('',#352,.T.);
#207=FACE_OUTER_BOUND('',#353,.T.);
#208=FACE_OUTER_BOUND('',#354,.T.);
#209=FACE_OUTER_BOUND('',#355,.T.);
#210=FACE_OUTER_BOUND('',#356,.T.);
#211=FACE_OUTER_BOUND('',#357,.T.);
#212=FACE_OUTER_BOUND('',#358,.T.);
#213=FACE_OUTER_BOUND('',#359,.T.);
#214=FACE_OUTER_BOUND('',#360,.T.);
#215=FACE_OUTER_BOUND('',#361,.T.);
#216=FACE_OUTER_BOUND('',#362,.T.);
#217=FACE_OUTER_BOUND('',#363,.T.);
#218=FACE_OUTER_BOUND('',#364,.T.);
#219=FACE_OUTER_BOUND('',#365,.T.);
#220=FACE_OUTER_BOUND('',#366,.T.);
#221=FACE_OUTER_BOUND('',#367,.T.);
#222=FACE_OUTER_BOUND('',#368,.T.);
#223=FACE_OUTER_BOUND('',#369,.T.);
#224=FACE_OUTER_BOUND('',#370,.T.);
#225=FACE_OUTER_BOUND('',#371,.T.);
#226=FACE_OUTER_BOUND('',#372,.T.);
#227=FACE_OUTER_BOUND('',#373,.T.);
#228=FACE_OUTER_BOUND('',#374,.T.);
#229=FACE_OUTER_BOUND('',#375,.T.);
#230=FACE_OUTER_BOUND('',#376,.T.);
#231=FACE_OUTER_BOUND('',#377,.T.);
#232=FACE_OUTER_BOUND('',#378,.T.);
#233=FACE_OUTER_BOUND('',#379,.T.);
#234=FACE_OUTER_BOUND('',#380,.T.);
#235=FACE_OUTER_BOUND('',#381,.T.);
#236=FACE_OUTER_BOUND('',#382,.T.);
#237=FACE_OUTER_BOUND('',#383,.T.);
#238=FACE_OUTER_BOUND('',#384,.T.);
#239=FACE_OUTER_BOUND('',#385,.T.);
#240=FACE_OUTER_BOUND('',#386,.T.);
#241=FACE_OUTER_BOUND('',#387,.T.);
#242=FACE_OUTER_BOUND('',#388,.T.);
#243=FACE_OUTER_BOUND('',#389,.T.);
#244=FACE_OUTER_BOUND('',#390,.T.);
#245=FACE_OUTER_BOUND('',#391,.T.);
#246=FACE_OUTER_BOUND('',#392,.T.);
#247=FACE_OUTER_BOUND('',#393,.T.);
#248=FACE_OUTER_BOUND('',#394,.T.);
#249=FACE_OUTER_BOUND('',#395,.T.);
#250=FACE_OUTER_BOUND('',#396,.T.);
#251=FACE_OUTER_BOUND('',#397,.T.);
#252=FACE_OUTER_BOUND('',#398,.T.);
#253=FACE_OUTER_BOUND('',#399,.T.);
#254=FACE_OUTER_BOUND('',#400,.T.);
#255=FACE_OUTER_BOUND('',#401,.T.);
#256=FACE_OUTER_BOUND('',#402,.T.);
#257=FACE_OUTER_BOUND('',#403,.T.);
#258=FACE_OUTER_BOUND('',#404,.T.);
#259=FACE_OUTER_BOUND('',#405,.T.);
#260=FACE_OUTER_BOUND('',#406,.T.);
#261=FACE_OUTER_BOUND('',#407,.T.);
#262=FACE_OUTER_BOUND('',#408,.T.);
#263=FACE_OUTER_BOUND('',#409,.T.);
#264=FACE_OUTER_BOUND('',#410,.T.);
#265=FACE_OUTER_BOUND('',#411,.T.);
#266=FACE_OUTER_BOUND('',#412,.T.);
#267=FACE_OUTER_BOUND('',#413,.T.);
#268=FACE_OUTER_BOUND('',#414,.T.);
#269=FACE_OUTER_BOUND('',#415,.T.);
#270=FACE_OUTER_BOUND('',#416,.T.);
#271=FACE_OUTER_BOUND('',#417,.T.);
#272=FACE_OUTER_BOUND('',#418,.T.);
#273=FACE_OUTER_BOUND('',#419,.T.);
#274=FACE_OUTER_BOUND('',#420,.T.);
#275=FACE_OUTER_BOUND('',#421,.T.);
#276=FACE_OUTER_BOUND('',#422,.T.);
#277=FACE_OUTER_BOUND('',#423,.T.);
#278=FACE_OUTER_BOUND('',#424,.T.);
#279=FACE_OUTER_BOUND('',#425,.T.);
#280=FACE_OUTER_BOUND('',#426,.T.);
#281=FACE_OUTER_BOUND('',#427,.T.);
#282=FACE_OUTER_BOUND('',#428,.T.);
#283=FACE_OUTER_BOUND('',#429,.T.);
#284=FACE_OUTER_BOUND('',#430,.T.);
#285=FACE_OUTER_BOUND('',#431,.T.);
#286=FACE_OUTER_BOUND('',#432,.T.);
#287=FACE_OUTER_BOUND('',#433,.T.);
#288=FACE_OUTER_BOUND('',#434,.T.);
#289=FACE_OUTER_BOUND('',#435,.T.);
#290=FACE_OUTER_BOUND('',#436,.T.);
#291=FACE_OUTER_BOUND('',#437,.T.);
#292=FACE_OUTER_BOUND('',#438,.T.);
#293=EDGE_LOOP('',(#1679,#1680,#1681,#1682));
#294=EDGE_LOOP('',(#1683,#1684,#1685,#1686));
#295=EDGE_LOOP('',(#1687,#1688,#1689,#1690));
#296=EDGE_LOOP('',(#1691,#1692,#1693,#1694));
#297=EDGE_LOOP('',(#1695,#1696,#1697,#1698));
#298=EDGE_LOOP('',(#1699,#1700,#1701,#1702));
#299=EDGE_LOOP('',(#1703,#1704,#1705,#1706));
#300=EDGE_LOOP('',(#1707,#1708,#1709,#1710));
#301=EDGE_LOOP('',(#1711,#1712,#1713,#1714));
#302=EDGE_LOOP('',(#1715,#1716,#1717,#1718));
#303=EDGE_LOOP('',(#1719,#1720,#1721,#1722));
#304=EDGE_LOOP('',(#1723,#1724,#1725,#1726));
#305=EDGE_LOOP('',(#1727,#1728,#1729,#1730));
#306=EDGE_LOOP('',(#1731,#1732,#1733,#1734));
#307=EDGE_LOOP('',(#1735,#1736,#1737,#1738));
#308=EDGE_LOOP('',(#1739,#1740,#1741,#1742));
#309=EDGE_LOOP('',(#1743,#1744,#1745));
#310=EDGE_LOOP('',(#1746,#1747,#1748));
#311=EDGE_LOOP('',(#1749,#1750,#1751,#1752));
#312=EDGE_LOOP('',(#1753,#1754,#1755));
#313=EDGE_LOOP('',(#1756,#1757,#1758,#1759,#1760,#1761,#1762));
#314=EDGE_LOOP('',(#1763,#1764,#1765));
#315=EDGE_LOOP('',(#1766,#1767,#1768,#1769));
#316=EDGE_LOOP('',(#1770,#1771,#1772));
#317=EDGE_LOOP('',(#1773,#1774,#1775,#1776,#1777,#1778,#1779,#1780,#1781,
#1782,#1783,#1784,#1785,#1786,#1787,#1788,#1789,#1790));
#318=EDGE_LOOP('',(#1791,#1792,#1793,#1794,#1795,#1796,#1797));
#319=EDGE_LOOP('',(#1798,#1799,#1800));
#320=EDGE_LOOP('',(#1801,#1802,#1803,#1804,#1805,#1806,#1807,#1808,#1809,
#1810,#1811,#1812));
#321=EDGE_LOOP('',(#1813,#1814,#1815,#1816,#1817,#1818,#1819,#1820,#1821,
#1822,#1823,#1824,#1825,#1826,#1827,#1828));
#322=EDGE_LOOP('',(#1829,#1830,#1831));
#323=EDGE_LOOP('',(#1832,#1833,#1834));
#324=EDGE_LOOP('',(#1835,#1836,#1837));
#325=EDGE_LOOP('',(#1838,#1839,#1840,#1841,#1842));
#326=EDGE_LOOP('',(#1843,#1844,#1845,#1846));
#327=EDGE_LOOP('',(#1847,#1848,#1849));
#328=EDGE_LOOP('',(#1850,#1851,#1852,#1853,#1854));
#329=EDGE_LOOP('',(#1855,#1856,#1857,#1858));
#330=EDGE_LOOP('',(#1859,#1860,#1861,#1862));
#331=EDGE_LOOP('',(#1863,#1864,#1865,#1866));
#332=EDGE_LOOP('',(#1867,#1868,#1869,#1870,#1871,#1872));
#333=EDGE_LOOP('',(#1873,#1874,#1875,#1876,#1877,#1878,#1879,#1880));
#334=EDGE_LOOP('',(#1881,#1882,#1883,#1884,#1885,#1886,#1887,#1888,#1889,
#1890,#1891,#1892,#1893,#1894,#1895,#1896,#1897,#1898));
#335=EDGE_LOOP('',(#1899,#1900,#1901,#1902,#1903,#1904,#1905,#1906,#1907,
#1908,#1909,#1910,#1911,#1912,#1913,#1914,#1915,#1916));
#336=EDGE_LOOP('',(#1917,#1918,#1919,#1920));
#337=EDGE_LOOP('',(#1921,#1922,#1923,#1924,#1925,#1926,#1927,#1928,#1929,
#1930,#1931,#1932,#1933,#1934,#1935,#1936,#1937,#1938,#1939,#1940,#1941,
#1942));
#338=EDGE_LOOP('',(#1943,#1944,#1945,#1946));
#339=EDGE_LOOP('',(#1947,#1948,#1949,#1950,#1951,#1952));
#340=EDGE_LOOP('',(#1953,#1954,#1955,#1956));
#341=EDGE_LOOP('',(#1957,#1958,#1959,#1960,#1961,#1962,#1963,#1964,#1965,
#1966));
#342=EDGE_LOOP('',(#1967,#1968,#1969,#1970,#1971,#1972,#1973));
#343=EDGE_LOOP('',(#1974,#1975,#1976,#1977));
#344=EDGE_LOOP('',(#1978,#1979,#1980,#1981));
#345=EDGE_LOOP('',(#1982,#1983,#1984,#1985,#1986,#1987,#1988,#1989,#1990));
#346=EDGE_LOOP('',(#1991,#1992,#1993,#1994,#1995,#1996,#1997,#1998,#1999));
#347=EDGE_LOOP('',(#2000,#2001,#2002,#2003));
#348=EDGE_LOOP('',(#2004,#2005,#2006,#2007,#2008,#2009,#2010,#2011));
#349=EDGE_LOOP('',(#2012,#2013,#2014,#2015));
#350=EDGE_LOOP('',(#2016,#2017,#2018,#2019));
#351=EDGE_LOOP('',(#2020,#2021,#2022,#2023));
#352=EDGE_LOOP('',(#2024,#2025,#2026,#2027,#2028,#2029,#2030,#2031));
#353=EDGE_LOOP('',(#2032,#2033,#2034,#2035));
#354=EDGE_LOOP('',(#2036,#2037,#2038,#2039));
#355=EDGE_LOOP('',(#2040,#2041,#2042,#2043));
#356=EDGE_LOOP('',(#2044,#2045,#2046,#2047));
#357=EDGE_LOOP('',(#2048,#2049,#2050,#2051));
#358=EDGE_LOOP('',(#2052,#2053,#2054,#2055));
#359=EDGE_LOOP('',(#2056,#2057,#2058,#2059));
#360=EDGE_LOOP('',(#2060,#2061,#2062,#2063));
#361=EDGE_LOOP('',(#2064,#2065,#2066,#2067));
#362=EDGE_LOOP('',(#2068,#2069,#2070,#2071));
#363=EDGE_LOOP('',(#2072,#2073,#2074,#2075));
#364=EDGE_LOOP('',(#2076,#2077,#2078,#2079));
#365=EDGE_LOOP('',(#2080,#2081,#2082,#2083));
#366=EDGE_LOOP('',(#2084,#2085,#2086,#2087));
#367=EDGE_LOOP('',(#2088,#2089,#2090,#2091,#2092,#2093));
#368=EDGE_LOOP('',(#2094,#2095,#2096,#2097));
#369=EDGE_LOOP('',(#2098,#2099,#2100,#2101,#2102,#2103,#2104));
#370=EDGE_LOOP('',(#2105,#2106,#2107,#2108));
#371=EDGE_LOOP('',(#2109,#2110,#2111,#2112,#2113));
#372=EDGE_LOOP('',(#2114,#2115,#2116,#2117));
#373=EDGE_LOOP('',(#2118,#2119,#2120,#2121));
#374=EDGE_LOOP('',(#2122,#2123,#2124,#2125,#2126,#2127,#2128));
#375=EDGE_LOOP('',(#2129,#2130,#2131,#2132));
#376=EDGE_LOOP('',(#2133,#2134,#2135,#2136));
#377=EDGE_LOOP('',(#2137,#2138,#2139,#2140));
#378=EDGE_LOOP('',(#2141,#2142,#2143,#2144));
#379=EDGE_LOOP('',(#2145,#2146,#2147,#2148,#2149));
#380=EDGE_LOOP('',(#2150,#2151,#2152,#2153));
#381=EDGE_LOOP('',(#2154,#2155,#2156,#2157));
#382=EDGE_LOOP('',(#2158,#2159,#2160,#2161));
#383=EDGE_LOOP('',(#2162,#2163,#2164,#2165));
#384=EDGE_LOOP('',(#2166,#2167,#2168,#2169,#2170,#2171));
#385=EDGE_LOOP('',(#2172,#2173,#2174,#2175));
#386=EDGE_LOOP('',(#2176,#2177,#2178,#2179,#2180,#2181));
#387=EDGE_LOOP('',(#2182,#2183,#2184,#2185,#2186,#2187,#2188,#2189));
#388=EDGE_LOOP('',(#2190,#2191,#2192,#2193));
#389=EDGE_LOOP('',(#2194,#2195,#2196,#2197));
#390=EDGE_LOOP('',(#2198,#2199,#2200,#2201));
#391=EDGE_LOOP('',(#2202,#2203,#2204,#2205));
#392=EDGE_LOOP('',(#2206,#2207,#2208));
#393=EDGE_LOOP('',(#2209,#2210,#2211,#2212));
#394=EDGE_LOOP('',(#2213,#2214,#2215,#2216));
#395=EDGE_LOOP('',(#2217,#2218,#2219,#2220,#2221,#2222,#2223,#2224));
#396=EDGE_LOOP('',(#2225,#2226,#2227,#2228));
#397=EDGE_LOOP('',(#2229,#2230,#2231));
#398=EDGE_LOOP('',(#2232,#2233,#2234,#2235));
#399=EDGE_LOOP('',(#2236,#2237,#2238));
#400=EDGE_LOOP('',(#2239,#2240,#2241,#2242));
#401=EDGE_LOOP('',(#2243,#2244,#2245,#2246));
#402=EDGE_LOOP('',(#2247,#2248,#2249));
#403=EDGE_LOOP('',(#2250,#2251,#2252,#2253));
#404=EDGE_LOOP('',(#2254,#2255,#2256,#2257));
#405=EDGE_LOOP('',(#2258,#2259,#2260,#2261));
#406=EDGE_LOOP('',(#2262,#2263,#2264,#2265));
#407=EDGE_LOOP('',(#2266,#2267,#2268,#2269));
#408=EDGE_LOOP('',(#2270,#2271,#2272,#2273));
#409=EDGE_LOOP('',(#2274,#2275,#2276,#2277));
#410=EDGE_LOOP('',(#2278,#2279,#2280,#2281,#2282,#2283,#2284,#2285,#2286));
#411=EDGE_LOOP('',(#2287,#2288,#2289,#2290,#2291,#2292,#2293,#2294,#2295));
#412=EDGE_LOOP('',(#2296,#2297,#2298,#2299));
#413=EDGE_LOOP('',(#2300,#2301,#2302,#2303,#2304,#2305,#2306,#2307,#2308));
#414=EDGE_LOOP('',(#2309,#2310,#2311,#2312));
#415=EDGE_LOOP('',(#2313,#2314,#2315,#2316));
#416=EDGE_LOOP('',(#2317,#2318,#2319,#2320));
#417=EDGE_LOOP('',(#2321,#2322,#2323,#2324));
#418=EDGE_LOOP('',(#2325,#2326,#2327,#2328));
#419=EDGE_LOOP('',(#2329,#2330,#2331,#2332,#2333,#2334));
#420=EDGE_LOOP('',(#2335,#2336,#2337,#2338));
#421=EDGE_LOOP('',(#2339,#2340,#2341,#2342));
#422=EDGE_LOOP('',(#2343,#2344,#2345,#2346));
#423=EDGE_LOOP('',(#2347,#2348,#2349,#2350));
#424=EDGE_LOOP('',(#2351,#2352,#2353,#2354));
#425=EDGE_LOOP('',(#2355,#2356,#2357,#2358,#2359,#2360,#2361,#2362,#2363));
#426=EDGE_LOOP('',(#2364,#2365,#2366,#2367,#2368,#2369,#2370,#2371,#2372));
#427=EDGE_LOOP('',(#2373,#2374,#2375,#2376));
#428=EDGE_LOOP('',(#2377,#2378,#2379,#2380));
#429=EDGE_LOOP('',(#2381,#2382,#2383,#2384));
#430=EDGE_LOOP('',(#2385,#2386,#2387,#2388,#2389,#2390,#2391));
#431=EDGE_LOOP('',(#2392,#2393,#2394,#2395));
#432=EDGE_LOOP('',(#2396,#2397,#2398,#2399));
#433=EDGE_LOOP('',(#2400,#2401,#2402,#2403,#2404,#2405,#2406,#2407));
#434=EDGE_LOOP('',(#2408,#2409,#2410,#2411));
#435=EDGE_LOOP('',(#2412,#2413,#2414,#2415));
#436=EDGE_LOOP('',(#2416,#2417,#2418,#2419));
#437=EDGE_LOOP('',(#2420,#2421,#2422,#2423));
#438=EDGE_LOOP('',(#2424,#2425,#2426,#2427,#2428,#2429,#2430));
#439=LINE('',#3576,#715);
#440=LINE('',#3579,#716);
#441=LINE('',#3599,#717);
#442=LINE('',#3600,#718);
#443=LINE('',#3611,#719);
#444=LINE('',#3612,#720);
#445=LINE('',#3623,#721);
#446=LINE('',#3624,#722);
#447=LINE('',#3626,#723);
#448=LINE('',#3627,#724);
#449=LINE('',#3632,#725);
#450=LINE('',#3635,#726);
#451=LINE('',#3717,#727);
#452=LINE('',#3718,#728);
#453=LINE('',#3792,#729);
#454=LINE('',#3793,#730);
#455=LINE('',#3800,#731);
#456=LINE('',#3803,#732);
#457=LINE('',#3805,#733);
#458=LINE('',#3810,#734);
#459=LINE('',#3821,#735);
#460=LINE('',#3839,#736);
#461=LINE('',#3853,#737);
#462=LINE('',#3855,#738);
#463=LINE('',#3857,#739);
#464=LINE('',#3859,#740);
#465=LINE('',#3861,#741);
#466=LINE('',#3863,#742);
#467=LINE('',#3865,#743);
#468=LINE('',#3866,#744);
#469=LINE('',#3869,#745);
#470=LINE('',#3876,#746);
#471=LINE('',#3878,#747);
#472=LINE('',#3882,#748);
#473=LINE('',#3884,#749);
#474=LINE('',#3888,#750);
#475=LINE('',#3892,#751);
#476=LINE('',#3894,#752);
#477=LINE('',#3896,#753);
#478=LINE('',#3900,#754);
#479=LINE('',#3903,#755);
#480=LINE('',#3988,#756);
#481=LINE('',#3989,#757);
#482=LINE('',#3990,#758);
#483=LINE('',#3992,#759);
#484=LINE('',#3993,#760);
#485=LINE('',#4005,#761);
#486=LINE('',#4007,#762);
#487=LINE('',#4008,#763);
#488=LINE('',#4010,#764);
#489=LINE('',#4011,#765);
#490=LINE('',#4013,#766);
#491=LINE('',#4014,#767);
#492=LINE('',#4016,#768);
#493=LINE('',#4017,#769);
#494=LINE('',#4020,#770);
#495=LINE('',#4022,#771);
#496=LINE('',#4024,#772);
#497=LINE('',#4025,#773);
#498=LINE('',#4028,#774);
#499=LINE('',#4030,#775);
#500=LINE('',#4032,#776);
#501=LINE('',#4034,#777);
#502=LINE('',#4035,#778);
#503=LINE('',#4038,#779);
#504=LINE('',#4040,#780);
#505=LINE('',#4041,#781);
#506=LINE('',#4043,#782);
#507=LINE('',#4045,#783);
#508=LINE('',#4047,#784);
#509=LINE('',#4049,#785);
#510=LINE('',#4053,#786);
#511=LINE('',#4056,#787);
#512=LINE('',#4058,#788);
#513=LINE('',#4059,#789);
#514=LINE('',#4062,#790);
#515=LINE('',#4064,#791);
#516=LINE('',#4066,#792);
#517=LINE('',#4068,#793);
#518=LINE('',#4072,#794);
#519=LINE('',#4074,#795);
#520=LINE('',#4076,#796);
#521=LINE('',#4078,#797);
#522=LINE('',#4080,#798);
#523=LINE('',#4082,#799);
#524=LINE('',#4084,#800);
#525=LINE('',#4088,#801);
#526=LINE('',#4090,#802);
#527=LINE('',#4092,#803);
#528=LINE('',#4094,#804);
#529=LINE('',#4095,#805);
#530=LINE('',#4099,#806);
#531=LINE('',#4101,#807);
#532=LINE('',#4103,#808);
#533=LINE('',#4105,#809);
#534=LINE('',#4107,#810);
#535=LINE('',#4109,#811);
#536=LINE('',#4111,#812);
#537=LINE('',#4113,#813);
#538=LINE('',#4115,#814);
#539=LINE('',#4117,#815);
#540=LINE('',#4119,#816);
#541=LINE('',#4121,#817);
#542=LINE('',#4123,#818);
#543=LINE('',#4125,#819);
#544=LINE('',#4127,#820);
#545=LINE('',#4129,#821);
#546=LINE('',#4131,#822);
#547=LINE('',#4133,#823);
#548=LINE('',#4135,#824);
#549=LINE('',#4137,#825);
#550=LINE('',#4139,#826);
#551=LINE('',#4140,#827);
#552=LINE('',#4144,#828);
#553=LINE('',#4146,#829);
#554=LINE('',#4148,#830);
#555=LINE('',#4149,#831);
#556=LINE('',#4152,#832);
#557=LINE('',#4154,#833);
#558=LINE('',#4156,#834);
#559=LINE('',#4158,#835);
#560=LINE('',#4159,#836);
#561=LINE('',#4162,#837);
#562=LINE('',#4164,#838);
#563=LINE('',#4165,#839);
#564=LINE('',#4168,#840);
#565=LINE('',#4170,#841);
#566=LINE('',#4171,#842);
#567=LINE('',#4173,#843);
#568=LINE('',#4175,#844);
#569=LINE('',#4176,#845);
#570=LINE('',#4179,#846);
#571=LINE('',#4182,#847);
#572=LINE('',#4183,#848);
#573=LINE('',#4188,#849);
#574=LINE('',#4192,#850);
#575=LINE('',#4194,#851);
#576=LINE('',#4195,#852);
#577=LINE('',#4199,#853);
#578=LINE('',#4201,#854);
#579=LINE('',#4203,#855);
#580=LINE('',#4204,#856);
#581=LINE('',#4206,#857);
#582=LINE('',#4207,#858);
#583=LINE('',#4210,#859);
#584=LINE('',#4212,#860);
#585=LINE('',#4214,#861);
#586=LINE('',#4216,#862);
#587=LINE('',#4218,#863);
#588=LINE('',#4219,#864);
#589=LINE('',#4222,#865);
#590=LINE('',#4223,#866);
#591=LINE('',#4226,#867);
#592=LINE('',#4227,#868);
#593=LINE('',#4228,#869);
#594=LINE('',#4230,#870);
#595=LINE('',#4231,#871);
#596=LINE('',#4238,#872);
#597=LINE('',#4242,#873);
#598=LINE('',#4244,#874);
#599=LINE('',#4246,#875);
#600=LINE('',#4248,#876);
#601=LINE('',#4250,#877);
#602=LINE('',#4251,#878);
#603=LINE('',#4258,#879);
#604=LINE('',#4259,#880);
#605=LINE('',#4262,#881);
#606=LINE('',#4263,#882);
#607=LINE('',#4265,#883);
#608=LINE('',#4269,#884);
#609=LINE('',#4270,#885);
#610=LINE('',#4273,#886);
#611=LINE('',#4274,#887);
#612=LINE('',#4276,#888);
#613=LINE('',#4280,#889);
#614=LINE('',#4282,#890);
#615=LINE('',#4283,#891);
#616=LINE('',#4285,#892);
#617=LINE('',#4288,#893);
#618=LINE('',#4289,#894);
#619=LINE('',#4291,#895);
#620=LINE('',#4293,#896);
#621=LINE('',#4299,#897);
#622=LINE('',#4302,#898);
#623=LINE('',#4304,#899);
#624=LINE('',#4305,#900);
#625=LINE('',#4306,#901);
#626=LINE('',#4308,#902);
#627=LINE('',#4312,#903);
#628=LINE('',#4314,#904);
#629=LINE('',#4316,#905);
#630=LINE('',#4318,#906);
#631=LINE('',#4321,#907);
#632=LINE('',#4322,#908);
#633=LINE('',#4324,#909);
#634=LINE('',#4326,#910);
#635=LINE('',#4328,#911);
#636=LINE('',#4330,#912);
#637=LINE('',#4334,#913);
#638=LINE('',#4335,#914);
#639=LINE('',#4340,#915);
#640=LINE('',#4341,#916);
#641=LINE('',#4345,#917);
#642=LINE('',#4347,#918);
#643=LINE('',#4349,#919);
#644=LINE('',#4350,#920);
#645=LINE('',#4352,#921);
#646=LINE('',#4353,#922);
#647=LINE('',#4355,#923);
#648=LINE('',#4357,#924);
#649=LINE('',#4359,#925);
#650=LINE('',#4360,#926);
#651=LINE('',#4363,#927);
#652=LINE('',#4364,#928);
#653=LINE('',#4366,#929);
#654=LINE('',#4367,#930);
#655=LINE('',#4368,#931);
#656=LINE('',#4370,#932);
#657=LINE('',#4372,#933);
#658=LINE('',#4459,#934);
#659=LINE('',#4461,#935);
#660=LINE('',#4462,#936);
#661=LINE('',#4548,#937);
#662=LINE('',#4557,#938);
#663=LINE('',#4560,#939);
#664=LINE('',#4562,#940);
#665=LINE('',#4563,#941);
#666=LINE('',#4565,#942);
#667=LINE('',#4568,#943);
#668=LINE('',#4570,#944);
#669=LINE('',#4571,#945);
#670=LINE('',#4574,#946);
#671=LINE('',#4576,#947);
#672=LINE('',#4577,#948);
#673=LINE('',#4579,#949);
#674=LINE('',#4582,#950);
#675=LINE('',#4583,#951);
#676=LINE('',#4588,#952);
#677=LINE('',#4589,#953);
#678=LINE('',#4591,#954);
#679=LINE('',#4592,#955);
#680=LINE('',#4595,#956);
#681=LINE('',#4596,#957);
#682=LINE('',#4598,#958);
#683=LINE('',#4600,#959);
#684=LINE('',#4602,#960);
#685=LINE('',#4606,#961);
#686=LINE('',#4608,#962);
#687=LINE('',#4609,#963);
#688=LINE('',#4611,#964);
#689=LINE('',#4612,#965);
#690=LINE('',#4616,#966);
#691=LINE('',#4618,#967);
#692=LINE('',#4619,#968);
#693=LINE('',#4621,#969);
#694=LINE('',#4623,#970);
#695=LINE('',#4625,#971);
#696=LINE('',#4629,#972);
#697=LINE('',#4632,#973);
#698=LINE('',#4637,#974);
#699=LINE('',#4638,#975);
#700=LINE('',#4641,#976);
#701=LINE('',#4642,#977);
#702=LINE('',#4644,#978);
#703=LINE('',#4646,#979);
#704=LINE('',#4647,#980);
#705=LINE('',#4651,#981);
#706=LINE('',#4652,#982);
#707=LINE('',#4654,#983);
#708=LINE('',#4658,#984);
#709=LINE('',#4659,#985);
#710=LINE('',#4661,#986);
#711=LINE('',#4664,#987);
#712=LINE('',#4668,#988);
#713=LINE('',#4669,#989);
#714=LINE('',#4671,#990);
#715=VECTOR('',#2852,10.);
#716=VECTOR('',#2855,10.);
#717=VECTOR('',#2878,10.);
#718=VECTOR('',#2879,10.);
#719=VECTOR('',#2892,10.);
#720=VECTOR('',#2893,10.);
#721=VECTOR('',#2906,10.);
#722=VECTOR('',#2907,10.);
#723=VECTOR('',#2910,10.);
#724=VECTOR('',#2911,10.);
#725=VECTOR('',#2916,10.);
#726=VECTOR('',#2919,10.);
#727=VECTOR('',#2932,10.);
#728=VECTOR('',#2933,10.);
#729=VECTOR('',#2946,10.);
#730=VECTOR('',#2947,10.);
#731=VECTOR('',#2958,10.);
#732=VECTOR('',#2961,10.);
#733=VECTOR('',#2964,10.);
#734=VECTOR('',#2969,10.);
#735=VECTOR('',#2984,4.99999999999999);
#736=VECTOR('',#2995,10.);
#737=VECTOR('',#3000,10.);
#738=VECTOR('',#3001,10.);
#739=VECTOR('',#3002,10.);
#740=VECTOR('',#3003,10.);
#741=VECTOR('',#3004,10.);
#742=VECTOR('',#3005,10.);
#743=VECTOR('',#3006,10.);
#744=VECTOR('',#3007,10.);
#745=VECTOR('',#3010,10.);
#746=VECTOR('',#3017,10.);
#747=VECTOR('',#3020,10.);
#748=VECTOR('',#3023,10.);
#749=VECTOR('',#3024,10.);
#750=VECTOR('',#3027,10.);
#751=VECTOR('',#3030,10.);
#752=VECTOR('',#3031,10.);
#753=VECTOR('',#3032,10.);
#754=VECTOR('',#3035,10.);
#755=VECTOR('',#3038,10.);
#756=VECTOR('',#3063,10.);
#757=VECTOR('',#3064,10.);
#758=VECTOR('',#3065,10.);
#759=VECTOR('',#3068,10.);
#760=VECTOR('',#3069,10.);
#761=VECTOR('',#3082,10.);
#762=VECTOR('',#3083,10.);
#763=VECTOR('',#3084,10.);
#764=VECTOR('',#3087,10.);
#765=VECTOR('',#3088,10.);
#766=VECTOR('',#3091,10.);
#767=VECTOR('',#3092,10.);
#768=VECTOR('',#3095,10.);
#769=VECTOR('',#3096,10.);
#770=VECTOR('',#3099,10.);
#771=VECTOR('',#3100,10.);
#772=VECTOR('',#3101,10.);
#773=VECTOR('',#3102,2.00000000000001);
#774=VECTOR('',#3105,10.);
#775=VECTOR('',#3106,10.);
#776=VECTOR('',#3107,10.);
#777=VECTOR('',#3108,10.);
#778=VECTOR('',#3109,10.);
#779=VECTOR('',#3112,10.);
#780=VECTOR('',#3113,10.);
#781=VECTOR('',#3114,10.);
#782=VECTOR('',#3115,10.);
#783=VECTOR('',#3116,10.);
#784=VECTOR('',#3117,10.);
#785=VECTOR('',#3118,10.);
#786=VECTOR('',#3121,10.);
#787=VECTOR('',#3124,10.);
#788=VECTOR('',#3125,10.);
#789=VECTOR('',#3126,10.);
#790=VECTOR('',#3127,10.);
#791=VECTOR('',#3128,10.);
#792=VECTOR('',#3129,10.);
#793=VECTOR('',#3130,10.);
#794=VECTOR('',#3133,10.);
#795=VECTOR('',#3134,10.);
#796=VECTOR('',#3135,10.);
#797=VECTOR('',#3136,10.);
#798=VECTOR('',#3137,10.);
#799=VECTOR('',#3138,10.);
#800=VECTOR('',#3139,10.);
#801=VECTOR('',#3142,10.);
#802=VECTOR('',#3143,10.);
#803=VECTOR('',#3144,10.);
#804=VECTOR('',#3145,10.);
#805=VECTOR('',#3146,10.);
#806=VECTOR('',#3149,10.);
#807=VECTOR('',#3150,10.);
#808=VECTOR('',#3151,10.);
#809=VECTOR('',#3152,10.);
#810=VECTOR('',#3153,10.);
#811=VECTOR('',#3154,10.);
#812=VECTOR('',#3155,10.);
#813=VECTOR('',#3156,10.);
#814=VECTOR('',#3157,10.);
#815=VECTOR('',#3158,10.);
#816=VECTOR('',#3159,10.);
#817=VECTOR('',#3160,10.);
#818=VECTOR('',#3161,10.);
#819=VECTOR('',#3162,10.);
#820=VECTOR('',#3163,10.);
#821=VECTOR('',#3164,10.);
#822=VECTOR('',#3165,10.);
#823=VECTOR('',#3166,10.);
#824=VECTOR('',#3167,10.);
#825=VECTOR('',#3168,10.);
#826=VECTOR('',#3169,10.);
#827=VECTOR('',#3170,10.);
#828=VECTOR('',#3173,10.);
#829=VECTOR('',#3174,10.);
#830=VECTOR('',#3175,10.);
#831=VECTOR('',#3176,10.);
#832=VECTOR('',#3179,10.);
#833=VECTOR('',#3180,10.);
#834=VECTOR('',#3181,10.);
#835=VECTOR('',#3182,10.);
#836=VECTOR('',#3183,10.);
#837=VECTOR('',#3186,10.);
#838=VECTOR('',#3187,10.);
#839=VECTOR('',#3188,10.);
#840=VECTOR('',#3191,10.);
#841=VECTOR('',#3192,10.);
#842=VECTOR('',#3193,10.);
#843=VECTOR('',#3194,10.);
#844=VECTOR('',#3195,10.);
#845=VECTOR('',#3196,10.);
#846=VECTOR('',#3199,10.);
#847=VECTOR('',#3202,10.);
#848=VECTOR('',#3203,10.);
#849=VECTOR('',#3208,10.);
#850=VECTOR('',#3213,10.);
#851=VECTOR('',#3214,10.);
#852=VECTOR('',#3215,10.);
#853=VECTOR('',#3218,10.);
#854=VECTOR('',#3219,10.);
#855=VECTOR('',#3220,10.);
#856=VECTOR('',#3221,10.);
#857=VECTOR('',#3222,10.);
#858=VECTOR('',#3223,10.);
#859=VECTOR('',#3226,10.);
#860=VECTOR('',#3227,10.);
#861=VECTOR('',#3228,10.);
#862=VECTOR('',#3229,10.);
#863=VECTOR('',#3230,10.);
#864=VECTOR('',#3231,10.);
#865=VECTOR('',#3234,10.);
#866=VECTOR('',#3235,10.);
#867=VECTOR('',#3238,10.);
#868=VECTOR('',#3239,10.);
#869=VECTOR('',#3240,10.);
#870=VECTOR('',#3241,10.);
#871=VECTOR('',#3242,10.);
#872=VECTOR('',#3253,10.);
#873=VECTOR('',#3258,10.);
#874=VECTOR('',#3259,10.);
#875=VECTOR('',#3260,10.);
#876=VECTOR('',#3261,10.);
#877=VECTOR('',#3262,10.);
#878=VECTOR('',#3263,10.);
#879=VECTOR('',#3274,10.);
#880=VECTOR('',#3275,10.);
#881=VECTOR('',#3278,10.);
#882=VECTOR('',#3279,10.);
#883=VECTOR('',#3282,10.);
#884=VECTOR('',#3287,10.);
#885=VECTOR('',#3288,10.);
#886=VECTOR('',#3291,10.);
#887=VECTOR('',#3292,10.);
#888=VECTOR('',#3295,10.);
#889=VECTOR('',#3300,10.);
#890=VECTOR('',#3301,10.);
#891=VECTOR('',#3302,10.);
#892=VECTOR('',#3305,10.);
#893=VECTOR('',#3308,10.);
#894=VECTOR('',#3309,10.);
#895=VECTOR('',#3312,10.);
#896=VECTOR('',#3315,10.);
#897=VECTOR('',#3322,10.);
#898=VECTOR('',#3325,10.);
#899=VECTOR('',#3326,10.);
#900=VECTOR('',#3327,10.);
#901=VECTOR('',#3328,10.);
#902=VECTOR('',#3331,10.);
#903=VECTOR('',#3334,10.);
#904=VECTOR('',#3335,10.);
#905=VECTOR('',#3336,10.);
#906=VECTOR('',#3337,10.);
#907=VECTOR('',#3342,10.);
#908=VECTOR('',#3343,10.);
#909=VECTOR('',#3346,10.);
#910=VECTOR('',#3349,10.);
#911=VECTOR('',#3352,10.);
#912=VECTOR('',#3355,10.);
#913=VECTOR('',#3360,10.);
#914=VECTOR('',#3361,10.);
#915=VECTOR('',#3366,10.);
#916=VECTOR('',#3367,10.);
#917=VECTOR('',#3370,10.);
#918=VECTOR('',#3371,10.);
#919=VECTOR('',#3372,10.);
#920=VECTOR('',#3373,10.);
#921=VECTOR('',#3376,10.);
#922=VECTOR('',#3377,10.);
#923=VECTOR('',#3380,10.);
#924=VECTOR('',#3383,10.);
#925=VECTOR('',#3386,10.);
#926=VECTOR('',#3387,10.);
#927=VECTOR('',#3392,10.);
#928=VECTOR('',#3393,10.);
#929=VECTOR('',#3396,10.);
#930=VECTOR('',#3397,10.);
#931=VECTOR('',#3398,10.);
#932=VECTOR('',#3401,10.);
#933=VECTOR('',#3404,10.);
#934=VECTOR('',#3415,10.);
#935=VECTOR('',#3416,10.);
#936=VECTOR('',#3417,10.);
#937=VECTOR('',#3428,10.);
#938=VECTOR('',#3441,10.);
#939=VECTOR('',#3444,10.);
#940=VECTOR('',#3445,10.);
#941=VECTOR('',#3446,10.);
#942=VECTOR('',#3449,10.);
#943=VECTOR('',#3452,10.);
#944=VECTOR('',#3453,10.);
#945=VECTOR('',#3454,10.);
#946=VECTOR('',#3457,10.);
#947=VECTOR('',#3458,10.);
#948=VECTOR('',#3459,10.);
#949=VECTOR('',#3462,10.);
#950=VECTOR('',#3465,10.);
#951=VECTOR('',#3466,10.);
#952=VECTOR('',#3471,10.);
#953=VECTOR('',#3472,10.);
#954=VECTOR('',#3473,10.);
#955=VECTOR('',#3474,10.);
#956=VECTOR('',#3477,10.);
#957=VECTOR('',#3478,10.);
#958=VECTOR('',#3479,10.);
#959=VECTOR('',#3480,10.);
#960=VECTOR('',#3481,10.);
#961=VECTOR('',#3486,10.);
#962=VECTOR('',#3487,10.);
#963=VECTOR('',#3488,10.);
#964=VECTOR('',#3491,10.);
#965=VECTOR('',#3492,10.);
#966=VECTOR('',#3497,10.);
#967=VECTOR('',#3498,10.);
#968=VECTOR('',#3499,10.);
#969=VECTOR('',#3502,10.);
#970=VECTOR('',#3505,10.);
#971=VECTOR('',#3508,10.);
#972=VECTOR('',#3513,10.);
#973=VECTOR('',#3518,10.);
#974=VECTOR('',#3525,10.);
#975=VECTOR('',#3526,10.);
#976=VECTOR('',#3529,10.);
#977=VECTOR('',#3530,10.);
#978=VECTOR('',#3533,10.);
#979=VECTOR('',#3534,10.);
#980=VECTOR('',#3535,10.);
#981=VECTOR('',#3540,10.);
#982=VECTOR('',#3541,10.);
#983=VECTOR('',#3544,10.);
#984=VECTOR('',#3549,10.);
#985=VECTOR('',#3550,10.);
#986=VECTOR('',#3553,10.);
#987=VECTOR('',#3558,10.);
#988=VECTOR('',#3563,10.);
#989=VECTOR('',#3564,10.);
#990=VECTOR('',#3567,10.);
#991=CIRCLE('',#2624,1.);
#992=CIRCLE('',#2625,1.00000000000001);
#993=CIRCLE('',#2627,0.999999999999996);
#994=CIRCLE('',#2628,7.);
#995=CIRCLE('',#2629,6.);
#996=CIRCLE('',#2631,1.);
#997=CIRCLE('',#2632,6.);
#998=CIRCLE('',#2633,0.999999999999943);
#999=CIRCLE('',#2634,7.);
#1000=CIRCLE('',#2636,1.00000000000001);
#1001=CIRCLE('',#2638,0.999999999999996);
#1002=CIRCLE('',#2639,7.);
#1003=CIRCLE('',#2640,6.00000000000001);
#1004=CIRCLE('',#2642,0.999999999999996);
#1005=CIRCLE('',#2644,1.00000000000001);
#1006=CIRCLE('',#2645,7.);
#1007=CIRCLE('',#2646,6.);
#1008=CIRCLE('',#2648,1.00000000000001);
#1009=CIRCLE('',#2651,1.);
#1010=CIRCLE('',#2652,0.999999999999996);
#1011=CIRCLE('',#2653,0.99999999999999);
#1012=CIRCLE('',#2656,1.);
#1013=CIRCLE('',#2658,1.);
#1014=CIRCLE('',#2659,1.);
#1015=CIRCLE('',#2660,1.00000000000001);
#1016=CIRCLE('',#2664,0.999999999999996);
#1017=CIRCLE('',#2666,1.);
#1018=CIRCLE('',#2668,1.);
#1019=CIRCLE('',#2670,0.999999999999996);
#1020=CIRCLE('',#2673,3.);
#1021=CIRCLE('',#2674,3.00000000000001);
#1022=CIRCLE('',#2678,4.99999999999999);
#1023=CIRCLE('',#2680,4.99999999999999);
#1024=CIRCLE('',#2682,2.99999999999999);
#1025=CIRCLE('',#2691,3.);
#1026=CIRCLE('',#2694,3.);
#1027=CIRCLE('',#2695,1.);
#1028=CIRCLE('',#2696,1.);
#1029=CIRCLE('',#2697,3.);
#1030=CIRCLE('',#2700,1.99999999999996);
#1031=CIRCLE('',#2703,2.00000000000001);
#1032=CIRCLE('',#2705,3.00000000000001);
#1033=CIRCLE('',#2706,3.);
#1034=CIRCLE('',#2707,3.);
#1035=CIRCLE('',#2709,3.);
#1036=CIRCLE('',#2712,3.);
#1037=CIRCLE('',#2713,3.00000000000001);
#1038=CIRCLE('',#2714,3.);
#1039=CIRCLE('',#2716,3.);
#1040=CIRCLE('',#2723,2.);
#1041=CIRCLE('',#2724,2.00000000000001);
#1042=CIRCLE('',#2725,1.);
#1043=CIRCLE('',#2726,1.);
#1044=CIRCLE('',#2733,3.);
#1045=CIRCLE('',#2735,3.);
#1046=CIRCLE('',#2736,3.);
#1047=CIRCLE('',#2743,6.);
#1048=CIRCLE('',#2745,6.00000000000001);
#1049=CIRCLE('',#2747,6.);
#1050=CIRCLE('',#2750,0.999999999999996);
#1051=CIRCLE('',#2752,6.);
#1052=CIRCLE('',#2767,10.);
#1053=CIRCLE('',#2768,10.);
#1054=CIRCLE('',#2772,3.);
#1055=CIRCLE('',#2781,3.);
#1056=CIRCLE('',#2794,1.);
#1057=CIRCLE('',#2795,1.);
#1058=CIRCLE('',#2797,0.999999999999996);
#1059=CIRCLE('',#2798,0.999999999999992);
#1060=CIRCLE('',#2800,5.);
#1061=CIRCLE('',#2802,5.);
#1062=CIRCLE('',#2806,8.);
#1063=CIRCLE('',#2807,8.);
#1064=CIRCLE('',#2815,3.);
#1065=CIRCLE('',#2817,3.);
#1066=CIRCLE('',#2827,3.);
#1067=VERTEX_POINT('',#3572);
#1068=VERTEX_POINT('',#3573);
#1069=VERTEX_POINT('',#3575);
#1070=VERTEX_POINT('',#3577);
#1071=VERTEX_POINT('',#3581);
#1072=VERTEX_POINT('',#3582);
#1073=VERTEX_POINT('',#3587);
#1074=VERTEX_POINT('',#3588);
#1075=VERTEX_POINT('',#3590);
#1076=VERTEX_POINT('',#3592);
#1077=VERTEX_POINT('',#3596);
#1078=VERTEX_POINT('',#3597);
#1079=VERTEX_POINT('',#3602);
#1080=VERTEX_POINT('',#3603);
#1081=VERTEX_POINT('',#3608);
#1082=VERTEX_POINT('',#3609);
#1083=VERTEX_POINT('',#3614);
#1084=VERTEX_POINT('',#3615);
#1085=VERTEX_POINT('',#3620);
#1086=VERTEX_POINT('',#3621);
#1087=VERTEX_POINT('',#3629);
#1088=VERTEX_POINT('',#3631);
#1089=VERTEX_POINT('',#3633);
#1090=VERTEX_POINT('',#3656);
#1091=VERTEX_POINT('',#3657);
#1092=VERTEX_POINT('',#3696);
#1093=VERTEX_POINT('',#3704);
#1094=VERTEX_POINT('',#3714);
#1095=VERTEX_POINT('',#3715);
#1096=VERTEX_POINT('',#3749);
#1097=VERTEX_POINT('',#3756);
#1098=VERTEX_POINT('',#3784);
#1099=VERTEX_POINT('',#3785);
#1100=VERTEX_POINT('',#3790);
#1101=VERTEX_POINT('',#3799);
#1102=VERTEX_POINT('',#3801);
#1103=VERTEX_POINT('',#3807);
#1104=VERTEX_POINT('',#3809);
#1105=VERTEX_POINT('',#3811);
#1106=VERTEX_POINT('',#3813);
#1107=VERTEX_POINT('',#3819);
#1108=VERTEX_POINT('',#3825);
#1109=VERTEX_POINT('',#3827);
#1110=VERTEX_POINT('',#3829);
#1111=VERTEX_POINT('',#3838);
#1112=VERTEX_POINT('',#3840);
#1113=VERTEX_POINT('',#3849);
#1114=VERTEX_POINT('',#3851);
#1115=VERTEX_POINT('',#3854);
#1116=VERTEX_POINT('',#3856);
#1117=VERTEX_POINT('',#3858);
#1118=VERTEX_POINT('',#3860);
#1119=VERTEX_POINT('',#3862);
#1120=VERTEX_POINT('',#3864);
#1121=VERTEX_POINT('',#3868);
#1122=VERTEX_POINT('',#3870);
#1123=VERTEX_POINT('',#3872);
#1124=VERTEX_POINT('',#3874);
#1125=VERTEX_POINT('',#3880);
#1126=VERTEX_POINT('',#3881);
#1127=VERTEX_POINT('',#3883);
#1128=VERTEX_POINT('',#3885);
#1129=VERTEX_POINT('',#3887);
#1130=VERTEX_POINT('',#3889);
#1131=VERTEX_POINT('',#3891);
#1132=VERTEX_POINT('',#3893);
#1133=VERTEX_POINT('',#3895);
#1134=VERTEX_POINT('',#3897);
#1135=VERTEX_POINT('',#3899);
#1136=VERTEX_POINT('',#3901);
#1137=VERTEX_POINT('',#3934);
#1138=VERTEX_POINT('',#3935);
#1139=VERTEX_POINT('',#3937);
#1140=VERTEX_POINT('',#3970);
#1141=VERTEX_POINT('',#3971);
#1142=VERTEX_POINT('',#3973);
#1143=VERTEX_POINT('',#3977);
#1144=VERTEX_POINT('',#3978);
#1145=VERTEX_POINT('',#3980);
#1146=VERTEX_POINT('',#3984);
#1147=VERTEX_POINT('',#3985);
#1148=VERTEX_POINT('',#3987);
#1149=VERTEX_POINT('',#3995);
#1150=VERTEX_POINT('',#3996);
#1151=VERTEX_POINT('',#3998);
#1152=VERTEX_POINT('',#4002);
#1153=VERTEX_POINT('',#4003);
#1154=VERTEX_POINT('',#4006);
#1155=VERTEX_POINT('',#4019);
#1156=VERTEX_POINT('',#4021);
#1157=VERTEX_POINT('',#4023);
#1158=VERTEX_POINT('',#4027);
#1159=VERTEX_POINT('',#4029);
#1160=VERTEX_POINT('',#4031);
#1161=VERTEX_POINT('',#4033);
#1162=VERTEX_POINT('',#4037);
#1163=VERTEX_POINT('',#4039);
#1164=VERTEX_POINT('',#4042);
#1165=VERTEX_POINT('',#4044);
#1166=VERTEX_POINT('',#4046);
#1167=VERTEX_POINT('',#4048);
#1168=VERTEX_POINT('',#4050);
#1169=VERTEX_POINT('',#4052);
#1170=VERTEX_POINT('',#4055);
#1171=VERTEX_POINT('',#4057);
#1172=VERTEX_POINT('',#4060);
#1173=VERTEX_POINT('',#4061);
#1174=VERTEX_POINT('',#4063);
#1175=VERTEX_POINT('',#4065);
#1176=VERTEX_POINT('',#4067);
#1177=VERTEX_POINT('',#4069);
#1178=VERTEX_POINT('',#4071);
#1179=VERTEX_POINT('',#4073);
#1180=VERTEX_POINT('',#4075);
#1181=VERTEX_POINT('',#4077);
#1182=VERTEX_POINT('',#4079);
#1183=VERTEX_POINT('',#4081);
#1184=VERTEX_POINT('',#4083);
#1185=VERTEX_POINT('',#4085);
#1186=VERTEX_POINT('',#4087);
#1187=VERTEX_POINT('',#4089);
#1188=VERTEX_POINT('',#4091);
#1189=VERTEX_POINT('',#4093);
#1190=VERTEX_POINT('',#4097);
#1191=VERTEX_POINT('',#4098);
#1192=VERTEX_POINT('',#4100);
#1193=VERTEX_POINT('',#4102);
#1194=VERTEX_POINT('',#4104);
#1195=VERTEX_POINT('',#4106);
#1196=VERTEX_POINT('',#4108);
#1197=VERTEX_POINT('',#4110);
#1198=VERTEX_POINT('',#4112);
#1199=VERTEX_POINT('',#4114);
#1200=VERTEX_POINT('',#4116);
#1201=VERTEX_POINT('',#4118);
#1202=VERTEX_POINT('',#4120);
#1203=VERTEX_POINT('',#4122);
#1204=VERTEX_POINT('',#4124);
#1205=VERTEX_POINT('',#4126);
#1206=VERTEX_POINT('',#4128);
#1207=VERTEX_POINT('',#4130);
#1208=VERTEX_POINT('',#4132);
#1209=VERTEX_POINT('',#4134);
#1210=VERTEX_POINT('',#4136);
#1211=VERTEX_POINT('',#4138);
#1212=VERTEX_POINT('',#4142);
#1213=VERTEX_POINT('',#4143);
#1214=VERTEX_POINT('',#4145);
#1215=VERTEX_POINT('',#4147);
#1216=VERTEX_POINT('',#4151);
#1217=VERTEX_POINT('',#4153);
#1218=VERTEX_POINT('',#4155);
#1219=VERTEX_POINT('',#4157);
#1220=VERTEX_POINT('',#4161);
#1221=VERTEX_POINT('',#4163);
#1222=VERTEX_POINT('',#4167);
#1223=VERTEX_POINT('',#4169);
#1224=VERTEX_POINT('',#4172);
#1225=VERTEX_POINT('',#4174);
#1226=VERTEX_POINT('',#4178);
#1227=VERTEX_POINT('',#4181);
#1228=VERTEX_POINT('',#4185);
#1229=VERTEX_POINT('',#4187);
#1230=VERTEX_POINT('',#4191);
#1231=VERTEX_POINT('',#4193);
#1232=VERTEX_POINT('',#4197);
#1233=VERTEX_POINT('',#4198);
#1234=VERTEX_POINT('',#4200);
#1235=VERTEX_POINT('',#4202);
#1236=VERTEX_POINT('',#4205);
#1237=VERTEX_POINT('',#4209);
#1238=VERTEX_POINT('',#4211);
#1239=VERTEX_POINT('',#4213);
#1240=VERTEX_POINT('',#4215);
#1241=VERTEX_POINT('',#4217);
#1242=VERTEX_POINT('',#4221);
#1243=VERTEX_POINT('',#4225);
#1244=VERTEX_POINT('',#4229);
#1245=VERTEX_POINT('',#4237);
#1246=VERTEX_POINT('',#4241);
#1247=VERTEX_POINT('',#4243);
#1248=VERTEX_POINT('',#4245);
#1249=VERTEX_POINT('',#4247);
#1250=VERTEX_POINT('',#4249);
#1251=VERTEX_POINT('',#4257);
#1252=VERTEX_POINT('',#4261);
#1253=VERTEX_POINT('',#4268);
#1254=VERTEX_POINT('',#4272);
#1255=VERTEX_POINT('',#4279);
#1256=VERTEX_POINT('',#4281);
#1257=VERTEX_POINT('',#4287);
#1258=VERTEX_POINT('',#4295);
#1259=VERTEX_POINT('',#4297);
#1260=VERTEX_POINT('',#4301);
#1261=VERTEX_POINT('',#4303);
#1262=VERTEX_POINT('',#4310);
#1263=VERTEX_POINT('',#4311);
#1264=VERTEX_POINT('',#4313);
#1265=VERTEX_POINT('',#4315);
#1266=VERTEX_POINT('',#4317);
#1267=VERTEX_POINT('',#4333);
#1268=VERTEX_POINT('',#4337);
#1269=VERTEX_POINT('',#4339);
#1270=VERTEX_POINT('',#4343);
#1271=VERTEX_POINT('',#4344);
#1272=VERTEX_POINT('',#4346);
#1273=VERTEX_POINT('',#4348);
#1274=VERTEX_POINT('',#4458);
#1275=VERTEX_POINT('',#4460);
#1276=VERTEX_POINT('',#4553);
#1277=VERTEX_POINT('',#4555);
#1278=VERTEX_POINT('',#4559);
#1279=VERTEX_POINT('',#4561);
#1280=VERTEX_POINT('',#4567);
#1281=VERTEX_POINT('',#4569);
#1282=VERTEX_POINT('',#4573);
#1283=VERTEX_POINT('',#4575);
#1284=VERTEX_POINT('',#4581);
#1285=VERTEX_POINT('',#4585);
#1286=VERTEX_POINT('',#4587);
#1287=VERTEX_POINT('',#4590);
#1288=VERTEX_POINT('',#4594);
#1289=VERTEX_POINT('',#4597);
#1290=VERTEX_POINT('',#4599);
#1291=VERTEX_POINT('',#4601);
#1292=VERTEX_POINT('',#4605);
#1293=VERTEX_POINT('',#4607);
#1294=VERTEX_POINT('',#4615);
#1295=VERTEX_POINT('',#4617);
#1296=VERTEX_POINT('',#4628);
#1297=VERTEX_POINT('',#4636);
#1298=VERTEX_POINT('',#4640);
#1299=VERTEX_POINT('',#4645);
#1300=VERTEX_POINT('',#4650);
#1301=VERTEX_POINT('',#4657);
#1302=VERTEX_POINT('',#4667);
#1303=EDGE_CURVE('',#1067,#1068,#991,.T.);
#1304=EDGE_CURVE('',#1068,#1069,#439,.T.);
#1305=EDGE_CURVE('',#1069,#1070,#992,.T.);
#1306=EDGE_CURVE('',#1070,#1067,#440,.T.);
#1307=EDGE_CURVE('',#1071,#1072,#993,.T.);
#1308=EDGE_CURVE('',#1072,#1070,#994,.T.);
#1309=EDGE_CURVE('',#1069,#1071,#995,.T.);
#1310=EDGE_CURVE('',#1073,#1074,#996,.T.);
#1311=EDGE_CURVE('',#1074,#1075,#997,.T.);
#1312=EDGE_CURVE('',#1075,#1076,#998,.T.);
#1313=EDGE_CURVE('',#1076,#1073,#999,.T.);
#1314=EDGE_CURVE('',#1077,#1078,#1000,.T.);
#1315=EDGE_CURVE('',#1078,#1076,#441,.T.);
#1316=EDGE_CURVE('',#1075,#1077,#442,.T.);
#1317=EDGE_CURVE('',#1079,#1080,#1001,.T.);
#1318=EDGE_CURVE('',#1080,#1078,#1002,.T.);
#1319=EDGE_CURVE('',#1077,#1079,#1003,.T.);
#1320=EDGE_CURVE('',#1081,#1082,#1004,.T.);
#1321=EDGE_CURVE('',#1082,#1080,#443,.T.);
#1322=EDGE_CURVE('',#1079,#1081,#444,.T.);
#1323=EDGE_CURVE('',#1083,#1084,#1005,.T.);
#1324=EDGE_CURVE('',#1084,#1082,#1006,.T.);
#1325=EDGE_CURVE('',#1081,#1083,#1007,.T.);
#1326=EDGE_CURVE('',#1085,#1086,#1008,.T.);
#1327=EDGE_CURVE('',#1086,#1084,#445,.T.);
#1328=EDGE_CURVE('',#1083,#1085,#446,.T.);
#1329=EDGE_CURVE('',#1073,#1072,#447,.T.);
#1330=EDGE_CURVE('',#1071,#1074,#448,.T.);
#1331=EDGE_CURVE('',#1086,#1087,#1009,.T.);
#1332=EDGE_CURVE('',#1087,#1088,#449,.T.);
#1333=EDGE_CURVE('',#1088,#1089,#1010,.T.);
#1334=EDGE_CURVE('',#1089,#1086,#450,.T.);
#1335=EDGE_CURVE('',#1090,#1091,#1011,.T.);
#1336=EDGE_CURVE('',#1091,#1089,#114,.T.);
#1337=EDGE_CURVE('',#1088,#1090,#115,.T.);
#1338=EDGE_CURVE('',#1090,#1092,#106,.T.);
#1339=EDGE_CURVE('',#1092,#1093,#1012,.T.);
#1340=EDGE_CURVE('',#1093,#1091,#107,.T.);
#1341=EDGE_CURVE('',#1094,#1095,#1013,.T.);
#1342=EDGE_CURVE('',#1095,#1093,#451,.T.);
#1343=EDGE_CURVE('',#1092,#1094,#452,.T.);
#1344=EDGE_CURVE('',#1094,#1096,#108,.T.);
#1345=EDGE_CURVE('',#1096,#1097,#1014,.T.);
#1346=EDGE_CURVE('',#1097,#1095,#109,.T.);
#1347=EDGE_CURVE('',#1098,#1099,#1015,.T.);
#1348=EDGE_CURVE('',#1099,#1097,#116,.T.);
#1349=EDGE_CURVE('',#1096,#1098,#117,.T.);
#1350=EDGE_CURVE('',#1100,#1067,#1016,.T.);
#1351=EDGE_CURVE('',#1067,#1099,#453,.T.);
#1352=EDGE_CURVE('',#1098,#1100,#454,.T.);
#1353=EDGE_CURVE('',#1085,#1087,#1017,.T.);
#1354=EDGE_CURVE('',#1100,#1068,#1018,.T.);
#1355=EDGE_CURVE('',#1100,#1101,#455,.T.);
#1356=EDGE_CURVE('',#1101,#1102,#1019,.T.);
#1357=EDGE_CURVE('',#1102,#1068,#456,.T.);
#1358=EDGE_CURVE('',#1101,#1098,#457,.T.);
#1359=EDGE_CURVE('',#1096,#1103,#1020,.T.);
#1360=EDGE_CURVE('',#1103,#1104,#458,.T.);
#1361=EDGE_CURVE('',#1104,#1105,#1021,.T.);
#1362=EDGE_CURVE('',#1106,#1105,#118,.T.);
#1363=EDGE_CURVE('',#1101,#1106,#119,.T.);
#1364=EDGE_CURVE('',#1094,#1103,#1022,.T.);
#1365=EDGE_CURVE('',#1107,#1092,#1023,.T.);
#1366=EDGE_CURVE('',#1107,#1103,#459,.T.);
#1367=EDGE_CURVE('',#1107,#1090,#1024,.T.);
#1368=EDGE_CURVE('',#1108,#1102,#120,.T.);
#1369=EDGE_CURVE('',#1109,#1108,#121,.T.);
#1370=EDGE_CURVE('',#1110,#1109,#110,.T.);
#1371=EDGE_CURVE('',#1111,#1110,#460,.T.);
#1372=EDGE_CURVE('',#1112,#1111,#111,.T.);
#1373=EDGE_CURVE('',#1113,#1112,#122,.T.);
#1374=EDGE_CURVE('',#1114,#1113,#123,.T.);
#1375=EDGE_CURVE('',#1085,#1114,#461,.T.);
#1376=EDGE_CURVE('',#1083,#1115,#462,.T.);
#1377=EDGE_CURVE('',#1115,#1116,#463,.T.);
#1378=EDGE_CURVE('',#1117,#1116,#464,.T.);
#1379=EDGE_CURVE('',#1117,#1118,#465,.T.);
#1380=EDGE_CURVE('',#1119,#1118,#466,.T.);
#1381=EDGE_CURVE('',#1119,#1120,#467,.T.);
#1382=EDGE_CURVE('',#1069,#1120,#468,.T.);
#1383=EDGE_CURVE('',#1088,#1121,#469,.T.);
#1384=EDGE_CURVE('',#1122,#1121,#124,.T.);
#1385=EDGE_CURVE('',#1123,#1122,#125,.T.);
#1386=EDGE_CURVE('',#1123,#1124,#1025,.T.);
#1387=EDGE_CURVE('',#1124,#1107,#470,.T.);
#1388=EDGE_CURVE('',#1121,#1087,#471,.T.);
#1389=EDGE_CURVE('',#1125,#1126,#472,.T.);
#1390=EDGE_CURVE('',#1125,#1127,#473,.T.);
#1391=EDGE_CURVE('',#1128,#1127,#1026,.T.);
#1392=EDGE_CURVE('',#1129,#1128,#474,.T.);
#1393=EDGE_CURVE('',#1130,#1129,#1027,.T.);
#1394=EDGE_CURVE('',#1131,#1130,#475,.T.);
#1395=EDGE_CURVE('',#1131,#1132,#476,.T.);
#1396=EDGE_CURVE('',#1133,#1132,#477,.T.);
#1397=EDGE_CURVE('',#1134,#1133,#1028,.T.);
#1398=EDGE_CURVE('',#1135,#1134,#478,.T.);
#1399=EDGE_CURVE('',#1136,#1135,#1029,.T.);
#1400=EDGE_CURVE('',#1136,#1126,#479,.T.);
#1401=EDGE_CURVE('',#1137,#1138,#126,.T.);
#1402=EDGE_CURVE('',#1138,#1139,#127,.T.);
#1403=EDGE_CURVE('',#1139,#1137,#1030,.T.);
#1404=EDGE_CURVE('',#1140,#1141,#128,.T.);
#1405=EDGE_CURVE('',#1141,#1142,#129,.T.);
#1406=EDGE_CURVE('',#1142,#1140,#1031,.T.);
#1407=EDGE_CURVE('',#1143,#1144,#1032,.F.);
#1408=EDGE_CURVE('',#1145,#1143,#1033,.F.);
#1409=EDGE_CURVE('',#1144,#1145,#1034,.F.);
#1410=EDGE_CURVE('',#1146,#1147,#1035,.T.);
#1411=EDGE_CURVE('',#1147,#1148,#480,.T.);
#1412=EDGE_CURVE('',#1148,#1145,#481,.T.);
#1413=EDGE_CURVE('',#1143,#1146,#482,.T.);
#1414=EDGE_CURVE('',#1141,#1144,#483,.T.);
#1415=EDGE_CURVE('',#1145,#1142,#484,.T.);
#1416=EDGE_CURVE('',#1149,#1150,#1036,.F.);
#1417=EDGE_CURVE('',#1151,#1149,#1037,.F.);
#1418=EDGE_CURVE('',#1150,#1151,#1038,.F.);
#1419=EDGE_CURVE('',#1152,#1153,#1039,.T.);
#1420=EDGE_CURVE('',#1153,#1151,#485,.T.);
#1421=EDGE_CURVE('',#1149,#1154,#486,.T.);
#1422=EDGE_CURVE('',#1154,#1152,#487,.T.);
#1423=EDGE_CURVE('',#1144,#1150,#488,.T.);
#1424=EDGE_CURVE('',#1151,#1143,#489,.T.);
#1425=EDGE_CURVE('',#1137,#1149,#490,.T.);
#1426=EDGE_CURVE('',#1150,#1138,#491,.T.);
#1427=EDGE_CURVE('',#1138,#1141,#492,.T.);
#1428=EDGE_CURVE('',#1140,#1139,#493,.T.);
#1429=EDGE_CURVE('',#1148,#1155,#494,.T.);
#1430=EDGE_CURVE('',#1155,#1156,#495,.T.);
#1431=EDGE_CURVE('',#1157,#1156,#496,.T.);
#1432=EDGE_CURVE('',#1142,#1157,#497,.T.);
#1433=EDGE_CURVE('',#1158,#1153,#498,.T.);
#1434=EDGE_CURVE('',#1158,#1159,#499,.T.);
#1435=EDGE_CURVE('',#1159,#1160,#500,.T.);
#1436=EDGE_CURVE('',#1160,#1161,#501,.T.);
#1437=EDGE_CURVE('',#1146,#1161,#502,.T.);
#1438=EDGE_CURVE('',#1161,#1162,#503,.T.);
#1439=EDGE_CURVE('',#1162,#1163,#504,.T.);
#1440=EDGE_CURVE('',#1163,#1158,#505,.T.);
#1441=EDGE_CURVE('',#1152,#1164,#506,.T.);
#1442=EDGE_CURVE('',#1164,#1165,#507,.T.);
#1443=EDGE_CURVE('',#1165,#1166,#508,.T.);
#1444=EDGE_CURVE('',#1167,#1166,#509,.T.);
#1445=EDGE_CURVE('',#1167,#1168,#1040,.T.);
#1446=EDGE_CURVE('',#1168,#1169,#510,.T.);
#1447=EDGE_CURVE('',#1169,#1157,#1041,.T.);
#1448=EDGE_CURVE('',#1156,#1170,#511,.T.);
#1449=EDGE_CURVE('',#1170,#1171,#512,.T.);
#1450=EDGE_CURVE('',#1171,#1147,#513,.T.);
#1451=EDGE_CURVE('',#1172,#1173,#514,.T.);
#1452=EDGE_CURVE('',#1172,#1174,#515,.T.);
#1453=EDGE_CURVE('',#1174,#1175,#516,.T.);
#1454=EDGE_CURVE('',#1175,#1176,#517,.T.);
#1455=EDGE_CURVE('',#1176,#1177,#1042,.T.);
#1456=EDGE_CURVE('',#1177,#1178,#518,.T.);
#1457=EDGE_CURVE('',#1178,#1179,#519,.T.);
#1458=EDGE_CURVE('',#1179,#1180,#520,.T.);
#1459=EDGE_CURVE('',#1180,#1181,#521,.T.);
#1460=EDGE_CURVE('',#1181,#1182,#522,.T.);
#1461=EDGE_CURVE('',#1182,#1183,#523,.T.);
#1462=EDGE_CURVE('',#1183,#1184,#524,.T.);
#1463=EDGE_CURVE('',#1184,#1185,#1043,.T.);
#1464=EDGE_CURVE('',#1185,#1186,#525,.T.);
#1465=EDGE_CURVE('',#1186,#1187,#526,.T.);
#1466=EDGE_CURVE('',#1187,#1188,#527,.T.);
#1467=EDGE_CURVE('',#1188,#1189,#528,.T.);
#1468=EDGE_CURVE('',#1189,#1173,#529,.T.);
#1469=EDGE_CURVE('',#1190,#1191,#530,.T.);
#1470=EDGE_CURVE('',#1190,#1192,#531,.T.);
#1471=EDGE_CURVE('',#1192,#1193,#532,.T.);
#1472=EDGE_CURVE('',#1193,#1194,#533,.T.);
#1473=EDGE_CURVE('',#1194,#1195,#534,.T.);
#1474=EDGE_CURVE('',#1195,#1196,#535,.T.);
#1475=EDGE_CURVE('',#1197,#1196,#536,.T.);
#1476=EDGE_CURVE('',#1197,#1198,#537,.T.);
#1477=EDGE_CURVE('',#1198,#1199,#538,.T.);
#1478=EDGE_CURVE('',#1199,#1200,#539,.T.);
#1479=EDGE_CURVE('',#1200,#1201,#540,.T.);
#1480=EDGE_CURVE('',#1202,#1201,#541,.T.);
#1481=EDGE_CURVE('',#1202,#1203,#542,.T.);
#1482=EDGE_CURVE('',#1203,#1204,#543,.T.);
#1483=EDGE_CURVE('',#1204,#1205,#544,.T.);
#1484=EDGE_CURVE('',#1205,#1206,#545,.T.);
#1485=EDGE_CURVE('',#1207,#1206,#546,.T.);
#1486=EDGE_CURVE('',#1207,#1208,#547,.T.);
#1487=EDGE_CURVE('',#1208,#1209,#548,.T.);
#1488=EDGE_CURVE('',#1209,#1210,#549,.T.);
#1489=EDGE_CURVE('',#1210,#1211,#550,.T.);
#1490=EDGE_CURVE('',#1211,#1191,#551,.T.);
#1491=EDGE_CURVE('',#1212,#1213,#552,.T.);
#1492=EDGE_CURVE('',#1214,#1212,#553,.T.);
#1493=EDGE_CURVE('',#1215,#1214,#554,.T.);
#1494=EDGE_CURVE('',#1213,#1215,#555,.T.);
#1495=EDGE_CURVE('',#1216,#1212,#556,.T.);
#1496=EDGE_CURVE('',#1217,#1216,#557,.T.);
#1497=EDGE_CURVE('',#1218,#1217,#558,.T.);
#1498=EDGE_CURVE('',#1219,#1218,#559,.T.);
#1499=EDGE_CURVE('',#1214,#1219,#560,.T.);
#1500=EDGE_CURVE('',#1220,#1216,#561,.T.);
#1501=EDGE_CURVE('',#1221,#1220,#562,.T.);
#1502=EDGE_CURVE('',#1217,#1221,#563,.T.);
#1503=EDGE_CURVE('',#1075,#1222,#564,.T.);
#1504=EDGE_CURVE('',#1222,#1223,#565,.T.);
#1505=EDGE_CURVE('',#1220,#1223,#566,.T.);
#1506=EDGE_CURVE('',#1224,#1213,#567,.T.);
#1507=EDGE_CURVE('',#1224,#1225,#568,.T.);
#1508=EDGE_CURVE('',#1077,#1225,#569,.T.);
#1509=EDGE_CURVE('',#1226,#1215,#570,.T.);
#1510=EDGE_CURVE('',#1196,#1226,#1044,.T.);
#1511=EDGE_CURVE('',#1227,#1195,#571,.T.);
#1512=EDGE_CURVE('',#1224,#1227,#572,.T.);
#1513=EDGE_CURVE('',#1191,#1228,#1045,.T.);
#1514=EDGE_CURVE('',#1228,#1229,#573,.T.);
#1515=EDGE_CURVE('',#1229,#1190,#1046,.T.);
#1516=EDGE_CURVE('',#1228,#1230,#574,.T.);
#1517=EDGE_CURVE('',#1231,#1230,#575,.T.);
#1518=EDGE_CURVE('',#1231,#1229,#576,.T.);
#1519=EDGE_CURVE('',#1232,#1233,#577,.T.);
#1520=EDGE_CURVE('',#1234,#1232,#578,.T.);
#1521=EDGE_CURVE('',#1235,#1234,#579,.T.);
#1522=EDGE_CURVE('',#1230,#1235,#580,.T.);
#1523=EDGE_CURVE('',#1236,#1211,#581,.T.);
#1524=EDGE_CURVE('',#1233,#1236,#582,.T.);
#1525=EDGE_CURVE('',#1237,#1231,#583,.T.);
#1526=EDGE_CURVE('',#1238,#1237,#584,.T.);
#1527=EDGE_CURVE('',#1238,#1239,#585,.T.);
#1528=EDGE_CURVE('',#1239,#1240,#586,.T.);
#1529=EDGE_CURVE('',#1241,#1240,#587,.T.);
#1530=EDGE_CURVE('',#1192,#1241,#588,.T.);
#1531=EDGE_CURVE('',#1210,#1242,#589,.T.);
#1532=EDGE_CURVE('',#1242,#1236,#590,.T.);
#1533=EDGE_CURVE('',#1079,#1243,#591,.T.);
#1534=EDGE_CURVE('',#1243,#1240,#592,.T.);
#1535=EDGE_CURVE('',#1239,#1232,#593,.T.);
#1536=EDGE_CURVE('',#1244,#1233,#594,.T.);
#1537=EDGE_CURVE('',#1081,#1244,#595,.T.);
#1538=EDGE_CURVE('',#1244,#1115,#1047,.T.);
#1539=EDGE_CURVE('',#1225,#1243,#1048,.T.);
#1540=EDGE_CURVE('',#1074,#1245,#596,.T.);
#1541=EDGE_CURVE('',#1245,#1222,#1049,.T.);
#1542=EDGE_CURVE('',#1071,#1246,#597,.T.);
#1543=EDGE_CURVE('',#1246,#1247,#598,.T.);
#1544=EDGE_CURVE('',#1248,#1247,#599,.T.);
#1545=EDGE_CURVE('',#1248,#1249,#600,.T.);
#1546=EDGE_CURVE('',#1250,#1249,#601,.T.);
#1547=EDGE_CURVE('',#1250,#1245,#602,.T.);
#1548=EDGE_CURVE('',#1114,#1121,#1050,.T.);
#1549=EDGE_CURVE('',#1120,#1246,#1051,.T.);
#1550=EDGE_CURVE('',#1163,#1251,#603,.T.);
#1551=EDGE_CURVE('',#1251,#1159,#604,.T.);
#1552=EDGE_CURVE('',#1162,#1252,#605,.T.);
#1553=EDGE_CURVE('',#1252,#1251,#606,.T.);
#1554=EDGE_CURVE('',#1160,#1252,#607,.T.);
#1555=EDGE_CURVE('',#1171,#1253,#608,.T.);
#1556=EDGE_CURVE('',#1253,#1148,#609,.T.);
#1557=EDGE_CURVE('',#1170,#1254,#610,.T.);
#1558=EDGE_CURVE('',#1254,#1253,#611,.T.);
#1559=EDGE_CURVE('',#1155,#1254,#612,.T.);
#1560=EDGE_CURVE('',#1164,#1255,#613,.T.);
#1561=EDGE_CURVE('',#1255,#1256,#614,.T.);
#1562=EDGE_CURVE('',#1165,#1256,#615,.T.);
#1563=EDGE_CURVE('',#1154,#1255,#616,.T.);
#1564=EDGE_CURVE('',#1256,#1257,#617,.T.);
#1565=EDGE_CURVE('',#1166,#1257,#618,.T.);
#1566=EDGE_CURVE('',#1257,#1154,#619,.T.);
#1567=EDGE_CURVE('',#1137,#1167,#620,.T.);
#1568=EDGE_CURVE('',#1125,#1258,#1052,.T.);
#1569=EDGE_CURVE('',#1259,#1126,#1053,.T.);
#1570=EDGE_CURVE('',#1259,#1258,#621,.T.);
#1571=EDGE_CURVE('',#1260,#1136,#622,.T.);
#1572=EDGE_CURVE('',#1261,#1260,#623,.T.);
#1573=EDGE_CURVE('',#1172,#1261,#624,.T.);
#1574=EDGE_CURVE('',#1259,#1173,#625,.T.);
#1575=EDGE_CURVE('',#1189,#1258,#626,.T.);
#1576=EDGE_CURVE('',#1262,#1263,#627,.T.);
#1577=EDGE_CURVE('',#1264,#1263,#628,.T.);
#1578=EDGE_CURVE('',#1265,#1264,#629,.T.);
#1579=EDGE_CURVE('',#1265,#1266,#630,.T.);
#1580=EDGE_CURVE('',#1266,#1262,#1054,.T.);
#1581=EDGE_CURVE('',#1264,#1187,#631,.T.);
#1582=EDGE_CURVE('',#1265,#1186,#632,.T.);
#1583=EDGE_CURVE('',#1263,#1188,#633,.T.);
#1584=EDGE_CURVE('',#1127,#1262,#634,.T.);
#1585=EDGE_CURVE('',#1139,#1168,#635,.T.);
#1586=EDGE_CURVE('',#1169,#1140,#636,.T.);
#1587=EDGE_CURVE('',#1261,#1267,#637,.T.);
#1588=EDGE_CURVE('',#1267,#1174,#638,.T.);
#1589=EDGE_CURVE('',#1260,#1268,#1055,.T.);
#1590=EDGE_CURVE('',#1268,#1269,#639,.T.);
#1591=EDGE_CURVE('',#1267,#1269,#640,.T.);
#1592=EDGE_CURVE('',#1270,#1271,#641,.T.);
#1593=EDGE_CURVE('',#1272,#1270,#642,.T.);
#1594=EDGE_CURVE('',#1273,#1272,#643,.T.);
#1595=EDGE_CURVE('',#1273,#1271,#644,.T.);
#1596=EDGE_CURVE('',#1180,#1272,#645,.T.);
#1597=EDGE_CURVE('',#1273,#1179,#646,.T.);
#1598=EDGE_CURVE('',#1270,#1181,#647,.T.);
#1599=EDGE_CURVE('',#1269,#1175,#648,.T.);
#1600=EDGE_CURVE('',#1135,#1268,#649,.T.);
#1601=EDGE_CURVE('',#1176,#1134,#650,.T.);
#1602=EDGE_CURVE('',#1266,#1128,#651,.T.);
#1603=EDGE_CURVE('',#1129,#1185,#652,.T.);
#1604=EDGE_CURVE('',#1183,#1131,#653,.T.);
#1605=EDGE_CURVE('',#1271,#1182,#654,.T.);
#1606=EDGE_CURVE('',#1132,#1178,#655,.T.);
#1607=EDGE_CURVE('',#1184,#1130,#656,.T.);
#1608=EDGE_CURVE('',#1133,#1177,#657,.T.);
#1609=EDGE_CURVE('',#1111,#1123,#112,.T.);
#1610=EDGE_CURVE('',#1123,#1112,#1056,.T.);
#1611=EDGE_CURVE('',#1122,#1113,#1057,.T.);
#1612=EDGE_CURVE('',#1274,#1242,#658,.T.);
#1613=EDGE_CURVE('',#1275,#1274,#659,.T.);
#1614=EDGE_CURVE('',#1275,#1116,#660,.T.);
#1615=EDGE_CURVE('',#1108,#1106,#1058,.T.);
#1616=EDGE_CURVE('',#1105,#1109,#1059,.T.);
#1617=EDGE_CURVE('',#1105,#1110,#113,.T.);
#1618=EDGE_CURVE('',#1104,#1110,#1060,.T.);
#1619=EDGE_CURVE('',#1104,#1124,#661,.T.);
#1620=EDGE_CURVE('',#1111,#1124,#1061,.T.);
#1621=EDGE_CURVE('',#1207,#1276,#1062,.F.);
#1622=EDGE_CURVE('',#1206,#1277,#1063,.T.);
#1623=EDGE_CURVE('',#1277,#1276,#662,.T.);
#1624=EDGE_CURVE('',#1277,#1278,#663,.T.);
#1625=EDGE_CURVE('',#1279,#1278,#664,.T.);
#1626=EDGE_CURVE('',#1279,#1276,#665,.T.);
#1627=EDGE_CURVE('',#1234,#1238,#666,.T.);
#1628=EDGE_CURVE('',#1249,#1280,#667,.T.);
#1629=EDGE_CURVE('',#1281,#1248,#668,.T.);
#1630=EDGE_CURVE('',#1280,#1281,#669,.T.);
#1631=EDGE_CURVE('',#1282,#1117,#670,.T.);
#1632=EDGE_CURVE('',#1283,#1282,#671,.T.);
#1633=EDGE_CURVE('',#1118,#1283,#672,.T.);
#1634=EDGE_CURVE('',#1237,#1235,#673,.T.);
#1635=EDGE_CURVE('',#1221,#1284,#674,.T.);
#1636=EDGE_CURVE('',#1218,#1284,#675,.T.);
#1637=EDGE_CURVE('',#1285,#1197,#1064,.T.);
#1638=EDGE_CURVE('',#1286,#1285,#676,.T.);
#1639=EDGE_CURVE('',#1284,#1286,#677,.T.);
#1640=EDGE_CURVE('',#1287,#1223,#678,.T.);
#1641=EDGE_CURVE('',#1198,#1287,#679,.T.);
#1642=EDGE_CURVE('',#1288,#1200,#680,.T.);
#1643=EDGE_CURVE('',#1250,#1288,#681,.T.);
#1644=EDGE_CURVE('',#1289,#1280,#682,.T.);
#1645=EDGE_CURVE('',#1290,#1289,#683,.T.);
#1646=EDGE_CURVE('',#1291,#1290,#684,.T.);
#1647=EDGE_CURVE('',#1201,#1291,#1065,.T.);
#1648=EDGE_CURVE('',#1282,#1292,#685,.T.);
#1649=EDGE_CURVE('',#1293,#1292,#686,.T.);
#1650=EDGE_CURVE('',#1293,#1283,#687,.T.);
#1651=EDGE_CURVE('',#1292,#1279,#688,.T.);
#1652=EDGE_CURVE('',#1208,#1275,#689,.T.);
#1653=EDGE_CURVE('',#1289,#1294,#690,.T.);
#1654=EDGE_CURVE('',#1294,#1295,#691,.T.);
#1655=EDGE_CURVE('',#1295,#1290,#692,.T.);
#1656=EDGE_CURVE('',#1278,#1293,#693,.T.);
#1657=EDGE_CURVE('',#1286,#1219,#694,.T.);
#1658=EDGE_CURVE('',#1226,#1285,#695,.T.);
#1659=EDGE_CURVE('',#1291,#1296,#696,.T.);
#1660=EDGE_CURVE('',#1296,#1202,#1066,.T.);
#1661=EDGE_CURVE('',#1295,#1296,#697,.T.);
#1662=EDGE_CURVE('',#1193,#1297,#698,.T.);
#1663=EDGE_CURVE('',#1297,#1241,#699,.T.);
#1664=EDGE_CURVE('',#1298,#1205,#700,.T.);
#1665=EDGE_CURVE('',#1119,#1298,#701,.T.);
#1666=EDGE_CURVE('',#1281,#1294,#702,.T.);
#1667=EDGE_CURVE('',#1299,#1247,#703,.T.);
#1668=EDGE_CURVE('',#1203,#1299,#704,.T.);
#1669=EDGE_CURVE('',#1287,#1300,#705,.T.);
#1670=EDGE_CURVE('',#1199,#1300,#706,.T.);
#1671=EDGE_CURVE('',#1300,#1288,#707,.T.);
#1672=EDGE_CURVE('',#1297,#1301,#708,.T.);
#1673=EDGE_CURVE('',#1194,#1301,#709,.T.);
#1674=EDGE_CURVE('',#1301,#1227,#710,.T.);
#1675=EDGE_CURVE('',#1209,#1274,#711,.T.);
#1676=EDGE_CURVE('',#1299,#1302,#712,.T.);
#1677=EDGE_CURVE('',#1204,#1302,#713,.T.);
#1678=EDGE_CURVE('',#1302,#1298,#714,.T.);
#1679=ORIENTED_EDGE('',*,*,#1303,.T.);
#1680=ORIENTED_EDGE('',*,*,#1304,.T.);
#1681=ORIENTED_EDGE('',*,*,#1305,.T.);
#1682=ORIENTED_EDGE('',*,*,#1306,.T.);
#1683=ORIENTED_EDGE('',*,*,#1307,.T.);
#1684=ORIENTED_EDGE('',*,*,#1308,.T.);
#1685=ORIENTED_EDGE('',*,*,#1305,.F.);
#1686=ORIENTED_EDGE('',*,*,#1309,.T.);
#1687=ORIENTED_EDGE('',*,*,#1310,.T.);
#1688=ORIENTED_EDGE('',*,*,#1311,.T.);
#1689=ORIENTED_EDGE('',*,*,#1312,.T.);
#1690=ORIENTED_EDGE('',*,*,#1313,.T.);
#1691=ORIENTED_EDGE('',*,*,#1314,.T.);
#1692=ORIENTED_EDGE('',*,*,#1315,.T.);
#1693=ORIENTED_EDGE('',*,*,#1312,.F.);
#1694=ORIENTED_EDGE('',*,*,#1316,.T.);
#1695=ORIENTED_EDGE('',*,*,#1317,.T.);
#1696=ORIENTED_EDGE('',*,*,#1318,.T.);
#1697=ORIENTED_EDGE('',*,*,#1314,.F.);
#1698=ORIENTED_EDGE('',*,*,#1319,.T.);
#1699=ORIENTED_EDGE('',*,*,#1320,.T.);
#1700=ORIENTED_EDGE('',*,*,#1321,.T.);
#1701=ORIENTED_EDGE('',*,*,#1317,.F.);
#1702=ORIENTED_EDGE('',*,*,#1322,.T.);
#1703=ORIENTED_EDGE('',*,*,#1323,.T.);
#1704=ORIENTED_EDGE('',*,*,#1324,.T.);
#1705=ORIENTED_EDGE('',*,*,#1320,.F.);
#1706=ORIENTED_EDGE('',*,*,#1325,.T.);
#1707=ORIENTED_EDGE('',*,*,#1326,.T.);
#1708=ORIENTED_EDGE('',*,*,#1327,.T.);
#1709=ORIENTED_EDGE('',*,*,#1323,.F.);
#1710=ORIENTED_EDGE('',*,*,#1328,.T.);
#1711=ORIENTED_EDGE('',*,*,#1310,.F.);
#1712=ORIENTED_EDGE('',*,*,#1329,.T.);
#1713=ORIENTED_EDGE('',*,*,#1307,.F.);
#1714=ORIENTED_EDGE('',*,*,#1330,.T.);
#1715=ORIENTED_EDGE('',*,*,#1331,.T.);
#1716=ORIENTED_EDGE('',*,*,#1332,.T.);
#1717=ORIENTED_EDGE('',*,*,#1333,.T.);
#1718=ORIENTED_EDGE('',*,*,#1334,.T.);
#1719=ORIENTED_EDGE('',*,*,#1335,.T.);
#1720=ORIENTED_EDGE('',*,*,#1336,.T.);
#1721=ORIENTED_EDGE('',*,*,#1333,.F.);
#1722=ORIENTED_EDGE('',*,*,#1337,.T.);
#1723=ORIENTED_EDGE('',*,*,#1335,.F.);
#1724=ORIENTED_EDGE('',*,*,#1338,.T.);
#1725=ORIENTED_EDGE('',*,*,#1339,.T.);
#1726=ORIENTED_EDGE('',*,*,#1340,.T.);
#1727=ORIENTED_EDGE('',*,*,#1341,.T.);
#1728=ORIENTED_EDGE('',*,*,#1342,.T.);
#1729=ORIENTED_EDGE('',*,*,#1339,.F.);
#1730=ORIENTED_EDGE('',*,*,#1343,.T.);
#1731=ORIENTED_EDGE('',*,*,#1341,.F.);
#1732=ORIENTED_EDGE('',*,*,#1344,.T.);
#1733=ORIENTED_EDGE('',*,*,#1345,.T.);
#1734=ORIENTED_EDGE('',*,*,#1346,.T.);
#1735=ORIENTED_EDGE('',*,*,#1347,.T.);
#1736=ORIENTED_EDGE('',*,*,#1348,.T.);
#1737=ORIENTED_EDGE('',*,*,#1345,.F.);
#1738=ORIENTED_EDGE('',*,*,#1349,.T.);
#1739=ORIENTED_EDGE('',*,*,#1350,.T.);
#1740=ORIENTED_EDGE('',*,*,#1351,.T.);
#1741=ORIENTED_EDGE('',*,*,#1347,.F.);
#1742=ORIENTED_EDGE('',*,*,#1352,.T.);
#1743=ORIENTED_EDGE('',*,*,#1331,.F.);
#1744=ORIENTED_EDGE('',*,*,#1326,.F.);
#1745=ORIENTED_EDGE('',*,*,#1353,.T.);
#1746=ORIENTED_EDGE('',*,*,#1303,.F.);
#1747=ORIENTED_EDGE('',*,*,#1350,.F.);
#1748=ORIENTED_EDGE('',*,*,#1354,.T.);
#1749=ORIENTED_EDGE('',*,*,#1354,.F.);
#1750=ORIENTED_EDGE('',*,*,#1355,.T.);
#1751=ORIENTED_EDGE('',*,*,#1356,.T.);
#1752=ORIENTED_EDGE('',*,*,#1357,.T.);
#1753=ORIENTED_EDGE('',*,*,#1352,.F.);
#1754=ORIENTED_EDGE('',*,*,#1358,.F.);
#1755=ORIENTED_EDGE('',*,*,#1355,.F.);
#1756=ORIENTED_EDGE('',*,*,#1349,.F.);
#1757=ORIENTED_EDGE('',*,*,#1359,.T.);
#1758=ORIENTED_EDGE('',*,*,#1360,.T.);
#1759=ORIENTED_EDGE('',*,*,#1361,.T.);
#1760=ORIENTED_EDGE('',*,*,#1362,.F.);
#1761=ORIENTED_EDGE('',*,*,#1363,.F.);
#1762=ORIENTED_EDGE('',*,*,#1358,.T.);
#1763=ORIENTED_EDGE('',*,*,#1344,.F.);
#1764=ORIENTED_EDGE('',*,*,#1364,.T.);
#1765=ORIENTED_EDGE('',*,*,#1359,.F.);
#1766=ORIENTED_EDGE('',*,*,#1343,.F.);
#1767=ORIENTED_EDGE('',*,*,#1365,.F.);
#1768=ORIENTED_EDGE('',*,*,#1366,.T.);
#1769=ORIENTED_EDGE('',*,*,#1364,.F.);
#1770=ORIENTED_EDGE('',*,*,#1338,.F.);
#1771=ORIENTED_EDGE('',*,*,#1367,.F.);
#1772=ORIENTED_EDGE('',*,*,#1365,.T.);
#1773=ORIENTED_EDGE('',*,*,#1304,.F.);
#1774=ORIENTED_EDGE('',*,*,#1357,.F.);
#1775=ORIENTED_EDGE('',*,*,#1368,.F.);
#1776=ORIENTED_EDGE('',*,*,#1369,.F.);
#1777=ORIENTED_EDGE('',*,*,#1370,.F.);
#1778=ORIENTED_EDGE('',*,*,#1371,.F.);
#1779=ORIENTED_EDGE('',*,*,#1372,.F.);
#1780=ORIENTED_EDGE('',*,*,#1373,.F.);
#1781=ORIENTED_EDGE('',*,*,#1374,.F.);
#1782=ORIENTED_EDGE('',*,*,#1375,.F.);
#1783=ORIENTED_EDGE('',*,*,#1328,.F.);
#1784=ORIENTED_EDGE('',*,*,#1376,.T.);
#1785=ORIENTED_EDGE('',*,*,#1377,.T.);
#1786=ORIENTED_EDGE('',*,*,#1378,.F.);
#1787=ORIENTED_EDGE('',*,*,#1379,.T.);
#1788=ORIENTED_EDGE('',*,*,#1380,.F.);
#1789=ORIENTED_EDGE('',*,*,#1381,.T.);
#1790=ORIENTED_EDGE('',*,*,#1382,.F.);
#1791=ORIENTED_EDGE('',*,*,#1337,.F.);
#1792=ORIENTED_EDGE('',*,*,#1383,.T.);
#1793=ORIENTED_EDGE('',*,*,#1384,.F.);
#1794=ORIENTED_EDGE('',*,*,#1385,.F.);
#1795=ORIENTED_EDGE('',*,*,#1386,.T.);
#1796=ORIENTED_EDGE('',*,*,#1387,.T.);
#1797=ORIENTED_EDGE('',*,*,#1367,.T.);
#1798=ORIENTED_EDGE('',*,*,#1332,.F.);
#1799=ORIENTED_EDGE('',*,*,#1388,.F.);
#1800=ORIENTED_EDGE('',*,*,#1383,.F.);
#1801=ORIENTED_EDGE('',*,*,#1389,.F.);
#1802=ORIENTED_EDGE('',*,*,#1390,.T.);
#1803=ORIENTED_EDGE('',*,*,#1391,.F.);
#1804=ORIENTED_EDGE('',*,*,#1392,.F.);
#1805=ORIENTED_EDGE('',*,*,#1393,.F.);
#1806=ORIENTED_EDGE('',*,*,#1394,.F.);
#1807=ORIENTED_EDGE('',*,*,#1395,.T.);
#1808=ORIENTED_EDGE('',*,*,#1396,.F.);
#1809=ORIENTED_EDGE('',*,*,#1397,.F.);
#1810=ORIENTED_EDGE('',*,*,#1398,.F.);
#1811=ORIENTED_EDGE('',*,*,#1399,.F.);
#1812=ORIENTED_EDGE('',*,*,#1400,.T.);
#1813=ORIENTED_EDGE('',*,*,#1313,.F.);
#1814=ORIENTED_EDGE('',*,*,#1315,.F.);
#1815=ORIENTED_EDGE('',*,*,#1318,.F.);
#1816=ORIENTED_EDGE('',*,*,#1321,.F.);
#1817=ORIENTED_EDGE('',*,*,#1324,.F.);
#1818=ORIENTED_EDGE('',*,*,#1327,.F.);
#1819=ORIENTED_EDGE('',*,*,#1334,.F.);
#1820=ORIENTED_EDGE('',*,*,#1336,.F.);
#1821=ORIENTED_EDGE('',*,*,#1340,.F.);
#1822=ORIENTED_EDGE('',*,*,#1342,.F.);
#1823=ORIENTED_EDGE('',*,*,#1346,.F.);
#1824=ORIENTED_EDGE('',*,*,#1348,.F.);
#1825=ORIENTED_EDGE('',*,*,#1351,.F.);
#1826=ORIENTED_EDGE('',*,*,#1306,.F.);
#1827=ORIENTED_EDGE('',*,*,#1308,.F.);
#1828=ORIENTED_EDGE('',*,*,#1329,.F.);
#1829=ORIENTED_EDGE('',*,*,#1401,.T.);
#1830=ORIENTED_EDGE('',*,*,#1402,.T.);
#1831=ORIENTED_EDGE('',*,*,#1403,.T.);
#1832=ORIENTED_EDGE('',*,*,#1404,.T.);
#1833=ORIENTED_EDGE('',*,*,#1405,.T.);
#1834=ORIENTED_EDGE('',*,*,#1406,.T.);
#1835=ORIENTED_EDGE('',*,*,#1407,.F.);
#1836=ORIENTED_EDGE('',*,*,#1408,.F.);
#1837=ORIENTED_EDGE('',*,*,#1409,.F.);
#1838=ORIENTED_EDGE('',*,*,#1410,.T.);
#1839=ORIENTED_EDGE('',*,*,#1411,.T.);
#1840=ORIENTED_EDGE('',*,*,#1412,.T.);
#1841=ORIENTED_EDGE('',*,*,#1408,.T.);
#1842=ORIENTED_EDGE('',*,*,#1413,.T.);
#1843=ORIENTED_EDGE('',*,*,#1405,.F.);
#1844=ORIENTED_EDGE('',*,*,#1414,.T.);
#1845=ORIENTED_EDGE('',*,*,#1409,.T.);
#1846=ORIENTED_EDGE('',*,*,#1415,.T.);
#1847=ORIENTED_EDGE('',*,*,#1416,.F.);
#1848=ORIENTED_EDGE('',*,*,#1417,.F.);
#1849=ORIENTED_EDGE('',*,*,#1418,.F.);
#1850=ORIENTED_EDGE('',*,*,#1419,.T.);
#1851=ORIENTED_EDGE('',*,*,#1420,.T.);
#1852=ORIENTED_EDGE('',*,*,#1417,.T.);
#1853=ORIENTED_EDGE('',*,*,#1421,.T.);
#1854=ORIENTED_EDGE('',*,*,#1422,.T.);
#1855=ORIENTED_EDGE('',*,*,#1407,.T.);
#1856=ORIENTED_EDGE('',*,*,#1423,.T.);
#1857=ORIENTED_EDGE('',*,*,#1418,.T.);
#1858=ORIENTED_EDGE('',*,*,#1424,.T.);
#1859=ORIENTED_EDGE('',*,*,#1401,.F.);
#1860=ORIENTED_EDGE('',*,*,#1425,.T.);
#1861=ORIENTED_EDGE('',*,*,#1416,.T.);
#1862=ORIENTED_EDGE('',*,*,#1426,.T.);
#1863=ORIENTED_EDGE('',*,*,#1402,.F.);
#1864=ORIENTED_EDGE('',*,*,#1427,.T.);
#1865=ORIENTED_EDGE('',*,*,#1404,.F.);
#1866=ORIENTED_EDGE('',*,*,#1428,.T.);
#1867=ORIENTED_EDGE('',*,*,#1415,.F.);
#1868=ORIENTED_EDGE('',*,*,#1412,.F.);
#1869=ORIENTED_EDGE('',*,*,#1429,.T.);
#1870=ORIENTED_EDGE('',*,*,#1430,.T.);
#1871=ORIENTED_EDGE('',*,*,#1431,.F.);
#1872=ORIENTED_EDGE('',*,*,#1432,.F.);
#1873=ORIENTED_EDGE('',*,*,#1413,.F.);
#1874=ORIENTED_EDGE('',*,*,#1424,.F.);
#1875=ORIENTED_EDGE('',*,*,#1420,.F.);
#1876=ORIENTED_EDGE('',*,*,#1433,.F.);
#1877=ORIENTED_EDGE('',*,*,#1434,.T.);
#1878=ORIENTED_EDGE('',*,*,#1435,.T.);
#1879=ORIENTED_EDGE('',*,*,#1436,.T.);
#1880=ORIENTED_EDGE('',*,*,#1437,.F.);
#1881=ORIENTED_EDGE('',*,*,#1410,.F.);
#1882=ORIENTED_EDGE('',*,*,#1437,.T.);
#1883=ORIENTED_EDGE('',*,*,#1438,.T.);
#1884=ORIENTED_EDGE('',*,*,#1439,.T.);
#1885=ORIENTED_EDGE('',*,*,#1440,.T.);
#1886=ORIENTED_EDGE('',*,*,#1433,.T.);
#1887=ORIENTED_EDGE('',*,*,#1419,.F.);
#1888=ORIENTED_EDGE('',*,*,#1441,.T.);
#1889=ORIENTED_EDGE('',*,*,#1442,.T.);
#1890=ORIENTED_EDGE('',*,*,#1443,.T.);
#1891=ORIENTED_EDGE('',*,*,#1444,.F.);
#1892=ORIENTED_EDGE('',*,*,#1445,.T.);
#1893=ORIENTED_EDGE('',*,*,#1446,.T.);
#1894=ORIENTED_EDGE('',*,*,#1447,.T.);
#1895=ORIENTED_EDGE('',*,*,#1431,.T.);
#1896=ORIENTED_EDGE('',*,*,#1448,.T.);
#1897=ORIENTED_EDGE('',*,*,#1449,.T.);
#1898=ORIENTED_EDGE('',*,*,#1450,.T.);
#1899=ORIENTED_EDGE('',*,*,#1451,.F.);
#1900=ORIENTED_EDGE('',*,*,#1452,.T.);
#1901=ORIENTED_EDGE('',*,*,#1453,.T.);
#1902=ORIENTED_EDGE('',*,*,#1454,.T.);
#1903=ORIENTED_EDGE('',*,*,#1455,.T.);
#1904=ORIENTED_EDGE('',*,*,#1456,.T.);
#1905=ORIENTED_EDGE('',*,*,#1457,.T.);
#1906=ORIENTED_EDGE('',*,*,#1458,.T.);
#1907=ORIENTED_EDGE('',*,*,#1459,.T.);
#1908=ORIENTED_EDGE('',*,*,#1460,.T.);
#1909=ORIENTED_EDGE('',*,*,#1461,.T.);
#1910=ORIENTED_EDGE('',*,*,#1462,.T.);
#1911=ORIENTED_EDGE('',*,*,#1463,.T.);
#1912=ORIENTED_EDGE('',*,*,#1464,.T.);
#1913=ORIENTED_EDGE('',*,*,#1465,.T.);
#1914=ORIENTED_EDGE('',*,*,#1466,.T.);
#1915=ORIENTED_EDGE('',*,*,#1467,.T.);
#1916=ORIENTED_EDGE('',*,*,#1468,.T.);
#1917=ORIENTED_EDGE('',*,*,#1414,.F.);
#1918=ORIENTED_EDGE('',*,*,#1427,.F.);
#1919=ORIENTED_EDGE('',*,*,#1426,.F.);
#1920=ORIENTED_EDGE('',*,*,#1423,.F.);
#1921=ORIENTED_EDGE('',*,*,#1469,.F.);
#1922=ORIENTED_EDGE('',*,*,#1470,.T.);
#1923=ORIENTED_EDGE('',*,*,#1471,.T.);
#1924=ORIENTED_EDGE('',*,*,#1472,.T.);
#1925=ORIENTED_EDGE('',*,*,#1473,.T.);
#1926=ORIENTED_EDGE('',*,*,#1474,.T.);
#1927=ORIENTED_EDGE('',*,*,#1475,.F.);
#1928=ORIENTED_EDGE('',*,*,#1476,.T.);
#1929=ORIENTED_EDGE('',*,*,#1477,.T.);
#1930=ORIENTED_EDGE('',*,*,#1478,.T.);
#1931=ORIENTED_EDGE('',*,*,#1479,.T.);
#1932=ORIENTED_EDGE('',*,*,#1480,.F.);
#1933=ORIENTED_EDGE('',*,*,#1481,.T.);
#1934=ORIENTED_EDGE('',*,*,#1482,.T.);
#1935=ORIENTED_EDGE('',*,*,#1483,.T.);
#1936=ORIENTED_EDGE('',*,*,#1484,.T.);
#1937=ORIENTED_EDGE('',*,*,#1485,.F.);
#1938=ORIENTED_EDGE('',*,*,#1486,.T.);
#1939=ORIENTED_EDGE('',*,*,#1487,.T.);
#1940=ORIENTED_EDGE('',*,*,#1488,.T.);
#1941=ORIENTED_EDGE('',*,*,#1489,.T.);
#1942=ORIENTED_EDGE('',*,*,#1490,.T.);
#1943=ORIENTED_EDGE('',*,*,#1491,.F.);
#1944=ORIENTED_EDGE('',*,*,#1492,.F.);
#1945=ORIENTED_EDGE('',*,*,#1493,.F.);
#1946=ORIENTED_EDGE('',*,*,#1494,.F.);
#1947=ORIENTED_EDGE('',*,*,#1495,.F.);
#1948=ORIENTED_EDGE('',*,*,#1496,.F.);
#1949=ORIENTED_EDGE('',*,*,#1497,.F.);
#1950=ORIENTED_EDGE('',*,*,#1498,.F.);
#1951=ORIENTED_EDGE('',*,*,#1499,.F.);
#1952=ORIENTED_EDGE('',*,*,#1492,.T.);
#1953=ORIENTED_EDGE('',*,*,#1496,.T.);
#1954=ORIENTED_EDGE('',*,*,#1500,.F.);
#1955=ORIENTED_EDGE('',*,*,#1501,.F.);
#1956=ORIENTED_EDGE('',*,*,#1502,.F.);
#1957=ORIENTED_EDGE('',*,*,#1316,.F.);
#1958=ORIENTED_EDGE('',*,*,#1503,.T.);
#1959=ORIENTED_EDGE('',*,*,#1504,.T.);
#1960=ORIENTED_EDGE('',*,*,#1505,.F.);
#1961=ORIENTED_EDGE('',*,*,#1500,.T.);
#1962=ORIENTED_EDGE('',*,*,#1495,.T.);
#1963=ORIENTED_EDGE('',*,*,#1491,.T.);
#1964=ORIENTED_EDGE('',*,*,#1506,.F.);
#1965=ORIENTED_EDGE('',*,*,#1507,.T.);
#1966=ORIENTED_EDGE('',*,*,#1508,.F.);
#1967=ORIENTED_EDGE('',*,*,#1494,.T.);
#1968=ORIENTED_EDGE('',*,*,#1509,.F.);
#1969=ORIENTED_EDGE('',*,*,#1510,.F.);
#1970=ORIENTED_EDGE('',*,*,#1474,.F.);
#1971=ORIENTED_EDGE('',*,*,#1511,.F.);
#1972=ORIENTED_EDGE('',*,*,#1512,.F.);
#1973=ORIENTED_EDGE('',*,*,#1506,.T.);
#1974=ORIENTED_EDGE('',*,*,#1513,.T.);
#1975=ORIENTED_EDGE('',*,*,#1514,.T.);
#1976=ORIENTED_EDGE('',*,*,#1515,.T.);
#1977=ORIENTED_EDGE('',*,*,#1469,.T.);
#1978=ORIENTED_EDGE('',*,*,#1514,.F.);
#1979=ORIENTED_EDGE('',*,*,#1516,.T.);
#1980=ORIENTED_EDGE('',*,*,#1517,.F.);
#1981=ORIENTED_EDGE('',*,*,#1518,.T.);
#1982=ORIENTED_EDGE('',*,*,#1519,.F.);
#1983=ORIENTED_EDGE('',*,*,#1520,.F.);
#1984=ORIENTED_EDGE('',*,*,#1521,.F.);
#1985=ORIENTED_EDGE('',*,*,#1522,.F.);
#1986=ORIENTED_EDGE('',*,*,#1516,.F.);
#1987=ORIENTED_EDGE('',*,*,#1513,.F.);
#1988=ORIENTED_EDGE('',*,*,#1490,.F.);
#1989=ORIENTED_EDGE('',*,*,#1523,.F.);
#1990=ORIENTED_EDGE('',*,*,#1524,.F.);
#1991=ORIENTED_EDGE('',*,*,#1518,.F.);
#1992=ORIENTED_EDGE('',*,*,#1525,.F.);
#1993=ORIENTED_EDGE('',*,*,#1526,.F.);
#1994=ORIENTED_EDGE('',*,*,#1527,.T.);
#1995=ORIENTED_EDGE('',*,*,#1528,.T.);
#1996=ORIENTED_EDGE('',*,*,#1529,.F.);
#1997=ORIENTED_EDGE('',*,*,#1530,.F.);
#1998=ORIENTED_EDGE('',*,*,#1470,.F.);
#1999=ORIENTED_EDGE('',*,*,#1515,.F.);
#2000=ORIENTED_EDGE('',*,*,#1531,.T.);
#2001=ORIENTED_EDGE('',*,*,#1532,.T.);
#2002=ORIENTED_EDGE('',*,*,#1523,.T.);
#2003=ORIENTED_EDGE('',*,*,#1489,.F.);
#2004=ORIENTED_EDGE('',*,*,#1322,.F.);
#2005=ORIENTED_EDGE('',*,*,#1533,.T.);
#2006=ORIENTED_EDGE('',*,*,#1534,.T.);
#2007=ORIENTED_EDGE('',*,*,#1528,.F.);
#2008=ORIENTED_EDGE('',*,*,#1535,.T.);
#2009=ORIENTED_EDGE('',*,*,#1519,.T.);
#2010=ORIENTED_EDGE('',*,*,#1536,.F.);
#2011=ORIENTED_EDGE('',*,*,#1537,.F.);
#2012=ORIENTED_EDGE('',*,*,#1325,.F.);
#2013=ORIENTED_EDGE('',*,*,#1537,.T.);
#2014=ORIENTED_EDGE('',*,*,#1538,.T.);
#2015=ORIENTED_EDGE('',*,*,#1376,.F.);
#2016=ORIENTED_EDGE('',*,*,#1319,.F.);
#2017=ORIENTED_EDGE('',*,*,#1508,.T.);
#2018=ORIENTED_EDGE('',*,*,#1539,.T.);
#2019=ORIENTED_EDGE('',*,*,#1533,.F.);
#2020=ORIENTED_EDGE('',*,*,#1311,.F.);
#2021=ORIENTED_EDGE('',*,*,#1540,.T.);
#2022=ORIENTED_EDGE('',*,*,#1541,.T.);
#2023=ORIENTED_EDGE('',*,*,#1503,.F.);
#2024=ORIENTED_EDGE('',*,*,#1330,.F.);
#2025=ORIENTED_EDGE('',*,*,#1542,.T.);
#2026=ORIENTED_EDGE('',*,*,#1543,.T.);
#2027=ORIENTED_EDGE('',*,*,#1544,.F.);
#2028=ORIENTED_EDGE('',*,*,#1545,.T.);
#2029=ORIENTED_EDGE('',*,*,#1546,.F.);
#2030=ORIENTED_EDGE('',*,*,#1547,.T.);
#2031=ORIENTED_EDGE('',*,*,#1540,.F.);
#2032=ORIENTED_EDGE('',*,*,#1353,.F.);
#2033=ORIENTED_EDGE('',*,*,#1375,.T.);
#2034=ORIENTED_EDGE('',*,*,#1548,.T.);
#2035=ORIENTED_EDGE('',*,*,#1388,.T.);
#2036=ORIENTED_EDGE('',*,*,#1309,.F.);
#2037=ORIENTED_EDGE('',*,*,#1382,.T.);
#2038=ORIENTED_EDGE('',*,*,#1549,.T.);
#2039=ORIENTED_EDGE('',*,*,#1542,.F.);
#2040=ORIENTED_EDGE('',*,*,#1440,.F.);
#2041=ORIENTED_EDGE('',*,*,#1550,.T.);
#2042=ORIENTED_EDGE('',*,*,#1551,.T.);
#2043=ORIENTED_EDGE('',*,*,#1434,.F.);
#2044=ORIENTED_EDGE('',*,*,#1439,.F.);
#2045=ORIENTED_EDGE('',*,*,#1552,.T.);
#2046=ORIENTED_EDGE('',*,*,#1553,.T.);
#2047=ORIENTED_EDGE('',*,*,#1550,.F.);
#2048=ORIENTED_EDGE('',*,*,#1438,.F.);
#2049=ORIENTED_EDGE('',*,*,#1436,.F.);
#2050=ORIENTED_EDGE('',*,*,#1554,.T.);
#2051=ORIENTED_EDGE('',*,*,#1552,.F.);
#2052=ORIENTED_EDGE('',*,*,#1554,.F.);
#2053=ORIENTED_EDGE('',*,*,#1435,.F.);
#2054=ORIENTED_EDGE('',*,*,#1551,.F.);
#2055=ORIENTED_EDGE('',*,*,#1553,.F.);
#2056=ORIENTED_EDGE('',*,*,#1450,.F.);
#2057=ORIENTED_EDGE('',*,*,#1555,.T.);
#2058=ORIENTED_EDGE('',*,*,#1556,.T.);
#2059=ORIENTED_EDGE('',*,*,#1411,.F.);
#2060=ORIENTED_EDGE('',*,*,#1449,.F.);
#2061=ORIENTED_EDGE('',*,*,#1557,.T.);
#2062=ORIENTED_EDGE('',*,*,#1558,.T.);
#2063=ORIENTED_EDGE('',*,*,#1555,.F.);
#2064=ORIENTED_EDGE('',*,*,#1448,.F.);
#2065=ORIENTED_EDGE('',*,*,#1430,.F.);
#2066=ORIENTED_EDGE('',*,*,#1559,.T.);
#2067=ORIENTED_EDGE('',*,*,#1557,.F.);
#2068=ORIENTED_EDGE('',*,*,#1429,.F.);
#2069=ORIENTED_EDGE('',*,*,#1556,.F.);
#2070=ORIENTED_EDGE('',*,*,#1558,.F.);
#2071=ORIENTED_EDGE('',*,*,#1559,.F.);
#2072=ORIENTED_EDGE('',*,*,#1442,.F.);
#2073=ORIENTED_EDGE('',*,*,#1560,.T.);
#2074=ORIENTED_EDGE('',*,*,#1561,.T.);
#2075=ORIENTED_EDGE('',*,*,#1562,.F.);
#2076=ORIENTED_EDGE('',*,*,#1441,.F.);
#2077=ORIENTED_EDGE('',*,*,#1422,.F.);
#2078=ORIENTED_EDGE('',*,*,#1563,.T.);
#2079=ORIENTED_EDGE('',*,*,#1560,.F.);
#2080=ORIENTED_EDGE('',*,*,#1443,.F.);
#2081=ORIENTED_EDGE('',*,*,#1562,.T.);
#2082=ORIENTED_EDGE('',*,*,#1564,.T.);
#2083=ORIENTED_EDGE('',*,*,#1565,.F.);
#2084=ORIENTED_EDGE('',*,*,#1564,.F.);
#2085=ORIENTED_EDGE('',*,*,#1561,.F.);
#2086=ORIENTED_EDGE('',*,*,#1563,.F.);
#2087=ORIENTED_EDGE('',*,*,#1566,.F.);
#2088=ORIENTED_EDGE('',*,*,#1425,.F.);
#2089=ORIENTED_EDGE('',*,*,#1567,.T.);
#2090=ORIENTED_EDGE('',*,*,#1444,.T.);
#2091=ORIENTED_EDGE('',*,*,#1565,.T.);
#2092=ORIENTED_EDGE('',*,*,#1566,.T.);
#2093=ORIENTED_EDGE('',*,*,#1421,.F.);
#2094=ORIENTED_EDGE('',*,*,#1568,.F.);
#2095=ORIENTED_EDGE('',*,*,#1389,.T.);
#2096=ORIENTED_EDGE('',*,*,#1569,.F.);
#2097=ORIENTED_EDGE('',*,*,#1570,.T.);
#2098=ORIENTED_EDGE('',*,*,#1569,.T.);
#2099=ORIENTED_EDGE('',*,*,#1400,.F.);
#2100=ORIENTED_EDGE('',*,*,#1571,.F.);
#2101=ORIENTED_EDGE('',*,*,#1572,.F.);
#2102=ORIENTED_EDGE('',*,*,#1573,.F.);
#2103=ORIENTED_EDGE('',*,*,#1451,.T.);
#2104=ORIENTED_EDGE('',*,*,#1574,.F.);
#2105=ORIENTED_EDGE('',*,*,#1570,.F.);
#2106=ORIENTED_EDGE('',*,*,#1574,.T.);
#2107=ORIENTED_EDGE('',*,*,#1468,.F.);
#2108=ORIENTED_EDGE('',*,*,#1575,.T.);
#2109=ORIENTED_EDGE('',*,*,#1576,.T.);
#2110=ORIENTED_EDGE('',*,*,#1577,.F.);
#2111=ORIENTED_EDGE('',*,*,#1578,.F.);
#2112=ORIENTED_EDGE('',*,*,#1579,.T.);
#2113=ORIENTED_EDGE('',*,*,#1580,.T.);
#2114=ORIENTED_EDGE('',*,*,#1578,.T.);
#2115=ORIENTED_EDGE('',*,*,#1581,.T.);
#2116=ORIENTED_EDGE('',*,*,#1465,.F.);
#2117=ORIENTED_EDGE('',*,*,#1582,.F.);
#2118=ORIENTED_EDGE('',*,*,#1577,.T.);
#2119=ORIENTED_EDGE('',*,*,#1583,.T.);
#2120=ORIENTED_EDGE('',*,*,#1466,.F.);
#2121=ORIENTED_EDGE('',*,*,#1581,.F.);
#2122=ORIENTED_EDGE('',*,*,#1568,.T.);
#2123=ORIENTED_EDGE('',*,*,#1575,.F.);
#2124=ORIENTED_EDGE('',*,*,#1467,.F.);
#2125=ORIENTED_EDGE('',*,*,#1583,.F.);
#2126=ORIENTED_EDGE('',*,*,#1576,.F.);
#2127=ORIENTED_EDGE('',*,*,#1584,.F.);
#2128=ORIENTED_EDGE('',*,*,#1390,.F.);
#2129=ORIENTED_EDGE('',*,*,#1403,.F.);
#2130=ORIENTED_EDGE('',*,*,#1585,.T.);
#2131=ORIENTED_EDGE('',*,*,#1445,.F.);
#2132=ORIENTED_EDGE('',*,*,#1567,.F.);
#2133=ORIENTED_EDGE('',*,*,#1428,.F.);
#2134=ORIENTED_EDGE('',*,*,#1586,.F.);
#2135=ORIENTED_EDGE('',*,*,#1446,.F.);
#2136=ORIENTED_EDGE('',*,*,#1585,.F.);
#2137=ORIENTED_EDGE('',*,*,#1406,.F.);
#2138=ORIENTED_EDGE('',*,*,#1432,.T.);
#2139=ORIENTED_EDGE('',*,*,#1447,.F.);
#2140=ORIENTED_EDGE('',*,*,#1586,.T.);
#2141=ORIENTED_EDGE('',*,*,#1573,.T.);
#2142=ORIENTED_EDGE('',*,*,#1587,.T.);
#2143=ORIENTED_EDGE('',*,*,#1588,.T.);
#2144=ORIENTED_EDGE('',*,*,#1452,.F.);
#2145=ORIENTED_EDGE('',*,*,#1572,.T.);
#2146=ORIENTED_EDGE('',*,*,#1589,.T.);
#2147=ORIENTED_EDGE('',*,*,#1590,.T.);
#2148=ORIENTED_EDGE('',*,*,#1591,.F.);
#2149=ORIENTED_EDGE('',*,*,#1587,.F.);
#2150=ORIENTED_EDGE('',*,*,#1592,.F.);
#2151=ORIENTED_EDGE('',*,*,#1593,.F.);
#2152=ORIENTED_EDGE('',*,*,#1594,.F.);
#2153=ORIENTED_EDGE('',*,*,#1595,.T.);
#2154=ORIENTED_EDGE('',*,*,#1594,.T.);
#2155=ORIENTED_EDGE('',*,*,#1596,.F.);
#2156=ORIENTED_EDGE('',*,*,#1458,.F.);
#2157=ORIENTED_EDGE('',*,*,#1597,.F.);
#2158=ORIENTED_EDGE('',*,*,#1593,.T.);
#2159=ORIENTED_EDGE('',*,*,#1598,.T.);
#2160=ORIENTED_EDGE('',*,*,#1459,.F.);
#2161=ORIENTED_EDGE('',*,*,#1596,.T.);
#2162=ORIENTED_EDGE('',*,*,#1591,.T.);
#2163=ORIENTED_EDGE('',*,*,#1599,.T.);
#2164=ORIENTED_EDGE('',*,*,#1453,.F.);
#2165=ORIENTED_EDGE('',*,*,#1588,.F.);
#2166=ORIENTED_EDGE('',*,*,#1600,.F.);
#2167=ORIENTED_EDGE('',*,*,#1398,.T.);
#2168=ORIENTED_EDGE('',*,*,#1601,.F.);
#2169=ORIENTED_EDGE('',*,*,#1454,.F.);
#2170=ORIENTED_EDGE('',*,*,#1599,.F.);
#2171=ORIENTED_EDGE('',*,*,#1590,.F.);
#2172=ORIENTED_EDGE('',*,*,#1571,.T.);
#2173=ORIENTED_EDGE('',*,*,#1399,.T.);
#2174=ORIENTED_EDGE('',*,*,#1600,.T.);
#2175=ORIENTED_EDGE('',*,*,#1589,.F.);
#2176=ORIENTED_EDGE('',*,*,#1392,.T.);
#2177=ORIENTED_EDGE('',*,*,#1602,.F.);
#2178=ORIENTED_EDGE('',*,*,#1579,.F.);
#2179=ORIENTED_EDGE('',*,*,#1582,.T.);
#2180=ORIENTED_EDGE('',*,*,#1464,.F.);
#2181=ORIENTED_EDGE('',*,*,#1603,.F.);
#2182=ORIENTED_EDGE('',*,*,#1604,.F.);
#2183=ORIENTED_EDGE('',*,*,#1461,.F.);
#2184=ORIENTED_EDGE('',*,*,#1605,.F.);
#2185=ORIENTED_EDGE('',*,*,#1595,.F.);
#2186=ORIENTED_EDGE('',*,*,#1597,.T.);
#2187=ORIENTED_EDGE('',*,*,#1457,.F.);
#2188=ORIENTED_EDGE('',*,*,#1606,.F.);
#2189=ORIENTED_EDGE('',*,*,#1395,.F.);
#2190=ORIENTED_EDGE('',*,*,#1604,.T.);
#2191=ORIENTED_EDGE('',*,*,#1394,.T.);
#2192=ORIENTED_EDGE('',*,*,#1607,.F.);
#2193=ORIENTED_EDGE('',*,*,#1462,.F.);
#2194=ORIENTED_EDGE('',*,*,#1606,.T.);
#2195=ORIENTED_EDGE('',*,*,#1456,.F.);
#2196=ORIENTED_EDGE('',*,*,#1608,.F.);
#2197=ORIENTED_EDGE('',*,*,#1396,.T.);
#2198=ORIENTED_EDGE('',*,*,#1607,.T.);
#2199=ORIENTED_EDGE('',*,*,#1393,.T.);
#2200=ORIENTED_EDGE('',*,*,#1603,.T.);
#2201=ORIENTED_EDGE('',*,*,#1463,.F.);
#2202=ORIENTED_EDGE('',*,*,#1601,.T.);
#2203=ORIENTED_EDGE('',*,*,#1397,.T.);
#2204=ORIENTED_EDGE('',*,*,#1608,.T.);
#2205=ORIENTED_EDGE('',*,*,#1455,.F.);
#2206=ORIENTED_EDGE('',*,*,#1372,.T.);
#2207=ORIENTED_EDGE('',*,*,#1609,.T.);
#2208=ORIENTED_EDGE('',*,*,#1610,.T.);
#2209=ORIENTED_EDGE('',*,*,#1611,.T.);
#2210=ORIENTED_EDGE('',*,*,#1373,.T.);
#2211=ORIENTED_EDGE('',*,*,#1610,.F.);
#2212=ORIENTED_EDGE('',*,*,#1385,.T.);
#2213=ORIENTED_EDGE('',*,*,#1548,.F.);
#2214=ORIENTED_EDGE('',*,*,#1374,.T.);
#2215=ORIENTED_EDGE('',*,*,#1611,.F.);
#2216=ORIENTED_EDGE('',*,*,#1384,.T.);
#2217=ORIENTED_EDGE('',*,*,#1612,.F.);
#2218=ORIENTED_EDGE('',*,*,#1613,.F.);
#2219=ORIENTED_EDGE('',*,*,#1614,.T.);
#2220=ORIENTED_EDGE('',*,*,#1377,.F.);
#2221=ORIENTED_EDGE('',*,*,#1538,.F.);
#2222=ORIENTED_EDGE('',*,*,#1536,.T.);
#2223=ORIENTED_EDGE('',*,*,#1524,.T.);
#2224=ORIENTED_EDGE('',*,*,#1532,.F.);
#2225=ORIENTED_EDGE('',*,*,#1615,.T.);
#2226=ORIENTED_EDGE('',*,*,#1362,.T.);
#2227=ORIENTED_EDGE('',*,*,#1616,.T.);
#2228=ORIENTED_EDGE('',*,*,#1369,.T.);
#2229=ORIENTED_EDGE('',*,*,#1370,.T.);
#2230=ORIENTED_EDGE('',*,*,#1616,.F.);
#2231=ORIENTED_EDGE('',*,*,#1617,.T.);
#2232=ORIENTED_EDGE('',*,*,#1615,.F.);
#2233=ORIENTED_EDGE('',*,*,#1368,.T.);
#2234=ORIENTED_EDGE('',*,*,#1356,.F.);
#2235=ORIENTED_EDGE('',*,*,#1363,.T.);
#2236=ORIENTED_EDGE('',*,*,#1617,.F.);
#2237=ORIENTED_EDGE('',*,*,#1361,.F.);
#2238=ORIENTED_EDGE('',*,*,#1618,.T.);
#2239=ORIENTED_EDGE('',*,*,#1618,.F.);
#2240=ORIENTED_EDGE('',*,*,#1619,.T.);
#2241=ORIENTED_EDGE('',*,*,#1620,.F.);
#2242=ORIENTED_EDGE('',*,*,#1371,.T.);
#2243=ORIENTED_EDGE('',*,*,#1387,.F.);
#2244=ORIENTED_EDGE('',*,*,#1619,.F.);
#2245=ORIENTED_EDGE('',*,*,#1360,.F.);
#2246=ORIENTED_EDGE('',*,*,#1366,.F.);
#2247=ORIENTED_EDGE('',*,*,#1609,.F.);
#2248=ORIENTED_EDGE('',*,*,#1620,.T.);
#2249=ORIENTED_EDGE('',*,*,#1386,.F.);
#2250=ORIENTED_EDGE('',*,*,#1621,.F.);
#2251=ORIENTED_EDGE('',*,*,#1485,.T.);
#2252=ORIENTED_EDGE('',*,*,#1622,.T.);
#2253=ORIENTED_EDGE('',*,*,#1623,.T.);
#2254=ORIENTED_EDGE('',*,*,#1623,.F.);
#2255=ORIENTED_EDGE('',*,*,#1624,.T.);
#2256=ORIENTED_EDGE('',*,*,#1625,.F.);
#2257=ORIENTED_EDGE('',*,*,#1626,.T.);
#2258=ORIENTED_EDGE('',*,*,#1520,.T.);
#2259=ORIENTED_EDGE('',*,*,#1535,.F.);
#2260=ORIENTED_EDGE('',*,*,#1527,.F.);
#2261=ORIENTED_EDGE('',*,*,#1627,.F.);
#2262=ORIENTED_EDGE('',*,*,#1628,.F.);
#2263=ORIENTED_EDGE('',*,*,#1545,.F.);
#2264=ORIENTED_EDGE('',*,*,#1629,.F.);
#2265=ORIENTED_EDGE('',*,*,#1630,.F.);
#2266=ORIENTED_EDGE('',*,*,#1631,.F.);
#2267=ORIENTED_EDGE('',*,*,#1632,.F.);
#2268=ORIENTED_EDGE('',*,*,#1633,.F.);
#2269=ORIENTED_EDGE('',*,*,#1379,.F.);
#2270=ORIENTED_EDGE('',*,*,#1521,.T.);
#2271=ORIENTED_EDGE('',*,*,#1627,.T.);
#2272=ORIENTED_EDGE('',*,*,#1526,.T.);
#2273=ORIENTED_EDGE('',*,*,#1634,.T.);
#2274=ORIENTED_EDGE('',*,*,#1497,.T.);
#2275=ORIENTED_EDGE('',*,*,#1502,.T.);
#2276=ORIENTED_EDGE('',*,*,#1635,.T.);
#2277=ORIENTED_EDGE('',*,*,#1636,.F.);
#2278=ORIENTED_EDGE('',*,*,#1637,.F.);
#2279=ORIENTED_EDGE('',*,*,#1638,.F.);
#2280=ORIENTED_EDGE('',*,*,#1639,.F.);
#2281=ORIENTED_EDGE('',*,*,#1635,.F.);
#2282=ORIENTED_EDGE('',*,*,#1501,.T.);
#2283=ORIENTED_EDGE('',*,*,#1505,.T.);
#2284=ORIENTED_EDGE('',*,*,#1640,.F.);
#2285=ORIENTED_EDGE('',*,*,#1641,.F.);
#2286=ORIENTED_EDGE('',*,*,#1476,.F.);
#2287=ORIENTED_EDGE('',*,*,#1479,.F.);
#2288=ORIENTED_EDGE('',*,*,#1642,.F.);
#2289=ORIENTED_EDGE('',*,*,#1643,.F.);
#2290=ORIENTED_EDGE('',*,*,#1546,.T.);
#2291=ORIENTED_EDGE('',*,*,#1628,.T.);
#2292=ORIENTED_EDGE('',*,*,#1644,.F.);
#2293=ORIENTED_EDGE('',*,*,#1645,.F.);
#2294=ORIENTED_EDGE('',*,*,#1646,.F.);
#2295=ORIENTED_EDGE('',*,*,#1647,.F.);
#2296=ORIENTED_EDGE('',*,*,#1632,.T.);
#2297=ORIENTED_EDGE('',*,*,#1648,.T.);
#2298=ORIENTED_EDGE('',*,*,#1649,.F.);
#2299=ORIENTED_EDGE('',*,*,#1650,.T.);
#2300=ORIENTED_EDGE('',*,*,#1486,.F.);
#2301=ORIENTED_EDGE('',*,*,#1621,.T.);
#2302=ORIENTED_EDGE('',*,*,#1626,.F.);
#2303=ORIENTED_EDGE('',*,*,#1651,.F.);
#2304=ORIENTED_EDGE('',*,*,#1648,.F.);
#2305=ORIENTED_EDGE('',*,*,#1631,.T.);
#2306=ORIENTED_EDGE('',*,*,#1378,.T.);
#2307=ORIENTED_EDGE('',*,*,#1614,.F.);
#2308=ORIENTED_EDGE('',*,*,#1652,.F.);
#2309=ORIENTED_EDGE('',*,*,#1522,.T.);
#2310=ORIENTED_EDGE('',*,*,#1634,.F.);
#2311=ORIENTED_EDGE('',*,*,#1525,.T.);
#2312=ORIENTED_EDGE('',*,*,#1517,.T.);
#2313=ORIENTED_EDGE('',*,*,#1645,.T.);
#2314=ORIENTED_EDGE('',*,*,#1653,.T.);
#2315=ORIENTED_EDGE('',*,*,#1654,.T.);
#2316=ORIENTED_EDGE('',*,*,#1655,.T.);
#2317=ORIENTED_EDGE('',*,*,#1651,.T.);
#2318=ORIENTED_EDGE('',*,*,#1625,.T.);
#2319=ORIENTED_EDGE('',*,*,#1656,.T.);
#2320=ORIENTED_EDGE('',*,*,#1649,.T.);
#2321=ORIENTED_EDGE('',*,*,#1498,.T.);
#2322=ORIENTED_EDGE('',*,*,#1636,.T.);
#2323=ORIENTED_EDGE('',*,*,#1639,.T.);
#2324=ORIENTED_EDGE('',*,*,#1657,.T.);
#2325=ORIENTED_EDGE('',*,*,#1510,.T.);
#2326=ORIENTED_EDGE('',*,*,#1658,.T.);
#2327=ORIENTED_EDGE('',*,*,#1637,.T.);
#2328=ORIENTED_EDGE('',*,*,#1475,.T.);
#2329=ORIENTED_EDGE('',*,*,#1499,.T.);
#2330=ORIENTED_EDGE('',*,*,#1657,.F.);
#2331=ORIENTED_EDGE('',*,*,#1638,.T.);
#2332=ORIENTED_EDGE('',*,*,#1658,.F.);
#2333=ORIENTED_EDGE('',*,*,#1509,.T.);
#2334=ORIENTED_EDGE('',*,*,#1493,.T.);
#2335=ORIENTED_EDGE('',*,*,#1647,.T.);
#2336=ORIENTED_EDGE('',*,*,#1659,.T.);
#2337=ORIENTED_EDGE('',*,*,#1660,.T.);
#2338=ORIENTED_EDGE('',*,*,#1480,.T.);
#2339=ORIENTED_EDGE('',*,*,#1659,.F.);
#2340=ORIENTED_EDGE('',*,*,#1646,.T.);
#2341=ORIENTED_EDGE('',*,*,#1655,.F.);
#2342=ORIENTED_EDGE('',*,*,#1661,.T.);
#2343=ORIENTED_EDGE('',*,*,#1602,.T.);
#2344=ORIENTED_EDGE('',*,*,#1391,.T.);
#2345=ORIENTED_EDGE('',*,*,#1584,.T.);
#2346=ORIENTED_EDGE('',*,*,#1580,.F.);
#2347=ORIENTED_EDGE('',*,*,#1592,.T.);
#2348=ORIENTED_EDGE('',*,*,#1605,.T.);
#2349=ORIENTED_EDGE('',*,*,#1460,.F.);
#2350=ORIENTED_EDGE('',*,*,#1598,.F.);
#2351=ORIENTED_EDGE('',*,*,#1662,.F.);
#2352=ORIENTED_EDGE('',*,*,#1471,.F.);
#2353=ORIENTED_EDGE('',*,*,#1530,.T.);
#2354=ORIENTED_EDGE('',*,*,#1663,.F.);
#2355=ORIENTED_EDGE('',*,*,#1664,.F.);
#2356=ORIENTED_EDGE('',*,*,#1665,.F.);
#2357=ORIENTED_EDGE('',*,*,#1380,.T.);
#2358=ORIENTED_EDGE('',*,*,#1633,.T.);
#2359=ORIENTED_EDGE('',*,*,#1650,.F.);
#2360=ORIENTED_EDGE('',*,*,#1656,.F.);
#2361=ORIENTED_EDGE('',*,*,#1624,.F.);
#2362=ORIENTED_EDGE('',*,*,#1622,.F.);
#2363=ORIENTED_EDGE('',*,*,#1484,.F.);
#2364=ORIENTED_EDGE('',*,*,#1660,.F.);
#2365=ORIENTED_EDGE('',*,*,#1661,.F.);
#2366=ORIENTED_EDGE('',*,*,#1654,.F.);
#2367=ORIENTED_EDGE('',*,*,#1666,.F.);
#2368=ORIENTED_EDGE('',*,*,#1629,.T.);
#2369=ORIENTED_EDGE('',*,*,#1544,.T.);
#2370=ORIENTED_EDGE('',*,*,#1667,.F.);
#2371=ORIENTED_EDGE('',*,*,#1668,.F.);
#2372=ORIENTED_EDGE('',*,*,#1481,.F.);
#2373=ORIENTED_EDGE('',*,*,#1630,.T.);
#2374=ORIENTED_EDGE('',*,*,#1666,.T.);
#2375=ORIENTED_EDGE('',*,*,#1653,.F.);
#2376=ORIENTED_EDGE('',*,*,#1644,.T.);
#2377=ORIENTED_EDGE('',*,*,#1477,.F.);
#2378=ORIENTED_EDGE('',*,*,#1641,.T.);
#2379=ORIENTED_EDGE('',*,*,#1669,.T.);
#2380=ORIENTED_EDGE('',*,*,#1670,.F.);
#2381=ORIENTED_EDGE('',*,*,#1478,.F.);
#2382=ORIENTED_EDGE('',*,*,#1670,.T.);
#2383=ORIENTED_EDGE('',*,*,#1671,.T.);
#2384=ORIENTED_EDGE('',*,*,#1642,.T.);
#2385=ORIENTED_EDGE('',*,*,#1504,.F.);
#2386=ORIENTED_EDGE('',*,*,#1541,.F.);
#2387=ORIENTED_EDGE('',*,*,#1547,.F.);
#2388=ORIENTED_EDGE('',*,*,#1643,.T.);
#2389=ORIENTED_EDGE('',*,*,#1671,.F.);
#2390=ORIENTED_EDGE('',*,*,#1669,.F.);
#2391=ORIENTED_EDGE('',*,*,#1640,.T.);
#2392=ORIENTED_EDGE('',*,*,#1472,.F.);
#2393=ORIENTED_EDGE('',*,*,#1662,.T.);
#2394=ORIENTED_EDGE('',*,*,#1672,.T.);
#2395=ORIENTED_EDGE('',*,*,#1673,.F.);
#2396=ORIENTED_EDGE('',*,*,#1473,.F.);
#2397=ORIENTED_EDGE('',*,*,#1673,.T.);
#2398=ORIENTED_EDGE('',*,*,#1674,.T.);
#2399=ORIENTED_EDGE('',*,*,#1511,.T.);
#2400=ORIENTED_EDGE('',*,*,#1534,.F.);
#2401=ORIENTED_EDGE('',*,*,#1539,.F.);
#2402=ORIENTED_EDGE('',*,*,#1507,.F.);
#2403=ORIENTED_EDGE('',*,*,#1512,.T.);
#2404=ORIENTED_EDGE('',*,*,#1674,.F.);
#2405=ORIENTED_EDGE('',*,*,#1672,.F.);
#2406=ORIENTED_EDGE('',*,*,#1663,.T.);
#2407=ORIENTED_EDGE('',*,*,#1529,.T.);
#2408=ORIENTED_EDGE('',*,*,#1487,.F.);
#2409=ORIENTED_EDGE('',*,*,#1652,.T.);
#2410=ORIENTED_EDGE('',*,*,#1613,.T.);
#2411=ORIENTED_EDGE('',*,*,#1675,.F.);
#2412=ORIENTED_EDGE('',*,*,#1488,.F.);
#2413=ORIENTED_EDGE('',*,*,#1675,.T.);
#2414=ORIENTED_EDGE('',*,*,#1612,.T.);
#2415=ORIENTED_EDGE('',*,*,#1531,.F.);
#2416=ORIENTED_EDGE('',*,*,#1482,.F.);
#2417=ORIENTED_EDGE('',*,*,#1668,.T.);
#2418=ORIENTED_EDGE('',*,*,#1676,.T.);
#2419=ORIENTED_EDGE('',*,*,#1677,.F.);
#2420=ORIENTED_EDGE('',*,*,#1483,.F.);
#2421=ORIENTED_EDGE('',*,*,#1677,.T.);
#2422=ORIENTED_EDGE('',*,*,#1678,.T.);
#2423=ORIENTED_EDGE('',*,*,#1664,.T.);
#2424=ORIENTED_EDGE('',*,*,#1678,.F.);
#2425=ORIENTED_EDGE('',*,*,#1676,.F.);
#2426=ORIENTED_EDGE('',*,*,#1667,.T.);
#2427=ORIENTED_EDGE('',*,*,#1543,.F.);
#2428=ORIENTED_EDGE('',*,*,#1549,.F.);
#2429=ORIENTED_EDGE('',*,*,#1381,.F.);
#2430=ORIENTED_EDGE('',*,*,#1665,.T.);
#2431=CYLINDRICAL_SURFACE('',#2623,1.);
#2432=CYLINDRICAL_SURFACE('',#2635,1.);
#2433=CYLINDRICAL_SURFACE('',#2641,1.);
#2434=CYLINDRICAL_SURFACE('',#2647,1.);
#2435=CYLINDRICAL_SURFACE('',#2649,1.);
#2436=CYLINDRICAL_SURFACE('',#2650,1.);
#2437=CYLINDRICAL_SURFACE('',#2657,1.);
#2438=CYLINDRICAL_SURFACE('',#2663,1.);
#2439=CYLINDRICAL_SURFACE('',#2669,1.);
#2440=CYLINDRICAL_SURFACE('',#2672,3.);
#2441=CYLINDRICAL_SURFACE('',#2679,4.99999999999999);
#2442=CYLINDRICAL_SURFACE('',#2688,3.);
#2443=CYLINDRICAL_SURFACE('',#2708,3.);
#2444=CYLINDRICAL_SURFACE('',#2710,3.);
#2445=CYLINDRICAL_SURFACE('',#2715,3.);
#2446=CYLINDRICAL_SURFACE('',#2717,3.);
#2447=CYLINDRICAL_SURFACE('',#2718,3.);
#2448=CYLINDRICAL_SURFACE('',#2719,3.);
#2449=CYLINDRICAL_SURFACE('',#2734,3.);
#2450=CYLINDRICAL_SURFACE('',#2742,6.);
#2451=CYLINDRICAL_SURFACE('',#2744,6.00000000000001);
#2452=CYLINDRICAL_SURFACE('',#2746,6.);
#2453=CYLINDRICAL_SURFACE('',#2749,1.);
#2454=CYLINDRICAL_SURFACE('',#2751,6.);
#2455=CYLINDRICAL_SURFACE('',#2766,10.);
#2456=CYLINDRICAL_SURFACE('',#2776,2.);
#2457=CYLINDRICAL_SURFACE('',#2778,2.00000000000001);
#2458=CYLINDRICAL_SURFACE('',#2787,3.);
#2459=CYLINDRICAL_SURFACE('',#2792,1.);
#2460=CYLINDRICAL_SURFACE('',#2793,1.);
#2461=CYLINDRICAL_SURFACE('',#2801,5.);
#2462=CYLINDRICAL_SURFACE('',#2805,8.);
#2463=CYLINDRICAL_SURFACE('',#2824,3.);
#2464=CYLINDRICAL_SURFACE('',#2826,3.);
#2465=CYLINDRICAL_SURFACE('',#2829,3.);
#2466=ADVANCED_FACE('',(#150),#2431,.T.);
#2467=ADVANCED_FACE('',(#151),#142,.T.);
#2468=ADVANCED_FACE('',(#152),#143,.T.);
#2469=ADVANCED_FACE('',(#153),#2432,.T.);
#2470=ADVANCED_FACE('',(#154),#144,.T.);
#2471=ADVANCED_FACE('',(#155),#2433,.T.);
#2472=ADVANCED_FACE('',(#156),#145,.T.);
#2473=ADVANCED_FACE('',(#157),#2434,.T.);
#2474=ADVANCED_FACE('',(#158),#2435,.T.);
#2475=ADVANCED_FACE('',(#159),#2436,.T.);
#2476=ADVANCED_FACE('',(#160),#130,.F.);
#2477=ADVANCED_FACE('',(#161),#131,.F.);
#2478=ADVANCED_FACE('',(#162),#2437,.T.);
#2479=ADVANCED_FACE('',(#163),#132,.F.);
#2480=ADVANCED_FACE('',(#164),#133,.F.);
#2481=ADVANCED_FACE('',(#165),#2438,.T.);
#2482=ADVANCED_FACE('',(#166),#102,.T.);
#2483=ADVANCED_FACE('',(#167),#103,.T.);
#2484=ADVANCED_FACE('',(#168),#2439,.T.);
#2485=ADVANCED_FACE('',(#169),#18,.T.);
#2486=ADVANCED_FACE('',(#170),#2440,.F.);
#2487=ADVANCED_FACE('',(#171),#146,.F.);
#2488=ADVANCED_FACE('',(#172),#2441,.T.);
#2489=ADVANCED_FACE('',(#173),#147,.F.);
#2490=ADVANCED_FACE('',(#174),#19,.F.);
#2491=ADVANCED_FACE('',(#175),#2442,.F.);
#2492=ADVANCED_FACE('',(#176),#20,.T.);
#2493=ADVANCED_FACE('',(#177,#15),#21,.F.);
#2494=ADVANCED_FACE('',(#178),#134,.F.);
#2495=ADVANCED_FACE('',(#179),#135,.F.);
#2496=ADVANCED_FACE('',(#180),#104,.T.);
#2497=ADVANCED_FACE('',(#181),#2443,.T.);
#2498=ADVANCED_FACE('',(#182),#2444,.T.);
#2499=ADVANCED_FACE('',(#183),#105,.T.);
#2500=ADVANCED_FACE('',(#184),#2445,.T.);
#2501=ADVANCED_FACE('',(#185),#2446,.T.);
#2502=ADVANCED_FACE('',(#186),#2447,.T.);
#2503=ADVANCED_FACE('',(#187),#2448,.T.);
#2504=ADVANCED_FACE('',(#188),#22,.T.);
#2505=ADVANCED_FACE('',(#189),#23,.T.);
#2506=ADVANCED_FACE('',(#190,#16),#24,.T.);
#2507=ADVANCED_FACE('',(#191,#17),#25,.F.);
#2508=ADVANCED_FACE('',(#192),#26,.F.);
#2509=ADVANCED_FACE('',(#193),#27,.T.);
#2510=ADVANCED_FACE('',(#194),#28,.F.);
#2511=ADVANCED_FACE('',(#195),#29,.F.);
#2512=ADVANCED_FACE('',(#196),#30,.F.);
#2513=ADVANCED_FACE('',(#197),#2449,.F.);
#2514=ADVANCED_FACE('',(#198),#31,.T.);
#2515=ADVANCED_FACE('',(#199),#32,.F.);
#2516=ADVANCED_FACE('',(#200),#33,.F.);
#2517=ADVANCED_FACE('',(#201),#34,.F.);
#2518=ADVANCED_FACE('',(#202),#35,.T.);
#2519=ADVANCED_FACE('',(#203),#2450,.F.);
#2520=ADVANCED_FACE('',(#204),#2451,.F.);
#2521=ADVANCED_FACE('',(#205),#2452,.F.);
#2522=ADVANCED_FACE('',(#206),#36,.F.);
#2523=ADVANCED_FACE('',(#207),#2453,.T.);
#2524=ADVANCED_FACE('',(#208),#2454,.F.);
#2525=ADVANCED_FACE('',(#209),#37,.F.);
#2526=ADVANCED_FACE('',(#210),#38,.F.);
#2527=ADVANCED_FACE('',(#211),#39,.F.);
#2528=ADVANCED_FACE('',(#212),#40,.F.);
#2529=ADVANCED_FACE('',(#213),#41,.F.);
#2530=ADVANCED_FACE('',(#214),#42,.F.);
#2531=ADVANCED_FACE('',(#215),#43,.F.);
#2532=ADVANCED_FACE('',(#216),#44,.F.);
#2533=ADVANCED_FACE('',(#217),#45,.F.);
#2534=ADVANCED_FACE('',(#218),#46,.F.);
#2535=ADVANCED_FACE('',(#219),#47,.F.);
#2536=ADVANCED_FACE('',(#220),#48,.F.);
#2537=ADVANCED_FACE('',(#221),#49,.T.);
#2538=ADVANCED_FACE('',(#222),#2455,.F.);
#2539=ADVANCED_FACE('',(#223),#50,.T.);
#2540=ADVANCED_FACE('',(#224),#51,.T.);
#2541=ADVANCED_FACE('',(#225),#52,.T.);
#2542=ADVANCED_FACE('',(#226),#53,.T.);
#2543=ADVANCED_FACE('',(#227),#54,.T.);
#2544=ADVANCED_FACE('',(#228),#55,.T.);
#2545=ADVANCED_FACE('',(#229),#2456,.T.);
#2546=ADVANCED_FACE('',(#230),#56,.T.);
#2547=ADVANCED_FACE('',(#231),#2457,.T.);
#2548=ADVANCED_FACE('',(#232),#57,.T.);
#2549=ADVANCED_FACE('',(#233),#58,.T.);
#2550=ADVANCED_FACE('',(#234),#59,.T.);
#2551=ADVANCED_FACE('',(#235),#60,.T.);
#2552=ADVANCED_FACE('',(#236),#61,.T.);
#2553=ADVANCED_FACE('',(#237),#62,.T.);
#2554=ADVANCED_FACE('',(#238),#63,.F.);
#2555=ADVANCED_FACE('',(#239),#2458,.T.);
#2556=ADVANCED_FACE('',(#240),#64,.F.);
#2557=ADVANCED_FACE('',(#241),#65,.T.);
#2558=ADVANCED_FACE('',(#242),#66,.F.);
#2559=ADVANCED_FACE('',(#243),#67,.F.);
#2560=ADVANCED_FACE('',(#244),#2459,.F.);
#2561=ADVANCED_FACE('',(#245),#2460,.F.);
#2562=ADVANCED_FACE('',(#246),#136,.F.);
#2563=ADVANCED_FACE('',(#247),#137,.F.);
#2564=ADVANCED_FACE('',(#248),#138,.F.);
#2565=ADVANCED_FACE('',(#249),#68,.F.);
#2566=ADVANCED_FACE('',(#250),#139,.F.);
#2567=ADVANCED_FACE('',(#251),#140,.F.);
#2568=ADVANCED_FACE('',(#252),#141,.F.);
#2569=ADVANCED_FACE('',(#253),#148,.F.);
#2570=ADVANCED_FACE('',(#254),#2461,.T.);
#2571=ADVANCED_FACE('',(#255),#69,.T.);
#2572=ADVANCED_FACE('',(#256),#149,.F.);
#2573=ADVANCED_FACE('',(#257),#2462,.F.);
#2574=ADVANCED_FACE('',(#258),#70,.T.);
#2575=ADVANCED_FACE('',(#259),#71,.F.);
#2576=ADVANCED_FACE('',(#260),#72,.F.);
#2577=ADVANCED_FACE('',(#261),#73,.F.);
#2578=ADVANCED_FACE('',(#262),#74,.T.);
#2579=ADVANCED_FACE('',(#263),#75,.T.);
#2580=ADVANCED_FACE('',(#264),#76,.F.);
#2581=ADVANCED_FACE('',(#265),#77,.F.);
#2582=ADVANCED_FACE('',(#266),#78,.T.);
#2583=ADVANCED_FACE('',(#267),#79,.F.);
#2584=ADVANCED_FACE('',(#268),#80,.T.);
#2585=ADVANCED_FACE('',(#269),#81,.T.);
#2586=ADVANCED_FACE('',(#270),#82,.T.);
#2587=ADVANCED_FACE('',(#271),#83,.T.);
#2588=ADVANCED_FACE('',(#272),#2463,.F.);
#2589=ADVANCED_FACE('',(#273),#84,.T.);
#2590=ADVANCED_FACE('',(#274),#2464,.F.);
#2591=ADVANCED_FACE('',(#275),#85,.T.);
#2592=ADVANCED_FACE('',(#276),#2465,.T.);
#2593=ADVANCED_FACE('',(#277),#86,.T.);
#2594=ADVANCED_FACE('',(#278),#87,.F.);
#2595=ADVANCED_FACE('',(#279),#88,.F.);
#2596=ADVANCED_FACE('',(#280),#89,.F.);
#2597=ADVANCED_FACE('',(#281),#90,.T.);
#2598=ADVANCED_FACE('',(#282),#91,.F.);
#2599=ADVANCED_FACE('',(#283),#92,.F.);
#2600=ADVANCED_FACE('',(#284),#93,.F.);
#2601=ADVANCED_FACE('',(#285),#94,.F.);
#2602=ADVANCED_FACE('',(#286),#95,.F.);
#2603=ADVANCED_FACE('',(#287),#96,.F.);
#2604=ADVANCED_FACE('',(#288),#97,.F.);
#2605=ADVANCED_FACE('',(#289),#98,.F.);
#2606=ADVANCED_FACE('',(#290),#99,.F.);
#2607=ADVANCED_FACE('',(#291),#100,.F.);
#2608=ADVANCED_FACE('',(#292),#101,.T.);
#2609=CLOSED_SHELL('',(#2466,#2467,#2468,#2469,#2470,#2471,#2472,#2473,
#2474,#2475,#2476,#2477,#2478,#2479,#2480,#2481,#2482,#2483,#2484,#2485,
#2486,#2487,#2488,#2489,#2490,#2491,#2492,#2493,#2494,#2495,#2496,#2497,
#2498,#2499,#2500,#2501,#2502,#2503,#2504,#2505,#2506,#2507,#2508,#2509,
#2510,#2511,#2512,#2513,#2514,#2515,#2516,#2517,#2518,#2519,#2520,#2521,
#2522,#2523,#2524,#2525,#2526,#2527,#2528,#2529,#2530,#2531,#2532,#2533,
#2534,#2535,#2536,#2537,#2538,#2539,#2540,#2541,#2542,#2543,#2544,#2545,
#2546,#2547,#2548,#2549,#2550,#2551,#2552,#2553,#2554,#2555,#2556,#2557,
#2558,#2559,#2560,#2561,#2562,#2563,#2564,#2565,#2566,#2567,#2568,#2569,
#2570,#2571,#2572,#2573,#2574,#2575,#2576,#2577,#2578,#2579,#2580,#2581,
#2582,#2583,#2584,#2585,#2586,#2587,#2588,#2589,#2590,#2591,#2592,#2593,
#2594,#2595,#2596,#2597,#2598,#2599,#2600,#2601,#2602,#2603,#2604,#2605,
#2606,#2607,#2608));
#2610=DERIVED_UNIT_ELEMENT(#2612,1.);
#2611=DERIVED_UNIT_ELEMENT(#4678,-3.);
#2612=(
MASS_UNIT()
NAMED_UNIT(*)
SI_UNIT(.KILO.,.GRAM.)
);
#2613=DERIVED_UNIT((#2610,#2611));
#2614=MEASURE_REPRESENTATION_ITEM('density measure',
POSITIVE_RATIO_MEASURE(7850.),#2613);
#2615=PROPERTY_DEFINITION_REPRESENTATION(#2620,#2617);
#2616=PROPERTY_DEFINITION_REPRESENTATION(#2621,#2618);
#2617=REPRESENTATION('material name',(#2619),#4675);
#2618=REPRESENTATION('density',(#2614),#4675);
#2619=DESCRIPTIVE_REPRESENTATION_ITEM('Steel','Steel');
#2620=PROPERTY_DEFINITION('material property','material name',#4685);
#2621=PROPERTY_DEFINITION('material property','density of part',#4685);
#2622=AXIS2_PLACEMENT_3D('',#3570,#2846,#2847);
#2623=AXIS2_PLACEMENT_3D('',#3571,#2848,#2849);
#2624=AXIS2_PLACEMENT_3D('',#3574,#2850,#2851);
#2625=AXIS2_PLACEMENT_3D('',#3578,#2853,#2854);
#2626=AXIS2_PLACEMENT_3D('',#3580,#2856,#2857);
#2627=AXIS2_PLACEMENT_3D('',#3583,#2858,#2859);
#2628=AXIS2_PLACEMENT_3D('',#3584,#2860,#2861);
#2629=AXIS2_PLACEMENT_3D('',#3585,#2862,#2863);
#2630=AXIS2_PLACEMENT_3D('',#3586,#2864,#2865);
#2631=AXIS2_PLACEMENT_3D('',#3589,#2866,#2867);
#2632=AXIS2_PLACEMENT_3D('',#3591,#2868,#2869);
#2633=AXIS2_PLACEMENT_3D('',#3593,#2870,#2871);
#2634=AXIS2_PLACEMENT_3D('',#3594,#2872,#2873);
#2635=AXIS2_PLACEMENT_3D('',#3595,#2874,#2875);
#2636=AXIS2_PLACEMENT_3D('',#3598,#2876,#2877);
#2637=AXIS2_PLACEMENT_3D('',#3601,#2880,#2881);
#2638=AXIS2_PLACEMENT_3D('',#3604,#2882,#2883);
#2639=AXIS2_PLACEMENT_3D('',#3605,#2884,#2885);
#2640=AXIS2_PLACEMENT_3D('',#3606,#2886,#2887);
#2641=AXIS2_PLACEMENT_3D('',#3607,#2888,#2889);
#2642=AXIS2_PLACEMENT_3D('',#3610,#2890,#2891);
#2643=AXIS2_PLACEMENT_3D('',#3613,#2894,#2895);
#2644=AXIS2_PLACEMENT_3D('',#3616,#2896,#2897);
#2645=AXIS2_PLACEMENT_3D('',#3617,#2898,#2899);
#2646=AXIS2_PLACEMENT_3D('',#3618,#2900,#2901);
#2647=AXIS2_PLACEMENT_3D('',#3619,#2902,#2903);
#2648=AXIS2_PLACEMENT_3D('',#3622,#2904,#2905);
#2649=AXIS2_PLACEMENT_3D('',#3625,#2908,#2909);
#2650=AXIS2_PLACEMENT_3D('',#3628,#2912,#2913);
#2651=AXIS2_PLACEMENT_3D('',#3630,#2914,#2915);
#2652=AXIS2_PLACEMENT_3D('',#3634,#2917,#2918);
#2653=AXIS2_PLACEMENT_3D('',#3658,#2920,#2921);
#2654=AXIS2_PLACEMENT_3D('',#3659,#2922,#2923);
#2655=AXIS2_PLACEMENT_3D('',#3660,#2924,#2925);
#2656=AXIS2_PLACEMENT_3D('',#3705,#2926,#2927);
#2657=AXIS2_PLACEMENT_3D('',#3713,#2928,#2929);
#2658=AXIS2_PLACEMENT_3D('',#3716,#2930,#2931);
#2659=AXIS2_PLACEMENT_3D('',#3757,#2934,#2935);
#2660=AXIS2_PLACEMENT_3D('',#3786,#2936,#2937);
#2661=AXIS2_PLACEMENT_3D('',#3787,#2938,#2939);
#2662=AXIS2_PLACEMENT_3D('',#3788,#2940,#2941);
#2663=AXIS2_PLACEMENT_3D('',#3789,#2942,#2943);
#2664=AXIS2_PLACEMENT_3D('',#3791,#2944,#2945);
#2665=AXIS2_PLACEMENT_3D('',#3794,#2948,#2949);
#2666=AXIS2_PLACEMENT_3D('',#3795,#2950,#2951);
#2667=AXIS2_PLACEMENT_3D('',#3796,#2952,#2953);
#2668=AXIS2_PLACEMENT_3D('',#3797,#2954,#2955);
#2669=AXIS2_PLACEMENT_3D('',#3798,#2956,#2957);
#2670=AXIS2_PLACEMENT_3D('',#3802,#2959,#2960);
#2671=AXIS2_PLACEMENT_3D('',#3804,#2962,#2963);
#2672=AXIS2_PLACEMENT_3D('',#3806,#2965,#2966);
#2673=AXIS2_PLACEMENT_3D('',#3808,#2967,#2968);
#2674=AXIS2_PLACEMENT_3D('',#3812,#2970,#2971);
#2675=AXIS2_PLACEMENT_3D('',#3814,#2972,#2973);
#2676=AXIS2_PLACEMENT_3D('',#3815,#2974,#2975);
#2677=AXIS2_PLACEMENT_3D('',#3816,#2976,#2977);
#2678=AXIS2_PLACEMENT_3D('',#3817,#2978,#2979);
#2679=AXIS2_PLACEMENT_3D('',#3818,#2980,#2981);
#2680=AXIS2_PLACEMENT_3D('',#3820,#2982,#2983);
#2681=AXIS2_PLACEMENT_3D('',#3822,#2985,#2986);
#2682=AXIS2_PLACEMENT_3D('',#3823,#2987,#2988);
#2683=AXIS2_PLACEMENT_3D('',#3824,#2989,#2990);
#2684=AXIS2_PLACEMENT_3D('',#3826,#2991,#2992);
#2685=AXIS2_PLACEMENT_3D('',#3828,#2993,#2994);
#2686=AXIS2_PLACEMENT_3D('',#3850,#2996,#2997);
#2687=AXIS2_PLACEMENT_3D('',#3852,#2998,#2999);
#2688=AXIS2_PLACEMENT_3D('',#3867,#3008,#3009);
#2689=AXIS2_PLACEMENT_3D('',#3871,#3011,#3012);
#2690=AXIS2_PLACEMENT_3D('',#3873,#3013,#3014);
#2691=AXIS2_PLACEMENT_3D('',#3875,#3015,#3016);
#2692=AXIS2_PLACEMENT_3D('',#3877,#3018,#3019);
#2693=AXIS2_PLACEMENT_3D('',#3879,#3021,#3022);
#2694=AXIS2_PLACEMENT_3D('',#3886,#3025,#3026);
#2695=AXIS2_PLACEMENT_3D('',#3890,#3028,#3029);
#2696=AXIS2_PLACEMENT_3D('',#3898,#3033,#3034);
#2697=AXIS2_PLACEMENT_3D('',#3902,#3036,#3037);
#2698=AXIS2_PLACEMENT_3D('',#3936,#3039,#3040);
#2699=AXIS2_PLACEMENT_3D('',#3938,#3041,#3042);
#2700=AXIS2_PLACEMENT_3D('',#3939,#3043,#3044);
#2701=AXIS2_PLACEMENT_3D('',#3972,#3045,#3046);
#2702=AXIS2_PLACEMENT_3D('',#3974,#3047,#3048);
#2703=AXIS2_PLACEMENT_3D('',#3975,#3049,#3050);
#2704=AXIS2_PLACEMENT_3D('',#3976,#3051,#3052);
#2705=AXIS2_PLACEMENT_3D('',#3979,#3053,#3054);
#2706=AXIS2_PLACEMENT_3D('',#3981,#3055,#3056);
#2707=AXIS2_PLACEMENT_3D('',#3982,#3057,#3058);
#2708=AXIS2_PLACEMENT_3D('',#3983,#3059,#3060);
#2709=AXIS2_PLACEMENT_3D('',#3986,#3061,#3062);
#2710=AXIS2_PLACEMENT_3D('',#3991,#3066,#3067);
#2711=AXIS2_PLACEMENT_3D('',#3994,#3070,#3071);
#2712=AXIS2_PLACEMENT_3D('',#3997,#3072,#3073);
#2713=AXIS2_PLACEMENT_3D('',#3999,#3074,#3075);
#2714=AXIS2_PLACEMENT_3D('',#4000,#3076,#3077);
#2715=AXIS2_PLACEMENT_3D('',#4001,#3078,#3079);
#2716=AXIS2_PLACEMENT_3D('',#4004,#3080,#3081);
#2717=AXIS2_PLACEMENT_3D('',#4009,#3085,#3086);
#2718=AXIS2_PLACEMENT_3D('',#4012,#3089,#3090);
#2719=AXIS2_PLACEMENT_3D('',#4015,#3093,#3094);
#2720=AXIS2_PLACEMENT_3D('',#4018,#3097,#3098);
#2721=AXIS2_PLACEMENT_3D('',#4026,#3103,#3104);
#2722=AXIS2_PLACEMENT_3D('',#4036,#3110,#3111);
#2723=AXIS2_PLACEMENT_3D('',#4051,#3119,#3120);
#2724=AXIS2_PLACEMENT_3D('',#4054,#3122,#3123);
#2725=AXIS2_PLACEMENT_3D('',#4070,#3131,#3132);
#2726=AXIS2_PLACEMENT_3D('',#4086,#3140,#3141);
#2727=AXIS2_PLACEMENT_3D('',#4096,#3147,#3148);
#2728=AXIS2_PLACEMENT_3D('',#4141,#3171,#3172);
#2729=AXIS2_PLACEMENT_3D('',#4150,#3177,#3178);
#2730=AXIS2_PLACEMENT_3D('',#4160,#3184,#3185);
#2731=AXIS2_PLACEMENT_3D('',#4166,#3189,#3190);
#2732=AXIS2_PLACEMENT_3D('',#4177,#3197,#3198);
#2733=AXIS2_PLACEMENT_3D('',#4180,#3200,#3201);
#2734=AXIS2_PLACEMENT_3D('',#4184,#3204,#3205);
#2735=AXIS2_PLACEMENT_3D('',#4186,#3206,#3207);
#2736=AXIS2_PLACEMENT_3D('',#4189,#3209,#3210);
#2737=AXIS2_PLACEMENT_3D('',#4190,#3211,#3212);
#2738=AXIS2_PLACEMENT_3D('',#4196,#3216,#3217);
#2739=AXIS2_PLACEMENT_3D('',#4208,#3224,#3225);
#2740=AXIS2_PLACEMENT_3D('',#4220,#3232,#3233);
#2741=AXIS2_PLACEMENT_3D('',#4224,#3236,#3237);
#2742=AXIS2_PLACEMENT_3D('',#4232,#3243,#3244);
#2743=AXIS2_PLACEMENT_3D('',#4233,#3245,#3246);
#2744=AXIS2_PLACEMENT_3D('',#4234,#3247,#3248);
#2745=AXIS2_PLACEMENT_3D('',#4235,#3249,#3250);
#2746=AXIS2_PLACEMENT_3D('',#4236,#3251,#3252);
#2747=AXIS2_PLACEMENT_3D('',#4239,#3254,#3255);
#2748=AXIS2_PLACEMENT_3D('',#4240,#3256,#3257);
#2749=AXIS2_PLACEMENT_3D('',#4252,#3264,#3265);
#2750=AXIS2_PLACEMENT_3D('',#4253,#3266,#3267);
#2751=AXIS2_PLACEMENT_3D('',#4254,#3268,#3269);
#2752=AXIS2_PLACEMENT_3D('',#4255,#3270,#3271);
#2753=AXIS2_PLACEMENT_3D('',#4256,#3272,#3273);
#2754=AXIS2_PLACEMENT_3D('',#4260,#3276,#3277);
#2755=AXIS2_PLACEMENT_3D('',#4264,#3280,#3281);
#2756=AXIS2_PLACEMENT_3D('',#4266,#3283,#3284);
#2757=AXIS2_PLACEMENT_3D('',#4267,#3285,#3286);
#2758=AXIS2_PLACEMENT_3D('',#4271,#3289,#3290);
#2759=AXIS2_PLACEMENT_3D('',#4275,#3293,#3294);
#2760=AXIS2_PLACEMENT_3D('',#4277,#3296,#3297);
#2761=AXIS2_PLACEMENT_3D('',#4278,#3298,#3299);
#2762=AXIS2_PLACEMENT_3D('',#4284,#3303,#3304);
#2763=AXIS2_PLACEMENT_3D('',#4286,#3306,#3307);
#2764=AXIS2_PLACEMENT_3D('',#4290,#3310,#3311);
#2765=AXIS2_PLACEMENT_3D('',#4292,#3313,#3314);
#2766=AXIS2_PLACEMENT_3D('',#4294,#3316,#3317);
#2767=AXIS2_PLACEMENT_3D('',#4296,#3318,#3319);
#2768=AXIS2_PLACEMENT_3D('',#4298,#3320,#3321);
#2769=AXIS2_PLACEMENT_3D('',#4300,#3323,#3324);
#2770=AXIS2_PLACEMENT_3D('',#4307,#3329,#3330);
#2771=AXIS2_PLACEMENT_3D('',#4309,#3332,#3333);
#2772=AXIS2_PLACEMENT_3D('',#4319,#3338,#3339);
#2773=AXIS2_PLACEMENT_3D('',#4320,#3340,#3341);
#2774=AXIS2_PLACEMENT_3D('',#4323,#3344,#3345);
#2775=AXIS2_PLACEMENT_3D('',#4325,#3347,#3348);
#2776=AXIS2_PLACEMENT_3D('',#4327,#3350,#3351);
#2777=AXIS2_PLACEMENT_3D('',#4329,#3353,#3354);
#2778=AXIS2_PLACEMENT_3D('',#4331,#3356,#3357);
#2779=AXIS2_PLACEMENT_3D('',#4332,#3358,#3359);
#2780=AXIS2_PLACEMENT_3D('',#4336,#3362,#3363);
#2781=AXIS2_PLACEMENT_3D('',#4338,#3364,#3365);
#2782=AXIS2_PLACEMENT_3D('',#4342,#3368,#3369);
#2783=AXIS2_PLACEMENT_3D('',#4351,#3374,#3375);
#2784=AXIS2_PLACEMENT_3D('',#4354,#3378,#3379);
#2785=AXIS2_PLACEMENT_3D('',#4356,#3381,#3382);
#2786=AXIS2_PLACEMENT_3D('',#4358,#3384,#3385);
#2787=AXIS2_PLACEMENT_3D('',#4361,#3388,#3389);
#2788=AXIS2_PLACEMENT_3D('',#4362,#3390,#3391);
#2789=AXIS2_PLACEMENT_3D('',#4365,#3394,#3395);
#2790=AXIS2_PLACEMENT_3D('',#4369,#3399,#3400);
#2791=AXIS2_PLACEMENT_3D('',#4371,#3402,#3403);
#2792=AXIS2_PLACEMENT_3D('',#4373,#3405,#3406);
#2793=AXIS2_PLACEMENT_3D('',#4374,#3407,#3408);
#2794=AXIS2_PLACEMENT_3D('',#4415,#3409,#3410);
#2795=AXIS2_PLACEMENT_3D('',#4436,#3411,#3412);
#2796=AXIS2_PLACEMENT_3D('',#4457,#3413,#3414);
#2797=AXIS2_PLACEMENT_3D('',#4483,#3418,#3419);
#2798=AXIS2_PLACEMENT_3D('',#4484,#3420,#3421);
#2799=AXIS2_PLACEMENT_3D('',#4545,#3422,#3423);
#2800=AXIS2_PLACEMENT_3D('',#4546,#3424,#3425);
#2801=AXIS2_PLACEMENT_3D('',#4547,#3426,#3427);
#2802=AXIS2_PLACEMENT_3D('',#4549,#3429,#3430);
#2803=AXIS2_PLACEMENT_3D('',#4550,#3431,#3432);
#2804=AXIS2_PLACEMENT_3D('',#4551,#3433,#3434);
#2805=AXIS2_PLACEMENT_3D('',#4552,#3435,#3436);
#2806=AXIS2_PLACEMENT_3D('',#4554,#3437,#3438);
#2807=AXIS2_PLACEMENT_3D('',#4556,#3439,#3440);
#2808=AXIS2_PLACEMENT_3D('',#4558,#3442,#3443);
#2809=AXIS2_PLACEMENT_3D('',#4564,#3447,#3448);
#2810=AXIS2_PLACEMENT_3D('',#4566,#3450,#3451);
#2811=AXIS2_PLACEMENT_3D('',#4572,#3455,#3456);
#2812=AXIS2_PLACEMENT_3D('',#4578,#3460,#3461);
#2813=AXIS2_PLACEMENT_3D('',#4580,#3463,#3464);
#2814=AXIS2_PLACEMENT_3D('',#4584,#3467,#3468);
#2815=AXIS2_PLACEMENT_3D('',#4586,#3469,#3470);
#2816=AXIS2_PLACEMENT_3D('',#4593,#3475,#3476);
#2817=AXIS2_PLACEMENT_3D('',#4603,#3482,#3483);
#2818=AXIS2_PLACEMENT_3D('',#4604,#3484,#3485);
#2819=AXIS2_PLACEMENT_3D('',#4610,#3489,#3490);
#2820=AXIS2_PLACEMENT_3D('',#4613,#3493,#3494);
#2821=AXIS2_PLACEMENT_3D('',#4614,#3495,#3496);
#2822=AXIS2_PLACEMENT_3D('',#4620,#3500,#3501);
#2823=AXIS2_PLACEMENT_3D('',#4622,#3503,#3504);
#2824=AXIS2_PLACEMENT_3D('',#4624,#3506,#3507);
#2825=AXIS2_PLACEMENT_3D('',#4626,#3509,#3510);
#2826=AXIS2_PLACEMENT_3D('',#4627,#3511,#3512);
#2827=AXIS2_PLACEMENT_3D('',#4630,#3514,#3515);
#2828=AXIS2_PLACEMENT_3D('',#4631,#3516,#3517);
#2829=AXIS2_PLACEMENT_3D('',#4633,#3519,#3520);
#2830=AXIS2_PLACEMENT_3D('',#4634,#3521,#3522);
#2831=AXIS2_PLACEMENT_3D('',#4635,#3523,#3524);
#2832=AXIS2_PLACEMENT_3D('',#4639,#3527,#3528);
#2833=AXIS2_PLACEMENT_3D('',#4643,#3531,#3532);
#2834=AXIS2_PLACEMENT_3D('',#4648,#3536,#3537);
#2835=AXIS2_PLACEMENT_3D('',#4649,#3538,#3539);
#2836=AXIS2_PLACEMENT_3D('',#4653,#3542,#3543);
#2837=AXIS2_PLACEMENT_3D('',#4655,#3545,#3546);
#2838=AXIS2_PLACEMENT_3D('',#4656,#3547,#3548);
#2839=AXIS2_PLACEMENT_3D('',#4660,#3551,#3552);
#2840=AXIS2_PLACEMENT_3D('',#4662,#3554,#3555);
#2841=AXIS2_PLACEMENT_3D('',#4663,#3556,#3557);
#2842=AXIS2_PLACEMENT_3D('',#4665,#3559,#3560);
#2843=AXIS2_PLACEMENT_3D('',#4666,#3561,#3562);
#2844=AXIS2_PLACEMENT_3D('',#4670,#3565,#3566);
#2845=AXIS2_PLACEMENT_3D('',#4672,#3568,#3569);
#2846=DIRECTION('axis',(0.,0.,1.));
#2847=DIRECTION('refdir',(1.,0.,0.));
#2848=DIRECTION('center_axis',(-1.,0.,0.));
#2849=DIRECTION('ref_axis',(0.,0.707106781186553,0.707106781186543));
#2850=DIRECTION('center_axis',(-1.,0.,0.));
#2851=DIRECTION('ref_axis',(0.,0.,1.));
#2852=DIRECTION('',(-1.,0.,0.));
#2853=DIRECTION('center_axis',(1.,0.,0.));
#2854=DIRECTION('ref_axis',(0.,1.,0.));
#2855=DIRECTION('',(1.,0.,0.));
#2856=DIRECTION('center_axis',(0.,0.,-1.));
#2857=DIRECTION('ref_axis',(-1.,0.,0.));
#2858=DIRECTION('center_axis',(0.,-1.,0.));
#2859=DIRECTION('ref_axis',(1.,0.,0.));
#2860=DIRECTION('center_axis',(0.,0.,1.));
#2861=DIRECTION('ref_axis',(-0.707106781186548,-0.707106781186547,0.));
#2862=DIRECTION('center_axis',(0.,0.,-1.));
#2863=DIRECTION('ref_axis',(-0.707106781186548,-0.707106781186547,0.));
#2864=DIRECTION('center_axis',(0.,0.,-1.));
#2865=DIRECTION('ref_axis',(-1.,0.,0.));
#2866=DIRECTION('center_axis',(0.,1.,0.));
#2867=DIRECTION('ref_axis',(0.,0.,1.));
#2868=DIRECTION('center_axis',(0.,0.,-1.));
#2869=DIRECTION('ref_axis',(-0.707106781186545,0.70710678118655,0.));
#2870=DIRECTION('center_axis',(-1.,0.,0.));
#2871=DIRECTION('ref_axis',(0.,-1.,0.));
#2872=DIRECTION('center_axis',(0.,0.,1.));
#2873=DIRECTION('ref_axis',(-0.707106781186545,0.70710678118655,0.));
#2874=DIRECTION('center_axis',(1.,0.,0.));
#2875=DIRECTION('ref_axis',(0.,-0.707106781186578,0.707106781186517));
#2876=DIRECTION('center_axis',(-1.,0.,0.));
#2877=DIRECTION('ref_axis',(0.,-1.,0.));
#2878=DIRECTION('',(-1.,0.,0.));
#2879=DIRECTION('',(1.,0.,0.));
#2880=DIRECTION('center_axis',(0.,0.,-1.));
#2881=DIRECTION('ref_axis',(-1.,0.,0.));
#2882=DIRECTION('center_axis',(0.,1.,0.));
#2883=DIRECTION('ref_axis',(-1.,0.,0.));
#2884=DIRECTION('center_axis',(0.,0.,1.));
#2885=DIRECTION('ref_axis',(0.707106781186545,0.70710678118655,0.));
#2886=DIRECTION('center_axis',(0.,0.,-1.));
#2887=DIRECTION('ref_axis',(0.707106781186545,0.70710678118655,0.));
#2888=DIRECTION('center_axis',(0.,1.,0.));
#2889=DIRECTION('ref_axis',(-0.707106781186546,0.,0.707106781186549));
#2890=DIRECTION('center_axis',(0.,1.,0.));
#2891=DIRECTION('ref_axis',(-1.,0.,0.));
#2892=DIRECTION('',(0.,1.,0.));
#2893=DIRECTION('',(0.,-1.,0.));
#2894=DIRECTION('center_axis',(0.,0.,-1.));
#2895=DIRECTION('ref_axis',(-1.,0.,0.));
#2896=DIRECTION('center_axis',(1.,0.,0.));
#2897=DIRECTION('ref_axis',(0.,1.,0.));
#2898=DIRECTION('center_axis',(0.,0.,1.));
#2899=DIRECTION('ref_axis',(0.707106712697915,-0.707106849675174,0.));
#2900=DIRECTION('center_axis',(0.,0.,-1.));
#2901=DIRECTION('ref_axis',(0.707106712697915,-0.707106849675174,0.));
#2902=DIRECTION('center_axis',(-1.,0.,0.));
#2903=DIRECTION('ref_axis',(0.,0.707106781186553,0.707106781186543));
#2904=DIRECTION('center_axis',(1.,0.,0.));
#2905=DIRECTION('ref_axis',(0.,1.,2.77555756156285E-16));
#2906=DIRECTION('',(1.,0.,0.));
#2907=DIRECTION('',(-1.,0.,0.));
#2908=DIRECTION('center_axis',(-1.64477485129653E-16,1.,0.));
#2909=DIRECTION('ref_axis',(0.707106781186546,0.,0.707106781186549));
#2910=DIRECTION('',(1.64477485129653E-16,-1.,0.));
#2911=DIRECTION('',(-1.64477485129653E-16,1.,0.));
#2912=DIRECTION('center_axis',(0.,-1.,0.));
#2913=DIRECTION('ref_axis',(-0.707106781186546,0.,0.707106781186549));
#2914=DIRECTION('center_axis',(0.,-1.,0.));
#2915=DIRECTION('ref_axis',(0.,0.,1.));
#2916=DIRECTION('',(0.,-1.,0.));
#2917=DIRECTION('center_axis',(0.,1.,0.));
#2918=DIRECTION('ref_axis',(-1.,0.,0.));
#2919=DIRECTION('',(0.,1.,0.));
#2920=DIRECTION('center_axis',(0.468592023689694,0.883414690467844,0.));
#2921=DIRECTION('ref_axis',(-0.799944284726876,0.424316592494809,0.424316592494804));
#2922=DIRECTION('center_axis',(0.,0.,1.));
#2923=DIRECTION('ref_axis',(-9.81307786677359E-17,-1.,0.));
#2924=DIRECTION('center_axis',(-6.41121087295875E-16,-0.141421356237308,
-0.989949493661167));
#2925=DIRECTION('ref_axis',(0.,-0.989949493661167,0.141421356237308));
#2926=DIRECTION('center_axis',(1.,0.,0.));
#2927=DIRECTION('ref_axis',(0.,0.141788536298897,0.989896969878288));
#2928=DIRECTION('center_axis',(1.,0.,0.));
#2929=DIRECTION('ref_axis',(0.,0.0710740111493183,0.997471044662023));
#2930=DIRECTION('center_axis',(1.,0.,0.));
#2931=DIRECTION('ref_axis',(0.,0.141788536298897,0.989896969878288));
#2932=DIRECTION('',(1.,0.,0.));
#2933=DIRECTION('',(-1.,0.,0.));
#2934=DIRECTION('center_axis',(0.46859202368969,-0.883414690467846,0.));
#2935=DIRECTION('ref_axis',(0.799944284726876,0.424316592494804,0.424316592494809));
#2936=DIRECTION('center_axis',(0.,-1.,0.));
#2937=DIRECTION('ref_axis',(1.,0.,-2.2204460492503E-15));
#2938=DIRECTION('center_axis',(0.,0.,1.));
#2939=DIRECTION('ref_axis',(-9.81307786677359E-17,-1.,0.));
#2940=DIRECTION('center_axis',(-6.41121087295875E-16,-0.141421356237308,
-0.989949493661167));
#2941=DIRECTION('ref_axis',(0.,-0.989949493661167,0.141421356237308));
#2942=DIRECTION('center_axis',(0.,1.,0.));
#2943=DIRECTION('ref_axis',(0.707106781186546,0.,0.707106781186549));
#2944=DIRECTION('center_axis',(0.,-1.,0.));
#2945=DIRECTION('ref_axis',(1.,0.,0.));
#2946=DIRECTION('',(0.,-1.,0.));
#2947=DIRECTION('',(0.,1.,0.));
#2948=DIRECTION('center_axis',(-0.408248290463844,-0.816496580927744,0.408248290463847));
#2949=DIRECTION('ref_axis',(-0.57735026918964,0.577350269189597,0.57735026918964));
#2950=DIRECTION('center_axis',(0.,0.,1.));
#2951=DIRECTION('ref_axis',(-0.707106781186552,0.707106781186543,0.));
#2952=DIRECTION('center_axis',(0.408248290463863,-0.816496580927726,0.408248290463862));
#2953=DIRECTION('ref_axis',(0.577350269189628,0.577350269189621,0.577350269189629));
#2954=DIRECTION('center_axis',(0.,0.,1.));
#2955=DIRECTION('ref_axis',(0.707106781186552,0.707106781186543,0.));
#2956=DIRECTION('center_axis',(0.,0.,-1.));
#2957=DIRECTION('ref_axis',(0.707106781186554,0.707106781186541,0.));
#2958=DIRECTION('',(0.,0.,-1.));
#2959=DIRECTION('center_axis',(0.,0.,1.));
#2960=DIRECTION('ref_axis',(1.,0.,0.));
#2961=DIRECTION('',(0.,0.,1.));
#2962=DIRECTION('center_axis',(1.,0.,0.));
#2963=DIRECTION('ref_axis',(0.,-0.707106781186548,-0.707106781186547));
#2964=DIRECTION('',(0.,-0.707106781186547,0.707106781186548));
#2965=DIRECTION('center_axis',(0.,0.707106781186547,-0.707106781186548));
#2966=DIRECTION('ref_axis',(-0.707106781186547,-0.5,-0.500000000000001));
#2967=DIRECTION('center_axis',(0.,-0.707106781186548,0.707106781186547));
#2968=DIRECTION('ref_axis',(-1.,0.,0.));
#2969=DIRECTION('',(0.,0.707106781186547,-0.707106781186548));
#2970=DIRECTION('center_axis',(0.,0.707106781186546,-0.707106781186549));
#2971=DIRECTION('ref_axis',(0.,-0.707106781186549,-0.707106781186546));
#2972=DIRECTION('center_axis',(-5.23364152894591E-17,-0.989949493661167,
-0.141421356237309));
#2973=DIRECTION('ref_axis',(0.,0.141421356237309,-0.989949493661167));
#2974=DIRECTION('center_axis',(5.23364152894591E-17,-0.989949493661167,
-0.141421356237309));
#2975=DIRECTION('ref_axis',(0.,0.141421356237309,-0.989949493661167));
#2976=DIRECTION('center_axis',(-1.,0.,0.));
#2977=DIRECTION('ref_axis',(0.,0.,1.));
#2978=DIRECTION('center_axis',(-1.,0.,0.));
#2979=DIRECTION('ref_axis',(0.,0.431767895444545,0.901984747356289));
#2980=DIRECTION('center_axis',(1.,0.,0.));
#2981=DIRECTION('ref_axis',(0.,-0.707106781186548,-0.707106781186547));
#2982=DIRECTION('center_axis',(1.,0.,0.));
#2983=DIRECTION('ref_axis',(0.,0.431767895444546,0.901984747356289));
#2984=DIRECTION('',(-1.,0.,0.));
#2985=DIRECTION('center_axis',(-1.,0.,0.));
#2986=DIRECTION('ref_axis',(0.,0.,1.));
#2987=DIRECTION('center_axis',(0.,-0.707106781186548,0.707106781186547));
#2988=DIRECTION('ref_axis',(0.,-0.707106781186547,-0.707106781186548));
#2989=DIRECTION('center_axis',(0.,-1.,0.));
#2990=DIRECTION('ref_axis',(-1.,0.,0.));
#2991=DIRECTION('center_axis',(0.,1.,0.));
#2992=DIRECTION('ref_axis',(9.81307786677359E-17,0.,-1.));
#2993=DIRECTION('center_axis',(0.,1.,0.));
#2994=DIRECTION('ref_axis',(9.81307786677359E-17,0.,-1.));
#2995=DIRECTION('',(-1.,0.,0.));
#2996=DIRECTION('center_axis',(0.,1.,0.));
#2997=DIRECTION('ref_axis',(-4.9065389333868E-17,0.,-1.));
#2998=DIRECTION('center_axis',(0.,1.,0.));
#2999=DIRECTION('ref_axis',(-9.81307786677359E-17,0.,-1.));
#3000=DIRECTION('',(0.,0.,-1.));
#3001=DIRECTION('',(0.,0.,-1.));
#3002=DIRECTION('',(-1.,0.,0.));
#3003=DIRECTION('',(0.,0.,1.));
#3004=DIRECTION('',(-1.,0.,0.));
#3005=DIRECTION('',(0.,0.,-1.));
#3006=DIRECTION('',(-1.,0.,0.));
#3007=DIRECTION('',(0.,0.,-1.));
#3008=DIRECTION('center_axis',(0.,0.707106781186547,-0.707106781186548));
#3009=DIRECTION('ref_axis',(0.707106781186546,-0.5,-0.500000000000002));
#3010=DIRECTION('',(0.,0.707106781186547,-0.707106781186548));
#3011=DIRECTION('center_axis',(5.23364152894591E-17,-0.989949493661167,
-0.141421356237309));
#3012=DIRECTION('ref_axis',(0.,0.141421356237309,-0.989949493661167));
#3013=DIRECTION('center_axis',(5.23364152894591E-17,-0.989949493661167,
-0.141421356237309));
#3014=DIRECTION('ref_axis',(0.,0.141421356237309,-0.989949493661167));
#3015=DIRECTION('center_axis',(0.,0.707106781186549,-0.707106781186546));
#3016=DIRECTION('ref_axis',(1.,0.,0.));
#3017=DIRECTION('',(0.,-0.707106781186547,0.707106781186548));
#3018=DIRECTION('center_axis',(-1.,0.,0.));
#3019=DIRECTION('ref_axis',(0.,0.707106781186548,0.707106781186547));
#3020=DIRECTION('',(0.,0.,1.));
#3021=DIRECTION('center_axis',(0.,0.,-1.));
#3022=DIRECTION('ref_axis',(-1.,0.,0.));
#3023=DIRECTION('',(-1.,0.,0.));
#3024=DIRECTION('',(0.,1.,0.));
#3025=DIRECTION('center_axis',(0.,0.,1.));
#3026=DIRECTION('ref_axis',(-0.707106781186549,0.707106781186546,0.));
#3027=DIRECTION('',(-1.,0.,0.));
#3028=DIRECTION('center_axis',(0.,0.,-1.));
#3029=DIRECTION('ref_axis',(0.707106781186546,-0.707106781186549,0.));
#3030=DIRECTION('',(0.,-1.,0.));
#3031=DIRECTION('',(-1.,0.,0.));
#3032=DIRECTION('',(0.,1.,0.));
#3033=DIRECTION('center_axis',(0.,0.,-1.));
#3034=DIRECTION('ref_axis',(-0.707106781186546,-0.707106781186549,0.));
#3035=DIRECTION('',(-1.,0.,0.));
#3036=DIRECTION('center_axis',(0.,0.,1.));
#3037=DIRECTION('ref_axis',(0.707106781186548,0.707106781186548,0.));
#3038=DIRECTION('',(0.,-1.,0.));
#3039=DIRECTION('center_axis',(-0.316227766016842,0.948683298050512,0.));
#3040=DIRECTION('ref_axis',(0.948683298050512,0.316227766016842,0.));
#3041=DIRECTION('center_axis',(0.948683298050508,-0.316227766016855,0.));
#3042=DIRECTION('ref_axis',(0.316227766016855,0.948683298050508,0.));
#3043=DIRECTION('center_axis',(0.,0.,-1.));
#3044=DIRECTION('ref_axis',(0.,1.,0.));
#3045=DIRECTION('center_axis',(-0.948683298050514,-0.316227766016837,-2.80866677486136E-15));
#3046=DIRECTION('ref_axis',(-0.316227766016837,0.948683298050514,0.));
#3047=DIRECTION('center_axis',(0.316227766016842,0.948683298050512,0.));
#3048=DIRECTION('ref_axis',(-0.948683298050512,0.316227766016842,0.));
#3049=DIRECTION('center_axis',(2.77555756156288E-16,-2.77555756156294E-16,
-1.));
#3050=DIRECTION('ref_axis',(-1.,0.,-2.77555756156288E-16));
#3051=DIRECTION('center_axis',(-0.816496580927728,0.408248290463869,0.408248290463854));
#3052=DIRECTION('ref_axis',(-0.577350269189624,-0.577350269189633,-0.577350269189621));
#3053=DIRECTION('center_axis',(-1.,0.,0.));
#3054=DIRECTION('ref_axis',(0.,-1.,0.));
#3055=DIRECTION('center_axis',(0.,0.,-1.));
#3056=DIRECTION('ref_axis',(-1.,0.,0.));
#3057=DIRECTION('center_axis',(-1.1842378929335E-14,-1.,0.));
#3058=DIRECTION('ref_axis',(0.,0.,-1.));
#3059=DIRECTION('center_axis',(0.,0.,-1.));
#3060=DIRECTION('ref_axis',(-0.707106781186543,-0.707106781186552,0.));
#3061=DIRECTION('center_axis',(0.,0.,-1.));
#3062=DIRECTION('ref_axis',(-0.707106781186543,-0.707106781186552,0.));
#3063=DIRECTION('',(0.,0.,-1.));
#3064=DIRECTION('',(0.,0.,-1.));
#3065=DIRECTION('',(0.,0.,1.));
#3066=DIRECTION('center_axis',(0.,1.,0.));
#3067=DIRECTION('ref_axis',(-0.707106781186548,0.,-0.707106781186547));
#3068=DIRECTION('',(0.,-1.,0.));
#3069=DIRECTION('',(0.,1.,0.));
#3070=DIRECTION('center_axis',(-0.816496580927728,-0.408248290463859,-0.408248290463863));
#3071=DIRECTION('ref_axis',(0.577350269189624,-0.577350269189629,-0.577350269189624));
#3072=DIRECTION('center_axis',(0.,-1.,0.));
#3073=DIRECTION('ref_axis',(1.,0.,0.));
#3074=DIRECTION('center_axis',(0.,0.,-1.));
#3075=DIRECTION('ref_axis',(0.,-1.,0.));
#3076=DIRECTION('center_axis',(1.,0.,0.));
#3077=DIRECTION('ref_axis',(0.,0.,-1.));
#3078=DIRECTION('center_axis',(0.,0.,1.));
#3079=DIRECTION('ref_axis',(0.707106781186543,-0.707106781186552,0.));
#3080=DIRECTION('center_axis',(0.,0.,-1.));
#3081=DIRECTION('ref_axis',(0.707106781186543,-0.707106781186552,0.));
#3082=DIRECTION('',(0.,0.,-1.));
#3083=DIRECTION('',(0.,0.,1.));
#3084=DIRECTION('',(0.,0.,1.));
#3085=DIRECTION('center_axis',(-1.,0.,0.));
#3086=DIRECTION('ref_axis',(0.,-0.707106781186553,-0.707106781186543));
#3087=DIRECTION('',(1.,0.,0.));
#3088=DIRECTION('',(-1.,0.,0.));
#3089=DIRECTION('center_axis',(0.,-1.,0.));
#3090=DIRECTION('ref_axis',(0.707106781186548,0.,-0.707106781186547));
#3091=DIRECTION('',(0.,-1.,0.));
#3092=DIRECTION('',(0.,1.,0.));
#3093=DIRECTION('center_axis',(1.,-5.84327907697451E-17,0.));
#3094=DIRECTION('ref_axis',(0.,0.707106781186544,-0.707106781186551));
#3095=DIRECTION('',(-1.,5.84327907697451E-17,0.));
#3096=DIRECTION('',(1.,-5.84327907697451E-17,0.));
#3097=DIRECTION('center_axis',(-1.,0.,0.));
#3098=DIRECTION('ref_axis',(0.,-1.,0.));
#3099=DIRECTION('',(0.,1.,0.));
#3100=DIRECTION('',(0.,0.,1.));
#3101=DIRECTION('',(0.,-1.,0.));
#3102=DIRECTION('',(0.,0.,1.));
#3103=DIRECTION('center_axis',(0.,-1.,0.));
#3104=DIRECTION('ref_axis',(-1.,0.,0.));
#3105=DIRECTION('',(1.,0.,0.));
#3106=DIRECTION('',(0.,0.,-1.));
#3107=DIRECTION('',(-1.,0.,0.));
#3108=DIRECTION('',(0.,0.,1.));
#3109=DIRECTION('',(1.,0.,0.));
#3110=DIRECTION('center_axis',(0.,0.,1.));
#3111=DIRECTION('ref_axis',(1.,0.,0.));
#3112=DIRECTION('',(0.,1.,0.));
#3113=DIRECTION('',(1.,0.,0.));
#3114=DIRECTION('',(0.,-1.,0.));
#3115=DIRECTION('',(-1.,0.,0.));
#3116=DIRECTION('',(0.,1.,0.));
#3117=DIRECTION('',(1.,0.,0.));
#3118=DIRECTION('',(0.,-1.,0.));
#3119=DIRECTION('center_axis',(0.,0.,1.));
#3120=DIRECTION('ref_axis',(1.,0.,0.));
#3121=DIRECTION('',(-1.,5.84327907697451E-17,0.));
#3122=DIRECTION('center_axis',(0.,0.,1.));
#3123=DIRECTION('ref_axis',(-4.4408920985006E-15,1.,0.));
#3124=DIRECTION('',(1.,0.,0.));
#3125=DIRECTION('',(0.,-1.,0.));
#3126=DIRECTION('',(-1.,0.,0.));
#3127=DIRECTION('',(0.,-1.,0.));
#3128=DIRECTION('',(-1.,0.,0.));
#3129=DIRECTION('',(0.,1.,0.));
#3130=DIRECTION('',(-1.,0.,0.));
#3131=DIRECTION('center_axis',(0.,0.,-1.));
#3132=DIRECTION('ref_axis',(-0.707106781186546,-0.707106781186549,0.));
#3133=DIRECTION('',(0.,1.,0.));
#3134=DIRECTION('',(1.,0.,0.));
#3135=DIRECTION('',(0.,1.,0.));
#3136=DIRECTION('',(1.,0.,0.));
#3137=DIRECTION('',(0.,-1.,0.));
#3138=DIRECTION('',(1.,0.,0.));
#3139=DIRECTION('',(0.,-1.,0.));
#3140=DIRECTION('center_axis',(0.,0.,-1.));
#3141=DIRECTION('ref_axis',(0.707106781186546,-0.707106781186549,0.));
#3142=DIRECTION('',(-1.,0.,0.));
#3143=DIRECTION('',(0.,-1.,0.));
#3144=DIRECTION('',(-1.,0.,0.));
#3145=DIRECTION('',(0.,-1.,0.));
#3146=DIRECTION('',(-1.,0.,0.));
#3147=DIRECTION('center_axis',(0.,0.,1.));
#3148=DIRECTION('ref_axis',(1.,0.,0.));
#3149=DIRECTION('',(-8.22387425648264E-17,-1.,0.));
#3150=DIRECTION('',(1.,0.,0.));
#3151=DIRECTION('',(0.,1.,0.));
#3152=DIRECTION('',(1.49011611938477E-8,1.,0.));
#3153=DIRECTION('',(-1.,0.,0.));
#3154=DIRECTION('',(0.,-1.,0.));
#3155=DIRECTION('',(1.,0.,0.));
#3156=DIRECTION('',(0.,1.,0.));
#3157=DIRECTION('',(-1.,0.,0.));
#3158=DIRECTION('',(0.,-1.,0.));
#3159=DIRECTION('',(1.,0.,0.));
#3160=DIRECTION('',(-1.64477485129653E-16,1.,0.));
#3161=DIRECTION('',(-1.,0.,0.));
#3162=DIRECTION('',(0.,-1.,0.));
#3163=DIRECTION('',(1.,0.,0.));
#3164=DIRECTION('',(0.,-1.,0.));
#3165=DIRECTION('',(-1.,0.,0.));
#3166=DIRECTION('',(0.,1.,0.));
#3167=DIRECTION('',(1.,0.,0.));
#3168=DIRECTION('',(6.75519308638663E-8,0.999999999999998,0.));
#3169=DIRECTION('',(0.,1.,0.));
#3170=DIRECTION('',(-1.,0.,0.));
#3171=DIRECTION('center_axis',(0.,0.,1.));
#3172=DIRECTION('ref_axis',(0.,-1.,0.));
#3173=DIRECTION('',(1.,0.,0.));
#3174=DIRECTION('',(0.,-1.,0.));
#3175=DIRECTION('',(-1.,0.,0.));
#3176=DIRECTION('',(0.,1.,0.));
#3177=DIRECTION('center_axis',(1.,0.,0.));
#3178=DIRECTION('ref_axis',(0.,0.,1.));
#3179=DIRECTION('',(0.,0.,1.));
#3180=DIRECTION('',(0.,1.,0.));
#3181=DIRECTION('',(0.,0.,1.));
#3182=DIRECTION('',(0.,-1.,0.));
#3183=DIRECTION('',(0.,0.,-1.));
#3184=DIRECTION('center_axis',(0.,0.,-1.));
#3185=DIRECTION('ref_axis',(-1.,0.,0.));
#3186=DIRECTION('',(1.,0.,0.));
#3187=DIRECTION('',(0.,1.,0.));
#3188=DIRECTION('',(-1.,-4.11193712824132E-17,0.));
#3189=DIRECTION('center_axis',(0.,1.,0.));
#3190=DIRECTION('ref_axis',(1.,0.,0.));
#3191=DIRECTION('',(0.,0.,-1.));
#3192=DIRECTION('',(1.,0.,0.));
#3193=DIRECTION('',(0.,0.,1.));
#3194=DIRECTION('',(0.,0.,-1.));
#3195=DIRECTION('',(1.,0.,0.));
#3196=DIRECTION('',(0.,0.,-1.));
#3197=DIRECTION('center_axis',(-1.,0.,0.));
#3198=DIRECTION('ref_axis',(0.,0.,1.));
#3199=DIRECTION('',(0.,0.,-1.));
#3200=DIRECTION('center_axis',(1.,0.,0.));
#3201=DIRECTION('ref_axis',(0.,-0.707106781186547,0.707106781186548));
#3202=DIRECTION('',(0.,0.,-1.));
#3203=DIRECTION('',(0.,1.,0.));
#3204=DIRECTION('center_axis',(8.22387425648264E-17,1.,0.));
#3205=DIRECTION('ref_axis',(-0.707106781186546,0.,0.707106781186549));
#3206=DIRECTION('center_axis',(0.,-1.,0.));
#3207=DIRECTION('ref_axis',(-0.707106781186546,0.,0.707106781186549));
#3208=DIRECTION('',(8.22387425648264E-17,1.,0.));
#3209=DIRECTION('center_axis',(0.,1.,0.));
#3210=DIRECTION('ref_axis',(-0.707106781186546,0.,0.707106781186549));
#3211=DIRECTION('center_axis',(1.,-8.22387425648264E-17,0.));
#3212=DIRECTION('ref_axis',(-8.22387425648264E-17,-1.,0.));
#3213=DIRECTION('',(0.,0.,-1.));
#3214=DIRECTION('',(-8.22387425648264E-17,-1.,0.));
#3215=DIRECTION('',(0.,0.,1.));
#3216=DIRECTION('center_axis',(0.,1.,0.));
#3217=DIRECTION('ref_axis',(-1.,0.,0.));
#3218=DIRECTION('',(0.,0.,1.));
#3219=DIRECTION('',(1.,0.,0.));
#3220=DIRECTION('',(0.,0.,1.));
#3221=DIRECTION('',(-1.,0.,0.));
#3222=DIRECTION('',(0.,0.,-1.));
#3223=DIRECTION('',(1.,0.,0.));
#3224=DIRECTION('center_axis',(0.,-1.,0.));
#3225=DIRECTION('ref_axis',(0.,0.,-1.));
#3226=DIRECTION('',(1.,0.,0.));
#3227=DIRECTION('',(0.,0.,-1.));
#3228=DIRECTION('',(1.,0.,0.));
#3229=DIRECTION('',(0.,0.,1.));
#3230=DIRECTION('',(-1.,0.,0.));
#3231=DIRECTION('',(0.,0.,1.));
#3232=DIRECTION('center_axis',(1.,0.,0.));
#3233=DIRECTION('ref_axis',(0.,0.,-1.));
#3234=DIRECTION('',(0.,0.,1.));
#3235=DIRECTION('',(0.,1.,0.));
#3236=DIRECTION('center_axis',(-1.,0.,0.));
#3237=DIRECTION('ref_axis',(0.,0.,1.));
#3238=DIRECTION('',(0.,0.,-1.));
#3239=DIRECTION('',(0.,-1.,0.));
#3240=DIRECTION('',(0.,-1.,0.));
#3241=DIRECTION('',(0.,1.,0.));
#3242=DIRECTION('',(0.,0.,-1.));
#3243=DIRECTION('center_axis',(0.,0.,-1.));
#3244=DIRECTION('ref_axis',(0.,-1.,0.));
#3245=DIRECTION('center_axis',(0.,0.,-1.));
#3246=DIRECTION('ref_axis',(0.,-1.,0.));
#3247=DIRECTION('center_axis',(0.,0.,-1.));
#3248=DIRECTION('ref_axis',(1.,-7.40148683083437E-16,0.));
#3249=DIRECTION('center_axis',(0.,0.,-1.));
#3250=DIRECTION('ref_axis',(1.,-7.40148683083437E-16,0.));
#3251=DIRECTION('center_axis',(0.,0.,-1.));
#3252=DIRECTION('ref_axis',(0.,1.,0.));
#3253=DIRECTION('',(0.,0.,-1.));
#3254=DIRECTION('center_axis',(0.,0.,-1.));
#3255=DIRECTION('ref_axis',(0.,1.,0.));
#3256=DIRECTION('center_axis',(-1.,-1.64477485129653E-16,0.));
#3257=DIRECTION('ref_axis',(-1.64477485129653E-16,1.,0.));
#3258=DIRECTION('',(0.,0.,-1.));
#3259=DIRECTION('',(-1.64477485129653E-16,1.,0.));
#3260=DIRECTION('',(0.,0.,1.));
#3261=DIRECTION('',(-1.64477485129653E-16,1.,0.));
#3262=DIRECTION('',(0.,0.,-1.));
#3263=DIRECTION('',(-1.64477485129653E-16,1.,0.));
#3264=DIRECTION('center_axis',(0.,0.,1.));
#3265=DIRECTION('ref_axis',(-0.707106781186554,0.707106781186541,0.));
#3266=DIRECTION('center_axis',(0.,0.,1.));
#3267=DIRECTION('ref_axis',(0.,1.,0.));
#3268=DIRECTION('center_axis',(0.,0.,-1.));
#3269=DIRECTION('ref_axis',(-1.,-2.96059473233375E-15,0.));
#3270=DIRECTION('center_axis',(0.,0.,-1.));
#3271=DIRECTION('ref_axis',(-1.,-2.96059473233375E-15,0.));
#3272=DIRECTION('center_axis',(1.,0.,0.));
#3273=DIRECTION('ref_axis',(0.,-1.,0.));
#3274=DIRECTION('',(0.,0.,-1.));
#3275=DIRECTION('',(0.,-1.,0.));
#3276=DIRECTION('center_axis',(0.,1.,0.));
#3277=DIRECTION('ref_axis',(1.,0.,0.));
#3278=DIRECTION('',(0.,0.,-1.));
#3279=DIRECTION('',(1.,0.,0.));
#3280=DIRECTION('center_axis',(-1.,0.,0.));
#3281=DIRECTION('ref_axis',(0.,1.,0.));
#3282=DIRECTION('',(0.,1.,0.));
#3283=DIRECTION('center_axis',(0.,0.,-1.));
#3284=DIRECTION('ref_axis',(-1.,0.,0.));
#3285=DIRECTION('center_axis',(0.,-1.,0.));
#3286=DIRECTION('ref_axis',(-1.,0.,0.));
#3287=DIRECTION('',(0.,0.,-1.));
#3288=DIRECTION('',(-1.,0.,0.));
#3289=DIRECTION('center_axis',(1.,0.,0.));
#3290=DIRECTION('ref_axis',(0.,-1.,0.));
#3291=DIRECTION('',(0.,0.,-1.));
#3292=DIRECTION('',(0.,-1.,0.));
#3293=DIRECTION('center_axis',(0.,1.,0.));
#3294=DIRECTION('ref_axis',(1.,0.,0.));
#3295=DIRECTION('',(1.,0.,0.));
#3296=DIRECTION('center_axis',(0.,0.,-1.));
#3297=DIRECTION('ref_axis',(-1.,0.,0.));
#3298=DIRECTION('center_axis',(-1.,0.,0.));
#3299=DIRECTION('ref_axis',(0.,1.,0.));
#3300=DIRECTION('',(0.,0.,-1.));
#3301=DIRECTION('',(0.,1.,0.));
#3302=DIRECTION('',(0.,0.,-1.));
#3303=DIRECTION('center_axis',(0.,-1.,0.));
#3304=DIRECTION('ref_axis',(-1.,0.,0.));
#3305=DIRECTION('',(-1.,0.,0.));
#3306=DIRECTION('center_axis',(0.,1.,0.));
#3307=DIRECTION('ref_axis',(1.,0.,0.));
#3308=DIRECTION('',(1.,0.,0.));
#3309=DIRECTION('',(0.,0.,-1.));
#3310=DIRECTION('center_axis',(0.,0.,-1.));
#3311=DIRECTION('ref_axis',(-1.,0.,0.));
#3312=DIRECTION('',(0.,-1.,0.));
#3313=DIRECTION('center_axis',(1.,0.,0.));
#3314=DIRECTION('ref_axis',(0.,1.,0.));
#3315=DIRECTION('',(0.,0.,1.));
#3316=DIRECTION('center_axis',(1.,0.,0.));
#3317=DIRECTION('ref_axis',(0.,-0.707106781186547,-0.707106781186547));
#3318=DIRECTION('center_axis',(-1.,0.,0.));
#3319=DIRECTION('ref_axis',(0.,-0.707106781186547,-0.707106781186547));
#3320=DIRECTION('center_axis',(1.,0.,0.));
#3321=DIRECTION('ref_axis',(0.,-0.707106781186547,-0.707106781186547));
#3322=DIRECTION('',(1.,0.,0.));
#3323=DIRECTION('center_axis',(1.,0.,0.));
#3324=DIRECTION('ref_axis',(0.,1.,0.));
#3325=DIRECTION('',(0.,0.,-1.));
#3326=DIRECTION('',(0.,1.,0.));
#3327=DIRECTION('',(0.,0.,-1.));
#3328=DIRECTION('',(0.,0.,1.));
#3329=DIRECTION('center_axis',(0.,1.,0.));
#3330=DIRECTION('ref_axis',(-1.,0.,0.));
#3331=DIRECTION('',(0.,0.,-1.));
#3332=DIRECTION('center_axis',(0.,0.,1.));
#3333=DIRECTION('ref_axis',(1.,0.,0.));
#3334=DIRECTION('',(0.,-1.,0.));
#3335=DIRECTION('',(-1.,0.,0.));
#3336=DIRECTION('',(0.,-1.,0.));
#3337=DIRECTION('',(-1.,0.,0.));
#3338=DIRECTION('center_axis',(0.,0.,1.));
#3339=DIRECTION('ref_axis',(-0.707106781186549,0.707106781186546,0.));
#3340=DIRECTION('center_axis',(-1.,0.,0.));
#3341=DIRECTION('ref_axis',(0.,-1.,0.));
#3342=DIRECTION('',(0.,0.,1.));
#3343=DIRECTION('',(0.,0.,1.));
#3344=DIRECTION('center_axis',(0.,1.,0.));
#3345=DIRECTION('ref_axis',(-1.,0.,0.));
#3346=DIRECTION('',(0.,0.,1.));
#3347=DIRECTION('center_axis',(-1.,0.,0.));
#3348=DIRECTION('ref_axis',(0.,-1.,0.));
#3349=DIRECTION('',(0.,0.,1.));
#3350=DIRECTION('center_axis',(0.,0.,1.));
#3351=DIRECTION('ref_axis',(1.,0.,0.));
#3352=DIRECTION('',(0.,0.,1.));
#3353=DIRECTION('center_axis',(5.84327907697451E-17,1.,0.));
#3354=DIRECTION('ref_axis',(-1.,5.84327907697451E-17,0.));
#3355=DIRECTION('',(0.,0.,-1.));
#3356=DIRECTION('center_axis',(0.,0.,1.));
#3357=DIRECTION('ref_axis',(-4.4408920985006E-15,1.,0.));
#3358=DIRECTION('center_axis',(0.,1.,0.));
#3359=DIRECTION('ref_axis',(-1.,0.,0.));
#3360=DIRECTION('',(-1.,0.,0.));
#3361=DIRECTION('',(0.,0.,1.));
#3362=DIRECTION('center_axis',(0.,0.,1.));
#3363=DIRECTION('ref_axis',(1.,0.,0.));
#3364=DIRECTION('center_axis',(0.,0.,1.));
#3365=DIRECTION('ref_axis',(0.707106781186548,0.707106781186548,0.));
#3366=DIRECTION('',(-1.,0.,0.));
#3367=DIRECTION('',(0.,1.,0.));
#3368=DIRECTION('center_axis',(0.,0.,1.));
#3369=DIRECTION('ref_axis',(1.,0.,0.));
#3370=DIRECTION('',(0.,-1.,0.));
#3371=DIRECTION('',(1.,0.,0.));
#3372=DIRECTION('',(0.,1.,0.));
#3373=DIRECTION('',(1.,0.,0.));
#3374=DIRECTION('center_axis',(1.,0.,0.));
#3375=DIRECTION('ref_axis',(0.,1.,0.));
#3376=DIRECTION('',(0.,0.,-1.));
#3377=DIRECTION('',(0.,0.,1.));
#3378=DIRECTION('center_axis',(0.,-1.,0.));
#3379=DIRECTION('ref_axis',(1.,0.,0.));
#3380=DIRECTION('',(0.,0.,1.));
#3381=DIRECTION('center_axis',(1.,0.,0.));
#3382=DIRECTION('ref_axis',(0.,1.,0.));
#3383=DIRECTION('',(0.,0.,1.));
#3384=DIRECTION('center_axis',(0.,-1.,0.));
#3385=DIRECTION('ref_axis',(1.,0.,0.));
#3386=DIRECTION('',(0.,0.,1.));
#3387=DIRECTION('',(0.,0.,-1.));
#3388=DIRECTION('center_axis',(0.,0.,1.));
#3389=DIRECTION('ref_axis',(0.707106781186548,0.707106781186548,0.));
#3390=DIRECTION('center_axis',(0.,-1.,0.));
#3391=DIRECTION('ref_axis',(1.,0.,0.));
#3392=DIRECTION('',(0.,0.,-1.));
#3393=DIRECTION('',(0.,0.,1.));
#3394=DIRECTION('center_axis',(0.,-1.,0.));
#3395=DIRECTION('ref_axis',(0.,0.,-1.));
#3396=DIRECTION('',(0.,0.,-1.));
#3397=DIRECTION('',(0.,0.,1.));
#3398=DIRECTION('',(0.,0.,1.));
#3399=DIRECTION('center_axis',(1.,0.,0.));
#3400=DIRECTION('ref_axis',(0.,0.,-1.));
#3401=DIRECTION('',(0.,0.,-1.));
#3402=DIRECTION('center_axis',(-1.,0.,0.));
#3403=DIRECTION('ref_axis',(0.,0.,1.));
#3404=DIRECTION('',(0.,0.,1.));
#3405=DIRECTION('center_axis',(0.,0.,-1.));
#3406=DIRECTION('ref_axis',(0.707106781186546,-0.707106781186549,0.));
#3407=DIRECTION('center_axis',(0.,0.,1.));
#3408=DIRECTION('ref_axis',(-0.707106781186546,-0.707106781186549,0.));
#3409=DIRECTION('center_axis',(-0.455089860562228,0.,-0.890445517038214));
#3410=DIRECTION('ref_axis',(-0.810465452374362,0.414213562373096,0.414213562373096));
#3411=DIRECTION('center_axis',(-0.25819888974716,0.,-0.966091783079296));
#3412=DIRECTION('ref_axis',(-0.935414346693485,0.250000000000003,0.249999999999998));
#3413=DIRECTION('center_axis',(0.,0.,1.));
#3414=DIRECTION('ref_axis',(1.,0.,0.));
#3415=DIRECTION('',(6.75519308638663E-8,0.999999999999998,0.));
#3416=DIRECTION('',(1.,0.,0.));
#3417=DIRECTION('',(0.,1.,0.));
#3418=DIRECTION('center_axis',(0.258198889747159,0.,-0.966091783079297));
#3419=DIRECTION('ref_axis',(0.,1.,0.));
#3420=DIRECTION('center_axis',(-0.455089860562229,-9.8859311519008E-16,
0.890445517038213));
#3421=DIRECTION('ref_axis',(0.81046545237436,0.414213562373099,0.414213562373096));
#3422=DIRECTION('center_axis',(1.,0.,0.));
#3423=DIRECTION('ref_axis',(0.,0.,-1.));
#3424=DIRECTION('center_axis',(-1.,0.,0.));
#3425=DIRECTION('ref_axis',(0.,0.923879532511286,0.382683432365091));
#3426=DIRECTION('center_axis',(1.,0.,0.));
#3427=DIRECTION('ref_axis',(0.,0.923879532511287,0.38268343236509));
#3428=DIRECTION('',(1.,0.,0.));
#3429=DIRECTION('center_axis',(1.,0.,0.));
#3430=DIRECTION('ref_axis',(0.,0.923879532511286,0.382683432365091));
#3431=DIRECTION('center_axis',(0.,0.707106781186548,0.707106781186547));
#3432=DIRECTION('ref_axis',(0.,0.707106781186547,-0.707106781186548));
#3433=DIRECTION('center_axis',(-1.,0.,0.));
#3434=DIRECTION('ref_axis',(0.,0.,1.));
#3435=DIRECTION('center_axis',(1.,0.,0.));
#3436=DIRECTION('ref_axis',(0.,0.707106781186548,0.707106781186547));
#3437=DIRECTION('center_axis',(1.,0.,0.));
#3438=DIRECTION('ref_axis',(0.,0.707106781186548,0.707106781186547));
#3439=DIRECTION('center_axis',(-1.,0.,0.));
#3440=DIRECTION('ref_axis',(0.,0.707106781186548,0.707106781186547));
#3441=DIRECTION('',(1.,0.,0.));
#3442=DIRECTION('center_axis',(0.,-1.,0.));
#3443=DIRECTION('ref_axis',(-1.,0.,0.));
#3444=DIRECTION('',(0.,0.,-1.));
#3445=DIRECTION('',(-1.,0.,0.));
#3446=DIRECTION('',(0.,0.,1.));
#3447=DIRECTION('center_axis',(0.,0.,-1.));
#3448=DIRECTION('ref_axis',(-1.,0.,0.));
#3449=DIRECTION('',(8.22387425648264E-17,1.,0.));
#3450=DIRECTION('center_axis',(0.,0.,-1.));
#3451=DIRECTION('ref_axis',(-1.,0.,0.));
#3452=DIRECTION('',(1.,0.,0.));
#3453=DIRECTION('',(-1.,0.,0.));
#3454=DIRECTION('',(2.46716227694479E-16,-1.,0.));
#3455=DIRECTION('center_axis',(0.,0.,-1.));
#3456=DIRECTION('ref_axis',(-1.,0.,0.));
#3457=DIRECTION('',(0.,-1.,0.));
#3458=DIRECTION('',(1.,0.,0.));
#3459=DIRECTION('',(0.,1.,0.));
#3460=DIRECTION('center_axis',(-1.,8.22387425648264E-17,0.));
#3461=DIRECTION('ref_axis',(8.22387425648264E-17,1.,0.));
#3462=DIRECTION('',(0.,-1.,0.));
#3463=DIRECTION('center_axis',(4.11193712824132E-17,-1.,0.));
#3464=DIRECTION('ref_axis',(-1.,-4.11193712824132E-17,0.));
#3465=DIRECTION('',(0.,0.,-1.));
#3466=DIRECTION('',(-1.,-4.11193712824132E-17,0.));
#3467=DIRECTION('center_axis',(1.,0.,0.));
#3468=DIRECTION('ref_axis',(0.,0.,-1.));
#3469=DIRECTION('center_axis',(-1.,0.,0.));
#3470=DIRECTION('ref_axis',(0.,-0.707106781186547,0.707106781186548));
#3471=DIRECTION('',(0.,0.,1.));
#3472=DIRECTION('',(0.,1.,0.));
#3473=DIRECTION('',(0.,-1.,0.));
#3474=DIRECTION('',(0.,0.,1.));
#3475=DIRECTION('center_axis',(0.,-1.,0.));
#3476=DIRECTION('ref_axis',(0.,0.,-1.));
#3477=DIRECTION('',(0.,0.,-1.));
#3478=DIRECTION('',(-1.,0.,0.));
#3479=DIRECTION('',(0.,0.,1.));
#3480=DIRECTION('',(1.,0.,0.));
#3481=DIRECTION('',(0.,0.,-1.));
#3482=DIRECTION('center_axis',(0.,1.,0.));
#3483=DIRECTION('ref_axis',(0.707106781186546,0.,0.707106781186549));
#3484=DIRECTION('center_axis',(0.,1.,0.));
#3485=DIRECTION('ref_axis',(1.,0.,0.));
#3486=DIRECTION('',(0.,0.,-1.));
#3487=DIRECTION('',(1.,0.,0.));
#3488=DIRECTION('',(0.,0.,1.));
#3489=DIRECTION('center_axis',(-1.,0.,0.));
#3490=DIRECTION('ref_axis',(0.,0.,1.));
#3491=DIRECTION('',(0.,-1.,0.));
#3492=DIRECTION('',(0.,0.,1.));
#3493=DIRECTION('center_axis',(0.,0.,-1.));
#3494=DIRECTION('ref_axis',(-1.,0.,0.));
#3495=DIRECTION('center_axis',(0.,0.,-1.));
#3496=DIRECTION('ref_axis',(-1.,0.,0.));
#3497=DIRECTION('',(2.46716227694479E-16,-1.,0.));
#3498=DIRECTION('',(-1.,0.,0.));
#3499=DIRECTION('',(-1.64477485129653E-16,1.,0.));
#3500=DIRECTION('center_axis',(0.,0.,-1.));
#3501=DIRECTION('ref_axis',(-1.,0.,0.));
#3502=DIRECTION('',(0.,1.,0.));
#3503=DIRECTION('center_axis',(0.,0.,-1.));
#3504=DIRECTION('ref_axis',(-1.,0.,0.));
#3505=DIRECTION('',(1.,0.,0.));
#3506=DIRECTION('center_axis',(-1.,0.,0.));
#3507=DIRECTION('ref_axis',(0.,-0.707106781186547,0.707106781186548));
#3508=DIRECTION('',(-1.,0.,0.));
#3509=DIRECTION('center_axis',(0.,1.,0.));
#3510=DIRECTION('ref_axis',(1.,0.,0.));
#3511=DIRECTION('center_axis',(1.64477485129653E-16,-1.,0.));
#3512=DIRECTION('ref_axis',(0.707106781186546,0.,0.707106781186549));
#3513=DIRECTION('',(1.64477485129653E-16,-1.,0.));
#3514=DIRECTION('center_axis',(0.,-1.,0.));
#3515=DIRECTION('ref_axis',(0.707106781186546,0.,0.707106781186549));
#3516=DIRECTION('center_axis',(-1.,-1.64477485129653E-16,0.));
#3517=DIRECTION('ref_axis',(-1.64477485129653E-16,1.,0.));
#3518=DIRECTION('',(0.,0.,1.));
#3519=DIRECTION('center_axis',(0.,0.,-1.));
#3520=DIRECTION('ref_axis',(-0.707106781186549,0.707106781186546,0.));
#3521=DIRECTION('center_axis',(-1.,0.,0.));
#3522=DIRECTION('ref_axis',(0.,-1.,0.));
#3523=DIRECTION('center_axis',(1.,0.,0.));
#3524=DIRECTION('ref_axis',(0.,0.,1.));
#3525=DIRECTION('',(0.,0.,1.));
#3526=DIRECTION('',(0.,-1.,0.));
#3527=DIRECTION('center_axis',(1.,0.,0.));
#3528=DIRECTION('ref_axis',(0.,0.,-1.));
#3529=DIRECTION('',(0.,0.,-1.));
#3530=DIRECTION('',(0.,-1.,0.));
#3531=DIRECTION('center_axis',(0.,1.,0.));
#3532=DIRECTION('ref_axis',(0.,0.,1.));
#3533=DIRECTION('',(0.,0.,-1.));
#3534=DIRECTION('',(1.,0.,0.));
#3535=DIRECTION('',(0.,0.,1.));
#3536=DIRECTION('center_axis',(1.,2.46716227694479E-16,0.));
#3537=DIRECTION('ref_axis',(2.46716227694479E-16,-1.,0.));
#3538=DIRECTION('center_axis',(0.,1.,0.));
#3539=DIRECTION('ref_axis',(-1.,0.,0.));
#3540=DIRECTION('',(-1.,0.,0.));
#3541=DIRECTION('',(0.,0.,1.));
#3542=DIRECTION('center_axis',(-1.,0.,0.));
#3543=DIRECTION('ref_axis',(0.,-1.,0.));
#3544=DIRECTION('',(0.,-1.,0.));
#3545=DIRECTION('center_axis',(0.,0.,1.));
#3546=DIRECTION('ref_axis',(1.,0.,0.));
#3547=DIRECTION('center_axis',(1.,-1.49011611938477E-8,0.));
#3548=DIRECTION('ref_axis',(1.49011611938477E-8,1.,0.));
#3549=DIRECTION('',(1.49011611938477E-8,1.,0.));
#3550=DIRECTION('',(0.,0.,1.));
#3551=DIRECTION('center_axis',(0.,1.,0.));
#3552=DIRECTION('ref_axis',(-1.,0.,0.));
#3553=DIRECTION('',(-1.,0.,0.));
#3554=DIRECTION('center_axis',(0.,0.,1.));
#3555=DIRECTION('ref_axis',(1.,0.,0.));
#3556=DIRECTION('center_axis',(0.,-1.,0.));
#3557=DIRECTION('ref_axis',(1.,0.,0.));
#3558=DIRECTION('',(0.,0.,1.));
#3559=DIRECTION('center_axis',(0.999999999999998,-6.75519308638663E-8,0.));
#3560=DIRECTION('ref_axis',(6.75519308638663E-8,0.999999999999998,0.));
#3561=DIRECTION('center_axis',(-1.,0.,0.));
#3562=DIRECTION('ref_axis',(0.,-1.,0.));
#3563=DIRECTION('',(0.,-1.,0.));
#3564=DIRECTION('',(0.,0.,1.));
#3565=DIRECTION('center_axis',(0.,-1.,0.));
#3566=DIRECTION('ref_axis',(1.,0.,0.));
#3567=DIRECTION('',(1.,0.,0.));
#3568=DIRECTION('center_axis',(0.,0.,-1.));
#3569=DIRECTION('ref_axis',(1.,0.,0.));
#3570=CARTESIAN_POINT('',(0.,0.,0.));
#3571=CARTESIAN_POINT('Origin',(27.,201.,-1.));
#3572=CARTESIAN_POINT('',(-51.,201.,0.));
#3573=CARTESIAN_POINT('',(-51.,202.,-1.));
#3574=CARTESIAN_POINT('Origin',(-51.,201.,-1.));
#3575=CARTESIAN_POINT('',(-54.,202.,-1.));
#3576=CARTESIAN_POINT('',(27.,202.,-1.));
#3577=CARTESIAN_POINT('',(-54.,201.,0.));
#3578=CARTESIAN_POINT('Origin',(-54.,201.,-1.));
#3579=CARTESIAN_POINT('',(27.,201.,0.));
#3580=CARTESIAN_POINT('Origin',(-54.,208.,-1.));
#3581=CARTESIAN_POINT('',(-60.,208.,-1.));
#3582=CARTESIAN_POINT('',(-61.,208.,0.));
#3583=CARTESIAN_POINT('Origin',(-61.,208.,-1.));
#3584=CARTESIAN_POINT('Origin',(-54.,208.,0.));
#3585=CARTESIAN_POINT('Origin',(-54.,208.,-1.));
#3586=CARTESIAN_POINT('Origin',(-54.,316.,-1.));
#3587=CARTESIAN_POINT('',(-61.,316.,0.));
#3588=CARTESIAN_POINT('',(-60.,316.,-1.));
#3589=CARTESIAN_POINT('Origin',(-61.,316.,-1.));
#3590=CARTESIAN_POINT('',(-54.,322.,-1.));
#3591=CARTESIAN_POINT('Origin',(-54.,316.,-1.));
#3592=CARTESIAN_POINT('',(-54.,323.,0.));
#3593=CARTESIAN_POINT('Origin',(-54.,323.,-1.));
#3594=CARTESIAN_POINT('Origin',(-54.,316.,0.));
#3595=CARTESIAN_POINT('Origin',(-27.,323.,-1.));
#3596=CARTESIAN_POINT('',(54.,322.,-1.));
#3597=CARTESIAN_POINT('',(54.,323.,0.));
#3598=CARTESIAN_POINT('Origin',(54.,323.,-1.));
#3599=CARTESIAN_POINT('',(-27.,323.,0.));
#3600=CARTESIAN_POINT('',(-27.,322.,-1.));
#3601=CARTESIAN_POINT('Origin',(54.,316.,-1.));
#3602=CARTESIAN_POINT('',(60.,316.,-1.));
#3603=CARTESIAN_POINT('',(61.,316.,0.));
#3604=CARTESIAN_POINT('Origin',(61.,316.,-1.));
#3605=CARTESIAN_POINT('Origin',(54.,316.,0.));
#3606=CARTESIAN_POINT('Origin',(54.,316.,-1.));
#3607=CARTESIAN_POINT('Origin',(60.9999999999999,206.257532668079,-1.));
#3608=CARTESIAN_POINT('',(59.9999999999999,207.999998837709,-1.));
#3609=CARTESIAN_POINT('',(60.9999999999999,207.999998837709,0.));
#3610=CARTESIAN_POINT('Origin',(60.9999999999999,207.999998837709,-1.));
#3611=CARTESIAN_POINT('',(60.9999999999999,206.257532668079,0.));
#3612=CARTESIAN_POINT('',(59.9999999999999,206.257532668079,-1.));
#3613=CARTESIAN_POINT('Origin',(54.,208.,-1.));
#3614=CARTESIAN_POINT('',(54.,202.,-1.));
#3615=CARTESIAN_POINT('',(54.,201.,0.));
#3616=CARTESIAN_POINT('Origin',(54.,201.,-1.));
#3617=CARTESIAN_POINT('Origin',(54.,208.,0.));
#3618=CARTESIAN_POINT('Origin',(54.,208.,-1.));
#3619=CARTESIAN_POINT('Origin',(27.,201.,-1.));
#3620=CARTESIAN_POINT('',(51.,202.,-1.));
#3621=CARTESIAN_POINT('',(51.,201.,0.));
#3622=CARTESIAN_POINT('Origin',(51.,201.,-1.));
#3623=CARTESIAN_POINT('',(27.,201.,0.));
#3624=CARTESIAN_POINT('',(27.,202.,-1.));
#3625=CARTESIAN_POINT('Origin',(-61.,206.257533249224,-1.));
#3626=CARTESIAN_POINT('',(-61.,206.257533249224,0.));
#3627=CARTESIAN_POINT('',(-60.,206.257533249224,-1.));
#3628=CARTESIAN_POINT('Origin',(51.,210.471497815166,-1.));
#3629=CARTESIAN_POINT('',(50.,201.,-1.));
#3630=CARTESIAN_POINT('Origin',(51.,201.,-1.));
#3631=CARTESIAN_POINT('',(50.,199.60303038033,-1.));
#3632=CARTESIAN_POINT('',(50.,210.471497815166,-1.));
#3633=CARTESIAN_POINT('',(51.,199.60303038033,0.));
#3634=CARTESIAN_POINT('Origin',(51.,199.60303038033,-1.));
#3635=CARTESIAN_POINT('',(51.,210.471497815166,0.));
#3636=CARTESIAN_POINT('Ctrl Pts',(50.,199.60303038033,-0.99999999999999));
#3637=CARTESIAN_POINT('Ctrl Pts',(50.,198.541154519262,-0.848303448418769));
#3638=CARTESIAN_POINT('Ctrl Pts',(49.7860370373416,197.482255759018,-0.697032196955366));
#3639=CARTESIAN_POINT('Ctrl Pts',(49.3998328541806,196.632814232866,-0.575683407505196));
#3640=CARTESIAN_POINT('Ctrl Pts',(50.,199.60303038033,-0.700800699658106));
#3641=CARTESIAN_POINT('Ctrl Pts',(50.0467748342697,198.541639317615,-0.578140191706061));
#3642=CARTESIAN_POINT('Ctrl Pts',(49.8608718620159,197.461584185652,-0.466085784914991));
#3643=CARTESIAN_POINT('Ctrl Pts',(49.4806991927649,196.589920083998,-0.380335721533781));
#3644=CARTESIAN_POINT('Ctrl Pts',(50.2513139415451,199.60303038033,-0.183021758223847));
#3645=CARTESIAN_POINT('Ctrl Pts',(50.3234393424519,198.50291825715,-0.146074486904203));
#3646=CARTESIAN_POINT('Ctrl Pts',(50.1349532783385,197.373859724892,-0.115845092417163));
#3647=CARTESIAN_POINT('Ctrl Pts',(49.7231540168593,196.46131412136,-0.0932779584387985));
#3648=CARTESIAN_POINT('Ctrl Pts',(50.7756005247436,199.60303038033,2.20670554429514E-15));
#3649=CARTESIAN_POINT('Ctrl Pts',(50.7970836952013,198.423428961795,-0.000391158742730981));
#3650=CARTESIAN_POINT('Ctrl Pts',(50.5409026353975,197.237622505143,9.28476933668885E-5));
#3651=CARTESIAN_POINT('Ctrl Pts',(50.0568419932852,196.284315113033,-1.70809060278091E-14));
#3652=CARTESIAN_POINT('Ctrl Pts',(51.,199.60303038033,2.22044604925031E-15));
#3653=CARTESIAN_POINT('Ctrl Pts',(51.,198.38945796768,4.06996878202846E-15));
#3654=CARTESIAN_POINT('Ctrl Pts',(50.7147160497887,197.179287955973,-1.33200599888724E-14));
#3655=CARTESIAN_POINT('Ctrl Pts',(50.1997771389075,196.208497640372,-1.70696790036118E-14));
#3656=CARTESIAN_POINT('',(49.3998328541806,196.632814232866,-0.575683407505204));
#3657=CARTESIAN_POINT('',(50.1997771389075,196.208497640372,0.));
#3658=CARTESIAN_POINT('Origin',(50.1997771389075,196.208497640372,-1.));
#3659=CARTESIAN_POINT('Origin',(47.,199.60303038033,0.));
#3660=CARTESIAN_POINT('Origin',(47.,199.60303038033,-1.00000000000001));
#3661=CARTESIAN_POINT('Ctrl Pts',(47.,192.816063906054,0.));
#3662=CARTESIAN_POINT('Ctrl Pts',(47.2268708836943,192.816063906054,0.));
#3663=CARTESIAN_POINT('Ctrl Pts',(47.6242424675009,193.074951291789,0.));
#3664=CARTESIAN_POINT('Ctrl Pts',(48.1269755473353,193.521460245094,0.));
#3665=CARTESIAN_POINT('Ctrl Pts',(49.0799882514816,194.49486880357,0.));
#3666=CARTESIAN_POINT('Ctrl Pts',(49.7745375928811,195.406813354392,0.));
#3667=CARTESIAN_POINT('Ctrl Pts',(50.1997771389075,196.208497640372,0.));
#3668=CARTESIAN_POINT('Ctrl Pts',(47.,192.839775234773,0.));
#3669=CARTESIAN_POINT('Ctrl Pts',(47.2173859657142,192.839775234773,1.81351653846078E-22));
#3670=CARTESIAN_POINT('Ctrl Pts',(47.5981102437626,193.109232148635,-5.88917553236408E-5));
#3671=CARTESIAN_POINT('Ctrl Pts',(48.078799881957,193.572253718596,-9.13227274542747E-5));
#3672=CARTESIAN_POINT('Ctrl Pts',(48.9874620650594,194.576528576488,-8.39136363378692E-5));
#3673=CARTESIAN_POINT('Ctrl Pts',(49.6409176565032,195.50138981634,-0.000312133026918698));
#3674=CARTESIAN_POINT('Ctrl Pts',(50.0330194690148,196.296951358477,1.4811056371816E-15));
#3675=CARTESIAN_POINT('Ctrl Pts',(47.,192.887197875729,-0.00168748189642099));
#3676=CARTESIAN_POINT('Ctrl Pts',(47.1984161392716,192.887197875729,-0.00168748189642099));
#3677=CARTESIAN_POINT('Ctrl Pts',(47.5458214745137,193.177807723964,-0.00476740592523269));
#3678=CARTESIAN_POINT('Ctrl Pts',(47.9824083369839,193.673857353243,-0.0140560387198994));
#3679=CARTESIAN_POINT('Ctrl Pts',(48.802382977587,194.739860181852,-0.0410791282369712));
#3680=CARTESIAN_POINT('Ctrl Pts',(49.3736092927714,195.690477117195,-0.0784452760742355));
#3681=CARTESIAN_POINT('Ctrl Pts',(49.6999910551881,196.473600513246,-0.110121010511797));
#3682=CARTESIAN_POINT('Ctrl Pts',(47.,192.934380669902,-0.00674103552895869));
#3683=CARTESIAN_POINT('Ctrl Pts',(47.1795422468611,192.934380669902,-0.0067410355289587));
#3684=CARTESIAN_POINT('Ctrl Pts',(47.4939780359651,193.245662444682,-0.0191236892247385));
#3685=CARTESIAN_POINT('Ctrl Pts',(47.8898156410254,193.771360791536,-0.0557609883672785));
#3686=CARTESIAN_POINT('Ctrl Pts',(48.6351809648843,194.88673922956,-0.160829155449995));
#3687=CARTESIAN_POINT('Ctrl Pts',(49.1617918144306,195.835485706761,-0.29822123758054));
#3688=CARTESIAN_POINT('Ctrl Pts',(49.4705909004419,196.595281852606,-0.4047541822802));
#3689=CARTESIAN_POINT('Ctrl Pts',(47.,192.957852442353,-0.0101030301217118));
#3690=CARTESIAN_POINT('Ctrl Pts',(47.1701531627707,192.957852442353,-0.0101030301217119));
#3691=CARTESIAN_POINT('Ctrl Pts',(47.4681818506257,193.279272723745,-0.0286338252719759));
#3692=CARTESIAN_POINT('Ctrl Pts',(47.8452316605014,193.818205785533,-0.0830448138206547));
#3693=CARTESIAN_POINT('Ctrl Pts',(48.5599911886112,194.952273971095,-0.237874228007955));
#3694=CARTESIAN_POINT('Ctrl Pts',(49.0809031946607,195.888385514234,-0.432517903357615));
#3695=CARTESIAN_POINT('Ctrl Pts',(49.3998328541806,196.632814232866,-0.575683407505193));
#3696=CARTESIAN_POINT('',(47.,192.957852442353,-0.0101030301217114));
#3697=CARTESIAN_POINT('Ctrl Pts',(49.3998328541806,196.632814232866,-0.575683407505193));
#3698=CARTESIAN_POINT('Ctrl Pts',(49.0809031946607,195.888385514234,-0.432517903357615));
#3699=CARTESIAN_POINT('Ctrl Pts',(48.5599911886112,194.952273971095,-0.237874228007955));
#3700=CARTESIAN_POINT('Ctrl Pts',(47.8452316605014,193.818205785533,-0.0830448138206547));
#3701=CARTESIAN_POINT('Ctrl Pts',(47.4681818506257,193.279272723745,-0.0286338252719759));
#3702=CARTESIAN_POINT('Ctrl Pts',(47.1701531627707,192.957852442353,-0.0101030301217119));
#3703=CARTESIAN_POINT('Ctrl Pts',(47.,192.957852442353,-0.0101030301217118));
#3704=CARTESIAN_POINT('',(47.,192.816063906054,0.));
#3705=CARTESIAN_POINT('Origin',(47.,192.816063906054,-1.));
#3706=CARTESIAN_POINT('Ctrl Pts',(47.,192.816063906054,0.));
#3707=CARTESIAN_POINT('Ctrl Pts',(47.2268708836943,192.816063906054,0.));
#3708=CARTESIAN_POINT('Ctrl Pts',(47.6242424675009,193.074951291789,0.));
#3709=CARTESIAN_POINT('Ctrl Pts',(48.1269755473353,193.521460245094,0.));
#3710=CARTESIAN_POINT('Ctrl Pts',(49.0799882514816,194.49486880357,0.));
#3711=CARTESIAN_POINT('Ctrl Pts',(49.7745375928811,195.406813354392,0.));
#3712=CARTESIAN_POINT('Ctrl Pts',(50.1997771389075,196.208497640372,0.));
#3713=CARTESIAN_POINT('Origin',(35.5,192.816063906054,-1.));
#3714=CARTESIAN_POINT('',(-47.,192.957852442353,-0.0101030301217098));
#3715=CARTESIAN_POINT('',(-47.,192.816063906054,0.));
#3716=CARTESIAN_POINT('Origin',(-47.,192.816063906054,-1.));
#3717=CARTESIAN_POINT('',(35.5,192.816063906054,0.));
#3718=CARTESIAN_POINT('',(35.5,192.957852442353,-0.0101030301217087));
#3719=CARTESIAN_POINT('Ctrl Pts',(-50.1997771389075,196.208497640372,0.));
#3720=CARTESIAN_POINT('Ctrl Pts',(-49.7747227531251,195.407162428365,0.));
#3721=CARTESIAN_POINT('Ctrl Pts',(-48.9331761186788,194.31551539427,0.));
#3722=CARTESIAN_POINT('Ctrl Pts',(-47.8120358137183,193.204125290118,0.));
#3723=CARTESIAN_POINT('Ctrl Pts',(-47.2267720982719,192.816063906054,0.));
#3724=CARTESIAN_POINT('Ctrl Pts',(-47.,192.816063906054,0.));
#3725=CARTESIAN_POINT('Ctrl Pts',(-50.0330194690148,196.296951358477,0.));
#3726=CARTESIAN_POINT('Ctrl Pts',(-49.641088387725,195.501736224314,-0.000311997116169426));
#3727=CARTESIAN_POINT('Ctrl Pts',(-48.8491091672755,194.394621896587,-0.000106756796877217));
#3728=CARTESIAN_POINT('Ctrl Pts',(-47.7779369996041,193.243618049119,-0.000109060570611563));
#3729=CARTESIAN_POINT('Ctrl Pts',(-47.2172913102692,192.839775234773,-1.79962342373196E-22));
#3730=CARTESIAN_POINT('Ctrl Pts',(-47.,192.839775234773,0.));
#3731=CARTESIAN_POINT('Ctrl Pts',(-49.6999910551881,196.473600513246,-0.1101210105118));
#3732=CARTESIAN_POINT('Ctrl Pts',(-49.3737514077918,195.690818109279,-0.0784590685043544));
#3733=CARTESIAN_POINT('Ctrl Pts',(-48.6809274193817,194.552871160034,-0.0336524186015795));
#3734=CARTESIAN_POINT('Ctrl Pts',(-47.7096925003906,193.322620746047,-0.00625069054780655));
#3735=CARTESIAN_POINT('Ctrl Pts',(-47.1983297437773,192.887197875729,-0.00168748189642099));
#3736=CARTESIAN_POINT('Ctrl Pts',(-47.,192.887197875729,-0.00168748189642099));
#3737=CARTESIAN_POINT('Ctrl Pts',(-49.4705909004419,196.595281852606,-0.4047541822802));
#3738=CARTESIAN_POINT('Ctrl Pts',(-49.1619262735012,195.83581654156,-0.29826762476683));
#3739=CARTESIAN_POINT('Ctrl Pts',(-48.5234714851301,194.699945541044,-0.133436038031354));
#3740=CARTESIAN_POINT('Ctrl Pts',(-47.6423992277779,193.400393922141,-0.0249175117590994));
#3741=CARTESIAN_POINT('Ctrl Pts',(-47.1794640695454,192.934380669902,-0.00674103552895869));
#3742=CARTESIAN_POINT('Ctrl Pts',(-47.,192.934380669902,-0.0067410355289587));
#3743=CARTESIAN_POINT('Ctrl Pts',(-49.3998328541806,196.632814232866,-0.575683407505192));
#3744=CARTESIAN_POINT('Ctrl Pts',(-49.0810420648438,195.888709657659,-0.432580241303209));
#3745=CARTESIAN_POINT('Ctrl Pts',(-48.449882089009,194.767928110406,-0.198859633346625));
#3746=CARTESIAN_POINT('Ctrl Pts',(-47.6090268602886,193.438840791983,-0.0371044673228479));
#3747=CARTESIAN_POINT('Ctrl Pts',(-47.1700790737039,192.957852442353,-0.0101030301217118));
#3748=CARTESIAN_POINT('Ctrl Pts',(-47.,192.957852442353,-0.0101030301217118));
#3749=CARTESIAN_POINT('',(-49.3998328541806,196.632814232866,-0.575683407505191));
#3750=CARTESIAN_POINT('Ctrl Pts',(-47.,192.957852442353,-0.0101030301217118));
#3751=CARTESIAN_POINT('Ctrl Pts',(-47.1700790737039,192.957852442353,-0.0101030301217118));
#3752=CARTESIAN_POINT('Ctrl Pts',(-47.6090268602886,193.438840791983,-0.0371044673228479));
#3753=CARTESIAN_POINT('Ctrl Pts',(-48.449882089009,194.767928110406,-0.198859633346625));
#3754=CARTESIAN_POINT('Ctrl Pts',(-49.0810420648438,195.888709657659,-0.432580241303209));
#3755=CARTESIAN_POINT('Ctrl Pts',(-49.3998328541806,196.632814232866,-0.575683407505192));
#3756=CARTESIAN_POINT('',(-50.1997771389075,196.208497640372,0.));
#3757=CARTESIAN_POINT('Origin',(-50.1997771389075,196.208497640372,-1.));
#3758=CARTESIAN_POINT('Ctrl Pts',(-50.1997771389075,196.208497640372,0.));
#3759=CARTESIAN_POINT('Ctrl Pts',(-49.7747227531251,195.407162428365,0.));
#3760=CARTESIAN_POINT('Ctrl Pts',(-48.9331761186788,194.31551539427,0.));
#3761=CARTESIAN_POINT('Ctrl Pts',(-47.8120358137183,193.204125290118,0.));
#3762=CARTESIAN_POINT('Ctrl Pts',(-47.2267720982719,192.816063906054,0.));
#3763=CARTESIAN_POINT('Ctrl Pts',(-47.,192.816063906054,0.));
#3764=CARTESIAN_POINT('Ctrl Pts',(-49.3998328541806,196.632814232866,-0.575683407505183));
#3765=CARTESIAN_POINT('Ctrl Pts',(-49.7860370373416,197.482255759018,-0.697032196955354));
#3766=CARTESIAN_POINT('Ctrl Pts',(-50.,198.541154519262,-0.848303448418774));
#3767=CARTESIAN_POINT('Ctrl Pts',(-50.,199.60303038033,-0.999999999999994));
#3768=CARTESIAN_POINT('Ctrl Pts',(-49.4806991927649,196.589920083998,-0.380335721533767));
#3769=CARTESIAN_POINT('Ctrl Pts',(-49.8608718620159,197.461584185652,-0.466085784914978));
#3770=CARTESIAN_POINT('Ctrl Pts',(-50.0467748342697,198.541639317615,-0.578140191706066));
#3771=CARTESIAN_POINT('Ctrl Pts',(-50.,199.60303038033,-0.700800699658109));
#3772=CARTESIAN_POINT('Ctrl Pts',(-49.7231540168593,196.46131412136,-0.0932779584387845));
#3773=CARTESIAN_POINT('Ctrl Pts',(-50.1349532783385,197.373859724892,-0.115845092417151));
#3774=CARTESIAN_POINT('Ctrl Pts',(-50.3234393424519,198.50291825715,-0.146074486904205));
#3775=CARTESIAN_POINT('Ctrl Pts',(-50.251313941545,199.60303038033,-0.183021758223846));
#3776=CARTESIAN_POINT('Ctrl Pts',(-50.0568419932852,196.284315113033,-3.04188629352189E-15));
#3777=CARTESIAN_POINT('Ctrl Pts',(-50.5409026353975,197.237622505143,9.28476933785389E-5));
#3778=CARTESIAN_POINT('Ctrl Pts',(-50.7970836952013,198.423428961795,-0.000391158742732105));
#3779=CARTESIAN_POINT('Ctrl Pts',(-50.7756005247436,199.60303038033,4.42715159354546E-15));
#3780=CARTESIAN_POINT('Ctrl Pts',(-50.1997771389075,196.208497640372,-3.05311331771918E-15));
#3781=CARTESIAN_POINT('Ctrl Pts',(-50.7147160497887,197.179287955973,-2.09481564889118E-15));
#3782=CARTESIAN_POINT('Ctrl Pts',(-51.,198.38945796768,2.85034866079788E-15));
#3783=CARTESIAN_POINT('Ctrl Pts',(-51.,199.60303038033,4.44089209850063E-15));
#3784=CARTESIAN_POINT('',(-50.,199.60303038033,-1.));
#3785=CARTESIAN_POINT('',(-51.,199.60303038033,0.));
#3786=CARTESIAN_POINT('Origin',(-51.,199.60303038033,-1.));
#3787=CARTESIAN_POINT('Origin',(-47.,199.60303038033,0.));
#3788=CARTESIAN_POINT('Origin',(-47.,199.60303038033,-1.));
#3789=CARTESIAN_POINT('Origin',(-51.,210.471497815166,-1.));
#3790=CARTESIAN_POINT('',(-50.,201.,-1.));
#3791=CARTESIAN_POINT('Origin',(-51.,201.,-1.));
#3792=CARTESIAN_POINT('',(-51.,210.471497815166,0.));
#3793=CARTESIAN_POINT('',(-50.,210.471497815166,-1.));
#3794=CARTESIAN_POINT('Origin',(51.,201.,-1.));
#3795=CARTESIAN_POINT('Origin',(51.,201.,-1.));
#3796=CARTESIAN_POINT('Origin',(-51.,201.,-1.));
#3797=CARTESIAN_POINT('Origin',(-51.,201.,-1.));
#3798=CARTESIAN_POINT('Origin',(-51.,201.,-7.49823581340326));
#3799=CARTESIAN_POINT('',(-50.,201.,-2.39696961966998));
#3800=CARTESIAN_POINT('',(-50.,201.,-7.49823581340326));
#3801=CARTESIAN_POINT('',(-51.,202.,-2.39696961966998));
#3802=CARTESIAN_POINT('Origin',(-51.,201.,-2.39696961966998));
#3803=CARTESIAN_POINT('',(-51.,202.,-7.49823581340326));
#3804=CARTESIAN_POINT('Origin',(-50.,216.427929131883,-14.9964716268065));
#3805=CARTESIAN_POINT('',(-50.,215.01371556951,-16.4106851891796));
#3806=CARTESIAN_POINT('Origin',(-47.,215.01371556951,-16.4106851891796));
#3807=CARTESIAN_POINT('',(-47.,195.784443666791,-1.42405397358042));
#3808=CARTESIAN_POINT('Origin',(-47.,197.905764010351,0.697266369979226));
#3809=CARTESIAN_POINT('',(-47.,200.535533905933,-6.175144212722));
#3810=CARTESIAN_POINT('',(-47.,212.89239522595,-18.5320055327393));
#3811=CARTESIAN_POINT('',(-49.4313963571231,201.414213562373,-5.29646455628164));
#3812=CARTESIAN_POINT('Origin',(-47.,202.656854249492,-4.05382386916236));
#3813=CARTESIAN_POINT('',(-49.8062430400805,201.25,-4.14696961966998));
#3814=CARTESIAN_POINT('Origin',(-47.,201.,-2.39696961966998));
#3815=CARTESIAN_POINT('Origin',(-47.,201.,-2.39696961966998));
#3816=CARTESIAN_POINT('Origin',(-47.,192.248909760858,-4.95958787951314));
#3817=CARTESIAN_POINT('Origin',(-47.,192.248909760858,-4.95958787951314));
#3818=CARTESIAN_POINT('Origin',(35.5,192.248909760858,-4.95958787951314));
#3819=CARTESIAN_POINT('',(47.,195.784443666791,-1.42405397358042));
#3820=CARTESIAN_POINT('Origin',(47.,192.248909760858,-4.95958787951314));
#3821=CARTESIAN_POINT('',(35.5,195.784443666791,-1.42405397358042));
#3822=CARTESIAN_POINT('Origin',(47.,192.248909760858,-4.95958787951314));
#3823=CARTESIAN_POINT('Origin',(47.,197.905764010351,0.697266369979224));
#3824=CARTESIAN_POINT('Origin',(54.,202.,0.));
#3825=CARTESIAN_POINT('',(-50.7416573867739,202.,-4.39696961966997));
#3826=CARTESIAN_POINT('Origin',(-47.,202.,-2.39696961966998));
#3827=CARTESIAN_POINT('',(-50.2418618094975,202.,-5.71067811865473));
#3828=CARTESIAN_POINT('Origin',(-47.,202.,-2.39696961966998));
#3829=CARTESIAN_POINT('',(-47.,202.,-9.71067811865474));
#3830=CARTESIAN_POINT('Ctrl Pts',(-47.,202.,-9.71067811865474));
#3831=CARTESIAN_POINT('Ctrl Pts',(-47.0027224310116,202.,-9.70795568764911));
#3832=CARTESIAN_POINT('Ctrl Pts',(-47.0054448521538,202.,-9.70523323326225));
#3833=CARTESIAN_POINT('Ctrl Pts',(-47.4925152328045,202.000000000004,-9.21816998652269));
#3834=CARTESIAN_POINT('Ctrl Pts',(-48.2282786028419,202.000000000001,-8.48218758224212));
#3835=CARTESIAN_POINT('Ctrl Pts',(-49.3526042608281,202.000000000002,-7.17208045727112));
#3836=CARTESIAN_POINT('Ctrl Pts',(-49.9301394146898,202.,-6.32060559248153));
#3837=CARTESIAN_POINT('Ctrl Pts',(-50.2418618094975,202.,-5.71067811865475));
#3838=CARTESIAN_POINT('',(47.,202.,-9.71067811865474));
#3839=CARTESIAN_POINT('',(27.,202.,-9.71067811865474));
#3840=CARTESIAN_POINT('',(50.2418618094975,202.,-5.71067811865474));
#3841=CARTESIAN_POINT('Ctrl Pts',(50.2418618094974,202.,-5.71067811865473));
#3842=CARTESIAN_POINT('Ctrl Pts',(50.0860006120936,202.,-6.01564185556812));
#3843=CARTESIAN_POINT('Ctrl Pts',(49.7375119062823,201.999999999999,-6.60420377307276));
#3844=CARTESIAN_POINT('Ctrl Pts',(48.7213200002167,202.,-7.98751613568579));
#3845=CARTESIAN_POINT('Ctrl Pts',(47.7347452902794,201.999999999996,-8.97607990405917));
#3846=CARTESIAN_POINT('Ctrl Pts',(47.0054447053454,202.,-9.70523302277473));
#3847=CARTESIAN_POINT('Ctrl Pts',(47.0027224310101,202.,-9.7079556876506));
#3848=CARTESIAN_POINT('Ctrl Pts',(47.,202.,-9.71067811865474));
#3849=CARTESIAN_POINT('',(50.7416573867739,202.,-4.39696961966996));
#3850=CARTESIAN_POINT('Origin',(47.,202.,-2.39696961966998));
#3851=CARTESIAN_POINT('',(51.,202.,-2.39696961966998));
#3852=CARTESIAN_POINT('Origin',(47.,202.,-2.39696961966998));
#3853=CARTESIAN_POINT('',(51.,202.,-7.49823581340326));
#3854=CARTESIAN_POINT('',(54.,202.,-3.));
#3855=CARTESIAN_POINT('',(54.,202.,0.));
#3856=CARTESIAN_POINT('',(52.95,202.,-3.));
#3857=CARTESIAN_POINT('',(53.5,202.,-3.));
#3858=CARTESIAN_POINT('',(52.95,202.,-33.));
#3859=CARTESIAN_POINT('',(52.95,202.,-26.));
#3860=CARTESIAN_POINT('',(-52.950000923872,202.,-33.));
#3861=CARTESIAN_POINT('',(27.,202.,-33.));
#3862=CARTESIAN_POINT('',(-52.950000923872,202.,-3.));
#3863=CARTESIAN_POINT('',(-52.950000923872,202.,-26.));
#3864=CARTESIAN_POINT('',(-54.,202.,-3.));
#3865=CARTESIAN_POINT('',(0.499999538064007,202.,-3.));
#3866=CARTESIAN_POINT('',(-54.,202.,0.));
#3867=CARTESIAN_POINT('Origin',(47.,215.01371556951,-16.4106851891796));
#3868=CARTESIAN_POINT('',(50.,201.,-2.39696961966998));
#3869=CARTESIAN_POINT('',(50.,215.01371556951,-16.4106851891796));
#3870=CARTESIAN_POINT('',(49.8062430400805,201.25,-4.14696961966996));
#3871=CARTESIAN_POINT('Origin',(47.,201.,-2.39696961966998));
#3872=CARTESIAN_POINT('',(49.4313963571231,201.414213562373,-5.29646455628164));
#3873=CARTESIAN_POINT('Origin',(47.,201.,-2.39696961966998));
#3874=CARTESIAN_POINT('',(47.,200.535533905933,-6.175144212722));
#3875=CARTESIAN_POINT('Origin',(47.,202.656854249492,-4.05382386916236));
#3876=CARTESIAN_POINT('',(47.,212.89239522595,-18.5320055327393));
#3877=CARTESIAN_POINT('Origin',(50.,216.427929131883,-14.9964716268065));
#3878=CARTESIAN_POINT('',(50.,201.,-7.49823581340326));
#3879=CARTESIAN_POINT('Origin',(-8.88178419700125E-15,204.515066498449,
0.));
#3880=CARTESIAN_POINT('',(71.,176.,0.));
#3881=CARTESIAN_POINT('',(-71.0000007450581,176.,0.));
#3882=CARTESIAN_POINT('',(39.,176.,0.));
#3883=CARTESIAN_POINT('',(71.,264.,0.));
#3884=CARTESIAN_POINT('',(71.,187.,0.));
#3885=CARTESIAN_POINT('',(74.,267.,0.));
#3886=CARTESIAN_POINT('Origin',(74.,264.,0.));
#3887=CARTESIAN_POINT('',(75.25,267.,0.));
#3888=CARTESIAN_POINT('',(-38.,267.,0.));
#3889=CARTESIAN_POINT('',(76.25,268.,0.));
#3890=CARTESIAN_POINT('Origin',(75.25,268.,0.));
#3891=CARTESIAN_POINT('',(76.25,327.,0.));
#3892=CARTESIAN_POINT('',(76.25,264.5,0.));
#3893=CARTESIAN_POINT('',(-76.25,327.,0.));
#3894=CARTESIAN_POINT('',(-35.5,327.,0.));
#3895=CARTESIAN_POINT('',(-76.25,268.,0.));
#3896=CARTESIAN_POINT('',(-76.25,294.5,0.));
#3897=CARTESIAN_POINT('',(-75.25,267.,0.));
#3898=CARTESIAN_POINT('Origin',(-75.25,268.,0.));
#3899=CARTESIAN_POINT('',(-74.,267.,0.));
#3900=CARTESIAN_POINT('',(-38.,267.,0.));
#3901=CARTESIAN_POINT('',(-71.,264.,0.));
#3902=CARTESIAN_POINT('Origin',(-74.,264.,0.));
#3903=CARTESIAN_POINT('',(-71.0000007450581,184.,0.));
#3904=CARTESIAN_POINT('Ctrl Pts',(78.,338.,-3.));
#3905=CARTESIAN_POINT('Ctrl Pts',(78.,338.,-3.4487989505128));
#3906=CARTESIAN_POINT('Ctrl Pts',(77.8440659039599,337.948021967987,-4.11827287734921));
#3907=CARTESIAN_POINT('Ctrl Pts',(77.0062081561385,337.668736052046,-5.4630475564285));
#3908=CARTESIAN_POINT('Ctrl Pts',(75.8975979010257,337.299199300342,-6.));
#3909=CARTESIAN_POINT('Ctrl Pts',(75.,337.,-6.));
#3910=CARTESIAN_POINT('Ctrl Pts',(78.,338.598398600684,-3.));
#3911=CARTESIAN_POINT('Ctrl Pts',(78.,338.598398600684,-3.53969173700036));
#3912=CARTESIAN_POINT('Ctrl Pts',(77.7760320090436,338.471080715503,-4.32963035051938));
#3913=CARTESIAN_POINT('Ctrl Pts',(76.7779960288996,337.933911462844,-5.63832923258382));
#3914=CARTESIAN_POINT('Ctrl Pts',(75.7836172151812,337.413179986186,-6.));
#3915=CARTESIAN_POINT('Ctrl Pts',(75.,337.,-6.));
#3916=CARTESIAN_POINT('Ctrl Pts',(77.4977623722563,339.634300241414,-3.));
#3917=CARTESIAN_POINT('Ctrl Pts',(77.4977623722563,339.634300241414,-3.61778903822869));
#3918=CARTESIAN_POINT('Ctrl Pts',(77.2579035488189,339.381271984808,-4.50884597448128));
#3919=CARTESIAN_POINT('Ctrl Pts',(76.3383304444865,338.406191759302,-5.77244210369134));
#3920=CARTESIAN_POINT('Ctrl Pts',(75.5841510149533,337.612646186415,-6.));
#3921=CARTESIAN_POINT('Ctrl Pts',(75.,337.,-6.));
#3922=CARTESIAN_POINT('Ctrl Pts',(76.4487989505129,340.,-3.));
#3923=CARTESIAN_POINT('Ctrl Pts',(76.4487989505129,340.,-3.51600188287886));
#3924=CARTESIAN_POINT('Ctrl Pts',(76.3406762806161,339.793416501438,-4.27490056014341));
#3925=CARTESIAN_POINT('Ctrl Pts',(75.8701888409057,338.837801034024,-5.59435547757067));
#3926=CARTESIAN_POINT('Ctrl Pts',(75.3846848147253,337.812112386642,-6.));
#3927=CARTESIAN_POINT('Ctrl Pts',(75.,337.,-6.));
#3928=CARTESIAN_POINT('Ctrl Pts',(76.0000000000001,340.,-3.));
#3929=CARTESIAN_POINT('Ctrl Pts',(76.0000000000001,340.,-3.44879895051282));
#3930=CARTESIAN_POINT('Ctrl Pts',(75.9480219679867,339.84406590396,-4.11827287734925));
#3931=CARTESIAN_POINT('Ctrl Pts',(75.6687360520462,339.006208156139,-5.46304755642851));
#3932=CARTESIAN_POINT('Ctrl Pts',(75.2991993003419,337.897597901026,-6.));
#3933=CARTESIAN_POINT('Ctrl Pts',(75.,337.,-6.));
#3934=CARTESIAN_POINT('',(78.,338.,-3.));
#3935=CARTESIAN_POINT('',(75.,337.,-6.));
#3936=CARTESIAN_POINT('Origin',(75.,337.,-3.));
#3937=CARTESIAN_POINT('',(76.0000000000001,340.,-3.));
#3938=CARTESIAN_POINT('Origin',(75.,337.,-3.));
#3939=CARTESIAN_POINT('Origin',(76.0000000000001,338.,-3.));
#3940=CARTESIAN_POINT('Ctrl Pts',(-76.,340.,-3.));
#3941=CARTESIAN_POINT('Ctrl Pts',(-76.,340.,-3.44879895051281));
#3942=CARTESIAN_POINT('Ctrl Pts',(-75.9315433399789,339.794630019937,-4.34466131238012));
#3943=CARTESIAN_POINT('Ctrl Pts',(-75.59699347944,338.79098043832,-5.60632708058934));
#3944=CARTESIAN_POINT('Ctrl Pts',(-75.2243994752564,337.673198425769,-6.));
#3945=CARTESIAN_POINT('Ctrl Pts',(-75.,337.,-6.));
#3946=CARTESIAN_POINT('Ctrl Pts',(-76.5983986006838,340.,-3.));
#3947=CARTESIAN_POINT('Ctrl Pts',(-76.5983986006838,340.,-3.53969173700036));
#3948=CARTESIAN_POINT('Ctrl Pts',(-76.4236479422118,339.692821947183,-4.59235384609176));
#3949=CARTESIAN_POINT('Ctrl Pts',(-75.8223847266313,338.564355626805,-5.72625087395897));
#3950=CARTESIAN_POINT('Ctrl Pts',(-75.3098849896398,337.587712911386,-6.));
#3951=CARTESIAN_POINT('Ctrl Pts',(-75.,337.,-6.));
#3952=CARTESIAN_POINT('Ctrl Pts',(-77.6343002414137,339.497762372256,-3.));
#3953=CARTESIAN_POINT('Ctrl Pts',(-77.6343002414137,339.497762372256,-3.61778903822869));
#3954=CARTESIAN_POINT('Ctrl Pts',(-77.2824908212835,339.164585119514,-4.7995225187618));
#3955=CARTESIAN_POINT('Ctrl Pts',(-76.2233410057692,338.165669676536,-5.81377330027347));
#3956=CARTESIAN_POINT('Ctrl Pts',(-75.4594846398108,337.438113261215,-6.));
#3957=CARTESIAN_POINT('Ctrl Pts',(-75.,337.,-6.));
#3958=CARTESIAN_POINT('Ctrl Pts',(-77.9999999999999,338.448798950513,-3.));
#3959=CARTESIAN_POINT('Ctrl Pts',(-77.9999999999999,338.448798950513,-3.51600188287886));
#3960=CARTESIAN_POINT('Ctrl Pts',(-77.7189737417408,338.301286002254,-4.52845672064695));
#3961=CARTESIAN_POINT('Ctrl Pts',(-76.6232092163258,337.76808669491,-5.69658213731564));
#3962=CARTESIAN_POINT('Ctrl Pts',(-75.6090842899817,337.288513611044,-6.));
#3963=CARTESIAN_POINT('Ctrl Pts',(-75.,337.,-6.));
#3964=CARTESIAN_POINT('Ctrl Pts',(-77.9999999999999,338.,-3.));
#3965=CARTESIAN_POINT('Ctrl Pts',(-77.9999999999999,338.,-3.44879895051282));
#3966=CARTESIAN_POINT('Ctrl Pts',(-77.7946300199365,337.931543339979,-4.34466131238012));
#3967=CARTESIAN_POINT('Ctrl Pts',(-76.7909804383201,337.59699347944,-5.60632708058932));
#3968=CARTESIAN_POINT('Ctrl Pts',(-75.6731984257692,337.224399475256,-6.));
#3969=CARTESIAN_POINT('Ctrl Pts',(-75.,337.,-6.));
#3970=CARTESIAN_POINT('',(-76.,340.,-3.));
#3971=CARTESIAN_POINT('',(-75.,337.,-6.));
#3972=CARTESIAN_POINT('Origin',(-75.,337.,-3.));
#3973=CARTESIAN_POINT('',(-78.,338.,-3.));
#3974=CARTESIAN_POINT('Origin',(-75.,337.,-3.));
#3975=CARTESIAN_POINT('Origin',(-76.,338.,-3.));
#3976=CARTESIAN_POINT('Origin',(-75.,167.,-3.));
#3977=CARTESIAN_POINT('',(-75.,164.,-3.));
#3978=CARTESIAN_POINT('',(-75.,167.,-6.));
#3979=CARTESIAN_POINT('Origin',(-75.,167.,-3.));
#3980=CARTESIAN_POINT('',(-78.,167.,-3.));
#3981=CARTESIAN_POINT('Origin',(-75.,167.,-3.));
#3982=CARTESIAN_POINT('Origin',(-75.,167.,-3.));
#3983=CARTESIAN_POINT('Origin',(-75.,167.,0.));
#3984=CARTESIAN_POINT('',(-75.,164.,22.));
#3985=CARTESIAN_POINT('',(-78.,167.,22.));
#3986=CARTESIAN_POINT('Origin',(-75.,167.,22.));
#3987=CARTESIAN_POINT('',(-78.,167.,15.));
#3988=CARTESIAN_POINT('',(-78.,167.,11.));
#3989=CARTESIAN_POINT('',(-78.,167.,0.));
#3990=CARTESIAN_POINT('',(-75.,164.,0.));
#3991=CARTESIAN_POINT('Origin',(-75.,300.,-3.));
#3992=CARTESIAN_POINT('',(-75.,300.,-6.));
#3993=CARTESIAN_POINT('',(-78.,300.,-3.));
#3994=CARTESIAN_POINT('Origin',(75.,167.,-3.));
#3995=CARTESIAN_POINT('',(78.,167.,-3.));
#3996=CARTESIAN_POINT('',(75.,167.,-6.));
#3997=CARTESIAN_POINT('Origin',(75.,167.,-3.));
#3998=CARTESIAN_POINT('',(75.,164.,-3.));
#3999=CARTESIAN_POINT('Origin',(75.,167.,-3.));
#4000=CARTESIAN_POINT('Origin',(75.,167.,-3.));
#4001=CARTESIAN_POINT('Origin',(75.,167.,0.));
#4002=CARTESIAN_POINT('',(78.,167.,22.));
#4003=CARTESIAN_POINT('',(75.,164.,22.));
#4004=CARTESIAN_POINT('Origin',(75.,167.,22.));
#4005=CARTESIAN_POINT('',(75.,164.,0.));
#4006=CARTESIAN_POINT('',(78.,167.,15.));
#4007=CARTESIAN_POINT('',(78.,167.,0.));
#4008=CARTESIAN_POINT('',(78.,167.,11.));
#4009=CARTESIAN_POINT('Origin',(39.,167.,-3.));
#4010=CARTESIAN_POINT('',(39.,167.,-6.));
#4011=CARTESIAN_POINT('',(39.,164.,-3.));
#4012=CARTESIAN_POINT('Origin',(75.,224.,-3.));
#4013=CARTESIAN_POINT('',(78.,224.,-3.));
#4014=CARTESIAN_POINT('',(75.,224.,-6.));
#4015=CARTESIAN_POINT('Origin',(38.,337.,-3.));
#4016=CARTESIAN_POINT('',(38.,337.,-6.));
#4017=CARTESIAN_POINT('',(38.,340.,-3.));
#4018=CARTESIAN_POINT('Origin',(-78.,338.,0.));
#4019=CARTESIAN_POINT('',(-78.,177.,15.));
#4020=CARTESIAN_POINT('',(-78.,255.,15.));
#4021=CARTESIAN_POINT('',(-78.,177.,22.));
#4022=CARTESIAN_POINT('',(-78.,177.,11.));
#4023=CARTESIAN_POINT('',(-78.,338.,22.));
#4024=CARTESIAN_POINT('',(-78.,300.,22.));
#4025=CARTESIAN_POINT('',(-78.,338.,0.));
#4026=CARTESIAN_POINT('Origin',(78.,164.,0.));
#4027=CARTESIAN_POINT('',(71.,164.,22.));
#4028=CARTESIAN_POINT('',(78.,164.,22.));
#4029=CARTESIAN_POINT('',(71.,164.,19.));
#4030=CARTESIAN_POINT('',(71.,164.,11.));
#4031=CARTESIAN_POINT('',(-71.,164.,19.));
#4032=CARTESIAN_POINT('',(39.,164.,19.));
#4033=CARTESIAN_POINT('',(-71.,164.,22.));
#4034=CARTESIAN_POINT('',(-71.,164.,11.));
#4035=CARTESIAN_POINT('',(78.,164.,22.));
#4036=CARTESIAN_POINT('Origin',(0.,262.,22.));
#4037=CARTESIAN_POINT('',(-71.,165.,22.));
#4038=CARTESIAN_POINT('',(-71.,213.,22.));
#4039=CARTESIAN_POINT('',(71.,165.,22.));
#4040=CARTESIAN_POINT('',(-35.5,165.,22.));
#4041=CARTESIAN_POINT('',(71.,213.5,22.));
#4042=CARTESIAN_POINT('',(74.,167.,22.));
#4043=CARTESIAN_POINT('',(39.,167.,22.));
#4044=CARTESIAN_POINT('',(74.,177.,22.));
#4045=CARTESIAN_POINT('',(74.,214.5,22.));
#4046=CARTESIAN_POINT('',(78.,177.,22.));
#4047=CARTESIAN_POINT('',(37.,177.,22.));
#4048=CARTESIAN_POINT('',(78.,338.,22.));
#4049=CARTESIAN_POINT('',(78.,184.,22.));
#4050=CARTESIAN_POINT('',(76.,340.,22.));
#4051=CARTESIAN_POINT('Origin',(76.,338.,22.));
#4052=CARTESIAN_POINT('',(-76.,340.,22.));
#4053=CARTESIAN_POINT('',(38.,340.,22.));
#4054=CARTESIAN_POINT('Origin',(-76.,338.,22.));
#4055=CARTESIAN_POINT('',(-74.,177.,22.));
#4056=CARTESIAN_POINT('',(-39.,177.,22.));
#4057=CARTESIAN_POINT('',(-74.,167.,22.));
#4058=CARTESIAN_POINT('',(-74.,219.5,22.));
#4059=CARTESIAN_POINT('',(-37.,167.,22.));
#4060=CARTESIAN_POINT('',(-71.0000007450581,187.,22.));
#4061=CARTESIAN_POINT('',(-71.,166.,22.));
#4062=CARTESIAN_POINT('',(-71.,184.,22.));
#4063=CARTESIAN_POINT('',(-75.,187.,22.));
#4064=CARTESIAN_POINT('',(37.5,187.,22.));
#4065=CARTESIAN_POINT('',(-75.,267.,22.));
#4066=CARTESIAN_POINT('',(-75.,224.5,22.));
#4067=CARTESIAN_POINT('',(-75.25,267.,22.));
#4068=CARTESIAN_POINT('',(-38.,267.,22.));
#4069=CARTESIAN_POINT('',(-76.25,268.,22.));
#4070=CARTESIAN_POINT('Origin',(-75.25,268.,22.));
#4071=CARTESIAN_POINT('',(-76.25,327.,22.));
#4072=CARTESIAN_POINT('',(-76.25,294.5,22.));
#4073=CARTESIAN_POINT('',(-75.,327.,22.));
#4074=CARTESIAN_POINT('',(-35.5,327.,22.));
#4075=CARTESIAN_POINT('',(-75.,337.,22.));
#4076=CARTESIAN_POINT('',(-75.,224.5,22.));
#4077=CARTESIAN_POINT('',(75.,337.,22.));
#4078=CARTESIAN_POINT('',(-37.5,337.,22.));
#4079=CARTESIAN_POINT('',(75.,327.,22.));
#4080=CARTESIAN_POINT('',(75.,333.,22.));
#4081=CARTESIAN_POINT('',(76.25,327.,22.));
#4082=CARTESIAN_POINT('',(-35.5,327.,22.));
#4083=CARTESIAN_POINT('',(76.25,268.,22.));
#4084=CARTESIAN_POINT('',(76.25,264.5,22.));
#4085=CARTESIAN_POINT('',(75.25,267.,22.));
#4086=CARTESIAN_POINT('Origin',(75.25,268.,22.));
#4087=CARTESIAN_POINT('',(75.,267.,22.));
#4088=CARTESIAN_POINT('',(-38.,267.,22.));
#4089=CARTESIAN_POINT('',(75.,187.,22.));
#4090=CARTESIAN_POINT('',(75.,299.5,22.));
#4091=CARTESIAN_POINT('',(71.,187.,22.));
#4092=CARTESIAN_POINT('',(37.5,187.,22.));
#4093=CARTESIAN_POINT('',(71.,166.,22.));
#4094=CARTESIAN_POINT('',(71.,184.,22.));
#4095=CARTESIAN_POINT('',(-78.,166.,22.));
#4096=CARTESIAN_POINT('Origin',(0.,262.,-6.));
#4097=CARTESIAN_POINT('',(65.,314.950000551343,-6.));
#4098=CARTESIAN_POINT('',(65.,209.049998837709,-6.));
#4099=CARTESIAN_POINT('',(65.,289.,-6.));
#4100=CARTESIAN_POINT('',(68.0000007897615,314.950000551343,-6.));
#4101=CARTESIAN_POINT('',(26.5000003948808,314.950000551343,-6.));
#4102=CARTESIAN_POINT('',(68.0000007897615,315.000000551343,-6.));
#4103=CARTESIAN_POINT('',(68.0000007897615,288.500000275671,-6.));
#4104=CARTESIAN_POINT('',(68.000001013279,330.000000551343,-6.));
#4105=CARTESIAN_POINT('',(68.0000003948808,288.499999769032,-6.));
#4106=CARTESIAN_POINT('',(52.9500007897615,330.000000551343,-6.));
#4107=CARTESIAN_POINT('',(34.0000005066395,330.000000551343,-6.));
#4108=CARTESIAN_POINT('',(52.9500007897615,327.,-6.));
#4109=CARTESIAN_POINT('',(52.9500007897615,296.000000275671,-6.));
#4110=CARTESIAN_POINT('',(-52.9500007897615,327.,-6.));
#4111=CARTESIAN_POINT('',(-27.,327.,-6.));
#4112=CARTESIAN_POINT('',(-52.9500007897615,330.000000551343,-6.));
#4113=CARTESIAN_POINT('',(-52.9500007897615,288.500000275671,-6.));
#4114=CARTESIAN_POINT('',(-68.0000007897615,330.000000551343,-6.));
#4115=CARTESIAN_POINT('',(-26.5000003948808,330.000000551343,-6.));
#4116=CARTESIAN_POINT('',(-68.0000007897615,314.950000551343,-6.));
#4117=CARTESIAN_POINT('',(-68.0000007897615,296.000000275671,-6.));
#4118=CARTESIAN_POINT('',(-65.,314.950000551343,-6.));
#4119=CARTESIAN_POINT('',(-34.0000003948808,314.950000551343,-6.));
#4120=CARTESIAN_POINT('',(-65.,209.049998837709,-6.));
#4121=CARTESIAN_POINT('',(-65.,235.,-6.));
#4122=CARTESIAN_POINT('',(-68.000000923872,209.049998837709,-6.));
#4123=CARTESIAN_POINT('',(-31.,209.049998837709,-6.));
#4124=CARTESIAN_POINT('',(-68.000000923872,193.999998837709,-6.));
#4125=CARTESIAN_POINT('',(-68.000000923872,235.499999418855,-6.));
#4126=CARTESIAN_POINT('',(-52.950000923872,193.999998837709,-6.));
#4127=CARTESIAN_POINT('',(-34.000000461936,193.999998837709,-6.));
#4128=CARTESIAN_POINT('',(-52.950000923872,192.,-6.));
#4129=CARTESIAN_POINT('',(-52.950000923872,227.999999418855,-6.));
#4130=CARTESIAN_POINT('',(52.95,192.,-6.));
#4131=CARTESIAN_POINT('',(27.,192.,-6.));
#4132=CARTESIAN_POINT('',(52.95,193.999998837709,-6.));
#4133=CARTESIAN_POINT('',(52.95,235.499999418855,-6.));
#4134=CARTESIAN_POINT('',(68.,193.999998837709,-6.));
#4135=CARTESIAN_POINT('',(26.5,193.999998837709,-6.));
#4136=CARTESIAN_POINT('',(68.000001013279,208.999998837709,-6.));
#4137=CARTESIAN_POINT('',(68.0000022967655,227.999997122089,-6.));
#4138=CARTESIAN_POINT('',(68.000001013279,209.049998837709,-6.));
#4139=CARTESIAN_POINT('',(68.000001013279,235.499999418855,-6.));
#4140=CARTESIAN_POINT('',(34.0000005066395,209.049998837709,-6.));
#4141=CARTESIAN_POINT('Origin',(49.0031276334821,324.206997232155,-18.));
#4142=CARTESIAN_POINT('',(45.0031276334821,322.,-18.));
#4143=CARTESIAN_POINT('',(52.9500007897615,322.,-18.));
#4144=CARTESIAN_POINT('',(-2.49843618325897,322.,-18.));
#4145=CARTESIAN_POINT('',(45.0031276334821,324.,-18.));
#4146=CARTESIAN_POINT('',(45.0031276334821,324.206997232155,-18.));
#4147=CARTESIAN_POINT('',(52.9500007897615,324.,-18.));
#4148=CARTESIAN_POINT('',(-2.49843618325897,324.,-18.));
#4149=CARTESIAN_POINT('',(52.9500007897615,327.103498891749,-18.));
#4150=CARTESIAN_POINT('Origin',(45.0031276334821,324.206997232155,-33.));
#4151=CARTESIAN_POINT('',(45.0031276334821,322.,-33.));
#4152=CARTESIAN_POINT('',(45.0031276334821,322.,-16.5));
#4153=CARTESIAN_POINT('',(45.0031276334821,320.,-33.));
#4154=CARTESIAN_POINT('',(45.0031276334821,293.103498616078,-33.));
#4155=CARTESIAN_POINT('',(45.0031276334821,320.,-35.));
#4156=CARTESIAN_POINT('',(45.0031276334821,320.,-16.5));
#4157=CARTESIAN_POINT('',(45.0031276334821,324.,-35.));
#4158=CARTESIAN_POINT('',(45.0031276334821,293.103498616078,-35.));
#4159=CARTESIAN_POINT('',(45.0031276334821,324.,-16.5));
#4160=CARTESIAN_POINT('Origin',(0.,262.,-33.));
#4161=CARTESIAN_POINT('',(-52.9500007897615,322.,-33.));
#4162=CARTESIAN_POINT('',(-27.,322.,-33.));
#4163=CARTESIAN_POINT('',(-52.9500007897615,320.,-33.));
#4164=CARTESIAN_POINT('',(-52.9500007897615,288.500000275671,-33.));
#4165=CARTESIAN_POINT('',(27.,320.,-33.));
#4166=CARTESIAN_POINT('Origin',(-54.,322.,0.));
#4167=CARTESIAN_POINT('',(-54.,322.,-3.));
#4168=CARTESIAN_POINT('',(-54.,322.,0.));
#4169=CARTESIAN_POINT('',(-52.9500007897615,322.,-3.));
#4170=CARTESIAN_POINT('',(-53.5000003948808,322.,-3.));
#4171=CARTESIAN_POINT('',(-52.9500007897615,322.,-26.));
#4172=CARTESIAN_POINT('',(52.9500007897615,322.,-3.));
#4173=CARTESIAN_POINT('',(52.9500007897615,322.,-26.));
#4174=CARTESIAN_POINT('',(54.,322.,-3.));
#4175=CARTESIAN_POINT('',(-0.49999960511923,322.,-3.));
#4176=CARTESIAN_POINT('',(54.,322.,0.));
#4177=CARTESIAN_POINT('Origin',(52.9500007897615,330.000000551343,-27.));
#4178=CARTESIAN_POINT('',(52.9500007897615,324.,-9.));
#4179=CARTESIAN_POINT('',(52.9500007897615,324.,-13.5));
#4180=CARTESIAN_POINT('Origin',(52.9500007897615,327.,-9.));
#4181=CARTESIAN_POINT('',(52.9500007897615,330.000000551343,-3.));
#4182=CARTESIAN_POINT('',(52.9500007897615,330.000000551343,-27.));
#4183=CARTESIAN_POINT('',(52.9500007897615,315.000000551343,-3.));
#4184=CARTESIAN_POINT('Origin',(65.,289.,-9.));
#4185=CARTESIAN_POINT('',(62.,209.049998837709,-9.));
#4186=CARTESIAN_POINT('Origin',(65.,209.049998837709,-9.));
#4187=CARTESIAN_POINT('',(62.,314.950000551343,-9.));
#4188=CARTESIAN_POINT('',(62.,289.,-9.));
#4189=CARTESIAN_POINT('Origin',(65.,314.950000551343,-9.));
#4190=CARTESIAN_POINT('Origin',(62.,316.,0.));
#4191=CARTESIAN_POINT('',(62.,209.04999897182,-35.));
#4192=CARTESIAN_POINT('',(62.,209.049998837709,-13.5));
#4193=CARTESIAN_POINT('',(62.,314.950000551343,-35.));
#4194=CARTESIAN_POINT('',(62.,316.,-35.));
#4195=CARTESIAN_POINT('',(62.,314.950000551343,-13.5));
#4196=CARTESIAN_POINT('Origin',(68.000001013279,209.049998837709,-27.));
#4197=CARTESIAN_POINT('',(60.,209.04999897182,-33.));
#4198=CARTESIAN_POINT('',(59.9999999999999,209.049998837709,-3.));
#4199=CARTESIAN_POINT('',(59.9999999999999,209.049998837709,-15.));
#4200=CARTESIAN_POINT('',(58.,209.04999897182,-33.));
#4201=CARTESIAN_POINT('',(34.0000005066395,209.049998837709,-33.));
#4202=CARTESIAN_POINT('',(58.0000008642673,209.04999897182,-35.));
#4203=CARTESIAN_POINT('',(58.,209.049998837709,-13.5));
#4204=CARTESIAN_POINT('',(34.0000005066395,209.049998837709,-35.));
#4205=CARTESIAN_POINT('',(68.000001013279,209.049998837709,-3.));
#4206=CARTESIAN_POINT('',(68.000001013279,209.049998837709,-27.));
#4207=CARTESIAN_POINT('',(62.,209.049998837709,-3.));
#4208=CARTESIAN_POINT('Origin',(53.0000007897615,314.950000551343,-27.));
#4209=CARTESIAN_POINT('',(58.,314.950000551343,-35.));
#4210=CARTESIAN_POINT('',(26.5000003948808,314.950000551343,-35.));
#4211=CARTESIAN_POINT('',(58.,314.950000551343,-33.));
#4212=CARTESIAN_POINT('',(58.,314.950000551343,-13.5));
#4213=CARTESIAN_POINT('',(60.,314.950000551343,-33.));
#4214=CARTESIAN_POINT('',(26.5000003948808,314.950000551343,-33.));
#4215=CARTESIAN_POINT('',(60.,314.950000551343,-3.));
#4216=CARTESIAN_POINT('',(60.,314.950000551343,-26.));
#4217=CARTESIAN_POINT('',(68.0000007897615,314.950000551343,-3.));
#4218=CARTESIAN_POINT('',(53.0000007897615,314.950000551343,-3.));
#4219=CARTESIAN_POINT('',(68.0000007897615,314.950000551343,-27.));
#4220=CARTESIAN_POINT('Origin',(68.000001013279,208.999998837709,-3.));
#4221=CARTESIAN_POINT('',(68.000001013279,208.999998837709,-3.));
#4222=CARTESIAN_POINT('',(68.000001013279,208.999998837709,-27.));
#4223=CARTESIAN_POINT('',(68.000001013279,208.999998837709,-3.));
#4224=CARTESIAN_POINT('Origin',(59.9999999999999,207.999998837709,-3.));
#4225=CARTESIAN_POINT('',(60.,316.,-3.));
#4226=CARTESIAN_POINT('',(60.,316.,0.));
#4227=CARTESIAN_POINT('',(60.,315.500000275671,-3.));
#4228=CARTESIAN_POINT('',(60.,289.,-33.));
#4229=CARTESIAN_POINT('',(59.9999999999999,207.999998837709,-3.));
#4230=CARTESIAN_POINT('',(59.9999999999999,207.999998837709,-3.));
#4231=CARTESIAN_POINT('',(59.9999999999999,207.999998837709,0.));
#4232=CARTESIAN_POINT('Origin',(54.,208.,0.));
#4233=CARTESIAN_POINT('Origin',(54.,208.,-3.));
#4234=CARTESIAN_POINT('Origin',(54.,316.,0.));
#4235=CARTESIAN_POINT('Origin',(54.,316.,-3.));
#4236=CARTESIAN_POINT('Origin',(-54.,316.,0.));
#4237=CARTESIAN_POINT('',(-60.,316.,-3.));
#4238=CARTESIAN_POINT('',(-60.,316.,0.));
#4239=CARTESIAN_POINT('Origin',(-54.,316.,-3.));
#4240=CARTESIAN_POINT('Origin',(-60.,208.,0.));
#4241=CARTESIAN_POINT('',(-60.,208.,-3.));
#4242=CARTESIAN_POINT('',(-60.,208.,0.));
#4243=CARTESIAN_POINT('',(-60.,209.049998837709,-3.));
#4244=CARTESIAN_POINT('',(-60.,208.499999418855,-3.));
#4245=CARTESIAN_POINT('',(-60.,209.049998837709,-33.));
#4246=CARTESIAN_POINT('',(-60.,209.049998837709,-26.));
#4247=CARTESIAN_POINT('',(-60.,314.950000551343,-33.));
#4248=CARTESIAN_POINT('',(-60.,235.,-33.));
#4249=CARTESIAN_POINT('',(-60.,314.950000551343,-3.));
#4250=CARTESIAN_POINT('',(-60.,314.950000551343,-26.));
#4251=CARTESIAN_POINT('',(-60.,261.500000275671,-3.));
#4252=CARTESIAN_POINT('Origin',(51.,201.,-7.49823581340326));
#4253=CARTESIAN_POINT('Origin',(51.,201.,-2.39696961966998));
#4254=CARTESIAN_POINT('Origin',(-54.,208.,0.));
#4255=CARTESIAN_POINT('Origin',(-54.,208.,-3.));
#4256=CARTESIAN_POINT('Origin',(71.,165.,22.));
#4257=CARTESIAN_POINT('',(71.,165.,19.));
#4258=CARTESIAN_POINT('',(71.,165.,22.));
#4259=CARTESIAN_POINT('',(71.,164.,19.));
#4260=CARTESIAN_POINT('Origin',(-71.,165.,22.));
#4261=CARTESIAN_POINT('',(-71.,165.,19.));
#4262=CARTESIAN_POINT('',(-71.,165.,22.));
#4263=CARTESIAN_POINT('',(71.,165.,19.));
#4264=CARTESIAN_POINT('Origin',(-71.,164.,22.));
#4265=CARTESIAN_POINT('',(-71.,165.,19.));
#4266=CARTESIAN_POINT('Origin',(-8.88178419700125E-15,164.5,19.));
#4267=CARTESIAN_POINT('Origin',(-74.,167.,22.));
#4268=CARTESIAN_POINT('',(-74.,167.,15.));
#4269=CARTESIAN_POINT('',(-74.,167.,22.));
#4270=CARTESIAN_POINT('',(-78.,167.,15.));
#4271=CARTESIAN_POINT('Origin',(-74.,177.,22.));
#4272=CARTESIAN_POINT('',(-74.,177.,15.));
#4273=CARTESIAN_POINT('',(-74.,177.,22.));
#4274=CARTESIAN_POINT('',(-74.,167.,15.));
#4275=CARTESIAN_POINT('Origin',(-78.,177.,22.));
#4276=CARTESIAN_POINT('',(-74.,177.,15.));
#4277=CARTESIAN_POINT('Origin',(-76.,172.,15.));
#4278=CARTESIAN_POINT('Origin',(74.,167.,22.));
#4279=CARTESIAN_POINT('',(74.,167.,15.));
#4280=CARTESIAN_POINT('',(74.,167.,22.));
#4281=CARTESIAN_POINT('',(74.,177.,15.));
#4282=CARTESIAN_POINT('',(74.,167.,15.));
#4283=CARTESIAN_POINT('',(74.,177.,22.));
#4284=CARTESIAN_POINT('Origin',(78.,167.,22.));
#4285=CARTESIAN_POINT('',(78.,167.,15.));
#4286=CARTESIAN_POINT('Origin',(74.,177.,22.));
#4287=CARTESIAN_POINT('',(78.,177.,15.));
#4288=CARTESIAN_POINT('',(74.,177.,15.));
#4289=CARTESIAN_POINT('',(78.,177.,11.));
#4290=CARTESIAN_POINT('Origin',(76.,172.,15.));
#4291=CARTESIAN_POINT('',(78.,179.,15.));
#4292=CARTESIAN_POINT('Origin',(78.,186.,0.));
#4293=CARTESIAN_POINT('',(78.,338.,0.));
#4294=CARTESIAN_POINT('Origin',(39.,176.,10.));
#4295=CARTESIAN_POINT('',(71.,166.,10.));
#4296=CARTESIAN_POINT('Origin',(71.,176.,10.));
#4297=CARTESIAN_POINT('',(-71.,166.,10.));
#4298=CARTESIAN_POINT('Origin',(-71.,176.,10.));
#4299=CARTESIAN_POINT('',(39.,166.,10.));
#4300=CARTESIAN_POINT('Origin',(-71.,191.,0.));
#4301=CARTESIAN_POINT('',(-71.,264.,15.));
#4302=CARTESIAN_POINT('',(-71.,264.,0.));
#4303=CARTESIAN_POINT('',(-71.,187.,15.));
#4304=CARTESIAN_POINT('',(-71.,226.5,15.));
#4305=CARTESIAN_POINT('',(-71.,187.,3.));
#4306=CARTESIAN_POINT('',(-71.,166.,3.));
#4307=CARTESIAN_POINT('Origin',(78.,166.,0.));
#4308=CARTESIAN_POINT('',(71.,166.,3.));
#4309=CARTESIAN_POINT('Origin',(0.,262.,15.));
#4310=CARTESIAN_POINT('',(71.,264.,15.));
#4311=CARTESIAN_POINT('',(71.,187.,15.));
#4312=CARTESIAN_POINT('',(71.,242.015066498449,15.));
#4313=CARTESIAN_POINT('',(75.,187.,15.));
#4314=CARTESIAN_POINT('',(37.5,187.,15.));
#4315=CARTESIAN_POINT('',(75.,267.,15.));
#4316=CARTESIAN_POINT('',(75.,299.5,15.));
#4317=CARTESIAN_POINT('',(74.,267.,15.));
#4318=CARTESIAN_POINT('',(-38.,267.,15.));
#4319=CARTESIAN_POINT('Origin',(74.,264.,15.));
#4320=CARTESIAN_POINT('Origin',(75.,337.,0.));
#4321=CARTESIAN_POINT('',(75.,187.,13.));
#4322=CARTESIAN_POINT('',(75.,267.,13.));
#4323=CARTESIAN_POINT('Origin',(75.,187.,0.));
#4324=CARTESIAN_POINT('',(71.,187.,3.));
#4325=CARTESIAN_POINT('Origin',(71.,333.,0.));
#4326=CARTESIAN_POINT('',(71.,264.,6.));
#4327=CARTESIAN_POINT('Origin',(76.,338.,0.));
#4328=CARTESIAN_POINT('',(76.,340.,0.));
#4329=CARTESIAN_POINT('Origin',(76.,340.,0.));
#4330=CARTESIAN_POINT('',(-76.,340.,0.));
#4331=CARTESIAN_POINT('Origin',(-76.,338.,0.));
#4332=CARTESIAN_POINT('Origin',(75.,187.,0.));
#4333=CARTESIAN_POINT('',(-75.,187.,15.));
#4334=CARTESIAN_POINT('',(37.5,187.,15.));
#4335=CARTESIAN_POINT('',(-75.,187.,0.));
#4336=CARTESIAN_POINT('Origin',(0.,262.,15.));
#4337=CARTESIAN_POINT('',(-74.,267.,15.));
#4338=CARTESIAN_POINT('Origin',(-74.,264.,15.));
#4339=CARTESIAN_POINT('',(-75.,267.,15.));
#4340=CARTESIAN_POINT('',(-38.,267.,15.));
#4341=CARTESIAN_POINT('',(-75.,224.5,15.));
#4342=CARTESIAN_POINT('Origin',(0.,262.,15.));
#4343=CARTESIAN_POINT('',(75.,337.,15.));
#4344=CARTESIAN_POINT('',(75.,327.,15.));
#4345=CARTESIAN_POINT('',(75.,299.5,15.));
#4346=CARTESIAN_POINT('',(-75.,337.,15.));
#4347=CARTESIAN_POINT('',(-37.5,337.,15.));
#4348=CARTESIAN_POINT('',(-75.,327.,15.));
#4349=CARTESIAN_POINT('',(-75.,224.5,15.));
#4350=CARTESIAN_POINT('',(-35.5,327.,15.));
#4351=CARTESIAN_POINT('Origin',(-75.,187.,0.));
#4352=CARTESIAN_POINT('',(-75.,337.,0.));
#4353=CARTESIAN_POINT('',(-75.,327.,0.));
#4354=CARTESIAN_POINT('Origin',(-75.,337.,0.));
#4355=CARTESIAN_POINT('',(75.,337.,0.));
#4356=CARTESIAN_POINT('Origin',(-75.,187.,0.));
#4357=CARTESIAN_POINT('',(-75.,267.,13.));
#4358=CARTESIAN_POINT('Origin',(-76.,267.,0.));
#4359=CARTESIAN_POINT('',(-74.,267.,6.));
#4360=CARTESIAN_POINT('',(-75.25,267.,0.));
#4361=CARTESIAN_POINT('Origin',(-74.,264.,0.));
#4362=CARTESIAN_POINT('Origin',(-76.,267.,0.));
#4363=CARTESIAN_POINT('',(74.,267.,0.));
#4364=CARTESIAN_POINT('',(75.25,267.,0.));
#4365=CARTESIAN_POINT('Origin',(-71.,327.,0.));
#4366=CARTESIAN_POINT('',(76.25,327.,0.));
#4367=CARTESIAN_POINT('',(75.,327.,13.));
#4368=CARTESIAN_POINT('',(-76.25,327.,0.));
#4369=CARTESIAN_POINT('Origin',(76.25,267.,0.));
#4370=CARTESIAN_POINT('',(76.25,268.,0.));
#4371=CARTESIAN_POINT('Origin',(-76.25,327.,0.));
#4372=CARTESIAN_POINT('',(-76.25,268.,0.));
#4373=CARTESIAN_POINT('Origin',(75.25,268.,0.));
#4374=CARTESIAN_POINT('Origin',(-75.25,268.,0.));
#4375=CARTESIAN_POINT('Ctrl Pts',(47.,202.,-9.71067811865474));
#4376=CARTESIAN_POINT('Ctrl Pts',(47.0020418232587,202.,-9.7072750798977));
#4377=CARTESIAN_POINT('Ctrl Pts',(47.0040835290091,201.999996534982,-9.70387487336748));
#4378=CARTESIAN_POINT('Ctrl Pts',(47.5510589677103,202.000048323892,-8.79123750053444));
#4379=CARTESIAN_POINT('Ctrl Pts',(48.2909900001625,201.849889180378,-7.57246955137899));
#4380=CARTESIAN_POINT('Ctrl Pts',(49.0531339297118,201.577608000726,-6.14456660882702));
#4381=CARTESIAN_POINT('Ctrl Pts',(49.3145004590702,201.46812404397,-5.57909784056354));
#4382=CARTESIAN_POINT('Ctrl Pts',(49.4313963571231,201.414213562373,-5.29646455628164));
#4383=CARTESIAN_POINT('Ctrl Pts',(47.,202.,-9.71067811865474));
#4384=CARTESIAN_POINT('Ctrl Pts',(47.0022825142503,201.999979405205,-9.70755191166463));
#4385=CARTESIAN_POINT('Ctrl Pts',(47.004523389092,202.000019546336,-9.70427814309467));
#4386=CARTESIAN_POINT('Ctrl Pts',(47.6133186470409,201.997771372267,-8.85647028392292));
#4387=CARTESIAN_POINT('Ctrl Pts',(48.431055632395,201.952115797572,-7.70234451305383));
#4388=CARTESIAN_POINT('Ctrl Pts',(49.2102209759641,201.838688922393,-6.24790464767237));
#4389=CARTESIAN_POINT('Ctrl Pts',(49.4633490635719,201.787596784861,-5.66303534884811));
#4390=CARTESIAN_POINT('Ctrl Pts',(49.5720105859236,201.761209793708,-5.36832982883727));
#4391=CARTESIAN_POINT('Ctrl Pts',(47.,202.,-9.71067811865474));
#4392=CARTESIAN_POINT('Ctrl Pts',(47.0025007263962,202.,-9.70772481764616));
#4393=CARTESIAN_POINT('Ctrl Pts',(47.0049857839079,202.,-9.70478328406943));
#4394=CARTESIAN_POINT('Ctrl Pts',(47.6739060008618,201.999999999996,-8.91457164112333));
#4395=CARTESIAN_POINT('Ctrl Pts',(48.5765589153197,202.,-7.84497921064657));
#4396=CARTESIAN_POINT('Ctrl Pts',(49.4723908080329,201.999999999999,-6.4248645604636));
#4397=CARTESIAN_POINT('Ctrl Pts',(49.7713533409711,202.,-5.83704802110396));
#4398=CARTESIAN_POINT('Ctrl Pts',(49.9023890312646,202.,-5.53718000298731));
#4399=CARTESIAN_POINT('Ctrl Pts',(47.,202.,-9.71067811865474));
#4400=CARTESIAN_POINT('Ctrl Pts',(47.0027224310101,202.,-9.7079556876506));
#4401=CARTESIAN_POINT('Ctrl Pts',(47.0054447053454,202.,-9.70523302277473));
#4402=CARTESIAN_POINT('Ctrl Pts',(47.7347452902794,201.999999999996,-8.97607990405917));
#4403=CARTESIAN_POINT('Ctrl Pts',(48.7213200002167,202.,-7.98751613568579));
#4404=CARTESIAN_POINT('Ctrl Pts',(49.7375119062823,201.999999999999,-6.60420377307276));
#4405=CARTESIAN_POINT('Ctrl Pts',(50.0860006120936,202.,-6.01564185556812));
#4406=CARTESIAN_POINT('Ctrl Pts',(50.2418618094974,202.,-5.71067811865473));
#4407=CARTESIAN_POINT('Ctrl Pts',(47.,202.,-9.71067811865474));
#4408=CARTESIAN_POINT('Ctrl Pts',(47.0020418232587,202.,-9.7072750798977));
#4409=CARTESIAN_POINT('Ctrl Pts',(47.0040835290091,201.999996534982,-9.70387487336748));
#4410=CARTESIAN_POINT('Ctrl Pts',(47.5510589677103,202.000048323892,-8.79123750053444));
#4411=CARTESIAN_POINT('Ctrl Pts',(48.2909900001625,201.849889180378,-7.57246955137899));
#4412=CARTESIAN_POINT('Ctrl Pts',(49.0531339297118,201.577608000726,-6.14456660882702));
#4413=CARTESIAN_POINT('Ctrl Pts',(49.3145004590702,201.46812404397,-5.57909784056354));
#4414=CARTESIAN_POINT('Ctrl Pts',(49.4313963571231,201.414213562373,-5.29646455628164));
#4415=CARTESIAN_POINT('Origin',(50.2418618094975,201.,-5.71067811865474));
#4416=CARTESIAN_POINT('Ctrl Pts',(49.4313963571231,201.414213562373,-5.29646455628165));
#4417=CARTESIAN_POINT('Ctrl Pts',(49.5863268804714,201.363689771388,-4.94279801938335));
#4418=CARTESIAN_POINT('Ctrl Pts',(49.7127341974072,201.308313008653,-4.55516068024));
#4419=CARTESIAN_POINT('Ctrl Pts',(49.8062430400805,201.25,-4.14696961966996));
#4420=CARTESIAN_POINT('Ctrl Pts',(49.5017034715234,201.587711678041,-5.33239719255946));
#4421=CARTESIAN_POINT('Ctrl Pts',(49.6540576547733,201.550032302058,-4.97078292734187));
#4422=CARTESIAN_POINT('Ctrl Pts',(49.7750122707199,201.507961735089,-4.57551984502895));
#4423=CARTESIAN_POINT('Ctrl Pts',(49.8593022528291,201.462710066412,-4.16115029076407));
#4424=CARTESIAN_POINT('Ctrl Pts',(49.733070913158,201.887809571533,-5.45064471555491));
#4425=CARTESIAN_POINT('Ctrl Pts',(49.8955062445168,201.876564003608,-5.07216963689673));
#4426=CARTESIAN_POINT('Ctrl Pts',(50.0213086750949,201.863908043526,-4.6590006613561));
#4427=CARTESIAN_POINT('Ctrl Pts',(50.1058916380677,201.849577717823,-4.22705407610534));
#4428=CARTESIAN_POINT('Ctrl Pts',(50.072125420381,202.,-5.62392906082103));
#4429=CARTESIAN_POINT('Ctrl Pts',(50.2639099594486,202.000114140688,-5.2282967406122));
#4430=CARTESIAN_POINT('Ctrl Pts',(50.4182586348239,201.999808766852,-4.79522953638518));
#4431=CARTESIAN_POINT('Ctrl Pts',(50.5294205357792,202.,-4.34024693529352));
#4432=CARTESIAN_POINT('Ctrl Pts',(50.2418618094975,202.,-5.71067811865474));
#4433=CARTESIAN_POINT('Ctrl Pts',(50.4484358406286,202.,-5.30648779077097));
#4434=CARTESIAN_POINT('Ctrl Pts',(50.6169789298762,202.,-4.86347368889286));
#4435=CARTESIAN_POINT('Ctrl Pts',(50.7416573867739,202.,-4.39696961966996));
#4436=CARTESIAN_POINT('Origin',(50.7416573867739,201.,-4.39696961966996));
#4437=CARTESIAN_POINT('Ctrl Pts',(49.8062430400805,201.25,-4.14696961966996));
#4438=CARTESIAN_POINT('Ctrl Pts',(49.9340056119866,201.170326038179,-3.58925188692307));
#4439=CARTESIAN_POINT('Ctrl Pts',(50.,201.085175047937,-2.99319495523203));
#4440=CARTESIAN_POINT('Ctrl Pts',(50.,201.,-2.39696961966997));
#4441=CARTESIAN_POINT('Ctrl Pts',(49.8668821403647,201.493097218756,-4.16317610092037));
#4442=CARTESIAN_POINT('Ctrl Pts',(49.9801418856176,201.433908046514,-3.59581413679373));
#4443=CARTESIAN_POINT('Ctrl Pts',(50.0262632782991,201.368071100893,-2.99292274915639));
#4444=CARTESIAN_POINT('Ctrl Pts',(50.,201.299199300342,-2.39696961966997));
#4445=CARTESIAN_POINT('Ctrl Pts',(50.1349133255172,201.872734079183,-4.23481044833548));
#4446=CARTESIAN_POINT('Ctrl Pts',(50.2526894932785,201.856352526925,-3.64239860473478));
#4447=CARTESIAN_POINT('Ctrl Pts',(50.2918121118876,201.837722336655,-3.0146639696848));
#4448=CARTESIAN_POINT('Ctrl Pts',(50.2513149191979,201.816977068731,-2.39696961966997));
#4449=CARTESIAN_POINT('Ctrl Pts',(50.5597400859213,202.,-4.34835017591872));
#4450=CARTESIAN_POINT('Ctrl Pts',(50.7143790547276,202.000104165448,-3.72444783505542));
#4451=CARTESIAN_POINT('Ctrl Pts',(50.7876629615921,201.999780370982,-3.05929586455492));
#4452=CARTESIAN_POINT('Ctrl Pts',(50.7756005247436,202.,-2.39696961966998));
#4453=CARTESIAN_POINT('Ctrl Pts',(50.7416573867739,202.,-4.39696961966996));
#4454=CARTESIAN_POINT('Ctrl Pts',(50.9120074826488,202.,-3.75957792510209));
#4455=CARTESIAN_POINT('Ctrl Pts',(51.,202.,-3.07837000316947));
#4456=CARTESIAN_POINT('Ctrl Pts',(51.,202.,-2.39696961966998));
#4457=CARTESIAN_POINT('Origin',(60.5000005066395,201.499998837709,-3.));
#4458=CARTESIAN_POINT('',(68.,193.999998837709,-3.));
#4459=CARTESIAN_POINT('',(68.000001013279,208.999998837709,-3.));
#4460=CARTESIAN_POINT('',(52.95,193.999998837709,-3.));
#4461=CARTESIAN_POINT('',(53.,193.999998837709,-3.));
#4462=CARTESIAN_POINT('',(52.95,208.999998837709,-3.));
#4463=CARTESIAN_POINT('Ctrl Pts',(-50.2418618094975,202.,-5.71067811865474));
#4464=CARTESIAN_POINT('Ctrl Pts',(-50.4484358406286,202.,-5.30648779077097));
#4465=CARTESIAN_POINT('Ctrl Pts',(-50.6169789298762,202.,-4.86347368889287));
#4466=CARTESIAN_POINT('Ctrl Pts',(-50.741657386774,202.,-4.39696961966997));
#4467=CARTESIAN_POINT('Ctrl Pts',(-50.0721254203811,202.,-5.62392906082103));
#4468=CARTESIAN_POINT('Ctrl Pts',(-50.2639099594486,202.000114140688,-5.2282967406122));
#4469=CARTESIAN_POINT('Ctrl Pts',(-50.4182586348239,201.999808766852,-4.79522953638519));
#4470=CARTESIAN_POINT('Ctrl Pts',(-50.5294205357792,202.,-4.34024693529353));
#4471=CARTESIAN_POINT('Ctrl Pts',(-49.733070913158,201.887809571533,-5.45064471555491));
#4472=CARTESIAN_POINT('Ctrl Pts',(-49.8955062445169,201.876564003608,-5.07216963689673));
#4473=CARTESIAN_POINT('Ctrl Pts',(-50.0213086750949,201.863908043526,-4.65900066135612));
#4474=CARTESIAN_POINT('Ctrl Pts',(-50.1058916380677,201.849577717823,-4.22705407610536));
#4475=CARTESIAN_POINT('Ctrl Pts',(-49.5017034715234,201.587711678041,-5.33239719255947));
#4476=CARTESIAN_POINT('Ctrl Pts',(-49.6540576547733,201.550032302058,-4.97078292734188));
#4477=CARTESIAN_POINT('Ctrl Pts',(-49.7750122707199,201.507961735089,-4.57551984502897));
#4478=CARTESIAN_POINT('Ctrl Pts',(-49.8593022528292,201.462710066412,-4.16115029076409));
#4479=CARTESIAN_POINT('Ctrl Pts',(-49.4313963571231,201.414213562373,-5.29646455628165));
#4480=CARTESIAN_POINT('Ctrl Pts',(-49.5863268804715,201.363689771388,-4.94279801938336));
#4481=CARTESIAN_POINT('Ctrl Pts',(-49.7127341974072,201.308313008653,-4.55516068024002));
#4482=CARTESIAN_POINT('Ctrl Pts',(-49.8062430400805,201.25,-4.14696961966998));
#4483=CARTESIAN_POINT('Origin',(-50.7416573867739,201.,-4.39696961966997));
#4484=CARTESIAN_POINT('Origin',(-50.2418618094975,201.,-5.71067811865474));
#4485=CARTESIAN_POINT('Ctrl Pts',(-47.,202.,-9.71067811865474));
#4486=CARTESIAN_POINT('Ctrl Pts',(-47.0027224310116,202.,-9.70795568764911));
#4487=CARTESIAN_POINT('Ctrl Pts',(-47.0054448521538,202.,-9.70523323326225));
#4488=CARTESIAN_POINT('Ctrl Pts',(-47.4925152328045,202.000000000004,-9.21816998652269));
#4489=CARTESIAN_POINT('Ctrl Pts',(-48.2282786028419,202.000000000001,-8.48218758224212));
#4490=CARTESIAN_POINT('Ctrl Pts',(-49.3526042608281,202.000000000002,-7.17208045727112));
#4491=CARTESIAN_POINT('Ctrl Pts',(-49.9301394146898,202.,-6.32060559248153));
#4492=CARTESIAN_POINT('Ctrl Pts',(-50.2418618094975,202.,-5.71067811865475));
#4493=CARTESIAN_POINT('Ctrl Pts',(-47.,202.,-9.71067811865474));
#4494=CARTESIAN_POINT('Ctrl Pts',(-47.0024960563243,202.,-9.707728529517));
#4495=CARTESIAN_POINT('Ctrl Pts',(-47.0049905094232,202.,-9.70477985137271));
#4496=CARTESIAN_POINT('Ctrl Pts',(-47.4515598139639,202.000000000004,-9.17707423518433));
#4497=CARTESIAN_POINT('Ctrl Pts',(-48.1256743862136,202.000000000001,-8.38000629280782));
#4498=CARTESIAN_POINT('Ctrl Pts',(-49.1369862607067,202.000000000002,-7.00116876519148));
#4499=CARTESIAN_POINT('Ctrl Pts',(-49.6403811532269,202.,-6.13694056064262));
#4500=CARTESIAN_POINT('Ctrl Pts',(-49.9023890312646,202.,-5.53718000298731));
#4501=CARTESIAN_POINT('Ctrl Pts',(-47.,202.,-9.71067811865474));
#4502=CARTESIAN_POINT('Ctrl Pts',(-47.0022699263621,201.999994964755,-9.70750669277593));
#4503=CARTESIAN_POINT('Ctrl Pts',(-47.004535850872,202.000005655105,-9.70431998317352));
#4504=CARTESIAN_POINT('Ctrl Pts',(-47.4106583107023,201.998775641999,-9.13699563467511));
#4505=CARTESIAN_POINT('Ctrl Pts',(-48.0229090829006,201.976853268291,-8.27798315637647));
#4506=CARTESIAN_POINT('Ctrl Pts',(-48.9222354426031,201.888683084204,-6.8313677213427));
#4507=CARTESIAN_POINT('Ctrl Pts',(-49.3546989363012,201.815064541784,-5.95692299964185));
#4508=CARTESIAN_POINT('Ctrl Pts',(-49.5720105859236,201.761209793708,-5.36832982883726));
#4509=CARTESIAN_POINT('Ctrl Pts',(-47.,202.,-9.71067811865473));
#4510=CARTESIAN_POINT('Ctrl Pts',(-47.0020418232602,202.,-9.70727507989621));
#4511=CARTESIAN_POINT('Ctrl Pts',(-47.0040836391153,201.999998037097,-9.70387227532137));
#4512=CARTESIAN_POINT('Ctrl Pts',(-47.3693864246036,201.999649073046,-9.09497727588438));
#4513=CARTESIAN_POINT('Ctrl Pts',(-47.9212089521315,201.927708235712,-8.17842482305252));
#4514=CARTESIAN_POINT('Ctrl Pts',(-48.7644531956211,201.693120847547,-6.7086591613943));
#4515=CARTESIAN_POINT('Ctrl Pts',(-49.1976045610173,201.522034525567,-5.86173112484544));
#4516=CARTESIAN_POINT('Ctrl Pts',(-49.4313963571231,201.414213562373,-5.29646455628163));
#4517=CARTESIAN_POINT('Ctrl Pts',(-49.4313963571231,201.414213562373,-5.29646455628163));
#4518=CARTESIAN_POINT('Ctrl Pts',(-49.1976045610173,201.522034525567,-5.86173112484544));
#4519=CARTESIAN_POINT('Ctrl Pts',(-48.7644531956211,201.693120847547,-6.7086591613943));
#4520=CARTESIAN_POINT('Ctrl Pts',(-47.9212089521315,201.927708235712,-8.17842482305252));
#4521=CARTESIAN_POINT('Ctrl Pts',(-47.3693864246036,201.999649073046,-9.09497727588438));
#4522=CARTESIAN_POINT('Ctrl Pts',(-47.0040836391153,201.999998037097,-9.70387227532137));
#4523=CARTESIAN_POINT('Ctrl Pts',(-47.0020418232602,202.,-9.70727507989621));
#4524=CARTESIAN_POINT('Ctrl Pts',(-47.,202.,-9.71067811865473));
#4525=CARTESIAN_POINT('Ctrl Pts',(-50.,201.,-2.39696961966997));
#4526=CARTESIAN_POINT('Ctrl Pts',(-50.,201.085175047937,-2.99319495523203));
#4527=CARTESIAN_POINT('Ctrl Pts',(-49.9340056119866,201.170326038179,-3.58925188692309));
#4528=CARTESIAN_POINT('Ctrl Pts',(-49.8062430400805,201.25,-4.14696961966998));
#4529=CARTESIAN_POINT('Ctrl Pts',(-50.,201.299199300342,-2.39696961966997));
#4530=CARTESIAN_POINT('Ctrl Pts',(-50.0262632782991,201.368071100893,-2.99292274915639));
#4531=CARTESIAN_POINT('Ctrl Pts',(-49.9801418856177,201.433908046514,-3.59581413679375));
#4532=CARTESIAN_POINT('Ctrl Pts',(-49.8668821403647,201.493097218756,-4.16317610092039));
#4533=CARTESIAN_POINT('Ctrl Pts',(-50.2513149191979,201.816977068731,-2.39696961966997));
#4534=CARTESIAN_POINT('Ctrl Pts',(-50.2918121118876,201.837722336655,-3.0146639696848));
#4535=CARTESIAN_POINT('Ctrl Pts',(-50.2526894932785,201.856352526925,-3.64239860473479));
#4536=CARTESIAN_POINT('Ctrl Pts',(-50.1349133255172,201.872734079183,-4.23481044833551));
#4537=CARTESIAN_POINT('Ctrl Pts',(-50.7756005247436,202.,-2.39696961966998));
#4538=CARTESIAN_POINT('Ctrl Pts',(-50.7876629615921,201.999780370982,-3.05929586455492));
#4539=CARTESIAN_POINT('Ctrl Pts',(-50.7143790547277,202.000104165447,-3.72444783505544));
#4540=CARTESIAN_POINT('Ctrl Pts',(-50.5597400859213,202.,-4.34835017591874));
#4541=CARTESIAN_POINT('Ctrl Pts',(-51.,202.,-2.39696961966998));
#4542=CARTESIAN_POINT('Ctrl Pts',(-51.,202.,-3.07837000316948));
#4543=CARTESIAN_POINT('Ctrl Pts',(-50.9120074826488,202.,-3.7595779251021));
#4544=CARTESIAN_POINT('Ctrl Pts',(-50.741657386774,202.,-4.39696961966998));
#4545=CARTESIAN_POINT('Origin',(-47.,197.,-9.71067811865474));
#4546=CARTESIAN_POINT('Origin',(-47.,197.,-9.71067811865474));
#4547=CARTESIAN_POINT('Origin',(27.,197.,-9.71067811865474));
#4548=CARTESIAN_POINT('',(27.,200.535533905933,-6.175144212722));
#4549=CARTESIAN_POINT('Origin',(47.,197.,-9.71067811865474));
#4550=CARTESIAN_POINT('Origin',(0.,212.89239522595,-18.5320055327393));
#4551=CARTESIAN_POINT('Origin',(47.,197.,-9.71067811865474));
#4552=CARTESIAN_POINT('Origin',(27.,192.,-14.));
#4553=CARTESIAN_POINT('',(52.95,200.,-14.));
#4554=CARTESIAN_POINT('Origin',(52.95,192.,-14.));
#4555=CARTESIAN_POINT('',(-52.950000923872,200.,-14.));
#4556=CARTESIAN_POINT('Origin',(-52.950000923872,192.,-14.));
#4557=CARTESIAN_POINT('',(27.,200.,-14.));
#4558=CARTESIAN_POINT('Origin',(54.,200.,0.));
#4559=CARTESIAN_POINT('',(-52.950000923872,200.,-35.));
#4560=CARTESIAN_POINT('',(-52.950000923872,200.,-13.5));
#4561=CARTESIAN_POINT('',(52.95,200.,-35.));
#4562=CARTESIAN_POINT('',(54.,200.,-35.));
#4563=CARTESIAN_POINT('',(52.95,200.,-13.5));
#4564=CARTESIAN_POINT('Origin',(0.,262.,-33.));
#4565=CARTESIAN_POINT('',(58.,235.,-33.));
#4566=CARTESIAN_POINT('Origin',(0.,262.,-33.));
#4567=CARTESIAN_POINT('',(-58.,314.950000551343,-33.));
#4568=CARTESIAN_POINT('',(-34.0000003948808,314.950000551343,-33.));
#4569=CARTESIAN_POINT('',(-58.,209.049998837709,-33.));
#4570=CARTESIAN_POINT('',(-31.,209.049998837709,-33.));
#4571=CARTESIAN_POINT('',(-58.,289.,-33.));
#4572=CARTESIAN_POINT('Origin',(0.,262.,-33.));
#4573=CARTESIAN_POINT('',(52.95,204.,-33.));
#4574=CARTESIAN_POINT('',(52.95,235.499999418855,-33.));
#4575=CARTESIAN_POINT('',(-52.950000923872,204.,-33.));
#4576=CARTESIAN_POINT('',(-27.,204.,-33.));
#4577=CARTESIAN_POINT('',(-52.950000923872,227.999999418855,-33.));
#4578=CARTESIAN_POINT('Origin',(58.,208.,0.));
#4579=CARTESIAN_POINT('',(58.0000008642673,218.04999897182,-35.));
#4580=CARTESIAN_POINT('Origin',(54.,320.,0.));
#4581=CARTESIAN_POINT('',(-52.9500007897615,320.,-35.));
#4582=CARTESIAN_POINT('',(-52.9500007897615,320.,-13.5));
#4583=CARTESIAN_POINT('',(-54.,320.,-35.));
#4584=CARTESIAN_POINT('Origin',(-52.9500007897615,315.000000551343,-27.));
#4585=CARTESIAN_POINT('',(-52.9500007897615,324.,-9.));
#4586=CARTESIAN_POINT('Origin',(-52.9500007897615,327.,-9.));
#4587=CARTESIAN_POINT('',(-52.9500007897615,324.,-35.));
#4588=CARTESIAN_POINT('',(-52.9500007897615,324.,-13.5));
#4589=CARTESIAN_POINT('',(-52.9500007897615,288.500000275671,-35.));
#4590=CARTESIAN_POINT('',(-52.9500007897615,330.000000551343,-3.));
#4591=CARTESIAN_POINT('',(-52.9500007897615,315.000000551343,-3.));
#4592=CARTESIAN_POINT('',(-52.9500007897615,330.000000551343,-27.));
#4593=CARTESIAN_POINT('Origin',(-68.0000007897615,314.950000551343,-27.));
#4594=CARTESIAN_POINT('',(-68.0000007897615,314.950000551343,-3.));
#4595=CARTESIAN_POINT('',(-68.0000007897615,314.950000551343,-27.));
#4596=CARTESIAN_POINT('',(-53.0000007897615,314.950000551343,-3.));
#4597=CARTESIAN_POINT('',(-58.,314.950000551343,-35.));
#4598=CARTESIAN_POINT('',(-58.,314.950000551343,-13.5));
#4599=CARTESIAN_POINT('',(-62.,314.950000551343,-35.));
#4600=CARTESIAN_POINT('',(-34.0000003948808,314.950000551343,-35.));
#4601=CARTESIAN_POINT('',(-62.,314.950000551343,-9.));
#4602=CARTESIAN_POINT('',(-62.,314.950000551343,-13.5));
#4603=CARTESIAN_POINT('Origin',(-65.,314.950000551343,-9.));
#4604=CARTESIAN_POINT('Origin',(-54.,204.,0.));
#4605=CARTESIAN_POINT('',(52.95,204.,-35.));
#4606=CARTESIAN_POINT('',(52.95,204.,-13.5));
#4607=CARTESIAN_POINT('',(-52.950000923872,204.,-35.));
#4608=CARTESIAN_POINT('',(54.,204.,-35.));
#4609=CARTESIAN_POINT('',(-52.950000923872,204.,-13.5));
#4610=CARTESIAN_POINT('Origin',(52.95,208.999998837709,-27.));
#4611=CARTESIAN_POINT('',(52.95,235.499999418855,-35.));
#4612=CARTESIAN_POINT('',(52.95,193.999998837709,-27.));
#4613=CARTESIAN_POINT('Origin',(0.,262.,-35.));
#4614=CARTESIAN_POINT('Origin',(0.,262.,-35.));
#4615=CARTESIAN_POINT('',(-58.,209.049998837709,-35.));
#4616=CARTESIAN_POINT('',(-58.,208.,-35.));
#4617=CARTESIAN_POINT('',(-62.,209.049998837709,-35.));
#4618=CARTESIAN_POINT('',(-31.,209.049998837709,-35.));
#4619=CARTESIAN_POINT('',(-62.,208.,-35.));
#4620=CARTESIAN_POINT('Origin',(0.,262.,-35.));
#4621=CARTESIAN_POINT('',(-52.950000923872,227.999999418855,-35.));
#4622=CARTESIAN_POINT('Origin',(0.,262.,-35.));
#4623=CARTESIAN_POINT('',(-54.,324.,-35.));
#4624=CARTESIAN_POINT('Origin',(-27.,327.,-9.));
#4625=CARTESIAN_POINT('',(-27.,324.,-9.));
#4626=CARTESIAN_POINT('Origin',(-54.,324.,0.));
#4627=CARTESIAN_POINT('Origin',(-65.,235.,-9.));
#4628=CARTESIAN_POINT('',(-62.,209.049998837709,-9.));
#4629=CARTESIAN_POINT('',(-62.,235.,-9.));
#4630=CARTESIAN_POINT('Origin',(-65.,209.049998837709,-9.));
#4631=CARTESIAN_POINT('Origin',(-62.,208.,0.));
#4632=CARTESIAN_POINT('',(-62.,209.049998837709,-13.5));
#4633=CARTESIAN_POINT('Origin',(74.,264.,0.));
#4634=CARTESIAN_POINT('Origin',(75.,337.,0.));
#4635=CARTESIAN_POINT('Origin',(68.0000007897615,315.000000551343,-6.));
#4636=CARTESIAN_POINT('',(68.0000007897615,315.000000551343,-3.));
#4637=CARTESIAN_POINT('',(68.0000007897615,315.000000551343,-27.));
#4638=CARTESIAN_POINT('',(68.0000007897615,315.000000551343,-3.));
#4639=CARTESIAN_POINT('Origin',(-52.950000923872,193.999998837709,-27.));
#4640=CARTESIAN_POINT('',(-52.950000923872,193.999998837709,-3.));
#4641=CARTESIAN_POINT('',(-52.950000923872,193.999998837709,-27.));
#4642=CARTESIAN_POINT('',(-52.950000923872,208.999998837709,-3.));
#4643=CARTESIAN_POINT('Origin',(-62.,209.049998837709,-27.));
#4644=CARTESIAN_POINT('',(-58.,209.049998837709,-13.5));
#4645=CARTESIAN_POINT('',(-68.000000923872,209.049998837709,-3.));
#4646=CARTESIAN_POINT('',(-53.000000923872,209.049998837709,-3.));
#4647=CARTESIAN_POINT('',(-68.000000923872,209.049998837709,-27.));
#4648=CARTESIAN_POINT('Origin',(-58.,316.,0.));
#4649=CARTESIAN_POINT('Origin',(-53.0000007897615,330.000000551343,-27.));
#4650=CARTESIAN_POINT('',(-68.0000007897615,330.000000551343,-3.));
#4651=CARTESIAN_POINT('',(-53.0000007897615,330.000000551343,-3.));
#4652=CARTESIAN_POINT('',(-68.0000007897615,330.000000551343,-27.));
#4653=CARTESIAN_POINT('Origin',(-68.0000007897615,330.000000551343,-27.));
#4654=CARTESIAN_POINT('',(-68.0000007897615,315.000000551343,-3.));
#4655=CARTESIAN_POINT('Origin',(-60.5000007897615,322.500000551343,-3.));
#4656=CARTESIAN_POINT('Origin',(68.0000007897615,315.000000551343,-27.));
#4657=CARTESIAN_POINT('',(68.000001013279,330.000000551343,-3.));
#4658=CARTESIAN_POINT('',(68.000001013279,330.000000551343,-3.));
#4659=CARTESIAN_POINT('',(68.000001013279,330.000000551343,-27.));
#4660=CARTESIAN_POINT('Origin',(68.000001013279,330.000000551343,-27.));
#4661=CARTESIAN_POINT('',(53.0000007897615,330.000000551343,-3.));
#4662=CARTESIAN_POINT('Origin',(60.5000009015203,322.500000551343,-3.));
#4663=CARTESIAN_POINT('Origin',(53.,193.999998837709,-27.));
#4664=CARTESIAN_POINT('',(68.,193.999998837709,-27.));
#4665=CARTESIAN_POINT('Origin',(68.,193.999998837709,-27.));
#4666=CARTESIAN_POINT('Origin',(-68.000000923872,208.999998837709,-27.));
#4667=CARTESIAN_POINT('',(-68.000000923872,193.999998837709,-3.));
#4668=CARTESIAN_POINT('',(-68.000000923872,208.999998837709,-3.));
#4669=CARTESIAN_POINT('',(-68.000000923872,193.999998837709,-27.));
#4670=CARTESIAN_POINT('Origin',(-68.000000923872,193.999998837709,-27.));
#4671=CARTESIAN_POINT('',(-53.000000923872,193.999998837709,-3.));
#4672=CARTESIAN_POINT('Origin',(-60.500000923872,201.499998837709,-3.));
#4673=UNCERTAINTY_MEASURE_WITH_UNIT(LENGTH_MEASURE(0.01),#4677,
'DISTANCE_ACCURACY_VALUE',
'Maximum model space distance between geometric entities at asserted c
onnectivities');
#4674=UNCERTAINTY_MEASURE_WITH_UNIT(LENGTH_MEASURE(0.01),#4677,
'DISTANCE_ACCURACY_VALUE',
'Maximum model space distance between geometric entities at asserted c
onnectivities');
#4675=(
GEOMETRIC_REPRESENTATION_CONTEXT(3)
GLOBAL_UNCERTAINTY_ASSIGNED_CONTEXT((#4673))
GLOBAL_UNIT_ASSIGNED_CONTEXT((#4677,#4679,#4680))
REPRESENTATION_CONTEXT('','3D')
);
#4676=(
GEOMETRIC_REPRESENTATION_CONTEXT(3)
GLOBAL_UNCERTAINTY_ASSIGNED_CONTEXT((#4674))
GLOBAL_UNIT_ASSIGNED_CONTEXT((#4677,#4679,#4680))
REPRESENTATION_CONTEXT('','3D')
);
#4677=(
LENGTH_UNIT()
NAMED_UNIT(*)
SI_UNIT(.MILLI.,.METRE.)
);
#4678=(
LENGTH_UNIT()
NAMED_UNIT(*)
SI_UNIT($,.METRE.)
);
#4679=(
NAMED_UNIT(*)
PLANE_ANGLE_UNIT()
SI_UNIT($,.RADIAN.)
);
#4680=(
NAMED_UNIT(*)
SI_UNIT($,.STERADIAN.)
SOLID_ANGLE_UNIT()
);
#4681=SHAPE_DEFINITION_REPRESENTATION(#4682,#4683);
#4682=PRODUCT_DEFINITION_SHAPE('',$,#4685);
#4683=SHAPE_REPRESENTATION('',(#2622),#4675);
#4684=PRODUCT_DEFINITION_CONTEXT('part definition',#4689,'design');
#4685=PRODUCT_DEFINITION('2026-08-26-01-39-32-777','DGX Fan Shroud',#4686,
#4684);
#4686=PRODUCT_DEFINITION_FORMATION('',$,#4691);
#4687=PRODUCT_RELATED_PRODUCT_CATEGORY('DGX Fan Shroud',
'DGX Fan Shroud',(#4691));
#4688=APPLICATION_PROTOCOL_DEFINITION('international standard',
'automotive_design',2009,#4689);
#4689=APPLICATION_CONTEXT(
'Core Data for Automotive Mechanical Design Process');
#4690=PRODUCT_CONTEXT('part definition',#4689,'mechanical');
#4691=PRODUCT('2026-08-26-01-39-32-777','DGX Fan Shroud',$,(#4690));
#4692=PRESENTATION_STYLE_ASSIGNMENT((#4694));
#4693=PRESENTATION_STYLE_ASSIGNMENT((#4695));
#4694=SURFACE_STYLE_USAGE(.BOTH.,#4696);
#4695=SURFACE_STYLE_USAGE(.BOTH.,#4697);
#4696=SURFACE_SIDE_STYLE('',(#4698));
#4697=SURFACE_SIDE_STYLE('',(#4699));
#4698=SURFACE_STYLE_FILL_AREA(#4700);
#4699=SURFACE_STYLE_FILL_AREA(#4701);
#4700=FILL_AREA_STYLE('Steel - Satin',(#4702));
#4701=FILL_AREA_STYLE('Nylon 12 (with Formlabs Fuse 1 3D Printer)',(#4703));
#4702=FILL_AREA_STYLE_COLOUR('Steel - Satin',#4704);
#4703=FILL_AREA_STYLE_COLOUR(
'Nylon 12 (with Formlabs Fuse 1 3D Printer)',#4705);
#4704=COLOUR_RGB('Steel - Satin',0.627450980392157,0.627450980392157,0.627450980392157);
#4705=COLOUR_RGB('Nylon 12 (with Formlabs Fuse 1 3D Printer)',0.247058823529412,
0.247058823529412,0.247058823529412);
ENDSEC;
END-ISO-10303-21;
