ISO-10303-21;
HEADER;
/* Generated by software containing ST-Developer
 * from STEP Tools, Inc. (www.steptools.com) 
 */

FILE_DESCRIPTION(
/* description */ (''),
/* implementation_level */ '2;1');

FILE_NAME(
/* name */ 'GX10 Shroud V2.step',
/* time_stamp */ '2026-08-26T01:02:39-07:00',
/* author */ (''),
/* organization */ (''),
/* preprocessor_version */ 'ST-DEVELOPER v20.1',
/* originating_system */ 'Autodesk Translation Framework v15.8.0.0',
/* authorisation */ '');

FILE_SCHEMA (('AUTOMOTIVE_DESIGN { 1 0 10303 214 3 1 1 }'));
ENDSEC;

DATA;
#10=MECHANICAL_DESIGN_GEOMETRIC_PRESENTATION_REPRESENTATION('',(#13),#5262);
#11=SHAPE_REPRESENTATION_RELATIONSHIP('SRR','None',#5269,#12);
#12=ADVANCED_BREP_SHAPE_REPRESENTATION('',(#14),#5261);
#13=STYLED_ITEM('',(#5279),#14);
#14=MANIFOLD_SOLID_BREP('GX10 Shroud',#2835);
#15=CONICAL_SURFACE('',#3009,2.75,0.785398163397444);
#16=CONICAL_SURFACE('',#3012,3.25,0.785398163397446);
#17=CONICAL_SURFACE('',#3015,3.25,0.785398163397446);
#18=CONICAL_SURFACE('',#3018,2.75,0.785398163397444);
#19=CONICAL_SURFACE('',#3036,1.75000000000001,0.785398163397447);
#20=CONICAL_SURFACE('',#3040,1.74999999999999,0.785398163397447);
#21=CONICAL_SURFACE('',#3044,1.74999999999999,0.785398163397447);
#22=CONICAL_SURFACE('',#3047,1.75,0.785398163397447);
#23=(
BOUNDED_SURFACE()
B_SPLINE_SURFACE(2,2,((#4917,#4918,#4919),(#4920,#4921,#4922),(#4923,#4924,
#4925)),.UNSPECIFIED.,.F.,.F.,.F.)
B_SPLINE_SURFACE_WITH_KNOTS((3,3),(3,3),(-1.5707963267949,0.),(-3.14159265358979,
-1.5707963267949),.UNSPECIFIED.)
GEOMETRIC_REPRESENTATION_ITEM()
RATIONAL_B_SPLINE_SURFACE(((1.,0.707106781186548,1.),(0.707106781186545,
0.499999999999998,0.707106781186545),(1.,0.707106781186548,1.)))
REPRESENTATION_ITEM('')
SURFACE()
);
#24=(
BOUNDED_SURFACE()
B_SPLINE_SURFACE(2,2,((#4929,#4930,#4931),(#4932,#4933,#4934),(#4935,#4936,
#4937)),.UNSPECIFIED.,.F.,.F.,.F.)
B_SPLINE_SURFACE_WITH_KNOTS((3,3),(3,3),(-1.5707963267949,0.),(-1.5707963267949,
0.),.UNSPECIFIED.)
GEOMETRIC_REPRESENTATION_ITEM()
RATIONAL_B_SPLINE_SURFACE(((1.,0.707106781186548,1.),(0.707106781186545,
0.499999999999998,0.707106781186545),(1.,0.707106781186548,1.)))
REPRESENTATION_ITEM('')
SURFACE()
);
#25=TOROIDAL_SURFACE('',#2877,7.99999999999999,3.);
#26=TOROIDAL_SURFACE('',#2900,8.,3.);
#27=TOROIDAL_SURFACE('',#2908,8.,3.);
#28=TOROIDAL_SURFACE('',#2912,7.99999999999999,3.);
#29=TOROIDAL_SURFACE('',#2982,5.,2.);
#30=TOROIDAL_SURFACE('',#2988,5.,2.);
#31=CYLINDRICAL_SURFACE('',#2874,2.);
#32=CYLINDRICAL_SURFACE('',#2880,3.);
#33=CYLINDRICAL_SURFACE('',#2884,1.);
#34=CYLINDRICAL_SURFACE('',#2887,6.);
#35=CYLINDRICAL_SURFACE('',#2890,6.);
#36=CYLINDRICAL_SURFACE('',#2892,6.00000000000001);
#37=CYLINDRICAL_SURFACE('',#2898,6.);
#38=CYLINDRICAL_SURFACE('',#2903,3.);
#39=CYLINDRICAL_SURFACE('',#2910,5.);
#40=CYLINDRICAL_SURFACE('',#2914,4.99999999999999);
#41=CYLINDRICAL_SURFACE('',#2915,8.);
#42=CYLINDRICAL_SURFACE('',#2948,3.);
#43=CYLINDRICAL_SURFACE('',#2949,3.);
#44=CYLINDRICAL_SURFACE('',#2950,3.);
#45=CYLINDRICAL_SURFACE('',#2951,3.);
#46=CYLINDRICAL_SURFACE('',#2953,1.99999999999999);
#47=CYLINDRICAL_SURFACE('',#2956,2.);
#48=CYLINDRICAL_SURFACE('',#2958,3.);
#49=CYLINDRICAL_SURFACE('',#2959,3.);
#50=CYLINDRICAL_SURFACE('',#2961,3.);
#51=CYLINDRICAL_SURFACE('',#2980,2.);
#52=CYLINDRICAL_SURFACE('',#2985,2.);
#53=CYLINDRICAL_SURFACE('',#2986,2.);
#54=CYLINDRICAL_SURFACE('',#2991,2.);
#55=CYLINDRICAL_SURFACE('',#2992,2.);
#56=CYLINDRICAL_SURFACE('',#2993,2.);
#57=CYLINDRICAL_SURFACE('',#2994,2.);
#58=CYLINDRICAL_SURFACE('',#2996,1.);
#59=CYLINDRICAL_SURFACE('',#3000,3.);
#60=CYLINDRICAL_SURFACE('',#3003,3.);
#61=CYLINDRICAL_SURFACE('',#3006,3.);
#62=CYLINDRICAL_SURFACE('',#3023,3.);
#63=CYLINDRICAL_SURFACE('',#3026,1.);
#64=CYLINDRICAL_SURFACE('',#3030,1.);
#65=CYLINDRICAL_SURFACE('',#3033,1.);
#66=CYLINDRICAL_SURFACE('',#3050,1.99999999999999);
#67=CYLINDRICAL_SURFACE('',#3052,2.00000000000001);
#68=B_SPLINE_SURFACE_WITH_KNOTS('',3,1,((#4146,#4147),(#4148,#4149),(#4150,
#4151),(#4152,#4153),(#4154,#4155),(#4156,#4157),(#4158,#4159),(#4160,#4161),
(#4162,#4163),(#4164,#4165),(#4166,#4167),(#4168,#4169)),.UNSPECIFIED.,
 .F.,.F.,.F.,(4,2,2,2,2,4),(2,2),(-0.704595818806034,-0.587331248905673,
-0.470474880661778,-0.353447640047604,-0.235957423344655,-0.231733795832142),
(0.,0.905000292931572),.UNSPECIFIED.);
#69=B_SPLINE_SURFACE_WITH_KNOTS('',3,3,((#4303,#4304,#4305,#4306,#4307,
#4308,#4309,#4310,#4311,#4312,#4313),(#4314,#4315,#4316,#4317,#4318,#4319,
#4320,#4321,#4322,#4323,#4324),(#4325,#4326,#4327,#4328,#4329,#4330,#4331,
#4332,#4333,#4334,#4335),(#4336,#4337,#4338,#4339,#4340,#4341,#4342,#4343,
#4344,#4345,#4346),(#4347,#4348,#4349,#4350,#4351,#4352,#4353,#4354,#4355,
#4356,#4357)),.UNSPECIFIED.,.F.,.F.,.F.,(4,1,4),(4,1,1,1,1,1,1,1,4),(-1.88737914186277E-15,
0.571428571428571,1.),(0.487419749527654,0.488750154483837,0.490080559440021,
0.495402179264754,0.506045418914222,0.514027848651322,0.519349468476056,
0.522010278388423,0.52467108830079),.UNSPECIFIED.);
#70=B_SPLINE_SURFACE_WITH_KNOTS('',3,3,((#4368,#4369,#4370,#4371,#4372,
#4373),(#4374,#4375,#4376,#4377,#4378,#4379),(#4380,#4381,#4382,#4383,#4384,
#4385),(#4386,#4387,#4388,#4389,#4390,#4391)),.UNSPECIFIED.,.F.,.F.,.F.,
(4,4),(4,2,4),(0.,1.),(-0.000971011550860296,0.,0.253965250676095),
 .UNSPECIFIED.);
#71=B_SPLINE_SURFACE_WITH_KNOTS('',3,3,((#4399,#4400,#4401,#4402),(#4403,
#4404,#4405,#4406),(#4407,#4408,#4409,#4410),(#4411,#4412,#4413,#4414),
(#4415,#4416,#4417,#4418)),.UNSPECIFIED.,.F.,.F.,.F.,(4,1,4),(4,4),(0.,
0.5,1.),(0.944946255867452,1.20942920288819),.UNSPECIFIED.);
#72=B_SPLINE_SURFACE_WITH_KNOTS('',3,3,((#4421,#4422,#4423,#4424,#4425,
#4426,#4427,#4428),(#4429,#4430,#4431,#4432,#4433,#4434,#4435,#4436),(#4437,
#4438,#4439,#4440,#4441,#4442,#4443,#4444),(#4445,#4446,#4447,#4448,#4449,
#4450,#4451,#4452)),.UNSPECIFIED.,.F.,.F.,.F.,(4,4),(4,2,1,1,4),(0.,1.),
(-0.00115502965650342,0.,0.205490665792394,0.308235998688591,0.513726664480985),
 .UNSPECIFIED.);
#73=B_SPLINE_SURFACE_WITH_KNOTS('',3,3,((#4461,#4462,#4463,#4464),(#4465,
#4466,#4467,#4468),(#4469,#4470,#4471,#4472),(#4473,#4474,#4475,#4476),
(#4477,#4478,#4479,#4480)),.UNSPECIFIED.,.F.,.F.,.F.,(4,1,4),(4,4),(0.,
0.571428571428571,1.),(-1.5707963267949,-1.20942920288819),
 .UNSPECIFIED.);
#74=B_SPLINE_SURFACE_WITH_KNOTS('',3,3,((#4481,#4482,#4483,#4484,#4485,
#4486),(#4487,#4488,#4489,#4490,#4491,#4492),(#4493,#4494,#4495,#4496,#4497,
#4498),(#4499,#4500,#4501,#4502,#4503,#4504)),.UNSPECIFIED.,.F.,.F.,.F.,
(4,4),(4,2,4),(0.,1.),(-0.0587001706607781,-0.0577291591099662,0.196236091566263),
 .UNSPECIFIED.);
#75=B_SPLINE_SURFACE_WITH_KNOTS('',3,3,((#4600,#4601,#4602,#4603,#4604,
#4605),(#4606,#4607,#4608,#4609,#4610,#4611),(#4612,#4613,#4614,#4615,#4616,
#4617),(#4618,#4619,#4620,#4621,#4622,#4623),(#4624,#4625,#4626,#4627,#4628,
#4629)),.UNSPECIFIED.,.F.,.F.,.F.,(4,1,4),(4,1,1,4),(0.,0.571428571428571,
1.),(-1.5707963267949,-0.897597901025655,-0.448798950512828,-6.93889390390718E-17),
 .UNSPECIFIED.);
#76=B_SPLINE_SURFACE_WITH_KNOTS('',3,3,((#4635,#4636,#4637,#4638,#4639,
#4640),(#4641,#4642,#4643,#4644,#4645,#4646),(#4647,#4648,#4649,#4650,#4651,
#4652),(#4653,#4654,#4655,#4656,#4657,#4658),(#4659,#4660,#4661,#4662,#4663,
#4664)),.UNSPECIFIED.,.F.,.F.,.F.,(4,1,4),(4,1,1,4),(0.,0.571428571428571,
1.),(-1.5707963267949,-0.897597901025655,-0.448798950512828,-6.93889390390717E-17),
 .UNSPECIFIED.);
#77=B_SPLINE_SURFACE_WITH_KNOTS('',3,3,((#4670,#4671,#4672,#4673,#4674,
#4675),(#4676,#4677,#4678,#4679,#4680,#4681),(#4682,#4683,#4684,#4685,#4686,
#4687),(#4688,#4689,#4690,#4691,#4692,#4693),(#4694,#4695,#4696,#4697,#4698,
#4699)),.UNSPECIFIED.,.F.,.F.,.F.,(4,1,4),(4,1,1,4),(0.,0.571428571428571,
1.),(-1.5707963267949,-0.897597901025655,-0.448798950512828,4.24043516349889E-17),
 .UNSPECIFIED.);
#78=B_SPLINE_SURFACE_WITH_KNOTS('',3,3,((#4705,#4706,#4707,#4708,#4709,
#4710),(#4711,#4712,#4713,#4714,#4715,#4716),(#4717,#4718,#4719,#4720,#4721,
#4722),(#4723,#4724,#4725,#4726,#4727,#4728),(#4729,#4730,#4731,#4732,#4733,
#4734)),.UNSPECIFIED.,.F.,.F.,.F.,(4,1,4),(4,1,1,4),(0.,0.571428571428571,
1.),(-1.5707963267949,-0.897597901025655,-0.448798950512828,4.24043516349887E-17),
 .UNSPECIFIED.);
#79=B_SPLINE_SURFACE_WITH_KNOTS('',3,3,((#4777,#4778,#4779,#4780,#4781,
#4782),(#4783,#4784,#4785,#4786,#4787,#4788),(#4789,#4790,#4791,#4792,#4793,
#4794),(#4795,#4796,#4797,#4798,#4799,#4800),(#4801,#4802,#4803,#4804,#4805,
#4806)),.UNSPECIFIED.,.F.,.F.,.F.,(4,1,4),(4,1,1,4),(0.,0.571428571428571,
1.),(1.38777878078145E-16,0.448798950512828,0.897597901025655,1.5707963267949),
 .UNSPECIFIED.);
#80=B_SPLINE_SURFACE_WITH_KNOTS('',3,3,((#4812,#4813,#4814,#4815,#4816,
#4817),(#4818,#4819,#4820,#4821,#4822,#4823),(#4824,#4825,#4826,#4827,#4828,
#4829),(#4830,#4831,#4832,#4833,#4834,#4835),(#4836,#4837,#4838,#4839,#4840,
#4841)),.UNSPECIFIED.,.F.,.F.,.F.,(4,1,4),(4,1,1,4),(0.,0.571428571428571,
1.),(6.93889390390723E-17,0.448798950512825,0.673198425769238,1.57079632679489),
 .UNSPECIFIED.);
#81=B_SPLINE_SURFACE_WITH_KNOTS('',3,3,((#4847,#4848,#4849,#4850,#4851,
#4852),(#4853,#4854,#4855,#4856,#4857,#4858),(#4859,#4860,#4861,#4862,#4863,
#4864),(#4865,#4866,#4867,#4868,#4869,#4870),(#4871,#4872,#4873,#4874,#4875,
#4876)),.UNSPECIFIED.,.F.,.F.,.F.,(4,1,4),(4,1,1,4),(0.,0.571428571428571,
1.),(6.93889390390723E-17,0.448798950512825,0.673198425769238,1.57079632679489),
 .UNSPECIFIED.);
#82=B_SPLINE_SURFACE_WITH_KNOTS('',3,3,((#4882,#4883,#4884,#4885,#4886,
#4887),(#4888,#4889,#4890,#4891,#4892,#4893),(#4894,#4895,#4896,#4897,#4898,
#4899),(#4900,#4901,#4902,#4903,#4904,#4905),(#4906,#4907,#4908,#4909,#4910,
#4911)),.UNSPECIFIED.,.F.,.F.,.F.,(4,1,4),(4,1,1,4),(0.,0.571428571428571,
1.),(1.38777878078145E-16,0.448798950512826,0.897597901025651,1.57079632679489),
 .UNSPECIFIED.);
#83=ELLIPSE('',#2864,4.24264068711929,3.);
#84=ELLIPSE('',#2869,4.24264068711928,3.);
#85=ELLIPSE('',#2882,5.,3.);
#86=ELLIPSE('',#2883,5.,3.);
#87=ELLIPSE('',#2895,5.65685424949238,4.);
#88=ELLIPSE('',#2896,5.65685424949238,4.);
#89=ELLIPSE('',#2897,4.24264068711929,3.);
#90=ELLIPSE('',#2937,3.16227766016838,3.);
#91=ELLIPSE('',#2938,3.16227766016838,3.);
#92=ELLIPSE('',#2940,3.16227766016838,3.);
#93=ELLIPSE('',#2941,3.16227766016839,3.);
#94=ELLIPSE('',#2943,3.16227766016837,3.);
#95=ELLIPSE('',#2944,3.16227766016837,3.);
#96=ELLIPSE('',#2946,3.16227766016838,3.);
#97=ELLIPSE('',#2947,3.16227766016838,3.);
#98=ELLIPSE('',#2964,2.23606797749979,2.);
#99=ELLIPSE('',#2965,2.23606797749979,2.);
#100=ELLIPSE('',#2967,2.23606797749979,2.);
#101=ELLIPSE('',#2968,2.23606797749979,2.);
#102=ELLIPSE('',#2970,2.23606797749979,2.);
#103=ELLIPSE('',#2971,2.23606797749979,2.);
#104=ELLIPSE('',#2973,2.23606797749979,2.);
#105=ELLIPSE('',#2974,2.23606797749979,2.);
#106=ELLIPSE('',#2997,1.4142135623731,1.);
#107=ELLIPSE('',#2998,1.4142135623731,1.);
#108=ELLIPSE('',#3027,1.4142135623731,1.);
#109=ELLIPSE('',#3028,1.4142135623731,1.);
#110=ELLIPSE('',#3031,1.4142135623731,1.);
#111=ELLIPSE('',#3032,1.4142135623731,1.);
#112=ELLIPSE('',#3034,1.4142135623731,1.);
#113=ELLIPSE('',#3035,1.4142135623731,1.);
#114=FACE_BOUND('',#368,.T.);
#115=FACE_BOUND('',#483,.T.);
#116=B_SPLINE_CURVE_WITH_KNOTS('',3,(#3947,#3948,#3949,#3950,#3951,#3952,
#3953,#3954,#3955,#3956,#3957,#3958,#3959,#3960,#3961,#3962),
 .UNSPECIFIED.,.F.,.F.,(4,3,3,3,3,4),(-0.472594368918009,-0.468373132105063,
-0.350949418380784,-0.233988418686957,-0.117198194644535,0.),
 .UNSPECIFIED.);
#117=B_SPLINE_CURVE_WITH_KNOTS('',3,(#4027,#4028,#4029,#4030,#4031,#4032,
#4033,#4034,#4035,#4036,#4037,#4038,#4039,#4040,#4041,#4042,#4043,#4044,
#4045,#4046,#4047,#4048),.UNSPECIFIED.,.F.,.F.,(4,3,3,3,3,3,3,4),(-0.023667984601543,
-0.0221077595647574,-0.0205300714156279,-0.017320263864607,-0.0123179734352528,
-0.00546733171883746,-0.0018924668929488,-7.05155539268733E-5),
 .UNSPECIFIED.);
#118=B_SPLINE_CURVE_WITH_KNOTS('',3,(#4069,#4070,#4071,#4072,#4073,#4074,
#4075,#4076),.UNSPECIFIED.,.F.,.F.,(4,2,2,4),(0.611598405639071,0.647027458341231,
0.846198660738284,0.897548110345375),.UNSPECIFIED.);
#119=B_SPLINE_CURVE_WITH_KNOTS('',3,(#4078,#4079,#4080,#4081,#4082,#4083,
#4084,#4085,#4086,#4087),.UNSPECIFIED.,.F.,.F.,(4,2,2,2,4),(-0.183910987375196,
-0.0980499947096395,-0.0088906151524937,0.,0.000216122394689768),
 .UNSPECIFIED.);
#120=B_SPLINE_CURVE_WITH_KNOTS('',3,(#4115,#4116,#4117,#4118,#4119,#4120,
#4121,#4122),.UNSPECIFIED.,.F.,.F.,(4,2,2,4),(-0.194954243857767,-0.194726533498155,
-0.11952698392666,0.),.UNSPECIFIED.);
#121=B_SPLINE_CURVE_WITH_KNOTS('',3,(#4124,#4125,#4126,#4127,#4128,#4129,
#4130,#4131),.UNSPECIFIED.,.F.,.F.,(4,2,2,4),(1.3250888714654,1.37643832107249,
1.57560952346954,1.61103857617171),.UNSPECIFIED.);
#122=B_SPLINE_CURVE_WITH_KNOTS('',3,(#4172,#4173,#4174,#4175,#4176,#4177,
#4178,#4179,#4180,#4181,#4182,#4183),.UNSPECIFIED.,.F.,.F.,(4,2,2,2,2,4),
(-0.704595818806034,-0.587331248905673,-0.470474880661778,-0.353447640047604,
-0.235957423344655,-0.231733795832142),.UNSPECIFIED.);
#123=B_SPLINE_CURVE_WITH_KNOTS('',3,(#4190,#4191,#4192,#4193,#4194,#4195),
 .UNSPECIFIED.,.F.,.F.,(4,2,4),(-0.000971011550860296,0.,0.0577291590871721),
 .UNSPECIFIED.);
#124=B_SPLINE_CURVE_WITH_KNOTS('',3,(#4198,#4199,#4200,#4201,#4202,#4203),
 .UNSPECIFIED.,.F.,.F.,(4,2,4),(8.66686972425789E-13,0.0577291591099662,
0.0587001706607781),.UNSPECIFIED.);
#125=B_SPLINE_CURVE_WITH_KNOTS('',3,(#4209,#4210,#4211,#4212,#4213,#4214,
#4215),.UNSPECIFIED.,.F.,.F.,(4,3,4),(-0.0587001706607781,-0.0577291591099655,
0.196236091566262),.UNSPECIFIED.);
#126=B_SPLINE_CURVE_WITH_KNOTS('',3,(#4260,#4261,#4262,#4263,#4264,#4265,
#4266,#4267),.UNSPECIFIED.,.F.,.F.,(4,2,1,1,4),(-0.00115502965650342,0.,
0.205490665792394,0.308235998688591,0.513726664480985),.UNSPECIFIED.);
#127=B_SPLINE_CURVE_WITH_KNOTS('',3,(#4271,#4272,#4273,#4274,#4275,#4276,
#4277,#4278,#4279,#4280),.UNSPECIFIED.,.F.,.F.,(4,2,2,2,4),(0.,0.205481085848648,
0.410962171697295,0.537973450419082,0.545999162035802),.UNSPECIFIED.);
#128=B_SPLINE_CURVE_WITH_KNOTS('',3,(#4359,#4360,#4361,#4362,#4363,#4364,
#4365,#4366),.UNSPECIFIED.,.F.,.F.,(4,1,1,1,1,4),(0.501059748982494,0.506045418914222,
0.514027848651322,0.519349468476056,0.522010278388423,0.52467108830079),
 .UNSPECIFIED.);
#129=B_SPLINE_CURVE_WITH_KNOTS('',3,(#4392,#4393,#4394,#4395,#4396,#4397,
#4398),.UNSPECIFIED.,.F.,.F.,(4,3,4),(-0.253965250676093,1.70620895884044E-15,
0.000971011550860101),.UNSPECIFIED.);
#130=B_SPLINE_CURVE_WITH_KNOTS('',3,(#4453,#4454,#4455,#4456,#4457,#4458,
#4459,#4460),.UNSPECIFIED.,.F.,.F.,(4,1,1,2,4),(-0.513726664480985,-0.308235998688591,
-0.205490665792394,0.,0.00115502965650342),.UNSPECIFIED.);
#131=CIRCLE('',#2854,3.);
#132=CIRCLE('',#2861,6.);
#133=CIRCLE('',#2863,6.);
#134=CIRCLE('',#2865,1.);
#135=CIRCLE('',#2866,5.);
#136=CIRCLE('',#2867,5.);
#137=CIRCLE('',#2868,1.);
#138=CIRCLE('',#2870,1.);
#139=CIRCLE('',#2871,6.);
#140=CIRCLE('',#2872,6.);
#141=CIRCLE('',#2873,6.00000000000001);
#142=CIRCLE('',#2875,1.99999999999999);
#143=CIRCLE('',#2876,2.00000000000001);
#144=CIRCLE('',#2878,4.99999999999999);
#145=CIRCLE('',#2879,3.);
#146=CIRCLE('',#2881,3.00000000000001);
#147=CIRCLE('',#2885,0.999999999999996);
#148=CIRCLE('',#2888,6.);
#149=CIRCLE('',#2891,6.);
#150=CIRCLE('',#2893,6.00000000000001);
#151=CIRCLE('',#2901,5.);
#152=CIRCLE('',#2902,3.);
#153=CIRCLE('',#2904,2.99999999999999);
#154=CIRCLE('',#2905,3.);
#155=CIRCLE('',#2906,0.999999999999996);
#156=CIRCLE('',#2907,0.999999999999992);
#157=CIRCLE('',#2909,5.);
#158=CIRCLE('',#2913,4.99999999999999);
#159=CIRCLE('',#2916,8.);
#160=CIRCLE('',#2917,8.);
#161=CIRCLE('',#2924,3.);
#162=CIRCLE('',#2927,3.);
#163=CIRCLE('',#2929,3.);
#164=CIRCLE('',#2936,2.);
#165=CIRCLE('',#2939,1.99999999999999);
#166=CIRCLE('',#2942,2.00000000000001);
#167=CIRCLE('',#2945,2.);
#168=CIRCLE('',#2954,1.99999999999999);
#169=CIRCLE('',#2957,2.);
#170=CIRCLE('',#2962,3.);
#171=CIRCLE('',#2966,1.00000000000001);
#172=CIRCLE('',#2969,1.00000000000001);
#173=CIRCLE('',#2972,1.00000000000001);
#174=CIRCLE('',#2975,0.999999999999999);
#175=CIRCLE('',#2976,2.);
#176=CIRCLE('',#2977,3.);
#177=CIRCLE('',#2978,2.00000000000001);
#178=CIRCLE('',#2979,3.);
#179=CIRCLE('',#2981,2.);
#180=CIRCLE('',#2983,2.);
#181=CIRCLE('',#2984,3.);
#182=CIRCLE('',#2987,2.);
#183=CIRCLE('',#2989,1.99999999999999);
#184=CIRCLE('',#2990,3.);
#185=CIRCLE('',#3001,3.);
#186=CIRCLE('',#3004,3.);
#187=CIRCLE('',#3007,3.);
#188=CIRCLE('',#3010,2.5);
#189=CIRCLE('',#3013,3.5);
#190=CIRCLE('',#3016,3.5);
#191=CIRCLE('',#3019,3.);
#192=CIRCLE('',#3020,2.5);
#193=CIRCLE('',#3037,1.50000000000001);
#194=CIRCLE('',#3038,2.00000000000001);
#195=CIRCLE('',#3041,1.49999999999999);
#196=CIRCLE('',#3042,1.99999999999999);
#197=CIRCLE('',#3045,1.49999999999999);
#198=CIRCLE('',#3048,1.5);
#199=FACE_OUTER_BOUND('',#359,.T.);
#200=FACE_OUTER_BOUND('',#360,.T.);
#201=FACE_OUTER_BOUND('',#361,.T.);
#202=FACE_OUTER_BOUND('',#362,.T.);
#203=FACE_OUTER_BOUND('',#363,.T.);
#204=FACE_OUTER_BOUND('',#364,.T.);
#205=FACE_OUTER_BOUND('',#365,.T.);
#206=FACE_OUTER_BOUND('',#366,.T.);
#207=FACE_OUTER_BOUND('',#367,.T.);
#208=FACE_OUTER_BOUND('',#369,.T.);
#209=FACE_OUTER_BOUND('',#370,.T.);
#210=FACE_OUTER_BOUND('',#371,.T.);
#211=FACE_OUTER_BOUND('',#372,.T.);
#212=FACE_OUTER_BOUND('',#373,.T.);
#213=FACE_OUTER_BOUND('',#374,.T.);
#214=FACE_OUTER_BOUND('',#375,.T.);
#215=FACE_OUTER_BOUND('',#376,.T.);
#216=FACE_OUTER_BOUND('',#377,.T.);
#217=FACE_OUTER_BOUND('',#378,.T.);
#218=FACE_OUTER_BOUND('',#379,.T.);
#219=FACE_OUTER_BOUND('',#380,.T.);
#220=FACE_OUTER_BOUND('',#381,.T.);
#221=FACE_OUTER_BOUND('',#382,.T.);
#222=FACE_OUTER_BOUND('',#383,.T.);
#223=FACE_OUTER_BOUND('',#384,.T.);
#224=FACE_OUTER_BOUND('',#385,.T.);
#225=FACE_OUTER_BOUND('',#386,.T.);
#226=FACE_OUTER_BOUND('',#387,.T.);
#227=FACE_OUTER_BOUND('',#388,.T.);
#228=FACE_OUTER_BOUND('',#389,.T.);
#229=FACE_OUTER_BOUND('',#390,.T.);
#230=FACE_OUTER_BOUND('',#391,.T.);
#231=FACE_OUTER_BOUND('',#392,.T.);
#232=FACE_OUTER_BOUND('',#393,.T.);
#233=FACE_OUTER_BOUND('',#394,.T.);
#234=FACE_OUTER_BOUND('',#395,.T.);
#235=FACE_OUTER_BOUND('',#396,.T.);
#236=FACE_OUTER_BOUND('',#397,.T.);
#237=FACE_OUTER_BOUND('',#398,.T.);
#238=FACE_OUTER_BOUND('',#399,.T.);
#239=FACE_OUTER_BOUND('',#400,.T.);
#240=FACE_OUTER_BOUND('',#401,.T.);
#241=FACE_OUTER_BOUND('',#402,.T.);
#242=FACE_OUTER_BOUND('',#403,.T.);
#243=FACE_OUTER_BOUND('',#404,.T.);
#244=FACE_OUTER_BOUND('',#405,.T.);
#245=FACE_OUTER_BOUND('',#406,.T.);
#246=FACE_OUTER_BOUND('',#407,.T.);
#247=FACE_OUTER_BOUND('',#408,.T.);
#248=FACE_OUTER_BOUND('',#409,.T.);
#249=FACE_OUTER_BOUND('',#410,.T.);
#250=FACE_OUTER_BOUND('',#411,.T.);
#251=FACE_OUTER_BOUND('',#412,.T.);
#252=FACE_OUTER_BOUND('',#413,.T.);
#253=FACE_OUTER_BOUND('',#414,.T.);
#254=FACE_OUTER_BOUND('',#415,.T.);
#255=FACE_OUTER_BOUND('',#416,.T.);
#256=FACE_OUTER_BOUND('',#417,.T.);
#257=FACE_OUTER_BOUND('',#418,.T.);
#258=FACE_OUTER_BOUND('',#419,.T.);
#259=FACE_OUTER_BOUND('',#420,.T.);
#260=FACE_OUTER_BOUND('',#421,.T.);
#261=FACE_OUTER_BOUND('',#422,.T.);
#262=FACE_OUTER_BOUND('',#423,.T.);
#263=FACE_OUTER_BOUND('',#424,.T.);
#264=FACE_OUTER_BOUND('',#425,.T.);
#265=FACE_OUTER_BOUND('',#426,.T.);
#266=FACE_OUTER_BOUND('',#427,.T.);
#267=FACE_OUTER_BOUND('',#428,.T.);
#268=FACE_OUTER_BOUND('',#429,.T.);
#269=FACE_OUTER_BOUND('',#430,.T.);
#270=FACE_OUTER_BOUND('',#431,.T.);
#271=FACE_OUTER_BOUND('',#432,.T.);
#272=FACE_OUTER_BOUND('',#433,.T.);
#273=FACE_OUTER_BOUND('',#434,.T.);
#274=FACE_OUTER_BOUND('',#435,.T.);
#275=FACE_OUTER_BOUND('',#436,.T.);
#276=FACE_OUTER_BOUND('',#437,.T.);
#277=FACE_OUTER_BOUND('',#438,.T.);
#278=FACE_OUTER_BOUND('',#439,.T.);
#279=FACE_OUTER_BOUND('',#440,.T.);
#280=FACE_OUTER_BOUND('',#441,.T.);
#281=FACE_OUTER_BOUND('',#442,.T.);
#282=FACE_OUTER_BOUND('',#443,.T.);
#283=FACE_OUTER_BOUND('',#444,.T.);
#284=FACE_OUTER_BOUND('',#445,.T.);
#285=FACE_OUTER_BOUND('',#446,.T.);
#286=FACE_OUTER_BOUND('',#447,.T.);
#287=FACE_OUTER_BOUND('',#448,.T.);
#288=FACE_OUTER_BOUND('',#449,.T.);
#289=FACE_OUTER_BOUND('',#450,.T.);
#290=FACE_OUTER_BOUND('',#451,.T.);
#291=FACE_OUTER_BOUND('',#452,.T.);
#292=FACE_OUTER_BOUND('',#453,.T.);
#293=FACE_OUTER_BOUND('',#454,.T.);
#294=FACE_OUTER_BOUND('',#455,.T.);
#295=FACE_OUTER_BOUND('',#456,.T.);
#296=FACE_OUTER_BOUND('',#457,.T.);
#297=FACE_OUTER_BOUND('',#458,.T.);
#298=FACE_OUTER_BOUND('',#459,.T.);
#299=FACE_OUTER_BOUND('',#460,.T.);
#300=FACE_OUTER_BOUND('',#461,.T.);
#301=FACE_OUTER_BOUND('',#462,.T.);
#302=FACE_OUTER_BOUND('',#463,.T.);
#303=FACE_OUTER_BOUND('',#464,.T.);
#304=FACE_OUTER_BOUND('',#465,.T.);
#305=FACE_OUTER_BOUND('',#466,.T.);
#306=FACE_OUTER_BOUND('',#467,.T.);
#307=FACE_OUTER_BOUND('',#468,.T.);
#308=FACE_OUTER_BOUND('',#469,.T.);
#309=FACE_OUTER_BOUND('',#470,.T.);
#310=FACE_OUTER_BOUND('',#471,.T.);
#311=FACE_OUTER_BOUND('',#472,.T.);
#312=FACE_OUTER_BOUND('',#473,.T.);
#313=FACE_OUTER_BOUND('',#474,.T.);
#314=FACE_OUTER_BOUND('',#475,.T.);
#315=FACE_OUTER_BOUND('',#476,.T.);
#316=FACE_OUTER_BOUND('',#477,.T.);
#317=FACE_OUTER_BOUND('',#478,.T.);
#318=FACE_OUTER_BOUND('',#479,.T.);
#319=FACE_OUTER_BOUND('',#480,.T.);
#320=FACE_OUTER_BOUND('',#481,.T.);
#321=FACE_OUTER_BOUND('',#482,.T.);
#322=FACE_OUTER_BOUND('',#484,.T.);
#323=FACE_OUTER_BOUND('',#485,.T.);
#324=FACE_OUTER_BOUND('',#486,.T.);
#325=FACE_OUTER_BOUND('',#487,.T.);
#326=FACE_OUTER_BOUND('',#488,.T.);
#327=FACE_OUTER_BOUND('',#489,.T.);
#328=FACE_OUTER_BOUND('',#490,.T.);
#329=FACE_OUTER_BOUND('',#491,.T.);
#330=FACE_OUTER_BOUND('',#492,.T.);
#331=FACE_OUTER_BOUND('',#493,.T.);
#332=FACE_OUTER_BOUND('',#494,.T.);
#333=FACE_OUTER_BOUND('',#495,.T.);
#334=FACE_OUTER_BOUND('',#496,.T.);
#335=FACE_OUTER_BOUND('',#497,.T.);
#336=FACE_OUTER_BOUND('',#498,.T.);
#337=FACE_OUTER_BOUND('',#499,.T.);
#338=FACE_OUTER_BOUND('',#500,.T.);
#339=FACE_OUTER_BOUND('',#501,.T.);
#340=FACE_OUTER_BOUND('',#502,.T.);
#341=FACE_OUTER_BOUND('',#503,.T.);
#342=FACE_OUTER_BOUND('',#504,.T.);
#343=FACE_OUTER_BOUND('',#505,.T.);
#344=FACE_OUTER_BOUND('',#506,.T.);
#345=FACE_OUTER_BOUND('',#507,.T.);
#346=FACE_OUTER_BOUND('',#508,.T.);
#347=FACE_OUTER_BOUND('',#509,.T.);
#348=FACE_OUTER_BOUND('',#510,.T.);
#349=FACE_OUTER_BOUND('',#511,.T.);
#350=FACE_OUTER_BOUND('',#512,.T.);
#351=FACE_OUTER_BOUND('',#513,.T.);
#352=FACE_OUTER_BOUND('',#514,.T.);
#353=FACE_OUTER_BOUND('',#515,.T.);
#354=FACE_OUTER_BOUND('',#516,.T.);
#355=FACE_OUTER_BOUND('',#517,.T.);
#356=FACE_OUTER_BOUND('',#518,.T.);
#357=FACE_OUTER_BOUND('',#519,.T.);
#358=FACE_OUTER_BOUND('',#520,.T.);
#359=EDGE_LOOP('',(#1767,#1768,#1769,#1770));
#360=EDGE_LOOP('',(#1771,#1772,#1773,#1774,#1775,#1776));
#361=EDGE_LOOP('',(#1777,#1778,#1779,#1780));
#362=EDGE_LOOP('',(#1781,#1782,#1783,#1784,#1785,#1786,#1787,#1788,#1789,
#1790));
#363=EDGE_LOOP('',(#1791,#1792,#1793,#1794,#1795,#1796,#1797));
#364=EDGE_LOOP('',(#1798,#1799,#1800,#1801));
#365=EDGE_LOOP('',(#1802,#1803,#1804,#1805,#1806,#1807,#1808,#1809,#1810,
#1811));
#366=EDGE_LOOP('',(#1812,#1813,#1814,#1815,#1816,#1817,#1818,#1819));
#367=EDGE_LOOP('',(#1820,#1821,#1822,#1823));
#368=EDGE_LOOP('',(#1824,#1825,#1826,#1827,#1828,#1829,#1830,#1831,#1832,
#1833,#1834,#1835,#1836,#1837,#1838,#1839,#1840,#1841,#1842,#1843,#1844,
#1845,#1846));
#369=EDGE_LOOP('',(#1847,#1848,#1849,#1850));
#370=EDGE_LOOP('',(#1851,#1852,#1853,#1854,#1855,#1856,#1857,#1858));
#371=EDGE_LOOP('',(#1859,#1860,#1861,#1862,#1863,#1864,#1865,#1866,#1867,
#1868,#1869,#1870,#1871,#1872,#1873,#1874,#1875,#1876,#1877,#1878,#1879,
#1880,#1881,#1882,#1883,#1884,#1885,#1886,#1887,#1888,#1889));
#372=EDGE_LOOP('',(#1890,#1891,#1892,#1893));
#373=EDGE_LOOP('',(#1894,#1895,#1896,#1897,#1898,#1899,#1900,#1901));
#374=EDGE_LOOP('',(#1902,#1903,#1904,#1905));
#375=EDGE_LOOP('',(#1906,#1907,#1908,#1909,#1910,#1911,#1912));
#376=EDGE_LOOP('',(#1913,#1914,#1915,#1916));
#377=EDGE_LOOP('',(#1917,#1918,#1919));
#378=EDGE_LOOP('',(#1920,#1921,#1922,#1923));
#379=EDGE_LOOP('',(#1924,#1925,#1926,#1927,#1928,#1929,#1930,#1931));
#380=EDGE_LOOP('',(#1932,#1933,#1934,#1935));
#381=EDGE_LOOP('',(#1936,#1937,#1938,#1939));
#382=EDGE_LOOP('',(#1940,#1941,#1942,#1943,#1944,#1945,#1946,#1947,#1948,
#1949,#1950,#1951,#1952,#1953,#1954,#1955,#1956));
#383=EDGE_LOOP('',(#1957,#1958,#1959,#1960));
#384=EDGE_LOOP('',(#1961,#1962,#1963));
#385=EDGE_LOOP('',(#1964,#1965,#1966));
#386=EDGE_LOOP('',(#1967,#1968,#1969,#1970,#1971,#1972));
#387=EDGE_LOOP('',(#1973,#1974,#1975,#1976));
#388=EDGE_LOOP('',(#1977,#1978,#1979));
#389=EDGE_LOOP('',(#1980,#1981,#1982,#1983));
#390=EDGE_LOOP('',(#1984,#1985,#1986));
#391=EDGE_LOOP('',(#1987,#1988,#1989,#1990));
#392=EDGE_LOOP('',(#1991,#1992,#1993));
#393=EDGE_LOOP('',(#1994,#1995,#1996));
#394=EDGE_LOOP('',(#1997,#1998,#1999,#2000));
#395=EDGE_LOOP('',(#2001,#2002,#2003,#2004));
#396=EDGE_LOOP('',(#2005,#2006,#2007,#2008));
#397=EDGE_LOOP('',(#2009,#2010,#2011,#2012));
#398=EDGE_LOOP('',(#2013,#2014,#2015,#2016));
#399=EDGE_LOOP('',(#2017,#2018,#2019,#2020));
#400=EDGE_LOOP('',(#2021,#2022,#2023,#2024));
#401=EDGE_LOOP('',(#2025,#2026,#2027,#2028));
#402=EDGE_LOOP('',(#2029,#2030,#2031,#2032));
#403=EDGE_LOOP('',(#2033,#2034,#2035,#2036));
#404=EDGE_LOOP('',(#2037,#2038,#2039,#2040,#2041,#2042,#2043,#2044,#2045));
#405=EDGE_LOOP('',(#2046,#2047,#2048,#2049));
#406=EDGE_LOOP('',(#2050,#2051,#2052,#2053,#2054,#2055,#2056,#2057,#2058));
#407=EDGE_LOOP('',(#2059,#2060,#2061,#2062,#2063,#2064,#2065,#2066,#2067));
#408=EDGE_LOOP('',(#2068,#2069,#2070,#2071));
#409=EDGE_LOOP('',(#2072,#2073,#2074,#2075,#2076,#2077,#2078,#2079,#2080));
#410=EDGE_LOOP('',(#2081,#2082,#2083,#2084));
#411=EDGE_LOOP('',(#2085,#2086,#2087,#2088));
#412=EDGE_LOOP('',(#2089,#2090,#2091,#2092));
#413=EDGE_LOOP('',(#2093,#2094,#2095,#2096));
#414=EDGE_LOOP('',(#2097,#2098,#2099));
#415=EDGE_LOOP('',(#2100,#2101,#2102));
#416=EDGE_LOOP('',(#2103,#2104,#2105));
#417=EDGE_LOOP('',(#2106,#2107,#2108));
#418=EDGE_LOOP('',(#2109,#2110,#2111,#2112));
#419=EDGE_LOOP('',(#2113,#2114,#2115,#2116));
#420=EDGE_LOOP('',(#2117,#2118,#2119,#2120));
#421=EDGE_LOOP('',(#2121,#2122,#2123,#2124));
#422=EDGE_LOOP('',(#2125,#2126,#2127,#2128));
#423=EDGE_LOOP('',(#2129,#2130,#2131,#2132));
#424=EDGE_LOOP('',(#2133,#2134,#2135,#2136));
#425=EDGE_LOOP('',(#2137,#2138,#2139,#2140));
#426=EDGE_LOOP('',(#2141,#2142,#2143,#2144));
#427=EDGE_LOOP('',(#2145,#2146,#2147,#2148));
#428=EDGE_LOOP('',(#2149,#2150,#2151,#2152,#2153,#2154));
#429=EDGE_LOOP('',(#2155,#2156,#2157,#2158));
#430=EDGE_LOOP('',(#2159,#2160,#2161,#2162));
#431=EDGE_LOOP('',(#2163,#2164,#2165));
#432=EDGE_LOOP('',(#2166,#2167,#2168));
#433=EDGE_LOOP('',(#2169,#2170,#2171));
#434=EDGE_LOOP('',(#2172,#2173,#2174));
#435=EDGE_LOOP('',(#2175,#2176,#2177,#2178));
#436=EDGE_LOOP('',(#2179,#2180,#2181,#2182));
#437=EDGE_LOOP('',(#2183,#2184,#2185,#2186));
#438=EDGE_LOOP('',(#2187,#2188,#2189,#2190));
#439=EDGE_LOOP('',(#2191,#2192,#2193,#2194));
#440=EDGE_LOOP('',(#2195,#2196,#2197,#2198));
#441=EDGE_LOOP('',(#2199,#2200,#2201,#2202));
#442=EDGE_LOOP('',(#2203,#2204,#2205,#2206));
#443=EDGE_LOOP('',(#2207,#2208,#2209,#2210));
#444=EDGE_LOOP('',(#2211,#2212,#2213,#2214));
#445=EDGE_LOOP('',(#2215,#2216,#2217,#2218));
#446=EDGE_LOOP('',(#2219,#2220,#2221,#2222));
#447=EDGE_LOOP('',(#2223,#2224,#2225,#2226,#2227));
#448=EDGE_LOOP('',(#2228,#2229,#2230,#2231,#2232,#2233));
#449=EDGE_LOOP('',(#2234,#2235,#2236,#2237));
#450=EDGE_LOOP('',(#2238,#2239,#2240,#2241));
#451=EDGE_LOOP('',(#2242,#2243,#2244,#2245));
#452=EDGE_LOOP('',(#2246,#2247,#2248,#2249));
#453=EDGE_LOOP('',(#2250,#2251,#2252,#2253));
#454=EDGE_LOOP('',(#2254,#2255,#2256,#2257));
#455=EDGE_LOOP('',(#2258,#2259,#2260,#2261));
#456=EDGE_LOOP('',(#2262,#2263,#2264,#2265));
#457=EDGE_LOOP('',(#2266,#2267,#2268,#2269));
#458=EDGE_LOOP('',(#2270,#2271,#2272,#2273));
#459=EDGE_LOOP('',(#2274,#2275,#2276,#2277));
#460=EDGE_LOOP('',(#2278,#2279,#2280,#2281));
#461=EDGE_LOOP('',(#2282,#2283,#2284,#2285));
#462=EDGE_LOOP('',(#2286,#2287,#2288,#2289));
#463=EDGE_LOOP('',(#2290,#2291,#2292,#2293,#2294,#2295));
#464=EDGE_LOOP('',(#2296,#2297,#2298,#2299));
#465=EDGE_LOOP('',(#2300,#2301,#2302,#2303));
#466=EDGE_LOOP('',(#2304,#2305,#2306,#2307,#2308,#2309,#2310,#2311,#2312,
#2313,#2314,#2315));
#467=EDGE_LOOP('',(#2316,#2317,#2318,#2319,#2320));
#468=EDGE_LOOP('',(#2321,#2322,#2323,#2324,#2325,#2326,#2327,#2328));
#469=EDGE_LOOP('',(#2329,#2330,#2331,#2332,#2333));
#470=EDGE_LOOP('',(#2334,#2335,#2336,#2337,#2338));
#471=EDGE_LOOP('',(#2339,#2340,#2341,#2342));
#472=EDGE_LOOP('',(#2343,#2344,#2345,#2346));
#473=EDGE_LOOP('',(#2347,#2348,#2349,#2350));
#474=EDGE_LOOP('',(#2351,#2352,#2353,#2354));
#475=EDGE_LOOP('',(#2355,#2356,#2357,#2358));
#476=EDGE_LOOP('',(#2359,#2360,#2361,#2362));
#477=EDGE_LOOP('',(#2363,#2364,#2365,#2366));
#478=EDGE_LOOP('',(#2367,#2368,#2369,#2370));
#479=EDGE_LOOP('',(#2371,#2372,#2373,#2374));
#480=EDGE_LOOP('',(#2375,#2376,#2377,#2378));
#481=EDGE_LOOP('',(#2379,#2380,#2381,#2382));
#482=EDGE_LOOP('',(#2383,#2384,#2385,#2386,#2387,#2388,#2389,#2390));
#483=EDGE_LOOP('',(#2391,#2392,#2393,#2394,#2395,#2396,#2397,#2398,#2399,
#2400,#2401,#2402));
#484=EDGE_LOOP('',(#2403,#2404,#2405,#2406,#2407));
#485=EDGE_LOOP('',(#2408,#2409,#2410,#2411));
#486=EDGE_LOOP('',(#2412,#2413,#2414,#2415));
#487=EDGE_LOOP('',(#2416,#2417,#2418,#2419));
#488=EDGE_LOOP('',(#2420,#2421,#2422,#2423,#2424));
#489=EDGE_LOOP('',(#2425,#2426,#2427,#2428,#2429));
#490=EDGE_LOOP('',(#2430,#2431,#2432,#2433));
#491=EDGE_LOOP('',(#2434,#2435,#2436,#2437,#2438,#2439));
#492=EDGE_LOOP('',(#2440,#2441,#2442,#2443));
#493=EDGE_LOOP('',(#2444,#2445,#2446,#2447));
#494=EDGE_LOOP('',(#2448,#2449,#2450,#2451,#2452));
#495=EDGE_LOOP('',(#2453,#2454,#2455,#2456,#2457,#2458));
#496=EDGE_LOOP('',(#2459,#2460,#2461,#2462));
#497=EDGE_LOOP('',(#2463,#2464,#2465,#2466));
#498=EDGE_LOOP('',(#2467,#2468,#2469,#2470));
#499=EDGE_LOOP('',(#2471,#2472,#2473,#2474));
#500=EDGE_LOOP('',(#2475,#2476,#2477,#2478));
#501=EDGE_LOOP('',(#2479,#2480,#2481,#2482,#2483,#2484));
#502=EDGE_LOOP('',(#2485,#2486,#2487,#2488,#2489,#2490,#2491,#2492,#2493));
#503=EDGE_LOOP('',(#2494,#2495,#2496,#2497,#2498,#2499,#2500,#2501,#2502));
#504=EDGE_LOOP('',(#2503,#2504,#2505,#2506));
#505=EDGE_LOOP('',(#2507,#2508,#2509,#2510));
#506=EDGE_LOOP('',(#2511,#2512,#2513,#2514));
#507=EDGE_LOOP('',(#2515,#2516,#2517,#2518,#2519,#2520,#2521));
#508=EDGE_LOOP('',(#2522,#2523,#2524,#2525));
#509=EDGE_LOOP('',(#2526,#2527,#2528,#2529));
#510=EDGE_LOOP('',(#2530,#2531,#2532,#2533,#2534,#2535,#2536,#2537));
#511=EDGE_LOOP('',(#2538,#2539,#2540,#2541));
#512=EDGE_LOOP('',(#2542,#2543,#2544,#2545));
#513=EDGE_LOOP('',(#2546,#2547,#2548,#2549));
#514=EDGE_LOOP('',(#2550,#2551,#2552,#2553));
#515=EDGE_LOOP('',(#2554,#2555,#2556,#2557,#2558,#2559,#2560));
#516=EDGE_LOOP('',(#2561,#2562,#2563,#2564));
#517=EDGE_LOOP('',(#2565,#2566,#2567,#2568));
#518=EDGE_LOOP('',(#2569,#2570,#2571,#2572,#2573));
#519=EDGE_LOOP('',(#2574,#2575,#2576,#2577));
#520=EDGE_LOOP('',(#2578,#2579,#2580,#2581,#2582));
#521=LINE('',#3875,#815);
#522=LINE('',#3877,#816);
#523=LINE('',#3879,#817);
#524=LINE('',#3880,#818);
#525=LINE('',#3883,#819);
#526=LINE('',#3885,#820);
#527=LINE('',#3887,#821);
#528=LINE('',#3889,#822);
#529=LINE('',#3890,#823);
#530=LINE('',#3893,#824);
#531=LINE('',#3895,#825);
#532=LINE('',#3896,#826);
#533=LINE('',#3899,#827);
#534=LINE('',#3901,#828);
#535=LINE('',#3903,#829);
#536=LINE('',#3905,#830);
#537=LINE('',#3907,#831);
#538=LINE('',#3909,#832);
#539=LINE('',#3910,#833);
#540=LINE('',#3913,#834);
#541=LINE('',#3917,#835);
#542=LINE('',#3919,#836);
#543=LINE('',#3920,#837);
#544=LINE('',#3924,#838);
#545=LINE('',#3926,#839);
#546=LINE('',#3928,#840);
#547=LINE('',#3929,#841);
#548=LINE('',#3933,#842);
#549=LINE('',#3934,#843);
#550=LINE('',#3936,#844);
#551=LINE('',#3938,#845);
#552=LINE('',#3940,#846);
#553=LINE('',#3942,#847);
#554=LINE('',#3944,#848);
#555=LINE('',#3946,#849);
#556=LINE('',#3965,#850);
#557=LINE('',#3967,#851);
#558=LINE('',#3969,#852);
#559=LINE('',#3971,#853);
#560=LINE('',#3973,#854);
#561=LINE('',#3975,#855);
#562=LINE('',#3976,#856);
#563=LINE('',#3980,#857);
#564=LINE('',#3982,#858);
#565=LINE('',#3984,#859);
#566=LINE('',#3985,#860);
#567=LINE('',#3987,#861);
#568=LINE('',#3989,#862);
#569=LINE('',#3991,#863);
#570=LINE('',#3993,#864);
#571=LINE('',#3995,#865);
#572=LINE('',#3996,#866);
#573=LINE('',#3998,#867);
#574=LINE('',#4000,#868);
#575=LINE('',#4002,#869);
#576=LINE('',#4004,#870);
#577=LINE('',#4006,#871);
#578=LINE('',#4008,#872);
#579=LINE('',#4010,#873);
#580=LINE('',#4012,#874);
#581=LINE('',#4014,#875);
#582=LINE('',#4016,#876);
#583=LINE('',#4018,#877);
#584=LINE('',#4020,#878);
#585=LINE('',#4022,#879);
#586=LINE('',#4023,#880);
#587=LINE('',#4026,#881);
#588=LINE('',#4051,#882);
#589=LINE('',#4053,#883);
#590=LINE('',#4055,#884);
#591=LINE('',#4057,#885);
#592=LINE('',#4063,#886);
#593=LINE('',#4065,#887);
#594=LINE('',#4089,#888);
#595=LINE('',#4093,#889);
#596=LINE('',#4097,#890);
#597=LINE('',#4099,#891);
#598=LINE('',#4101,#892);
#599=LINE('',#4103,#893);
#600=LINE('',#4105,#894);
#601=LINE('',#4109,#895);
#602=LINE('',#4113,#896);
#603=LINE('',#4135,#897);
#604=LINE('',#4139,#898);
#605=LINE('',#4143,#899);
#606=LINE('',#4171,#900);
#607=LINE('',#4187,#901);
#608=LINE('',#4197,#902);
#609=LINE('',#4218,#903);
#610=LINE('',#4225,#904);
#611=LINE('',#4227,#905);
#612=LINE('',#4230,#906);
#613=LINE('',#4234,#907);
#614=LINE('',#4237,#908);
#615=LINE('',#4240,#909);
#616=LINE('',#4242,#910);
#617=LINE('',#4244,#911);
#618=LINE('',#4246,#912);
#619=LINE('',#4248,#913);
#620=LINE('',#4249,#914);
#621=LINE('',#4269,#915);
#622=LINE('',#4283,#916);
#623=LINE('',#4284,#917);
#624=LINE('',#4286,#918);
#625=LINE('',#4288,#919);
#626=LINE('',#4290,#920);
#627=LINE('',#4291,#921);
#628=LINE('',#4294,#922);
#629=LINE('',#4301,#923);
#630=LINE('',#4508,#924);
#631=LINE('',#4510,#925);
#632=LINE('',#4519,#926);
#633=LINE('',#4522,#927);
#634=LINE('',#4524,#928);
#635=LINE('',#4525,#929);
#636=LINE('',#4528,#930);
#637=LINE('',#4529,#931);
#638=LINE('',#4532,#932);
#639=LINE('',#4534,#933);
#640=LINE('',#4535,#934);
#641=LINE('',#4538,#935);
#642=LINE('',#4540,#936);
#643=LINE('',#4541,#937);
#644=LINE('',#4544,#938);
#645=LINE('',#4545,#939);
#646=LINE('',#4550,#940);
#647=LINE('',#4551,#941);
#648=LINE('',#4553,#942);
#649=LINE('',#4554,#943);
#650=LINE('',#4557,#944);
#651=LINE('',#4558,#945);
#652=LINE('',#4563,#946);
#653=LINE('',#4564,#947);
#654=LINE('',#4566,#948);
#655=LINE('',#4567,#949);
#656=LINE('',#4570,#950);
#657=LINE('',#4572,#951);
#658=LINE('',#4574,#952);
#659=LINE('',#4577,#953);
#660=LINE('',#4578,#954);
#661=LINE('',#4581,#955);
#662=LINE('',#4583,#956);
#663=LINE('',#4584,#957);
#664=LINE('',#4586,#958);
#665=LINE('',#4587,#959);
#666=LINE('',#4589,#960);
#667=LINE('',#4592,#961);
#668=LINE('',#4594,#962);
#669=LINE('',#4595,#963);
#670=LINE('',#4597,#964);
#671=LINE('',#4599,#965);
#672=LINE('',#4741,#966);
#673=LINE('',#4743,#967);
#674=LINE('',#4745,#968);
#675=LINE('',#4747,#969);
#676=LINE('',#4750,#970);
#677=LINE('',#4752,#971);
#678=LINE('',#4753,#972);
#679=LINE('',#4756,#973);
#680=LINE('',#4760,#974);
#681=LINE('',#4761,#975);
#682=LINE('',#4764,#976);
#683=LINE('',#4767,#977);
#684=LINE('',#4769,#978);
#685=LINE('',#4773,#979);
#686=LINE('',#4776,#980);
#687=LINE('',#4944,#981);
#688=LINE('',#4950,#982);
#689=LINE('',#4953,#983);
#690=LINE('',#4960,#984);
#691=LINE('',#4962,#985);
#692=LINE('',#4964,#986);
#693=LINE('',#4966,#987);
#694=LINE('',#4969,#988);
#695=LINE('',#4971,#989);
#696=LINE('',#4972,#990);
#697=LINE('',#4975,#991);
#698=LINE('',#4981,#992);
#699=LINE('',#4983,#993);
#700=LINE('',#4985,#994);
#701=LINE('',#4986,#995);
#702=LINE('',#4989,#996);
#703=LINE('',#4993,#997);
#704=LINE('',#4994,#998);
#705=LINE('',#4997,#999);
#706=LINE('',#5001,#1000);
#707=LINE('',#5002,#1001);
#708=LINE('',#5005,#1002);
#709=LINE('',#5009,#1003);
#710=LINE('',#5011,#1004);
#711=LINE('',#5012,#1005);
#712=LINE('',#5015,#1006);
#713=LINE('',#5019,#1007);
#714=LINE('',#5020,#1008);
#715=LINE('',#5023,#1009);
#716=LINE('',#5027,#1010);
#717=LINE('',#5028,#1011);
#718=LINE('',#5031,#1012);
#719=LINE('',#5036,#1013);
#720=LINE('',#5037,#1014);
#721=LINE('',#5038,#1015);
#722=LINE('',#5043,#1016);
#723=LINE('',#5048,#1017);
#724=LINE('',#5049,#1018);
#725=LINE('',#5050,#1019);
#726=LINE('',#5053,#1020);
#727=LINE('',#5055,#1021);
#728=LINE('',#5056,#1022);
#729=LINE('',#5057,#1023);
#730=LINE('',#5059,#1024);
#731=LINE('',#5063,#1025);
#732=LINE('',#5065,#1026);
#733=LINE('',#5066,#1027);
#734=LINE('',#5072,#1028);
#735=LINE('',#5075,#1029);
#736=LINE('',#5077,#1030);
#737=LINE('',#5079,#1031);
#738=LINE('',#5081,#1032);
#739=LINE('',#5083,#1033);
#740=LINE('',#5084,#1034);
#741=LINE('',#5090,#1035);
#742=LINE('',#5093,#1036);
#743=LINE('',#5100,#1037);
#744=LINE('',#5104,#1038);
#745=LINE('',#5109,#1039);
#746=LINE('',#5110,#1040);
#747=LINE('',#5111,#1041);
#748=LINE('',#5114,#1042);
#749=LINE('',#5119,#1043);
#750=LINE('',#5120,#1044);
#751=LINE('',#5123,#1045);
#752=LINE('',#5127,#1046);
#753=LINE('',#5128,#1047);
#754=LINE('',#5131,#1048);
#755=LINE('',#5134,#1049);
#756=LINE('',#5135,#1050);
#757=LINE('',#5137,#1051);
#758=LINE('',#5139,#1052);
#759=LINE('',#5141,#1053);
#760=LINE('',#5145,#1054);
#761=LINE('',#5147,#1055);
#762=LINE('',#5149,#1056);
#763=LINE('',#5151,#1057);
#764=LINE('',#5153,#1058);
#765=LINE('',#5155,#1059);
#766=LINE('',#5157,#1060);
#767=LINE('',#5159,#1061);
#768=LINE('',#5161,#1062);
#769=LINE('',#5163,#1063);
#770=LINE('',#5165,#1064);
#771=LINE('',#5166,#1065);
#772=LINE('',#5168,#1066);
#773=LINE('',#5169,#1067);
#774=LINE('',#5172,#1068);
#775=LINE('',#5173,#1069);
#776=LINE('',#5176,#1070);
#777=LINE('',#5177,#1071);
#778=LINE('',#5179,#1072);
#779=LINE('',#5180,#1073);
#780=LINE('',#5182,#1074);
#781=LINE('',#5184,#1075);
#782=LINE('',#5185,#1076);
#783=LINE('',#5188,#1077);
#784=LINE('',#5189,#1078);
#785=LINE('',#5191,#1079);
#786=LINE('',#5194,#1080);
#787=LINE('',#5195,#1081);
#788=LINE('',#5197,#1082);
#789=LINE('',#5198,#1083);
#790=LINE('',#5200,#1084);
#791=LINE('',#5204,#1085);
#792=LINE('',#5205,#1086);
#793=LINE('',#5208,#1087);
#794=LINE('',#5209,#1088);
#795=LINE('',#5211,#1089);
#796=LINE('',#5215,#1090);
#797=LINE('',#5216,#1091);
#798=LINE('',#5220,#1092);
#799=LINE('',#5221,#1093);
#800=LINE('',#5223,#1094);
#801=LINE('',#5225,#1095);
#802=LINE('',#5226,#1096);
#803=LINE('',#5230,#1097);
#804=LINE('',#5231,#1098);
#805=LINE('',#5233,#1099);
#806=LINE('',#5237,#1100);
#807=LINE('',#5238,#1101);
#808=LINE('',#5240,#1102);
#809=LINE('',#5243,#1103);
#810=LINE('',#5247,#1104);
#811=LINE('',#5248,#1105);
#812=LINE('',#5250,#1106);
#813=LINE('',#5255,#1107);
#814=LINE('',#5257,#1108);
#815=VECTOR('',#3095,10.);
#816=VECTOR('',#3096,10.);
#817=VECTOR('',#3097,10.);
#818=VECTOR('',#3098,10.);
#819=VECTOR('',#3101,10.);
#820=VECTOR('',#3102,10.);
#821=VECTOR('',#3103,10.);
#822=VECTOR('',#3104,10.);
#823=VECTOR('',#3105,10.);
#824=VECTOR('',#3108,10.);
#825=VECTOR('',#3109,10.);
#826=VECTOR('',#3110,10.);
#827=VECTOR('',#3113,10.);
#828=VECTOR('',#3114,10.);
#829=VECTOR('',#3115,10.);
#830=VECTOR('',#3116,10.);
#831=VECTOR('',#3117,10.);
#832=VECTOR('',#3118,10.);
#833=VECTOR('',#3119,10.);
#834=VECTOR('',#3122,10.);
#835=VECTOR('',#3125,10.);
#836=VECTOR('',#3126,10.);
#837=VECTOR('',#3127,10.);
#838=VECTOR('',#3130,10.);
#839=VECTOR('',#3131,10.);
#840=VECTOR('',#3132,10.);
#841=VECTOR('',#3133,10.);
#842=VECTOR('',#3136,10.);
#843=VECTOR('',#3137,10.);
#844=VECTOR('',#3138,10.);
#845=VECTOR('',#3139,10.);
#846=VECTOR('',#3140,10.);
#847=VECTOR('',#3141,10.);
#848=VECTOR('',#3142,10.);
#849=VECTOR('',#3143,10.);
#850=VECTOR('',#3146,10.);
#851=VECTOR('',#3147,10.);
#852=VECTOR('',#3148,10.);
#853=VECTOR('',#3149,10.);
#854=VECTOR('',#3150,10.);
#855=VECTOR('',#3151,10.);
#856=VECTOR('',#3152,10.);
#857=VECTOR('',#3155,10.);
#858=VECTOR('',#3156,10.);
#859=VECTOR('',#3157,10.);
#860=VECTOR('',#3158,10.);
#861=VECTOR('',#3159,10.);
#862=VECTOR('',#3160,10.);
#863=VECTOR('',#3161,10.);
#864=VECTOR('',#3162,10.);
#865=VECTOR('',#3163,10.);
#866=VECTOR('',#3164,10.);
#867=VECTOR('',#3165,10.);
#868=VECTOR('',#3166,10.);
#869=VECTOR('',#3167,10.);
#870=VECTOR('',#3168,10.);
#871=VECTOR('',#3169,10.);
#872=VECTOR('',#3170,10.);
#873=VECTOR('',#3171,10.);
#874=VECTOR('',#3172,10.);
#875=VECTOR('',#3173,10.);
#876=VECTOR('',#3174,10.);
#877=VECTOR('',#3175,10.);
#878=VECTOR('',#3176,10.);
#879=VECTOR('',#3177,10.);
#880=VECTOR('',#3178,10.);
#881=VECTOR('',#3181,10.);
#882=VECTOR('',#3184,10.);
#883=VECTOR('',#3185,10.);
#884=VECTOR('',#3186,10.);
#885=VECTOR('',#3187,10.);
#886=VECTOR('',#3194,10.);
#887=VECTOR('',#3195,10.);
#888=VECTOR('',#3198,10.);
#889=VECTOR('',#3201,10.);
#890=VECTOR('',#3204,10.);
#891=VECTOR('',#3205,10.);
#892=VECTOR('',#3206,10.);
#893=VECTOR('',#3207,10.);
#894=VECTOR('',#3208,10.);
#895=VECTOR('',#3211,10.);
#896=VECTOR('',#3214,10.);
#897=VECTOR('',#3217,10.);
#898=VECTOR('',#3220,10.);
#899=VECTOR('',#3223,10.);
#900=VECTOR('',#3228,10.);
#901=VECTOR('',#3231,10.);
#902=VECTOR('',#3234,4.99999999999999);
#903=VECTOR('',#3245,10.);
#904=VECTOR('',#3252,10.);
#905=VECTOR('',#3255,10.);
#906=VECTOR('',#3258,10.);
#907=VECTOR('',#3263,10.);
#908=VECTOR('',#3266,10.);
#909=VECTOR('',#3269,10.);
#910=VECTOR('',#3270,10.);
#911=VECTOR('',#3271,10.);
#912=VECTOR('',#3272,10.);
#913=VECTOR('',#3273,10.);
#914=VECTOR('',#3274,10.);
#915=VECTOR('',#3289,10.);
#916=VECTOR('',#3292,10.);
#917=VECTOR('',#3293,10.);
#918=VECTOR('',#3294,10.);
#919=VECTOR('',#3295,10.);
#920=VECTOR('',#3296,10.);
#921=VECTOR('',#3297,10.);
#922=VECTOR('',#3302,10.);
#923=VECTOR('',#3311,10.);
#924=VECTOR('',#3326,10.);
#925=VECTOR('',#3329,4.99999999999999);
#926=VECTOR('',#3342,10.);
#927=VECTOR('',#3345,10.);
#928=VECTOR('',#3346,10.);
#929=VECTOR('',#3347,10.);
#930=VECTOR('',#3350,10.);
#931=VECTOR('',#3351,10.);
#932=VECTOR('',#3354,10.);
#933=VECTOR('',#3355,10.);
#934=VECTOR('',#3356,10.);
#935=VECTOR('',#3359,10.);
#936=VECTOR('',#3360,10.);
#937=VECTOR('',#3361,10.);
#938=VECTOR('',#3364,10.);
#939=VECTOR('',#3365,10.);
#940=VECTOR('',#3370,10.);
#941=VECTOR('',#3371,10.);
#942=VECTOR('',#3372,10.);
#943=VECTOR('',#3373,10.);
#944=VECTOR('',#3376,10.);
#945=VECTOR('',#3377,10.);
#946=VECTOR('',#3382,10.);
#947=VECTOR('',#3383,10.);
#948=VECTOR('',#3384,10.);
#949=VECTOR('',#3385,10.);
#950=VECTOR('',#3388,10.);
#951=VECTOR('',#3389,10.);
#952=VECTOR('',#3390,10.);
#953=VECTOR('',#3393,10.);
#954=VECTOR('',#3394,10.);
#955=VECTOR('',#3397,10.);
#956=VECTOR('',#3398,10.);
#957=VECTOR('',#3399,10.);
#958=VECTOR('',#3402,10.);
#959=VECTOR('',#3403,10.);
#960=VECTOR('',#3406,10.);
#961=VECTOR('',#3409,10.);
#962=VECTOR('',#3410,10.);
#963=VECTOR('',#3411,10.);
#964=VECTOR('',#3414,10.);
#965=VECTOR('',#3417,10.);
#966=VECTOR('',#3444,10.);
#967=VECTOR('',#3447,10.);
#968=VECTOR('',#3450,10.);
#969=VECTOR('',#3453,10.);
#970=VECTOR('',#3456,10.);
#971=VECTOR('',#3457,10.);
#972=VECTOR('',#3458,10.);
#973=VECTOR('',#3461,10.);
#974=VECTOR('',#3466,10.);
#975=VECTOR('',#3467,10.);
#976=VECTOR('',#3470,10.);
#977=VECTOR('',#3475,10.);
#978=VECTOR('',#3478,10.);
#979=VECTOR('',#3483,10.);
#980=VECTOR('',#3488,10.);
#981=VECTOR('',#3525,10.);
#982=VECTOR('',#3534,10.);
#983=VECTOR('',#3537,10.);
#984=VECTOR('',#3548,10.);
#985=VECTOR('',#3551,10.);
#986=VECTOR('',#3554,10.);
#987=VECTOR('',#3557,10.);
#988=VECTOR('',#3560,10.);
#989=VECTOR('',#3561,10.);
#990=VECTOR('',#3562,10.);
#991=VECTOR('',#3565,10.);
#992=VECTOR('',#3572,10.);
#993=VECTOR('',#3573,10.);
#994=VECTOR('',#3574,10.);
#995=VECTOR('',#3575,10.);
#996=VECTOR('',#3578,10.);
#997=VECTOR('',#3583,10.);
#998=VECTOR('',#3584,10.);
#999=VECTOR('',#3587,10.);
#1000=VECTOR('',#3592,10.);
#1001=VECTOR('',#3593,10.);
#1002=VECTOR('',#3596,10.);
#1003=VECTOR('',#3601,10.);
#1004=VECTOR('',#3602,10.);
#1005=VECTOR('',#3603,10.);
#1006=VECTOR('',#3606,10.);
#1007=VECTOR('',#3611,10.);
#1008=VECTOR('',#3612,10.);
#1009=VECTOR('',#3615,10.);
#1010=VECTOR('',#3620,10.);
#1011=VECTOR('',#3621,10.);
#1012=VECTOR('',#3624,10.);
#1013=VECTOR('',#3629,10.);
#1014=VECTOR('',#3630,10.);
#1015=VECTOR('',#3631,10.);
#1016=VECTOR('',#3636,10.);
#1017=VECTOR('',#3641,10.);
#1018=VECTOR('',#3642,10.);
#1019=VECTOR('',#3643,10.);
#1020=VECTOR('',#3646,10.);
#1021=VECTOR('',#3647,10.);
#1022=VECTOR('',#3648,10.);
#1023=VECTOR('',#3649,10.);
#1024=VECTOR('',#3652,10.);
#1025=VECTOR('',#3657,10.);
#1026=VECTOR('',#3658,10.);
#1027=VECTOR('',#3659,10.);
#1028=VECTOR('',#3666,10.);
#1029=VECTOR('',#3669,10.);
#1030=VECTOR('',#3670,10.);
#1031=VECTOR('',#3671,10.);
#1032=VECTOR('',#3672,10.);
#1033=VECTOR('',#3673,10.);
#1034=VECTOR('',#3674,10.);
#1035=VECTOR('',#3681,10.);
#1036=VECTOR('',#3684,10.);
#1037=VECTOR('',#3691,10.);
#1038=VECTOR('',#3694,10.);
#1039=VECTOR('',#3699,10.);
#1040=VECTOR('',#3700,10.);
#1041=VECTOR('',#3701,10.);
#1042=VECTOR('',#3704,10.);
#1043=VECTOR('',#3711,10.);
#1044=VECTOR('',#3712,10.);
#1045=VECTOR('',#3715,10.);
#1046=VECTOR('',#3720,10.);
#1047=VECTOR('',#3721,10.);
#1048=VECTOR('',#3724,10.);
#1049=VECTOR('',#3729,10.);
#1050=VECTOR('',#3730,10.);
#1051=VECTOR('',#3733,10.);
#1052=VECTOR('',#3736,10.);
#1053=VECTOR('',#3739,10.);
#1054=VECTOR('',#3742,10.);
#1055=VECTOR('',#3743,10.);
#1056=VECTOR('',#3744,10.);
#1057=VECTOR('',#3745,10.);
#1058=VECTOR('',#3746,10.);
#1059=VECTOR('',#3747,10.);
#1060=VECTOR('',#3748,10.);
#1061=VECTOR('',#3749,10.);
#1062=VECTOR('',#3750,10.);
#1063=VECTOR('',#3751,10.);
#1064=VECTOR('',#3752,10.);
#1065=VECTOR('',#3753,10.);
#1066=VECTOR('',#3756,10.);
#1067=VECTOR('',#3757,10.);
#1068=VECTOR('',#3760,10.);
#1069=VECTOR('',#3761,10.);
#1070=VECTOR('',#3764,10.);
#1071=VECTOR('',#3765,10.);
#1072=VECTOR('',#3768,10.);
#1073=VECTOR('',#3769,10.);
#1074=VECTOR('',#3772,10.);
#1075=VECTOR('',#3775,10.);
#1076=VECTOR('',#3776,10.);
#1077=VECTOR('',#3779,10.);
#1078=VECTOR('',#3780,10.);
#1079=VECTOR('',#3783,10.);
#1080=VECTOR('',#3786,10.);
#1081=VECTOR('',#3787,10.);
#1082=VECTOR('',#3790,10.);
#1083=VECTOR('',#3791,10.);
#1084=VECTOR('',#3794,10.);
#1085=VECTOR('',#3799,10.);
#1086=VECTOR('',#3800,10.);
#1087=VECTOR('',#3803,10.);
#1088=VECTOR('',#3804,10.);
#1089=VECTOR('',#3807,10.);
#1090=VECTOR('',#3812,10.);
#1091=VECTOR('',#3813,10.);
#1092=VECTOR('',#3818,10.);
#1093=VECTOR('',#3819,10.);
#1094=VECTOR('',#3822,10.);
#1095=VECTOR('',#3823,10.);
#1096=VECTOR('',#3824,10.);
#1097=VECTOR('',#3829,10.);
#1098=VECTOR('',#3830,10.);
#1099=VECTOR('',#3833,10.);
#1100=VECTOR('',#3838,10.);
#1101=VECTOR('',#3839,10.);
#1102=VECTOR('',#3842,10.);
#1103=VECTOR('',#3847,10.);
#1104=VECTOR('',#3852,10.);
#1105=VECTOR('',#3853,10.);
#1106=VECTOR('',#3856,10.);
#1107=VECTOR('',#3865,10.);
#1108=VECTOR('',#3868,10.);
#1109=VERTEX_POINT('',#3873);
#1110=VERTEX_POINT('',#3874);
#1111=VERTEX_POINT('',#3876);
#1112=VERTEX_POINT('',#3878);
#1113=VERTEX_POINT('',#3882);
#1114=VERTEX_POINT('',#3884);
#1115=VERTEX_POINT('',#3886);
#1116=VERTEX_POINT('',#3888);
#1117=VERTEX_POINT('',#3892);
#1118=VERTEX_POINT('',#3894);
#1119=VERTEX_POINT('',#3898);
#1120=VERTEX_POINT('',#3900);
#1121=VERTEX_POINT('',#3902);
#1122=VERTEX_POINT('',#3904);
#1123=VERTEX_POINT('',#3906);
#1124=VERTEX_POINT('',#3908);
#1125=VERTEX_POINT('',#3912);
#1126=VERTEX_POINT('',#3914);
#1127=VERTEX_POINT('',#3916);
#1128=VERTEX_POINT('',#3918);
#1129=VERTEX_POINT('',#3922);
#1130=VERTEX_POINT('',#3923);
#1131=VERTEX_POINT('',#3925);
#1132=VERTEX_POINT('',#3927);
#1133=VERTEX_POINT('',#3931);
#1134=VERTEX_POINT('',#3932);
#1135=VERTEX_POINT('',#3935);
#1136=VERTEX_POINT('',#3937);
#1137=VERTEX_POINT('',#3939);
#1138=VERTEX_POINT('',#3941);
#1139=VERTEX_POINT('',#3943);
#1140=VERTEX_POINT('',#3945);
#1141=VERTEX_POINT('',#3964);
#1142=VERTEX_POINT('',#3966);
#1143=VERTEX_POINT('',#3968);
#1144=VERTEX_POINT('',#3970);
#1145=VERTEX_POINT('',#3972);
#1146=VERTEX_POINT('',#3974);
#1147=VERTEX_POINT('',#3978);
#1148=VERTEX_POINT('',#3979);
#1149=VERTEX_POINT('',#3981);
#1150=VERTEX_POINT('',#3983);
#1151=VERTEX_POINT('',#3986);
#1152=VERTEX_POINT('',#3988);
#1153=VERTEX_POINT('',#3990);
#1154=VERTEX_POINT('',#3992);
#1155=VERTEX_POINT('',#3994);
#1156=VERTEX_POINT('',#3997);
#1157=VERTEX_POINT('',#3999);
#1158=VERTEX_POINT('',#4001);
#1159=VERTEX_POINT('',#4003);
#1160=VERTEX_POINT('',#4005);
#1161=VERTEX_POINT('',#4007);
#1162=VERTEX_POINT('',#4009);
#1163=VERTEX_POINT('',#4011);
#1164=VERTEX_POINT('',#4013);
#1165=VERTEX_POINT('',#4015);
#1166=VERTEX_POINT('',#4017);
#1167=VERTEX_POINT('',#4019);
#1168=VERTEX_POINT('',#4021);
#1169=VERTEX_POINT('',#4025);
#1170=VERTEX_POINT('',#4050);
#1171=VERTEX_POINT('',#4052);
#1172=VERTEX_POINT('',#4054);
#1173=VERTEX_POINT('',#4056);
#1174=VERTEX_POINT('',#4060);
#1175=VERTEX_POINT('',#4062);
#1176=VERTEX_POINT('',#4064);
#1177=VERTEX_POINT('',#4066);
#1178=VERTEX_POINT('',#4068);
#1179=VERTEX_POINT('',#4077);
#1180=VERTEX_POINT('',#4088);
#1181=VERTEX_POINT('',#4090);
#1182=VERTEX_POINT('',#4092);
#1183=VERTEX_POINT('',#4094);
#1184=VERTEX_POINT('',#4096);
#1185=VERTEX_POINT('',#4098);
#1186=VERTEX_POINT('',#4100);
#1187=VERTEX_POINT('',#4102);
#1188=VERTEX_POINT('',#4104);
#1189=VERTEX_POINT('',#4106);
#1190=VERTEX_POINT('',#4108);
#1191=VERTEX_POINT('',#4110);
#1192=VERTEX_POINT('',#4112);
#1193=VERTEX_POINT('',#4114);
#1194=VERTEX_POINT('',#4123);
#1195=VERTEX_POINT('',#4132);
#1196=VERTEX_POINT('',#4134);
#1197=VERTEX_POINT('',#4136);
#1198=VERTEX_POINT('',#4138);
#1199=VERTEX_POINT('',#4140);
#1200=VERTEX_POINT('',#4142);
#1201=VERTEX_POINT('',#4170);
#1202=VERTEX_POINT('',#4185);
#1203=VERTEX_POINT('',#4186);
#1204=VERTEX_POINT('',#4189);
#1205=VERTEX_POINT('',#4196);
#1206=VERTEX_POINT('',#4206);
#1207=VERTEX_POINT('',#4217);
#1208=VERTEX_POINT('',#4219);
#1209=VERTEX_POINT('',#4221);
#1210=VERTEX_POINT('',#4223);
#1211=VERTEX_POINT('',#4228);
#1212=VERTEX_POINT('',#4233);
#1213=VERTEX_POINT('',#4235);
#1214=VERTEX_POINT('',#4239);
#1215=VERTEX_POINT('',#4241);
#1216=VERTEX_POINT('',#4243);
#1217=VERTEX_POINT('',#4245);
#1218=VERTEX_POINT('',#4247);
#1219=VERTEX_POINT('',#4255);
#1220=VERTEX_POINT('',#4257);
#1221=VERTEX_POINT('',#4259);
#1222=VERTEX_POINT('',#4268);
#1223=VERTEX_POINT('',#4270);
#1224=VERTEX_POINT('',#4281);
#1225=VERTEX_POINT('',#4285);
#1226=VERTEX_POINT('',#4287);
#1227=VERTEX_POINT('',#4289);
#1228=VERTEX_POINT('',#4296);
#1229=VERTEX_POINT('',#4300);
#1230=VERTEX_POINT('',#4358);
#1231=VERTEX_POINT('',#4515);
#1232=VERTEX_POINT('',#4517);
#1233=VERTEX_POINT('',#4521);
#1234=VERTEX_POINT('',#4523);
#1235=VERTEX_POINT('',#4527);
#1236=VERTEX_POINT('',#4531);
#1237=VERTEX_POINT('',#4533);
#1238=VERTEX_POINT('',#4537);
#1239=VERTEX_POINT('',#4539);
#1240=VERTEX_POINT('',#4543);
#1241=VERTEX_POINT('',#4547);
#1242=VERTEX_POINT('',#4549);
#1243=VERTEX_POINT('',#4552);
#1244=VERTEX_POINT('',#4556);
#1245=VERTEX_POINT('',#4560);
#1246=VERTEX_POINT('',#4562);
#1247=VERTEX_POINT('',#4565);
#1248=VERTEX_POINT('',#4569);
#1249=VERTEX_POINT('',#4571);
#1250=VERTEX_POINT('',#4573);
#1251=VERTEX_POINT('',#4576);
#1252=VERTEX_POINT('',#4580);
#1253=VERTEX_POINT('',#4582);
#1254=VERTEX_POINT('',#4591);
#1255=VERTEX_POINT('',#4593);
#1256=VERTEX_POINT('',#4630);
#1257=VERTEX_POINT('',#4631);
#1258=VERTEX_POINT('',#4665);
#1259=VERTEX_POINT('',#4666);
#1260=VERTEX_POINT('',#4700);
#1261=VERTEX_POINT('',#4701);
#1262=VERTEX_POINT('',#4735);
#1263=VERTEX_POINT('',#4736);
#1264=VERTEX_POINT('',#4749);
#1265=VERTEX_POINT('',#4751);
#1266=VERTEX_POINT('',#4755);
#1267=VERTEX_POINT('',#4759);
#1268=VERTEX_POINT('',#4763);
#1269=VERTEX_POINT('',#4772);
#1270=VERTEX_POINT('',#4807);
#1271=VERTEX_POINT('',#4809);
#1272=VERTEX_POINT('',#4842);
#1273=VERTEX_POINT('',#4844);
#1274=VERTEX_POINT('',#4877);
#1275=VERTEX_POINT('',#4879);
#1276=VERTEX_POINT('',#4912);
#1277=VERTEX_POINT('',#4914);
#1278=VERTEX_POINT('',#4926);
#1279=VERTEX_POINT('',#4938);
#1280=VERTEX_POINT('',#4942);
#1281=VERTEX_POINT('',#4946);
#1282=VERTEX_POINT('',#4952);
#1283=VERTEX_POINT('',#4956);
#1284=VERTEX_POINT('',#4968);
#1285=VERTEX_POINT('',#4970);
#1286=VERTEX_POINT('',#4974);
#1287=VERTEX_POINT('',#4976);
#1288=VERTEX_POINT('',#4980);
#1289=VERTEX_POINT('',#4982);
#1290=VERTEX_POINT('',#4984);
#1291=VERTEX_POINT('',#4988);
#1292=VERTEX_POINT('',#4992);
#1293=VERTEX_POINT('',#4996);
#1294=VERTEX_POINT('',#5000);
#1295=VERTEX_POINT('',#5004);
#1296=VERTEX_POINT('',#5008);
#1297=VERTEX_POINT('',#5010);
#1298=VERTEX_POINT('',#5014);
#1299=VERTEX_POINT('',#5018);
#1300=VERTEX_POINT('',#5022);
#1301=VERTEX_POINT('',#5026);
#1302=VERTEX_POINT('',#5030);
#1303=VERTEX_POINT('',#5034);
#1304=VERTEX_POINT('',#5035);
#1305=VERTEX_POINT('',#5040);
#1306=VERTEX_POINT('',#5042);
#1307=VERTEX_POINT('',#5046);
#1308=VERTEX_POINT('',#5047);
#1309=VERTEX_POINT('',#5052);
#1310=VERTEX_POINT('',#5054);
#1311=VERTEX_POINT('',#5062);
#1312=VERTEX_POINT('',#5064);
#1313=VERTEX_POINT('',#5068);
#1314=VERTEX_POINT('',#5070);
#1315=VERTEX_POINT('',#5074);
#1316=VERTEX_POINT('',#5076);
#1317=VERTEX_POINT('',#5078);
#1318=VERTEX_POINT('',#5080);
#1319=VERTEX_POINT('',#5082);
#1320=VERTEX_POINT('',#5086);
#1321=VERTEX_POINT('',#5088);
#1322=VERTEX_POINT('',#5092);
#1323=VERTEX_POINT('',#5094);
#1324=VERTEX_POINT('',#5098);
#1325=VERTEX_POINT('',#5099);
#1326=VERTEX_POINT('',#5101);
#1327=VERTEX_POINT('',#5103);
#1328=VERTEX_POINT('',#5107);
#1329=VERTEX_POINT('',#5108);
#1330=VERTEX_POINT('',#5113);
#1331=VERTEX_POINT('',#5118);
#1332=VERTEX_POINT('',#5122);
#1333=VERTEX_POINT('',#5126);
#1334=VERTEX_POINT('',#5130);
#1335=VERTEX_POINT('',#5143);
#1336=VERTEX_POINT('',#5144);
#1337=VERTEX_POINT('',#5146);
#1338=VERTEX_POINT('',#5148);
#1339=VERTEX_POINT('',#5150);
#1340=VERTEX_POINT('',#5152);
#1341=VERTEX_POINT('',#5154);
#1342=VERTEX_POINT('',#5156);
#1343=VERTEX_POINT('',#5158);
#1344=VERTEX_POINT('',#5160);
#1345=VERTEX_POINT('',#5162);
#1346=VERTEX_POINT('',#5164);
#1347=VERTEX_POINT('',#5171);
#1348=VERTEX_POINT('',#5175);
#1349=VERTEX_POINT('',#5187);
#1350=VERTEX_POINT('',#5193);
#1351=VERTEX_POINT('',#5203);
#1352=VERTEX_POINT('',#5207);
#1353=VERTEX_POINT('',#5214);
#1354=VERTEX_POINT('',#5219);
#1355=VERTEX_POINT('',#5224);
#1356=VERTEX_POINT('',#5229);
#1357=VERTEX_POINT('',#5236);
#1358=VERTEX_POINT('',#5246);
#1359=EDGE_CURVE('',#1109,#1110,#521,.T.);
#1360=EDGE_CURVE('',#1111,#1109,#522,.T.);
#1361=EDGE_CURVE('',#1112,#1111,#523,.T.);
#1362=EDGE_CURVE('',#1110,#1112,#524,.T.);
#1363=EDGE_CURVE('',#1113,#1109,#525,.T.);
#1364=EDGE_CURVE('',#1114,#1113,#526,.T.);
#1365=EDGE_CURVE('',#1115,#1114,#527,.T.);
#1366=EDGE_CURVE('',#1116,#1115,#528,.T.);
#1367=EDGE_CURVE('',#1111,#1116,#529,.T.);
#1368=EDGE_CURVE('',#1117,#1113,#530,.T.);
#1369=EDGE_CURVE('',#1118,#1117,#531,.T.);
#1370=EDGE_CURVE('',#1114,#1118,#532,.T.);
#1371=EDGE_CURVE('',#1119,#1110,#533,.T.);
#1372=EDGE_CURVE('',#1119,#1120,#534,.T.);
#1373=EDGE_CURVE('',#1121,#1120,#535,.T.);
#1374=EDGE_CURVE('',#1122,#1121,#536,.T.);
#1375=EDGE_CURVE('',#1122,#1123,#537,.T.);
#1376=EDGE_CURVE('',#1123,#1124,#538,.T.);
#1377=EDGE_CURVE('',#1117,#1124,#539,.T.);
#1378=EDGE_CURVE('',#1125,#1112,#540,.T.);
#1379=EDGE_CURVE('',#1126,#1125,#131,.T.);
#1380=EDGE_CURVE('',#1127,#1126,#541,.T.);
#1381=EDGE_CURVE('',#1128,#1127,#542,.T.);
#1382=EDGE_CURVE('',#1119,#1128,#543,.T.);
#1383=EDGE_CURVE('',#1129,#1130,#544,.T.);
#1384=EDGE_CURVE('',#1130,#1131,#545,.T.);
#1385=EDGE_CURVE('',#1131,#1132,#546,.T.);
#1386=EDGE_CURVE('',#1129,#1132,#547,.T.);
#1387=EDGE_CURVE('',#1133,#1134,#548,.T.);
#1388=EDGE_CURVE('',#1132,#1133,#549,.T.);
#1389=EDGE_CURVE('',#1135,#1131,#550,.T.);
#1390=EDGE_CURVE('',#1136,#1135,#551,.T.);
#1391=EDGE_CURVE('',#1137,#1136,#552,.T.);
#1392=EDGE_CURVE('',#1138,#1137,#553,.T.);
#1393=EDGE_CURVE('',#1139,#1138,#554,.T.);
#1394=EDGE_CURVE('',#1140,#1139,#555,.T.);
#1395=EDGE_CURVE('',#1134,#1140,#116,.T.);
#1396=EDGE_CURVE('',#1141,#1135,#556,.T.);
#1397=EDGE_CURVE('',#1142,#1141,#557,.T.);
#1398=EDGE_CURVE('',#1142,#1143,#558,.T.);
#1399=EDGE_CURVE('',#1143,#1144,#559,.T.);
#1400=EDGE_CURVE('',#1144,#1145,#560,.T.);
#1401=EDGE_CURVE('',#1146,#1145,#561,.T.);
#1402=EDGE_CURVE('',#1146,#1136,#562,.T.);
#1403=EDGE_CURVE('',#1147,#1148,#563,.T.);
#1404=EDGE_CURVE('',#1149,#1147,#564,.T.);
#1405=EDGE_CURVE('',#1150,#1149,#565,.T.);
#1406=EDGE_CURVE('',#1148,#1150,#566,.T.);
#1407=EDGE_CURVE('',#1133,#1151,#567,.T.);
#1408=EDGE_CURVE('',#1152,#1151,#568,.T.);
#1409=EDGE_CURVE('',#1152,#1153,#569,.T.);
#1410=EDGE_CURVE('',#1153,#1154,#570,.T.);
#1411=EDGE_CURVE('',#1154,#1155,#571,.T.);
#1412=EDGE_CURVE('',#1155,#1127,#572,.T.);
#1413=EDGE_CURVE('',#1156,#1126,#573,.T.);
#1414=EDGE_CURVE('',#1156,#1157,#574,.T.);
#1415=EDGE_CURVE('',#1157,#1158,#575,.T.);
#1416=EDGE_CURVE('',#1158,#1159,#576,.T.);
#1417=EDGE_CURVE('',#1159,#1160,#577,.T.);
#1418=EDGE_CURVE('',#1161,#1160,#578,.T.);
#1419=EDGE_CURVE('',#1161,#1162,#579,.T.);
#1420=EDGE_CURVE('',#1162,#1163,#580,.T.);
#1421=EDGE_CURVE('',#1163,#1164,#581,.T.);
#1422=EDGE_CURVE('',#1164,#1165,#582,.T.);
#1423=EDGE_CURVE('',#1166,#1165,#583,.T.);
#1424=EDGE_CURVE('',#1166,#1167,#584,.T.);
#1425=EDGE_CURVE('',#1167,#1168,#585,.T.);
#1426=EDGE_CURVE('',#1168,#1129,#586,.T.);
#1427=EDGE_CURVE('',#1134,#1169,#587,.T.);
#1428=EDGE_CURVE('',#1151,#1169,#117,.T.);
#1429=EDGE_CURVE('',#1170,#1130,#588,.T.);
#1430=EDGE_CURVE('',#1171,#1170,#589,.T.);
#1431=EDGE_CURVE('',#1171,#1172,#590,.T.);
#1432=EDGE_CURVE('',#1173,#1172,#591,.T.);
#1433=EDGE_CURVE('',#1141,#1173,#132,.T.);
#1434=EDGE_CURVE('',#1142,#1174,#133,.T.);
#1435=EDGE_CURVE('',#1175,#1174,#592,.T.);
#1436=EDGE_CURVE('',#1176,#1175,#593,.T.);
#1437=EDGE_CURVE('',#1177,#1176,#83,.T.);
#1438=EDGE_CURVE('',#1177,#1178,#118,.T.);
#1439=EDGE_CURVE('',#1178,#1179,#119,.T.);
#1440=EDGE_CURVE('',#1180,#1179,#594,.T.);
#1441=EDGE_CURVE('',#1181,#1180,#134,.T.);
#1442=EDGE_CURVE('',#1182,#1181,#595,.T.);
#1443=EDGE_CURVE('',#1183,#1182,#135,.T.);
#1444=EDGE_CURVE('',#1184,#1183,#596,.T.);
#1445=EDGE_CURVE('',#1185,#1184,#597,.T.);
#1446=EDGE_CURVE('',#1186,#1185,#598,.T.);
#1447=EDGE_CURVE('',#1187,#1186,#599,.T.);
#1448=EDGE_CURVE('',#1188,#1187,#600,.T.);
#1449=EDGE_CURVE('',#1189,#1188,#136,.T.);
#1450=EDGE_CURVE('',#1190,#1189,#601,.T.);
#1451=EDGE_CURVE('',#1191,#1190,#137,.T.);
#1452=EDGE_CURVE('',#1192,#1191,#602,.T.);
#1453=EDGE_CURVE('',#1192,#1193,#120,.T.);
#1454=EDGE_CURVE('',#1193,#1194,#121,.T.);
#1455=EDGE_CURVE('',#1194,#1195,#84,.T.);
#1456=EDGE_CURVE('',#1195,#1196,#603,.T.);
#1457=EDGE_CURVE('',#1196,#1197,#138,.T.);
#1458=EDGE_CURVE('',#1197,#1198,#604,.T.);
#1459=EDGE_CURVE('',#1198,#1199,#139,.T.);
#1460=EDGE_CURVE('',#1199,#1200,#605,.T.);
#1461=EDGE_CURVE('',#1200,#1122,#140,.T.);
#1462=EDGE_CURVE('',#1121,#1143,#141,.T.);
#1463=EDGE_CURVE('',#1201,#1140,#606,.T.);
#1464=EDGE_CURVE('',#1169,#1201,#122,.F.);
#1465=EDGE_CURVE('',#1202,#1203,#607,.T.);
#1466=EDGE_CURVE('',#1203,#1180,#142,.T.);
#1467=EDGE_CURVE('',#1204,#1179,#123,.T.);
#1468=EDGE_CURVE('',#1205,#1204,#608,.T.);
#1469=EDGE_CURVE('',#1192,#1205,#124,.T.);
#1470=EDGE_CURVE('',#1202,#1191,#143,.T.);
#1471=EDGE_CURVE('',#1205,#1206,#144,.T.);
#1472=EDGE_CURVE('',#1194,#1206,#145,.T.);
#1473=EDGE_CURVE('',#1205,#1193,#125,.T.);
#1474=EDGE_CURVE('',#1206,#1207,#609,.T.);
#1475=EDGE_CURVE('',#1207,#1208,#146,.T.);
#1476=EDGE_CURVE('',#1209,#1208,#85,.T.);
#1477=EDGE_CURVE('',#1210,#1209,#86,.T.);
#1478=EDGE_CURVE('',#1210,#1195,#610,.T.);
#1479=EDGE_CURVE('',#1196,#1210,#611,.T.);
#1480=EDGE_CURVE('',#1210,#1211,#147,.T.);
#1481=EDGE_CURVE('',#1211,#1197,#612,.T.);
#1482=EDGE_CURVE('',#1198,#1212,#613,.T.);
#1483=EDGE_CURVE('',#1212,#1213,#148,.T.);
#1484=EDGE_CURVE('',#1199,#1213,#614,.T.);
#1485=EDGE_CURVE('',#1213,#1214,#615,.T.);
#1486=EDGE_CURVE('',#1215,#1214,#616,.T.);
#1487=EDGE_CURVE('',#1215,#1216,#617,.T.);
#1488=EDGE_CURVE('',#1217,#1216,#618,.T.);
#1489=EDGE_CURVE('',#1217,#1218,#619,.T.);
#1490=EDGE_CURVE('',#1200,#1218,#620,.T.);
#1491=EDGE_CURVE('',#1218,#1123,#149,.T.);
#1492=EDGE_CURVE('',#1120,#1144,#150,.T.);
#1493=EDGE_CURVE('',#1219,#1211,#87,.T.);
#1494=EDGE_CURVE('',#1220,#1219,#88,.T.);
#1495=EDGE_CURVE('',#1221,#1220,#126,.T.);
#1496=EDGE_CURVE('',#1222,#1221,#621,.T.);
#1497=EDGE_CURVE('',#1222,#1223,#127,.T.);
#1498=EDGE_CURVE('',#1223,#1224,#89,.T.);
#1499=EDGE_CURVE('',#1224,#1175,#622,.T.);
#1500=EDGE_CURVE('',#1174,#1173,#623,.T.);
#1501=EDGE_CURVE('',#1225,#1172,#624,.T.);
#1502=EDGE_CURVE('',#1225,#1226,#625,.T.);
#1503=EDGE_CURVE('',#1227,#1226,#626,.T.);
#1504=EDGE_CURVE('',#1227,#1212,#627,.T.);
#1505=EDGE_CURVE('',#1176,#1224,#628,.T.);
#1506=EDGE_CURVE('',#1222,#1228,#151,.T.);
#1507=EDGE_CURVE('',#1223,#1228,#152,.T.);
#1508=EDGE_CURVE('',#1228,#1229,#629,.T.);
#1509=EDGE_CURVE('',#1229,#1177,#153,.T.);
#1510=EDGE_CURVE('',#1201,#1230,#128,.T.);
#1511=EDGE_CURVE('',#1151,#1230,#154,.T.);
#1512=EDGE_CURVE('',#1178,#1204,#129,.T.);
#1513=EDGE_CURVE('',#1219,#1209,#155,.T.);
#1514=EDGE_CURVE('',#1208,#1220,#156,.T.);
#1515=EDGE_CURVE('',#1208,#1221,#130,.T.);
#1516=EDGE_CURVE('',#1207,#1221,#157,.T.);
#1517=EDGE_CURVE('',#1207,#1228,#630,.T.);
#1518=EDGE_CURVE('',#1229,#1206,#631,.T.);
#1519=EDGE_CURVE('',#1229,#1204,#158,.T.);
#1520=EDGE_CURVE('',#1166,#1231,#159,.F.);
#1521=EDGE_CURVE('',#1165,#1232,#160,.T.);
#1522=EDGE_CURVE('',#1232,#1231,#632,.T.);
#1523=EDGE_CURVE('',#1232,#1233,#633,.T.);
#1524=EDGE_CURVE('',#1234,#1233,#634,.T.);
#1525=EDGE_CURVE('',#1234,#1231,#635,.T.);
#1526=EDGE_CURVE('',#1235,#1146,#636,.T.);
#1527=EDGE_CURVE('',#1137,#1235,#637,.T.);
#1528=EDGE_CURVE('',#1216,#1236,#638,.T.);
#1529=EDGE_CURVE('',#1237,#1215,#639,.T.);
#1530=EDGE_CURVE('',#1236,#1237,#640,.T.);
#1531=EDGE_CURVE('',#1238,#1225,#641,.T.);
#1532=EDGE_CURVE('',#1239,#1238,#642,.T.);
#1533=EDGE_CURVE('',#1226,#1239,#643,.T.);
#1534=EDGE_CURVE('',#1235,#1240,#644,.T.);
#1535=EDGE_CURVE('',#1240,#1138,#645,.T.);
#1536=EDGE_CURVE('',#1241,#1152,#161,.T.);
#1537=EDGE_CURVE('',#1242,#1241,#646,.T.);
#1538=EDGE_CURVE('',#1240,#1242,#647,.T.);
#1539=EDGE_CURVE('',#1243,#1145,#648,.T.);
#1540=EDGE_CURVE('',#1153,#1243,#649,.T.);
#1541=EDGE_CURVE('',#1118,#1244,#650,.T.);
#1542=EDGE_CURVE('',#1115,#1244,#651,.T.);
#1543=EDGE_CURVE('',#1245,#1156,#162,.T.);
#1544=EDGE_CURVE('',#1246,#1245,#652,.T.);
#1545=EDGE_CURVE('',#1244,#1246,#653,.T.);
#1546=EDGE_CURVE('',#1247,#1124,#654,.T.);
#1547=EDGE_CURVE('',#1157,#1247,#655,.T.);
#1548=EDGE_CURVE('',#1248,#1236,#656,.T.);
#1549=EDGE_CURVE('',#1249,#1248,#657,.T.);
#1550=EDGE_CURVE('',#1250,#1249,#658,.T.);
#1551=EDGE_CURVE('',#1160,#1250,#163,.T.);
#1552=EDGE_CURVE('',#1251,#1159,#659,.T.);
#1553=EDGE_CURVE('',#1217,#1251,#660,.T.);
#1554=EDGE_CURVE('',#1238,#1252,#661,.T.);
#1555=EDGE_CURVE('',#1253,#1252,#662,.T.);
#1556=EDGE_CURVE('',#1253,#1239,#663,.T.);
#1557=EDGE_CURVE('',#1252,#1234,#664,.T.);
#1558=EDGE_CURVE('',#1167,#1171,#665,.T.);
#1559=EDGE_CURVE('',#1242,#1139,#666,.T.);
#1560=EDGE_CURVE('',#1248,#1254,#667,.T.);
#1561=EDGE_CURVE('',#1254,#1255,#668,.T.);
#1562=EDGE_CURVE('',#1255,#1249,#669,.T.);
#1563=EDGE_CURVE('',#1233,#1253,#670,.T.);
#1564=EDGE_CURVE('',#1246,#1116,#671,.T.);
#1565=EDGE_CURVE('',#1256,#1257,#164,.T.);
#1566=EDGE_CURVE('',#1257,#1148,#90,.T.);
#1567=EDGE_CURVE('',#1148,#1256,#91,.T.);
#1568=EDGE_CURVE('',#1258,#1259,#165,.T.);
#1569=EDGE_CURVE('',#1259,#1147,#92,.T.);
#1570=EDGE_CURVE('',#1147,#1258,#93,.T.);
#1571=EDGE_CURVE('',#1260,#1261,#166,.T.);
#1572=EDGE_CURVE('',#1261,#1149,#94,.T.);
#1573=EDGE_CURVE('',#1149,#1260,#95,.T.);
#1574=EDGE_CURVE('',#1262,#1263,#167,.T.);
#1575=EDGE_CURVE('',#1263,#1150,#96,.T.);
#1576=EDGE_CURVE('',#1150,#1262,#97,.T.);
#1577=EDGE_CURVE('',#1263,#1256,#672,.T.);
#1578=EDGE_CURVE('',#1261,#1262,#673,.T.);
#1579=EDGE_CURVE('',#1259,#1260,#674,.T.);
#1580=EDGE_CURVE('',#1257,#1258,#675,.T.);
#1581=EDGE_CURVE('',#1257,#1264,#676,.T.);
#1582=EDGE_CURVE('',#1265,#1264,#677,.T.);
#1583=EDGE_CURVE('',#1258,#1265,#678,.T.);
#1584=EDGE_CURVE('',#1256,#1266,#679,.T.);
#1585=EDGE_CURVE('',#1264,#1266,#168,.T.);
#1586=EDGE_CURVE('',#1263,#1267,#680,.T.);
#1587=EDGE_CURVE('',#1266,#1267,#681,.T.);
#1588=EDGE_CURVE('',#1262,#1268,#682,.T.);
#1589=EDGE_CURVE('',#1267,#1268,#169,.T.);
#1590=EDGE_CURVE('',#1230,#1241,#683,.T.);
#1591=EDGE_CURVE('',#1125,#1245,#684,.T.);
#1592=EDGE_CURVE('',#1250,#1269,#685,.T.);
#1593=EDGE_CURVE('',#1269,#1161,#170,.T.);
#1594=EDGE_CURVE('',#1255,#1269,#686,.T.);
#1595=EDGE_CURVE('',#1270,#1187,#98,.T.);
#1596=EDGE_CURVE('',#1187,#1271,#99,.T.);
#1597=EDGE_CURVE('',#1271,#1270,#171,.T.);
#1598=EDGE_CURVE('',#1272,#1186,#100,.T.);
#1599=EDGE_CURVE('',#1186,#1273,#101,.T.);
#1600=EDGE_CURVE('',#1273,#1272,#172,.T.);
#1601=EDGE_CURVE('',#1274,#1185,#102,.T.);
#1602=EDGE_CURVE('',#1185,#1275,#103,.T.);
#1603=EDGE_CURVE('',#1275,#1274,#173,.T.);
#1604=EDGE_CURVE('',#1276,#1184,#104,.T.);
#1605=EDGE_CURVE('',#1184,#1277,#105,.T.);
#1606=EDGE_CURVE('',#1277,#1276,#174,.T.);
#1607=EDGE_CURVE('',#1190,#1278,#175,.T.);
#1608=EDGE_CURVE('',#1278,#1202,#176,.T.);
#1609=EDGE_CURVE('',#1279,#1181,#177,.T.);
#1610=EDGE_CURVE('',#1203,#1279,#178,.T.);
#1611=EDGE_CURVE('',#1280,#1182,#179,.T.);
#1612=EDGE_CURVE('',#1279,#1280,#687,.T.);
#1613=EDGE_CURVE('',#1281,#1183,#180,.T.);
#1614=EDGE_CURVE('',#1280,#1281,#181,.T.);
#1615=EDGE_CURVE('',#1281,#1277,#688,.T.);
#1616=EDGE_CURVE('',#1270,#1282,#689,.T.);
#1617=EDGE_CURVE('',#1282,#1188,#182,.T.);
#1618=EDGE_CURVE('',#1283,#1189,#183,.T.);
#1619=EDGE_CURVE('',#1282,#1283,#184,.T.);
#1620=EDGE_CURVE('',#1283,#1278,#690,.T.);
#1621=EDGE_CURVE('',#1276,#1275,#691,.T.);
#1622=EDGE_CURVE('',#1274,#1273,#692,.T.);
#1623=EDGE_CURVE('',#1272,#1271,#693,.T.);
#1624=EDGE_CURVE('',#1284,#1276,#694,.T.);
#1625=EDGE_CURVE('',#1285,#1284,#695,.T.);
#1626=EDGE_CURVE('',#1275,#1285,#696,.T.);
#1627=EDGE_CURVE('',#1277,#1286,#697,.T.);
#1628=EDGE_CURVE('',#1287,#1286,#106,.F.);
#1629=EDGE_CURVE('',#1284,#1287,#107,.F.);
#1630=EDGE_CURVE('',#1288,#1281,#698,.T.);
#1631=EDGE_CURVE('',#1289,#1288,#699,.T.);
#1632=EDGE_CURVE('',#1290,#1289,#700,.T.);
#1633=EDGE_CURVE('',#1286,#1290,#701,.T.);
#1634=EDGE_CURVE('',#1280,#1291,#702,.T.);
#1635=EDGE_CURVE('',#1288,#1291,#185,.T.);
#1636=EDGE_CURVE('',#1292,#1279,#703,.T.);
#1637=EDGE_CURVE('',#1291,#1292,#704,.T.);
#1638=EDGE_CURVE('',#1203,#1293,#705,.T.);
#1639=EDGE_CURVE('',#1292,#1293,#186,.T.);
#1640=EDGE_CURVE('',#1294,#1202,#706,.T.);
#1641=EDGE_CURVE('',#1293,#1294,#707,.T.);
#1642=EDGE_CURVE('',#1278,#1295,#708,.T.);
#1643=EDGE_CURVE('',#1294,#1295,#187,.T.);
#1644=EDGE_CURVE('',#1296,#1289,#709,.F.);
#1645=EDGE_CURVE('',#1288,#1297,#710,.T.);
#1646=EDGE_CURVE('',#1297,#1296,#711,.T.);
#1647=EDGE_CURVE('',#1291,#1298,#712,.T.);
#1648=EDGE_CURVE('',#1298,#1297,#188,.T.);
#1649=EDGE_CURVE('',#1292,#1299,#713,.T.);
#1650=EDGE_CURVE('',#1299,#1298,#714,.T.);
#1651=EDGE_CURVE('',#1293,#1300,#715,.T.);
#1652=EDGE_CURVE('',#1300,#1299,#189,.T.);
#1653=EDGE_CURVE('',#1294,#1301,#716,.T.);
#1654=EDGE_CURVE('',#1301,#1300,#717,.T.);
#1655=EDGE_CURVE('',#1295,#1302,#718,.T.);
#1656=EDGE_CURVE('',#1302,#1301,#190,.T.);
#1657=EDGE_CURVE('',#1303,#1304,#719,.T.);
#1658=EDGE_CURVE('',#1304,#1302,#720,.T.);
#1659=EDGE_CURVE('',#1295,#1303,#721,.T.);
#1660=EDGE_CURVE('',#1303,#1305,#191,.T.);
#1661=EDGE_CURVE('',#1305,#1306,#722,.T.);
#1662=EDGE_CURVE('',#1306,#1304,#192,.T.);
#1663=EDGE_CURVE('',#1307,#1308,#723,.F.);
#1664=EDGE_CURVE('',#1308,#1306,#724,.T.);
#1665=EDGE_CURVE('',#1305,#1307,#725,.T.);
#1666=EDGE_CURVE('',#1309,#1270,#726,.T.);
#1667=EDGE_CURVE('',#1310,#1309,#727,.T.);
#1668=EDGE_CURVE('',#1307,#1310,#728,.T.);
#1669=EDGE_CURVE('',#1282,#1305,#729,.T.);
#1670=EDGE_CURVE('',#1303,#1283,#730,.T.);
#1671=EDGE_CURVE('',#1311,#1308,#731,.T.);
#1672=EDGE_CURVE('',#1312,#1311,#732,.T.);
#1673=EDGE_CURVE('',#1296,#1312,#733,.T.);
#1674=EDGE_CURVE('',#1285,#1313,#108,.T.);
#1675=EDGE_CURVE('',#1313,#1314,#109,.T.);
#1676=EDGE_CURVE('',#1314,#1274,#734,.T.);
#1677=EDGE_CURVE('',#1315,#1314,#735,.T.);
#1678=EDGE_CURVE('',#1316,#1315,#736,.T.);
#1679=EDGE_CURVE('',#1317,#1316,#737,.T.);
#1680=EDGE_CURVE('',#1318,#1317,#738,.T.);
#1681=EDGE_CURVE('',#1319,#1318,#739,.T.);
#1682=EDGE_CURVE('',#1273,#1319,#740,.T.);
#1683=EDGE_CURVE('',#1320,#1319,#110,.F.);
#1684=EDGE_CURVE('',#1321,#1320,#111,.F.);
#1685=EDGE_CURVE('',#1321,#1272,#741,.T.);
#1686=EDGE_CURVE('',#1271,#1322,#742,.T.);
#1687=EDGE_CURVE('',#1322,#1323,#112,.T.);
#1688=EDGE_CURVE('',#1323,#1309,#113,.T.);
#1689=EDGE_CURVE('',#1324,#1325,#743,.T.);
#1690=EDGE_CURVE('',#1325,#1326,#193,.T.);
#1691=EDGE_CURVE('',#1326,#1327,#744,.T.);
#1692=EDGE_CURVE('',#1327,#1324,#194,.T.);
#1693=EDGE_CURVE('',#1328,#1329,#745,.T.);
#1694=EDGE_CURVE('',#1329,#1325,#746,.T.);
#1695=EDGE_CURVE('',#1324,#1328,#747,.T.);
#1696=EDGE_CURVE('',#1265,#1330,#748,.T.);
#1697=EDGE_CURVE('',#1330,#1329,#195,.T.);
#1698=EDGE_CURVE('',#1328,#1265,#196,.T.);
#1699=EDGE_CURVE('',#1264,#1331,#749,.T.);
#1700=EDGE_CURVE('',#1331,#1330,#750,.T.);
#1701=EDGE_CURVE('',#1266,#1332,#751,.T.);
#1702=EDGE_CURVE('',#1332,#1331,#197,.T.);
#1703=EDGE_CURVE('',#1267,#1333,#752,.T.);
#1704=EDGE_CURVE('',#1333,#1332,#753,.T.);
#1705=EDGE_CURVE('',#1268,#1334,#754,.T.);
#1706=EDGE_CURVE('',#1334,#1333,#198,.T.);
#1707=EDGE_CURVE('',#1326,#1334,#755,.T.);
#1708=EDGE_CURVE('',#1268,#1327,#756,.T.);
#1709=EDGE_CURVE('',#1259,#1328,#757,.T.);
#1710=EDGE_CURVE('',#1260,#1324,#758,.T.);
#1711=EDGE_CURVE('',#1327,#1261,#759,.T.);
#1712=EDGE_CURVE('',#1335,#1336,#760,.T.);
#1713=EDGE_CURVE('',#1337,#1335,#761,.T.);
#1714=EDGE_CURVE('',#1338,#1337,#762,.T.);
#1715=EDGE_CURVE('',#1339,#1338,#763,.T.);
#1716=EDGE_CURVE('',#1340,#1339,#764,.T.);
#1717=EDGE_CURVE('',#1341,#1340,#765,.T.);
#1718=EDGE_CURVE('',#1342,#1341,#766,.T.);
#1719=EDGE_CURVE('',#1343,#1342,#767,.T.);
#1720=EDGE_CURVE('',#1344,#1343,#768,.T.);
#1721=EDGE_CURVE('',#1345,#1344,#769,.T.);
#1722=EDGE_CURVE('',#1346,#1345,#770,.T.);
#1723=EDGE_CURVE('',#1336,#1346,#771,.T.);
#1724=EDGE_CURVE('',#1341,#1315,#772,.T.);
#1725=EDGE_CURVE('',#1313,#1342,#773,.T.);
#1726=EDGE_CURVE('',#1340,#1347,#774,.T.);
#1727=EDGE_CURVE('',#1347,#1315,#775,.T.);
#1728=EDGE_CURVE('',#1339,#1348,#776,.T.);
#1729=EDGE_CURVE('',#1348,#1347,#777,.T.);
#1730=EDGE_CURVE('',#1338,#1318,#778,.T.);
#1731=EDGE_CURVE('',#1318,#1348,#779,.T.);
#1732=EDGE_CURVE('',#1320,#1337,#780,.F.);
#1733=EDGE_CURVE('',#1336,#1310,#781,.T.);
#1734=EDGE_CURVE('',#1323,#1335,#782,.T.);
#1735=EDGE_CURVE('',#1349,#1310,#783,.T.);
#1736=EDGE_CURVE('',#1346,#1349,#784,.T.);
#1737=EDGE_CURVE('',#1322,#1321,#785,.T.);
#1738=EDGE_CURVE('',#1350,#1349,#786,.T.);
#1739=EDGE_CURVE('',#1345,#1350,#787,.T.);
#1740=EDGE_CURVE('',#1290,#1350,#788,.T.);
#1741=EDGE_CURVE('',#1344,#1290,#789,.T.);
#1742=EDGE_CURVE('',#1287,#1343,#790,.F.);
#1743=EDGE_CURVE('',#1351,#1347,#791,.T.);
#1744=EDGE_CURVE('',#1351,#1316,#792,.T.);
#1745=EDGE_CURVE('',#1352,#1348,#793,.T.);
#1746=EDGE_CURVE('',#1352,#1351,#794,.T.);
#1747=EDGE_CURVE('',#1317,#1352,#795,.T.);
#1748=EDGE_CURVE('',#1154,#1353,#796,.T.);
#1749=EDGE_CURVE('',#1353,#1243,#797,.T.);
#1750=EDGE_CURVE('',#1354,#1164,#798,.T.);
#1751=EDGE_CURVE('',#1227,#1354,#799,.T.);
#1752=EDGE_CURVE('',#1237,#1254,#800,.T.);
#1753=EDGE_CURVE('',#1355,#1214,#801,.T.);
#1754=EDGE_CURVE('',#1162,#1355,#802,.T.);
#1755=EDGE_CURVE('',#1247,#1356,#803,.T.);
#1756=EDGE_CURVE('',#1158,#1356,#804,.T.);
#1757=EDGE_CURVE('',#1356,#1251,#805,.T.);
#1758=EDGE_CURVE('',#1353,#1357,#806,.T.);
#1759=EDGE_CURVE('',#1155,#1357,#807,.T.);
#1760=EDGE_CURVE('',#1357,#1128,#808,.T.);
#1761=EDGE_CURVE('',#1168,#1170,#809,.T.);
#1762=EDGE_CURVE('',#1355,#1358,#810,.T.);
#1763=EDGE_CURVE('',#1163,#1358,#811,.T.);
#1764=EDGE_CURVE('',#1358,#1354,#812,.T.);
#1765=EDGE_CURVE('',#1312,#1350,#813,.T.);
#1766=EDGE_CURVE('',#1311,#1349,#814,.T.);
#1767=ORIENTED_EDGE('',*,*,#1359,.F.);
#1768=ORIENTED_EDGE('',*,*,#1360,.F.);
#1769=ORIENTED_EDGE('',*,*,#1361,.F.);
#1770=ORIENTED_EDGE('',*,*,#1362,.F.);
#1771=ORIENTED_EDGE('',*,*,#1363,.F.);
#1772=ORIENTED_EDGE('',*,*,#1364,.F.);
#1773=ORIENTED_EDGE('',*,*,#1365,.F.);
#1774=ORIENTED_EDGE('',*,*,#1366,.F.);
#1775=ORIENTED_EDGE('',*,*,#1367,.F.);
#1776=ORIENTED_EDGE('',*,*,#1360,.T.);
#1777=ORIENTED_EDGE('',*,*,#1364,.T.);
#1778=ORIENTED_EDGE('',*,*,#1368,.F.);
#1779=ORIENTED_EDGE('',*,*,#1369,.F.);
#1780=ORIENTED_EDGE('',*,*,#1370,.F.);
#1781=ORIENTED_EDGE('',*,*,#1363,.T.);
#1782=ORIENTED_EDGE('',*,*,#1359,.T.);
#1783=ORIENTED_EDGE('',*,*,#1371,.F.);
#1784=ORIENTED_EDGE('',*,*,#1372,.T.);
#1785=ORIENTED_EDGE('',*,*,#1373,.F.);
#1786=ORIENTED_EDGE('',*,*,#1374,.F.);
#1787=ORIENTED_EDGE('',*,*,#1375,.T.);
#1788=ORIENTED_EDGE('',*,*,#1376,.T.);
#1789=ORIENTED_EDGE('',*,*,#1377,.F.);
#1790=ORIENTED_EDGE('',*,*,#1368,.T.);
#1791=ORIENTED_EDGE('',*,*,#1362,.T.);
#1792=ORIENTED_EDGE('',*,*,#1378,.F.);
#1793=ORIENTED_EDGE('',*,*,#1379,.F.);
#1794=ORIENTED_EDGE('',*,*,#1380,.F.);
#1795=ORIENTED_EDGE('',*,*,#1381,.F.);
#1796=ORIENTED_EDGE('',*,*,#1382,.F.);
#1797=ORIENTED_EDGE('',*,*,#1371,.T.);
#1798=ORIENTED_EDGE('',*,*,#1383,.T.);
#1799=ORIENTED_EDGE('',*,*,#1384,.T.);
#1800=ORIENTED_EDGE('',*,*,#1385,.T.);
#1801=ORIENTED_EDGE('',*,*,#1386,.F.);
#1802=ORIENTED_EDGE('',*,*,#1387,.F.);
#1803=ORIENTED_EDGE('',*,*,#1388,.F.);
#1804=ORIENTED_EDGE('',*,*,#1385,.F.);
#1805=ORIENTED_EDGE('',*,*,#1389,.F.);
#1806=ORIENTED_EDGE('',*,*,#1390,.F.);
#1807=ORIENTED_EDGE('',*,*,#1391,.F.);
#1808=ORIENTED_EDGE('',*,*,#1392,.F.);
#1809=ORIENTED_EDGE('',*,*,#1393,.F.);
#1810=ORIENTED_EDGE('',*,*,#1394,.F.);
#1811=ORIENTED_EDGE('',*,*,#1395,.F.);
#1812=ORIENTED_EDGE('',*,*,#1390,.T.);
#1813=ORIENTED_EDGE('',*,*,#1396,.F.);
#1814=ORIENTED_EDGE('',*,*,#1397,.F.);
#1815=ORIENTED_EDGE('',*,*,#1398,.T.);
#1816=ORIENTED_EDGE('',*,*,#1399,.T.);
#1817=ORIENTED_EDGE('',*,*,#1400,.T.);
#1818=ORIENTED_EDGE('',*,*,#1401,.F.);
#1819=ORIENTED_EDGE('',*,*,#1402,.T.);
#1820=ORIENTED_EDGE('',*,*,#1403,.F.);
#1821=ORIENTED_EDGE('',*,*,#1404,.F.);
#1822=ORIENTED_EDGE('',*,*,#1405,.F.);
#1823=ORIENTED_EDGE('',*,*,#1406,.F.);
#1824=ORIENTED_EDGE('',*,*,#1386,.T.);
#1825=ORIENTED_EDGE('',*,*,#1388,.T.);
#1826=ORIENTED_EDGE('',*,*,#1407,.T.);
#1827=ORIENTED_EDGE('',*,*,#1408,.F.);
#1828=ORIENTED_EDGE('',*,*,#1409,.T.);
#1829=ORIENTED_EDGE('',*,*,#1410,.T.);
#1830=ORIENTED_EDGE('',*,*,#1411,.T.);
#1831=ORIENTED_EDGE('',*,*,#1412,.T.);
#1832=ORIENTED_EDGE('',*,*,#1380,.T.);
#1833=ORIENTED_EDGE('',*,*,#1413,.F.);
#1834=ORIENTED_EDGE('',*,*,#1414,.T.);
#1835=ORIENTED_EDGE('',*,*,#1415,.T.);
#1836=ORIENTED_EDGE('',*,*,#1416,.T.);
#1837=ORIENTED_EDGE('',*,*,#1417,.T.);
#1838=ORIENTED_EDGE('',*,*,#1418,.F.);
#1839=ORIENTED_EDGE('',*,*,#1419,.T.);
#1840=ORIENTED_EDGE('',*,*,#1420,.T.);
#1841=ORIENTED_EDGE('',*,*,#1421,.T.);
#1842=ORIENTED_EDGE('',*,*,#1422,.T.);
#1843=ORIENTED_EDGE('',*,*,#1423,.F.);
#1844=ORIENTED_EDGE('',*,*,#1424,.T.);
#1845=ORIENTED_EDGE('',*,*,#1425,.T.);
#1846=ORIENTED_EDGE('',*,*,#1426,.T.);
#1847=ORIENTED_EDGE('',*,*,#1387,.T.);
#1848=ORIENTED_EDGE('',*,*,#1427,.T.);
#1849=ORIENTED_EDGE('',*,*,#1428,.F.);
#1850=ORIENTED_EDGE('',*,*,#1407,.F.);
#1851=ORIENTED_EDGE('',*,*,#1429,.F.);
#1852=ORIENTED_EDGE('',*,*,#1430,.F.);
#1853=ORIENTED_EDGE('',*,*,#1431,.T.);
#1854=ORIENTED_EDGE('',*,*,#1432,.F.);
#1855=ORIENTED_EDGE('',*,*,#1433,.F.);
#1856=ORIENTED_EDGE('',*,*,#1396,.T.);
#1857=ORIENTED_EDGE('',*,*,#1389,.T.);
#1858=ORIENTED_EDGE('',*,*,#1384,.F.);
#1859=ORIENTED_EDGE('',*,*,#1398,.F.);
#1860=ORIENTED_EDGE('',*,*,#1434,.T.);
#1861=ORIENTED_EDGE('',*,*,#1435,.F.);
#1862=ORIENTED_EDGE('',*,*,#1436,.F.);
#1863=ORIENTED_EDGE('',*,*,#1437,.F.);
#1864=ORIENTED_EDGE('',*,*,#1438,.T.);
#1865=ORIENTED_EDGE('',*,*,#1439,.T.);
#1866=ORIENTED_EDGE('',*,*,#1440,.F.);
#1867=ORIENTED_EDGE('',*,*,#1441,.F.);
#1868=ORIENTED_EDGE('',*,*,#1442,.F.);
#1869=ORIENTED_EDGE('',*,*,#1443,.F.);
#1870=ORIENTED_EDGE('',*,*,#1444,.F.);
#1871=ORIENTED_EDGE('',*,*,#1445,.F.);
#1872=ORIENTED_EDGE('',*,*,#1446,.F.);
#1873=ORIENTED_EDGE('',*,*,#1447,.F.);
#1874=ORIENTED_EDGE('',*,*,#1448,.F.);
#1875=ORIENTED_EDGE('',*,*,#1449,.F.);
#1876=ORIENTED_EDGE('',*,*,#1450,.F.);
#1877=ORIENTED_EDGE('',*,*,#1451,.F.);
#1878=ORIENTED_EDGE('',*,*,#1452,.F.);
#1879=ORIENTED_EDGE('',*,*,#1453,.T.);
#1880=ORIENTED_EDGE('',*,*,#1454,.T.);
#1881=ORIENTED_EDGE('',*,*,#1455,.T.);
#1882=ORIENTED_EDGE('',*,*,#1456,.T.);
#1883=ORIENTED_EDGE('',*,*,#1457,.T.);
#1884=ORIENTED_EDGE('',*,*,#1458,.T.);
#1885=ORIENTED_EDGE('',*,*,#1459,.T.);
#1886=ORIENTED_EDGE('',*,*,#1460,.T.);
#1887=ORIENTED_EDGE('',*,*,#1461,.T.);
#1888=ORIENTED_EDGE('',*,*,#1374,.T.);
#1889=ORIENTED_EDGE('',*,*,#1462,.T.);
#1890=ORIENTED_EDGE('',*,*,#1395,.T.);
#1891=ORIENTED_EDGE('',*,*,#1463,.F.);
#1892=ORIENTED_EDGE('',*,*,#1464,.F.);
#1893=ORIENTED_EDGE('',*,*,#1427,.F.);
#1894=ORIENTED_EDGE('',*,*,#1465,.T.);
#1895=ORIENTED_EDGE('',*,*,#1466,.T.);
#1896=ORIENTED_EDGE('',*,*,#1440,.T.);
#1897=ORIENTED_EDGE('',*,*,#1467,.F.);
#1898=ORIENTED_EDGE('',*,*,#1468,.F.);
#1899=ORIENTED_EDGE('',*,*,#1469,.F.);
#1900=ORIENTED_EDGE('',*,*,#1452,.T.);
#1901=ORIENTED_EDGE('',*,*,#1470,.F.);
#1902=ORIENTED_EDGE('',*,*,#1471,.T.);
#1903=ORIENTED_EDGE('',*,*,#1472,.F.);
#1904=ORIENTED_EDGE('',*,*,#1454,.F.);
#1905=ORIENTED_EDGE('',*,*,#1473,.F.);
#1906=ORIENTED_EDGE('',*,*,#1455,.F.);
#1907=ORIENTED_EDGE('',*,*,#1472,.T.);
#1908=ORIENTED_EDGE('',*,*,#1474,.T.);
#1909=ORIENTED_EDGE('',*,*,#1475,.T.);
#1910=ORIENTED_EDGE('',*,*,#1476,.F.);
#1911=ORIENTED_EDGE('',*,*,#1477,.F.);
#1912=ORIENTED_EDGE('',*,*,#1478,.T.);
#1913=ORIENTED_EDGE('',*,*,#1457,.F.);
#1914=ORIENTED_EDGE('',*,*,#1479,.T.);
#1915=ORIENTED_EDGE('',*,*,#1480,.T.);
#1916=ORIENTED_EDGE('',*,*,#1481,.T.);
#1917=ORIENTED_EDGE('',*,*,#1456,.F.);
#1918=ORIENTED_EDGE('',*,*,#1478,.F.);
#1919=ORIENTED_EDGE('',*,*,#1479,.F.);
#1920=ORIENTED_EDGE('',*,*,#1459,.F.);
#1921=ORIENTED_EDGE('',*,*,#1482,.T.);
#1922=ORIENTED_EDGE('',*,*,#1483,.T.);
#1923=ORIENTED_EDGE('',*,*,#1484,.F.);
#1924=ORIENTED_EDGE('',*,*,#1460,.F.);
#1925=ORIENTED_EDGE('',*,*,#1484,.T.);
#1926=ORIENTED_EDGE('',*,*,#1485,.T.);
#1927=ORIENTED_EDGE('',*,*,#1486,.F.);
#1928=ORIENTED_EDGE('',*,*,#1487,.T.);
#1929=ORIENTED_EDGE('',*,*,#1488,.F.);
#1930=ORIENTED_EDGE('',*,*,#1489,.T.);
#1931=ORIENTED_EDGE('',*,*,#1490,.F.);
#1932=ORIENTED_EDGE('',*,*,#1461,.F.);
#1933=ORIENTED_EDGE('',*,*,#1490,.T.);
#1934=ORIENTED_EDGE('',*,*,#1491,.T.);
#1935=ORIENTED_EDGE('',*,*,#1375,.F.);
#1936=ORIENTED_EDGE('',*,*,#1462,.F.);
#1937=ORIENTED_EDGE('',*,*,#1373,.T.);
#1938=ORIENTED_EDGE('',*,*,#1492,.T.);
#1939=ORIENTED_EDGE('',*,*,#1399,.F.);
#1940=ORIENTED_EDGE('',*,*,#1493,.F.);
#1941=ORIENTED_EDGE('',*,*,#1494,.F.);
#1942=ORIENTED_EDGE('',*,*,#1495,.F.);
#1943=ORIENTED_EDGE('',*,*,#1496,.F.);
#1944=ORIENTED_EDGE('',*,*,#1497,.T.);
#1945=ORIENTED_EDGE('',*,*,#1498,.T.);
#1946=ORIENTED_EDGE('',*,*,#1499,.T.);
#1947=ORIENTED_EDGE('',*,*,#1435,.T.);
#1948=ORIENTED_EDGE('',*,*,#1500,.T.);
#1949=ORIENTED_EDGE('',*,*,#1432,.T.);
#1950=ORIENTED_EDGE('',*,*,#1501,.F.);
#1951=ORIENTED_EDGE('',*,*,#1502,.T.);
#1952=ORIENTED_EDGE('',*,*,#1503,.F.);
#1953=ORIENTED_EDGE('',*,*,#1504,.T.);
#1954=ORIENTED_EDGE('',*,*,#1482,.F.);
#1955=ORIENTED_EDGE('',*,*,#1458,.F.);
#1956=ORIENTED_EDGE('',*,*,#1481,.F.);
#1957=ORIENTED_EDGE('',*,*,#1397,.T.);
#1958=ORIENTED_EDGE('',*,*,#1433,.T.);
#1959=ORIENTED_EDGE('',*,*,#1500,.F.);
#1960=ORIENTED_EDGE('',*,*,#1434,.F.);
#1961=ORIENTED_EDGE('',*,*,#1436,.T.);
#1962=ORIENTED_EDGE('',*,*,#1499,.F.);
#1963=ORIENTED_EDGE('',*,*,#1505,.F.);
#1964=ORIENTED_EDGE('',*,*,#1497,.F.);
#1965=ORIENTED_EDGE('',*,*,#1506,.T.);
#1966=ORIENTED_EDGE('',*,*,#1507,.F.);
#1967=ORIENTED_EDGE('',*,*,#1437,.T.);
#1968=ORIENTED_EDGE('',*,*,#1505,.T.);
#1969=ORIENTED_EDGE('',*,*,#1498,.F.);
#1970=ORIENTED_EDGE('',*,*,#1507,.T.);
#1971=ORIENTED_EDGE('',*,*,#1508,.T.);
#1972=ORIENTED_EDGE('',*,*,#1509,.T.);
#1973=ORIENTED_EDGE('',*,*,#1464,.T.);
#1974=ORIENTED_EDGE('',*,*,#1510,.T.);
#1975=ORIENTED_EDGE('',*,*,#1511,.F.);
#1976=ORIENTED_EDGE('',*,*,#1428,.T.);
#1977=ORIENTED_EDGE('',*,*,#1439,.F.);
#1978=ORIENTED_EDGE('',*,*,#1512,.T.);
#1979=ORIENTED_EDGE('',*,*,#1467,.T.);
#1980=ORIENTED_EDGE('',*,*,#1513,.T.);
#1981=ORIENTED_EDGE('',*,*,#1476,.T.);
#1982=ORIENTED_EDGE('',*,*,#1514,.T.);
#1983=ORIENTED_EDGE('',*,*,#1494,.T.);
#1984=ORIENTED_EDGE('',*,*,#1495,.T.);
#1985=ORIENTED_EDGE('',*,*,#1514,.F.);
#1986=ORIENTED_EDGE('',*,*,#1515,.T.);
#1987=ORIENTED_EDGE('',*,*,#1513,.F.);
#1988=ORIENTED_EDGE('',*,*,#1493,.T.);
#1989=ORIENTED_EDGE('',*,*,#1480,.F.);
#1990=ORIENTED_EDGE('',*,*,#1477,.T.);
#1991=ORIENTED_EDGE('',*,*,#1473,.T.);
#1992=ORIENTED_EDGE('',*,*,#1453,.F.);
#1993=ORIENTED_EDGE('',*,*,#1469,.T.);
#1994=ORIENTED_EDGE('',*,*,#1515,.F.);
#1995=ORIENTED_EDGE('',*,*,#1475,.F.);
#1996=ORIENTED_EDGE('',*,*,#1516,.T.);
#1997=ORIENTED_EDGE('',*,*,#1516,.F.);
#1998=ORIENTED_EDGE('',*,*,#1517,.T.);
#1999=ORIENTED_EDGE('',*,*,#1506,.F.);
#2000=ORIENTED_EDGE('',*,*,#1496,.T.);
#2001=ORIENTED_EDGE('',*,*,#1508,.F.);
#2002=ORIENTED_EDGE('',*,*,#1517,.F.);
#2003=ORIENTED_EDGE('',*,*,#1474,.F.);
#2004=ORIENTED_EDGE('',*,*,#1518,.F.);
#2005=ORIENTED_EDGE('',*,*,#1438,.F.);
#2006=ORIENTED_EDGE('',*,*,#1509,.F.);
#2007=ORIENTED_EDGE('',*,*,#1519,.T.);
#2008=ORIENTED_EDGE('',*,*,#1512,.F.);
#2009=ORIENTED_EDGE('',*,*,#1471,.F.);
#2010=ORIENTED_EDGE('',*,*,#1468,.T.);
#2011=ORIENTED_EDGE('',*,*,#1519,.F.);
#2012=ORIENTED_EDGE('',*,*,#1518,.T.);
#2013=ORIENTED_EDGE('',*,*,#1520,.F.);
#2014=ORIENTED_EDGE('',*,*,#1423,.T.);
#2015=ORIENTED_EDGE('',*,*,#1521,.T.);
#2016=ORIENTED_EDGE('',*,*,#1522,.T.);
#2017=ORIENTED_EDGE('',*,*,#1522,.F.);
#2018=ORIENTED_EDGE('',*,*,#1523,.T.);
#2019=ORIENTED_EDGE('',*,*,#1524,.F.);
#2020=ORIENTED_EDGE('',*,*,#1525,.T.);
#2021=ORIENTED_EDGE('',*,*,#1391,.T.);
#2022=ORIENTED_EDGE('',*,*,#1402,.F.);
#2023=ORIENTED_EDGE('',*,*,#1526,.F.);
#2024=ORIENTED_EDGE('',*,*,#1527,.F.);
#2025=ORIENTED_EDGE('',*,*,#1528,.F.);
#2026=ORIENTED_EDGE('',*,*,#1487,.F.);
#2027=ORIENTED_EDGE('',*,*,#1529,.F.);
#2028=ORIENTED_EDGE('',*,*,#1530,.F.);
#2029=ORIENTED_EDGE('',*,*,#1531,.F.);
#2030=ORIENTED_EDGE('',*,*,#1532,.F.);
#2031=ORIENTED_EDGE('',*,*,#1533,.F.);
#2032=ORIENTED_EDGE('',*,*,#1502,.F.);
#2033=ORIENTED_EDGE('',*,*,#1392,.T.);
#2034=ORIENTED_EDGE('',*,*,#1527,.T.);
#2035=ORIENTED_EDGE('',*,*,#1534,.T.);
#2036=ORIENTED_EDGE('',*,*,#1535,.T.);
#2037=ORIENTED_EDGE('',*,*,#1536,.F.);
#2038=ORIENTED_EDGE('',*,*,#1537,.F.);
#2039=ORIENTED_EDGE('',*,*,#1538,.F.);
#2040=ORIENTED_EDGE('',*,*,#1534,.F.);
#2041=ORIENTED_EDGE('',*,*,#1526,.T.);
#2042=ORIENTED_EDGE('',*,*,#1401,.T.);
#2043=ORIENTED_EDGE('',*,*,#1539,.F.);
#2044=ORIENTED_EDGE('',*,*,#1540,.F.);
#2045=ORIENTED_EDGE('',*,*,#1409,.F.);
#2046=ORIENTED_EDGE('',*,*,#1365,.T.);
#2047=ORIENTED_EDGE('',*,*,#1370,.T.);
#2048=ORIENTED_EDGE('',*,*,#1541,.T.);
#2049=ORIENTED_EDGE('',*,*,#1542,.F.);
#2050=ORIENTED_EDGE('',*,*,#1543,.F.);
#2051=ORIENTED_EDGE('',*,*,#1544,.F.);
#2052=ORIENTED_EDGE('',*,*,#1545,.F.);
#2053=ORIENTED_EDGE('',*,*,#1541,.F.);
#2054=ORIENTED_EDGE('',*,*,#1369,.T.);
#2055=ORIENTED_EDGE('',*,*,#1377,.T.);
#2056=ORIENTED_EDGE('',*,*,#1546,.F.);
#2057=ORIENTED_EDGE('',*,*,#1547,.F.);
#2058=ORIENTED_EDGE('',*,*,#1414,.F.);
#2059=ORIENTED_EDGE('',*,*,#1488,.T.);
#2060=ORIENTED_EDGE('',*,*,#1528,.T.);
#2061=ORIENTED_EDGE('',*,*,#1548,.F.);
#2062=ORIENTED_EDGE('',*,*,#1549,.F.);
#2063=ORIENTED_EDGE('',*,*,#1550,.F.);
#2064=ORIENTED_EDGE('',*,*,#1551,.F.);
#2065=ORIENTED_EDGE('',*,*,#1417,.F.);
#2066=ORIENTED_EDGE('',*,*,#1552,.F.);
#2067=ORIENTED_EDGE('',*,*,#1553,.F.);
#2068=ORIENTED_EDGE('',*,*,#1532,.T.);
#2069=ORIENTED_EDGE('',*,*,#1554,.T.);
#2070=ORIENTED_EDGE('',*,*,#1555,.F.);
#2071=ORIENTED_EDGE('',*,*,#1556,.T.);
#2072=ORIENTED_EDGE('',*,*,#1424,.F.);
#2073=ORIENTED_EDGE('',*,*,#1520,.T.);
#2074=ORIENTED_EDGE('',*,*,#1525,.F.);
#2075=ORIENTED_EDGE('',*,*,#1557,.F.);
#2076=ORIENTED_EDGE('',*,*,#1554,.F.);
#2077=ORIENTED_EDGE('',*,*,#1531,.T.);
#2078=ORIENTED_EDGE('',*,*,#1501,.T.);
#2079=ORIENTED_EDGE('',*,*,#1431,.F.);
#2080=ORIENTED_EDGE('',*,*,#1558,.F.);
#2081=ORIENTED_EDGE('',*,*,#1393,.T.);
#2082=ORIENTED_EDGE('',*,*,#1535,.F.);
#2083=ORIENTED_EDGE('',*,*,#1538,.T.);
#2084=ORIENTED_EDGE('',*,*,#1559,.T.);
#2085=ORIENTED_EDGE('',*,*,#1549,.T.);
#2086=ORIENTED_EDGE('',*,*,#1560,.T.);
#2087=ORIENTED_EDGE('',*,*,#1561,.T.);
#2088=ORIENTED_EDGE('',*,*,#1562,.T.);
#2089=ORIENTED_EDGE('',*,*,#1557,.T.);
#2090=ORIENTED_EDGE('',*,*,#1524,.T.);
#2091=ORIENTED_EDGE('',*,*,#1563,.T.);
#2092=ORIENTED_EDGE('',*,*,#1555,.T.);
#2093=ORIENTED_EDGE('',*,*,#1366,.T.);
#2094=ORIENTED_EDGE('',*,*,#1542,.T.);
#2095=ORIENTED_EDGE('',*,*,#1545,.T.);
#2096=ORIENTED_EDGE('',*,*,#1564,.T.);
#2097=ORIENTED_EDGE('',*,*,#1565,.T.);
#2098=ORIENTED_EDGE('',*,*,#1566,.T.);
#2099=ORIENTED_EDGE('',*,*,#1567,.T.);
#2100=ORIENTED_EDGE('',*,*,#1568,.T.);
#2101=ORIENTED_EDGE('',*,*,#1569,.T.);
#2102=ORIENTED_EDGE('',*,*,#1570,.T.);
#2103=ORIENTED_EDGE('',*,*,#1571,.T.);
#2104=ORIENTED_EDGE('',*,*,#1572,.T.);
#2105=ORIENTED_EDGE('',*,*,#1573,.T.);
#2106=ORIENTED_EDGE('',*,*,#1574,.T.);
#2107=ORIENTED_EDGE('',*,*,#1575,.T.);
#2108=ORIENTED_EDGE('',*,*,#1576,.T.);
#2109=ORIENTED_EDGE('',*,*,#1567,.F.);
#2110=ORIENTED_EDGE('',*,*,#1406,.T.);
#2111=ORIENTED_EDGE('',*,*,#1575,.F.);
#2112=ORIENTED_EDGE('',*,*,#1577,.T.);
#2113=ORIENTED_EDGE('',*,*,#1572,.F.);
#2114=ORIENTED_EDGE('',*,*,#1578,.T.);
#2115=ORIENTED_EDGE('',*,*,#1576,.F.);
#2116=ORIENTED_EDGE('',*,*,#1405,.T.);
#2117=ORIENTED_EDGE('',*,*,#1569,.F.);
#2118=ORIENTED_EDGE('',*,*,#1579,.T.);
#2119=ORIENTED_EDGE('',*,*,#1573,.F.);
#2120=ORIENTED_EDGE('',*,*,#1404,.T.);
#2121=ORIENTED_EDGE('',*,*,#1566,.F.);
#2122=ORIENTED_EDGE('',*,*,#1580,.T.);
#2123=ORIENTED_EDGE('',*,*,#1570,.F.);
#2124=ORIENTED_EDGE('',*,*,#1403,.T.);
#2125=ORIENTED_EDGE('',*,*,#1580,.F.);
#2126=ORIENTED_EDGE('',*,*,#1581,.T.);
#2127=ORIENTED_EDGE('',*,*,#1582,.F.);
#2128=ORIENTED_EDGE('',*,*,#1583,.F.);
#2129=ORIENTED_EDGE('',*,*,#1565,.F.);
#2130=ORIENTED_EDGE('',*,*,#1584,.T.);
#2131=ORIENTED_EDGE('',*,*,#1585,.F.);
#2132=ORIENTED_EDGE('',*,*,#1581,.F.);
#2133=ORIENTED_EDGE('',*,*,#1577,.F.);
#2134=ORIENTED_EDGE('',*,*,#1586,.T.);
#2135=ORIENTED_EDGE('',*,*,#1587,.F.);
#2136=ORIENTED_EDGE('',*,*,#1584,.F.);
#2137=ORIENTED_EDGE('',*,*,#1574,.F.);
#2138=ORIENTED_EDGE('',*,*,#1588,.T.);
#2139=ORIENTED_EDGE('',*,*,#1589,.F.);
#2140=ORIENTED_EDGE('',*,*,#1586,.F.);
#2141=ORIENTED_EDGE('',*,*,#1511,.T.);
#2142=ORIENTED_EDGE('',*,*,#1590,.T.);
#2143=ORIENTED_EDGE('',*,*,#1536,.T.);
#2144=ORIENTED_EDGE('',*,*,#1408,.T.);
#2145=ORIENTED_EDGE('',*,*,#1379,.T.);
#2146=ORIENTED_EDGE('',*,*,#1591,.T.);
#2147=ORIENTED_EDGE('',*,*,#1543,.T.);
#2148=ORIENTED_EDGE('',*,*,#1413,.T.);
#2149=ORIENTED_EDGE('',*,*,#1367,.T.);
#2150=ORIENTED_EDGE('',*,*,#1564,.F.);
#2151=ORIENTED_EDGE('',*,*,#1544,.T.);
#2152=ORIENTED_EDGE('',*,*,#1591,.F.);
#2153=ORIENTED_EDGE('',*,*,#1378,.T.);
#2154=ORIENTED_EDGE('',*,*,#1361,.T.);
#2155=ORIENTED_EDGE('',*,*,#1551,.T.);
#2156=ORIENTED_EDGE('',*,*,#1592,.T.);
#2157=ORIENTED_EDGE('',*,*,#1593,.T.);
#2158=ORIENTED_EDGE('',*,*,#1418,.T.);
#2159=ORIENTED_EDGE('',*,*,#1592,.F.);
#2160=ORIENTED_EDGE('',*,*,#1550,.T.);
#2161=ORIENTED_EDGE('',*,*,#1562,.F.);
#2162=ORIENTED_EDGE('',*,*,#1594,.T.);
#2163=ORIENTED_EDGE('',*,*,#1595,.T.);
#2164=ORIENTED_EDGE('',*,*,#1596,.T.);
#2165=ORIENTED_EDGE('',*,*,#1597,.T.);
#2166=ORIENTED_EDGE('',*,*,#1598,.T.);
#2167=ORIENTED_EDGE('',*,*,#1599,.T.);
#2168=ORIENTED_EDGE('',*,*,#1600,.T.);
#2169=ORIENTED_EDGE('',*,*,#1601,.T.);
#2170=ORIENTED_EDGE('',*,*,#1602,.T.);
#2171=ORIENTED_EDGE('',*,*,#1603,.T.);
#2172=ORIENTED_EDGE('',*,*,#1604,.T.);
#2173=ORIENTED_EDGE('',*,*,#1605,.T.);
#2174=ORIENTED_EDGE('',*,*,#1606,.T.);
#2175=ORIENTED_EDGE('',*,*,#1607,.T.);
#2176=ORIENTED_EDGE('',*,*,#1608,.T.);
#2177=ORIENTED_EDGE('',*,*,#1470,.T.);
#2178=ORIENTED_EDGE('',*,*,#1451,.T.);
#2179=ORIENTED_EDGE('',*,*,#1609,.T.);
#2180=ORIENTED_EDGE('',*,*,#1441,.T.);
#2181=ORIENTED_EDGE('',*,*,#1466,.F.);
#2182=ORIENTED_EDGE('',*,*,#1610,.T.);
#2183=ORIENTED_EDGE('',*,*,#1611,.T.);
#2184=ORIENTED_EDGE('',*,*,#1442,.T.);
#2185=ORIENTED_EDGE('',*,*,#1609,.F.);
#2186=ORIENTED_EDGE('',*,*,#1612,.T.);
#2187=ORIENTED_EDGE('',*,*,#1613,.T.);
#2188=ORIENTED_EDGE('',*,*,#1443,.T.);
#2189=ORIENTED_EDGE('',*,*,#1611,.F.);
#2190=ORIENTED_EDGE('',*,*,#1614,.T.);
#2191=ORIENTED_EDGE('',*,*,#1605,.F.);
#2192=ORIENTED_EDGE('',*,*,#1444,.T.);
#2193=ORIENTED_EDGE('',*,*,#1613,.F.);
#2194=ORIENTED_EDGE('',*,*,#1615,.T.);
#2195=ORIENTED_EDGE('',*,*,#1595,.F.);
#2196=ORIENTED_EDGE('',*,*,#1616,.T.);
#2197=ORIENTED_EDGE('',*,*,#1617,.T.);
#2198=ORIENTED_EDGE('',*,*,#1448,.T.);
#2199=ORIENTED_EDGE('',*,*,#1618,.T.);
#2200=ORIENTED_EDGE('',*,*,#1449,.T.);
#2201=ORIENTED_EDGE('',*,*,#1617,.F.);
#2202=ORIENTED_EDGE('',*,*,#1619,.T.);
#2203=ORIENTED_EDGE('',*,*,#1618,.F.);
#2204=ORIENTED_EDGE('',*,*,#1620,.T.);
#2205=ORIENTED_EDGE('',*,*,#1607,.F.);
#2206=ORIENTED_EDGE('',*,*,#1450,.T.);
#2207=ORIENTED_EDGE('',*,*,#1602,.F.);
#2208=ORIENTED_EDGE('',*,*,#1445,.T.);
#2209=ORIENTED_EDGE('',*,*,#1604,.F.);
#2210=ORIENTED_EDGE('',*,*,#1621,.T.);
#2211=ORIENTED_EDGE('',*,*,#1599,.F.);
#2212=ORIENTED_EDGE('',*,*,#1446,.T.);
#2213=ORIENTED_EDGE('',*,*,#1601,.F.);
#2214=ORIENTED_EDGE('',*,*,#1622,.T.);
#2215=ORIENTED_EDGE('',*,*,#1596,.F.);
#2216=ORIENTED_EDGE('',*,*,#1447,.T.);
#2217=ORIENTED_EDGE('',*,*,#1598,.F.);
#2218=ORIENTED_EDGE('',*,*,#1623,.T.);
#2219=ORIENTED_EDGE('',*,*,#1621,.F.);
#2220=ORIENTED_EDGE('',*,*,#1624,.F.);
#2221=ORIENTED_EDGE('',*,*,#1625,.F.);
#2222=ORIENTED_EDGE('',*,*,#1626,.F.);
#2223=ORIENTED_EDGE('',*,*,#1606,.F.);
#2224=ORIENTED_EDGE('',*,*,#1627,.T.);
#2225=ORIENTED_EDGE('',*,*,#1628,.F.);
#2226=ORIENTED_EDGE('',*,*,#1629,.F.);
#2227=ORIENTED_EDGE('',*,*,#1624,.T.);
#2228=ORIENTED_EDGE('',*,*,#1615,.F.);
#2229=ORIENTED_EDGE('',*,*,#1630,.F.);
#2230=ORIENTED_EDGE('',*,*,#1631,.F.);
#2231=ORIENTED_EDGE('',*,*,#1632,.F.);
#2232=ORIENTED_EDGE('',*,*,#1633,.F.);
#2233=ORIENTED_EDGE('',*,*,#1627,.F.);
#2234=ORIENTED_EDGE('',*,*,#1614,.F.);
#2235=ORIENTED_EDGE('',*,*,#1634,.T.);
#2236=ORIENTED_EDGE('',*,*,#1635,.F.);
#2237=ORIENTED_EDGE('',*,*,#1630,.T.);
#2238=ORIENTED_EDGE('',*,*,#1612,.F.);
#2239=ORIENTED_EDGE('',*,*,#1636,.F.);
#2240=ORIENTED_EDGE('',*,*,#1637,.F.);
#2241=ORIENTED_EDGE('',*,*,#1634,.F.);
#2242=ORIENTED_EDGE('',*,*,#1610,.F.);
#2243=ORIENTED_EDGE('',*,*,#1638,.T.);
#2244=ORIENTED_EDGE('',*,*,#1639,.F.);
#2245=ORIENTED_EDGE('',*,*,#1636,.T.);
#2246=ORIENTED_EDGE('',*,*,#1465,.F.);
#2247=ORIENTED_EDGE('',*,*,#1640,.F.);
#2248=ORIENTED_EDGE('',*,*,#1641,.F.);
#2249=ORIENTED_EDGE('',*,*,#1638,.F.);
#2250=ORIENTED_EDGE('',*,*,#1608,.F.);
#2251=ORIENTED_EDGE('',*,*,#1642,.T.);
#2252=ORIENTED_EDGE('',*,*,#1643,.F.);
#2253=ORIENTED_EDGE('',*,*,#1640,.T.);
#2254=ORIENTED_EDGE('',*,*,#1644,.T.);
#2255=ORIENTED_EDGE('',*,*,#1631,.T.);
#2256=ORIENTED_EDGE('',*,*,#1645,.T.);
#2257=ORIENTED_EDGE('',*,*,#1646,.T.);
#2258=ORIENTED_EDGE('',*,*,#1645,.F.);
#2259=ORIENTED_EDGE('',*,*,#1635,.T.);
#2260=ORIENTED_EDGE('',*,*,#1647,.T.);
#2261=ORIENTED_EDGE('',*,*,#1648,.T.);
#2262=ORIENTED_EDGE('',*,*,#1649,.T.);
#2263=ORIENTED_EDGE('',*,*,#1650,.T.);
#2264=ORIENTED_EDGE('',*,*,#1647,.F.);
#2265=ORIENTED_EDGE('',*,*,#1637,.T.);
#2266=ORIENTED_EDGE('',*,*,#1649,.F.);
#2267=ORIENTED_EDGE('',*,*,#1639,.T.);
#2268=ORIENTED_EDGE('',*,*,#1651,.T.);
#2269=ORIENTED_EDGE('',*,*,#1652,.T.);
#2270=ORIENTED_EDGE('',*,*,#1653,.T.);
#2271=ORIENTED_EDGE('',*,*,#1654,.T.);
#2272=ORIENTED_EDGE('',*,*,#1651,.F.);
#2273=ORIENTED_EDGE('',*,*,#1641,.T.);
#2274=ORIENTED_EDGE('',*,*,#1653,.F.);
#2275=ORIENTED_EDGE('',*,*,#1643,.T.);
#2276=ORIENTED_EDGE('',*,*,#1655,.T.);
#2277=ORIENTED_EDGE('',*,*,#1656,.T.);
#2278=ORIENTED_EDGE('',*,*,#1657,.T.);
#2279=ORIENTED_EDGE('',*,*,#1658,.T.);
#2280=ORIENTED_EDGE('',*,*,#1655,.F.);
#2281=ORIENTED_EDGE('',*,*,#1659,.T.);
#2282=ORIENTED_EDGE('',*,*,#1657,.F.);
#2283=ORIENTED_EDGE('',*,*,#1660,.T.);
#2284=ORIENTED_EDGE('',*,*,#1661,.T.);
#2285=ORIENTED_EDGE('',*,*,#1662,.T.);
#2286=ORIENTED_EDGE('',*,*,#1663,.T.);
#2287=ORIENTED_EDGE('',*,*,#1664,.T.);
#2288=ORIENTED_EDGE('',*,*,#1661,.F.);
#2289=ORIENTED_EDGE('',*,*,#1665,.T.);
#2290=ORIENTED_EDGE('',*,*,#1616,.F.);
#2291=ORIENTED_EDGE('',*,*,#1666,.F.);
#2292=ORIENTED_EDGE('',*,*,#1667,.F.);
#2293=ORIENTED_EDGE('',*,*,#1668,.F.);
#2294=ORIENTED_EDGE('',*,*,#1665,.F.);
#2295=ORIENTED_EDGE('',*,*,#1669,.F.);
#2296=ORIENTED_EDGE('',*,*,#1619,.F.);
#2297=ORIENTED_EDGE('',*,*,#1669,.T.);
#2298=ORIENTED_EDGE('',*,*,#1660,.F.);
#2299=ORIENTED_EDGE('',*,*,#1670,.T.);
#2300=ORIENTED_EDGE('',*,*,#1620,.F.);
#2301=ORIENTED_EDGE('',*,*,#1670,.F.);
#2302=ORIENTED_EDGE('',*,*,#1659,.F.);
#2303=ORIENTED_EDGE('',*,*,#1642,.F.);
#2304=ORIENTED_EDGE('',*,*,#1664,.F.);
#2305=ORIENTED_EDGE('',*,*,#1671,.F.);
#2306=ORIENTED_EDGE('',*,*,#1672,.F.);
#2307=ORIENTED_EDGE('',*,*,#1673,.F.);
#2308=ORIENTED_EDGE('',*,*,#1646,.F.);
#2309=ORIENTED_EDGE('',*,*,#1648,.F.);
#2310=ORIENTED_EDGE('',*,*,#1650,.F.);
#2311=ORIENTED_EDGE('',*,*,#1652,.F.);
#2312=ORIENTED_EDGE('',*,*,#1654,.F.);
#2313=ORIENTED_EDGE('',*,*,#1656,.F.);
#2314=ORIENTED_EDGE('',*,*,#1658,.F.);
#2315=ORIENTED_EDGE('',*,*,#1662,.F.);
#2316=ORIENTED_EDGE('',*,*,#1603,.F.);
#2317=ORIENTED_EDGE('',*,*,#1626,.T.);
#2318=ORIENTED_EDGE('',*,*,#1674,.T.);
#2319=ORIENTED_EDGE('',*,*,#1675,.T.);
#2320=ORIENTED_EDGE('',*,*,#1676,.T.);
#2321=ORIENTED_EDGE('',*,*,#1622,.F.);
#2322=ORIENTED_EDGE('',*,*,#1676,.F.);
#2323=ORIENTED_EDGE('',*,*,#1677,.F.);
#2324=ORIENTED_EDGE('',*,*,#1678,.F.);
#2325=ORIENTED_EDGE('',*,*,#1679,.F.);
#2326=ORIENTED_EDGE('',*,*,#1680,.F.);
#2327=ORIENTED_EDGE('',*,*,#1681,.F.);
#2328=ORIENTED_EDGE('',*,*,#1682,.F.);
#2329=ORIENTED_EDGE('',*,*,#1600,.F.);
#2330=ORIENTED_EDGE('',*,*,#1682,.T.);
#2331=ORIENTED_EDGE('',*,*,#1683,.F.);
#2332=ORIENTED_EDGE('',*,*,#1684,.F.);
#2333=ORIENTED_EDGE('',*,*,#1685,.T.);
#2334=ORIENTED_EDGE('',*,*,#1597,.F.);
#2335=ORIENTED_EDGE('',*,*,#1686,.T.);
#2336=ORIENTED_EDGE('',*,*,#1687,.T.);
#2337=ORIENTED_EDGE('',*,*,#1688,.T.);
#2338=ORIENTED_EDGE('',*,*,#1666,.T.);
#2339=ORIENTED_EDGE('',*,*,#1689,.T.);
#2340=ORIENTED_EDGE('',*,*,#1690,.T.);
#2341=ORIENTED_EDGE('',*,*,#1691,.T.);
#2342=ORIENTED_EDGE('',*,*,#1692,.T.);
#2343=ORIENTED_EDGE('',*,*,#1693,.T.);
#2344=ORIENTED_EDGE('',*,*,#1694,.T.);
#2345=ORIENTED_EDGE('',*,*,#1689,.F.);
#2346=ORIENTED_EDGE('',*,*,#1695,.T.);
#2347=ORIENTED_EDGE('',*,*,#1696,.T.);
#2348=ORIENTED_EDGE('',*,*,#1697,.T.);
#2349=ORIENTED_EDGE('',*,*,#1693,.F.);
#2350=ORIENTED_EDGE('',*,*,#1698,.T.);
#2351=ORIENTED_EDGE('',*,*,#1699,.T.);
#2352=ORIENTED_EDGE('',*,*,#1700,.T.);
#2353=ORIENTED_EDGE('',*,*,#1696,.F.);
#2354=ORIENTED_EDGE('',*,*,#1582,.T.);
#2355=ORIENTED_EDGE('',*,*,#1701,.T.);
#2356=ORIENTED_EDGE('',*,*,#1702,.T.);
#2357=ORIENTED_EDGE('',*,*,#1699,.F.);
#2358=ORIENTED_EDGE('',*,*,#1585,.T.);
#2359=ORIENTED_EDGE('',*,*,#1703,.T.);
#2360=ORIENTED_EDGE('',*,*,#1704,.T.);
#2361=ORIENTED_EDGE('',*,*,#1701,.F.);
#2362=ORIENTED_EDGE('',*,*,#1587,.T.);
#2363=ORIENTED_EDGE('',*,*,#1705,.T.);
#2364=ORIENTED_EDGE('',*,*,#1706,.T.);
#2365=ORIENTED_EDGE('',*,*,#1703,.F.);
#2366=ORIENTED_EDGE('',*,*,#1589,.T.);
#2367=ORIENTED_EDGE('',*,*,#1691,.F.);
#2368=ORIENTED_EDGE('',*,*,#1707,.T.);
#2369=ORIENTED_EDGE('',*,*,#1705,.F.);
#2370=ORIENTED_EDGE('',*,*,#1708,.T.);
#2371=ORIENTED_EDGE('',*,*,#1568,.F.);
#2372=ORIENTED_EDGE('',*,*,#1583,.T.);
#2373=ORIENTED_EDGE('',*,*,#1698,.F.);
#2374=ORIENTED_EDGE('',*,*,#1709,.F.);
#2375=ORIENTED_EDGE('',*,*,#1579,.F.);
#2376=ORIENTED_EDGE('',*,*,#1709,.T.);
#2377=ORIENTED_EDGE('',*,*,#1695,.F.);
#2378=ORIENTED_EDGE('',*,*,#1710,.F.);
#2379=ORIENTED_EDGE('',*,*,#1571,.F.);
#2380=ORIENTED_EDGE('',*,*,#1710,.T.);
#2381=ORIENTED_EDGE('',*,*,#1692,.F.);
#2382=ORIENTED_EDGE('',*,*,#1711,.T.);
#2383=ORIENTED_EDGE('',*,*,#1690,.F.);
#2384=ORIENTED_EDGE('',*,*,#1694,.F.);
#2385=ORIENTED_EDGE('',*,*,#1697,.F.);
#2386=ORIENTED_EDGE('',*,*,#1700,.F.);
#2387=ORIENTED_EDGE('',*,*,#1702,.F.);
#2388=ORIENTED_EDGE('',*,*,#1704,.F.);
#2389=ORIENTED_EDGE('',*,*,#1706,.F.);
#2390=ORIENTED_EDGE('',*,*,#1707,.F.);
#2391=ORIENTED_EDGE('',*,*,#1712,.F.);
#2392=ORIENTED_EDGE('',*,*,#1713,.F.);
#2393=ORIENTED_EDGE('',*,*,#1714,.F.);
#2394=ORIENTED_EDGE('',*,*,#1715,.F.);
#2395=ORIENTED_EDGE('',*,*,#1716,.F.);
#2396=ORIENTED_EDGE('',*,*,#1717,.F.);
#2397=ORIENTED_EDGE('',*,*,#1718,.F.);
#2398=ORIENTED_EDGE('',*,*,#1719,.F.);
#2399=ORIENTED_EDGE('',*,*,#1720,.F.);
#2400=ORIENTED_EDGE('',*,*,#1721,.F.);
#2401=ORIENTED_EDGE('',*,*,#1722,.F.);
#2402=ORIENTED_EDGE('',*,*,#1723,.F.);
#2403=ORIENTED_EDGE('',*,*,#1718,.T.);
#2404=ORIENTED_EDGE('',*,*,#1724,.T.);
#2405=ORIENTED_EDGE('',*,*,#1677,.T.);
#2406=ORIENTED_EDGE('',*,*,#1675,.F.);
#2407=ORIENTED_EDGE('',*,*,#1725,.T.);
#2408=ORIENTED_EDGE('',*,*,#1717,.T.);
#2409=ORIENTED_EDGE('',*,*,#1726,.T.);
#2410=ORIENTED_EDGE('',*,*,#1727,.T.);
#2411=ORIENTED_EDGE('',*,*,#1724,.F.);
#2412=ORIENTED_EDGE('',*,*,#1716,.T.);
#2413=ORIENTED_EDGE('',*,*,#1728,.T.);
#2414=ORIENTED_EDGE('',*,*,#1729,.T.);
#2415=ORIENTED_EDGE('',*,*,#1726,.F.);
#2416=ORIENTED_EDGE('',*,*,#1715,.T.);
#2417=ORIENTED_EDGE('',*,*,#1730,.T.);
#2418=ORIENTED_EDGE('',*,*,#1731,.T.);
#2419=ORIENTED_EDGE('',*,*,#1728,.F.);
#2420=ORIENTED_EDGE('',*,*,#1714,.T.);
#2421=ORIENTED_EDGE('',*,*,#1732,.F.);
#2422=ORIENTED_EDGE('',*,*,#1683,.T.);
#2423=ORIENTED_EDGE('',*,*,#1681,.T.);
#2424=ORIENTED_EDGE('',*,*,#1730,.F.);
#2425=ORIENTED_EDGE('',*,*,#1712,.T.);
#2426=ORIENTED_EDGE('',*,*,#1733,.T.);
#2427=ORIENTED_EDGE('',*,*,#1667,.T.);
#2428=ORIENTED_EDGE('',*,*,#1688,.F.);
#2429=ORIENTED_EDGE('',*,*,#1734,.T.);
#2430=ORIENTED_EDGE('',*,*,#1735,.T.);
#2431=ORIENTED_EDGE('',*,*,#1733,.F.);
#2432=ORIENTED_EDGE('',*,*,#1723,.T.);
#2433=ORIENTED_EDGE('',*,*,#1736,.T.);
#2434=ORIENTED_EDGE('',*,*,#1713,.T.);
#2435=ORIENTED_EDGE('',*,*,#1734,.F.);
#2436=ORIENTED_EDGE('',*,*,#1687,.F.);
#2437=ORIENTED_EDGE('',*,*,#1737,.T.);
#2438=ORIENTED_EDGE('',*,*,#1684,.T.);
#2439=ORIENTED_EDGE('',*,*,#1732,.T.);
#2440=ORIENTED_EDGE('',*,*,#1738,.T.);
#2441=ORIENTED_EDGE('',*,*,#1736,.F.);
#2442=ORIENTED_EDGE('',*,*,#1722,.T.);
#2443=ORIENTED_EDGE('',*,*,#1739,.T.);
#2444=ORIENTED_EDGE('',*,*,#1740,.T.);
#2445=ORIENTED_EDGE('',*,*,#1739,.F.);
#2446=ORIENTED_EDGE('',*,*,#1721,.T.);
#2447=ORIENTED_EDGE('',*,*,#1741,.T.);
#2448=ORIENTED_EDGE('',*,*,#1633,.T.);
#2449=ORIENTED_EDGE('',*,*,#1741,.F.);
#2450=ORIENTED_EDGE('',*,*,#1720,.T.);
#2451=ORIENTED_EDGE('',*,*,#1742,.F.);
#2452=ORIENTED_EDGE('',*,*,#1628,.T.);
#2453=ORIENTED_EDGE('',*,*,#1625,.T.);
#2454=ORIENTED_EDGE('',*,*,#1629,.T.);
#2455=ORIENTED_EDGE('',*,*,#1742,.T.);
#2456=ORIENTED_EDGE('',*,*,#1719,.T.);
#2457=ORIENTED_EDGE('',*,*,#1725,.F.);
#2458=ORIENTED_EDGE('',*,*,#1674,.F.);
#2459=ORIENTED_EDGE('',*,*,#1727,.F.);
#2460=ORIENTED_EDGE('',*,*,#1743,.F.);
#2461=ORIENTED_EDGE('',*,*,#1744,.T.);
#2462=ORIENTED_EDGE('',*,*,#1678,.T.);
#2463=ORIENTED_EDGE('',*,*,#1729,.F.);
#2464=ORIENTED_EDGE('',*,*,#1745,.F.);
#2465=ORIENTED_EDGE('',*,*,#1746,.T.);
#2466=ORIENTED_EDGE('',*,*,#1743,.T.);
#2467=ORIENTED_EDGE('',*,*,#1731,.F.);
#2468=ORIENTED_EDGE('',*,*,#1680,.T.);
#2469=ORIENTED_EDGE('',*,*,#1747,.T.);
#2470=ORIENTED_EDGE('',*,*,#1745,.T.);
#2471=ORIENTED_EDGE('',*,*,#1623,.F.);
#2472=ORIENTED_EDGE('',*,*,#1685,.F.);
#2473=ORIENTED_EDGE('',*,*,#1737,.F.);
#2474=ORIENTED_EDGE('',*,*,#1686,.F.);
#2475=ORIENTED_EDGE('',*,*,#1748,.F.);
#2476=ORIENTED_EDGE('',*,*,#1410,.F.);
#2477=ORIENTED_EDGE('',*,*,#1540,.T.);
#2478=ORIENTED_EDGE('',*,*,#1749,.F.);
#2479=ORIENTED_EDGE('',*,*,#1394,.T.);
#2480=ORIENTED_EDGE('',*,*,#1559,.F.);
#2481=ORIENTED_EDGE('',*,*,#1537,.T.);
#2482=ORIENTED_EDGE('',*,*,#1590,.F.);
#2483=ORIENTED_EDGE('',*,*,#1510,.F.);
#2484=ORIENTED_EDGE('',*,*,#1463,.T.);
#2485=ORIENTED_EDGE('',*,*,#1750,.F.);
#2486=ORIENTED_EDGE('',*,*,#1751,.F.);
#2487=ORIENTED_EDGE('',*,*,#1503,.T.);
#2488=ORIENTED_EDGE('',*,*,#1533,.T.);
#2489=ORIENTED_EDGE('',*,*,#1556,.F.);
#2490=ORIENTED_EDGE('',*,*,#1563,.F.);
#2491=ORIENTED_EDGE('',*,*,#1523,.F.);
#2492=ORIENTED_EDGE('',*,*,#1521,.F.);
#2493=ORIENTED_EDGE('',*,*,#1422,.F.);
#2494=ORIENTED_EDGE('',*,*,#1593,.F.);
#2495=ORIENTED_EDGE('',*,*,#1594,.F.);
#2496=ORIENTED_EDGE('',*,*,#1561,.F.);
#2497=ORIENTED_EDGE('',*,*,#1752,.F.);
#2498=ORIENTED_EDGE('',*,*,#1529,.T.);
#2499=ORIENTED_EDGE('',*,*,#1486,.T.);
#2500=ORIENTED_EDGE('',*,*,#1753,.F.);
#2501=ORIENTED_EDGE('',*,*,#1754,.F.);
#2502=ORIENTED_EDGE('',*,*,#1419,.F.);
#2503=ORIENTED_EDGE('',*,*,#1530,.T.);
#2504=ORIENTED_EDGE('',*,*,#1752,.T.);
#2505=ORIENTED_EDGE('',*,*,#1560,.F.);
#2506=ORIENTED_EDGE('',*,*,#1548,.T.);
#2507=ORIENTED_EDGE('',*,*,#1415,.F.);
#2508=ORIENTED_EDGE('',*,*,#1547,.T.);
#2509=ORIENTED_EDGE('',*,*,#1755,.T.);
#2510=ORIENTED_EDGE('',*,*,#1756,.F.);
#2511=ORIENTED_EDGE('',*,*,#1416,.F.);
#2512=ORIENTED_EDGE('',*,*,#1756,.T.);
#2513=ORIENTED_EDGE('',*,*,#1757,.T.);
#2514=ORIENTED_EDGE('',*,*,#1552,.T.);
#2515=ORIENTED_EDGE('',*,*,#1376,.F.);
#2516=ORIENTED_EDGE('',*,*,#1491,.F.);
#2517=ORIENTED_EDGE('',*,*,#1489,.F.);
#2518=ORIENTED_EDGE('',*,*,#1553,.T.);
#2519=ORIENTED_EDGE('',*,*,#1757,.F.);
#2520=ORIENTED_EDGE('',*,*,#1755,.F.);
#2521=ORIENTED_EDGE('',*,*,#1546,.T.);
#2522=ORIENTED_EDGE('',*,*,#1411,.F.);
#2523=ORIENTED_EDGE('',*,*,#1748,.T.);
#2524=ORIENTED_EDGE('',*,*,#1758,.T.);
#2525=ORIENTED_EDGE('',*,*,#1759,.F.);
#2526=ORIENTED_EDGE('',*,*,#1412,.F.);
#2527=ORIENTED_EDGE('',*,*,#1759,.T.);
#2528=ORIENTED_EDGE('',*,*,#1760,.T.);
#2529=ORIENTED_EDGE('',*,*,#1381,.T.);
#2530=ORIENTED_EDGE('',*,*,#1400,.F.);
#2531=ORIENTED_EDGE('',*,*,#1492,.F.);
#2532=ORIENTED_EDGE('',*,*,#1372,.F.);
#2533=ORIENTED_EDGE('',*,*,#1382,.T.);
#2534=ORIENTED_EDGE('',*,*,#1760,.F.);
#2535=ORIENTED_EDGE('',*,*,#1758,.F.);
#2536=ORIENTED_EDGE('',*,*,#1749,.T.);
#2537=ORIENTED_EDGE('',*,*,#1539,.T.);
#2538=ORIENTED_EDGE('',*,*,#1425,.F.);
#2539=ORIENTED_EDGE('',*,*,#1558,.T.);
#2540=ORIENTED_EDGE('',*,*,#1430,.T.);
#2541=ORIENTED_EDGE('',*,*,#1761,.F.);
#2542=ORIENTED_EDGE('',*,*,#1426,.F.);
#2543=ORIENTED_EDGE('',*,*,#1761,.T.);
#2544=ORIENTED_EDGE('',*,*,#1429,.T.);
#2545=ORIENTED_EDGE('',*,*,#1383,.F.);
#2546=ORIENTED_EDGE('',*,*,#1420,.F.);
#2547=ORIENTED_EDGE('',*,*,#1754,.T.);
#2548=ORIENTED_EDGE('',*,*,#1762,.T.);
#2549=ORIENTED_EDGE('',*,*,#1763,.F.);
#2550=ORIENTED_EDGE('',*,*,#1421,.F.);
#2551=ORIENTED_EDGE('',*,*,#1763,.T.);
#2552=ORIENTED_EDGE('',*,*,#1764,.T.);
#2553=ORIENTED_EDGE('',*,*,#1750,.T.);
#2554=ORIENTED_EDGE('',*,*,#1764,.F.);
#2555=ORIENTED_EDGE('',*,*,#1762,.F.);
#2556=ORIENTED_EDGE('',*,*,#1753,.T.);
#2557=ORIENTED_EDGE('',*,*,#1485,.F.);
#2558=ORIENTED_EDGE('',*,*,#1483,.F.);
#2559=ORIENTED_EDGE('',*,*,#1504,.F.);
#2560=ORIENTED_EDGE('',*,*,#1751,.T.);
#2561=ORIENTED_EDGE('',*,*,#1578,.F.);
#2562=ORIENTED_EDGE('',*,*,#1711,.F.);
#2563=ORIENTED_EDGE('',*,*,#1708,.F.);
#2564=ORIENTED_EDGE('',*,*,#1588,.F.);
#2565=ORIENTED_EDGE('',*,*,#1679,.T.);
#2566=ORIENTED_EDGE('',*,*,#1744,.F.);
#2567=ORIENTED_EDGE('',*,*,#1746,.F.);
#2568=ORIENTED_EDGE('',*,*,#1747,.F.);
#2569=ORIENTED_EDGE('',*,*,#1740,.F.);
#2570=ORIENTED_EDGE('',*,*,#1632,.T.);
#2571=ORIENTED_EDGE('',*,*,#1644,.F.);
#2572=ORIENTED_EDGE('',*,*,#1673,.T.);
#2573=ORIENTED_EDGE('',*,*,#1765,.T.);
#2574=ORIENTED_EDGE('',*,*,#1738,.F.);
#2575=ORIENTED_EDGE('',*,*,#1765,.F.);
#2576=ORIENTED_EDGE('',*,*,#1672,.T.);
#2577=ORIENTED_EDGE('',*,*,#1766,.T.);
#2578=ORIENTED_EDGE('',*,*,#1735,.F.);
#2579=ORIENTED_EDGE('',*,*,#1766,.F.);
#2580=ORIENTED_EDGE('',*,*,#1671,.T.);
#2581=ORIENTED_EDGE('',*,*,#1663,.F.);
#2582=ORIENTED_EDGE('',*,*,#1668,.T.);
#2583=PLANE('',#2849);
#2584=PLANE('',#2850);
#2585=PLANE('',#2851);
#2586=PLANE('',#2852);
#2587=PLANE('',#2853);
#2588=PLANE('',#2855);
#2589=PLANE('',#2856);
#2590=PLANE('',#2857);
#2591=PLANE('',#2858);
#2592=PLANE('',#2859);
#2593=PLANE('',#2860);
#2594=PLANE('',#2862);
#2595=PLANE('',#2886);
#2596=PLANE('',#2889);
#2597=PLANE('',#2894);
#2598=PLANE('',#2899);
#2599=PLANE('',#2911);
#2600=PLANE('',#2918);
#2601=PLANE('',#2919);
#2602=PLANE('',#2920);
#2603=PLANE('',#2921);
#2604=PLANE('',#2922);
#2605=PLANE('',#2923);
#2606=PLANE('',#2925);
#2607=PLANE('',#2926);
#2608=PLANE('',#2928);
#2609=PLANE('',#2930);
#2610=PLANE('',#2931);
#2611=PLANE('',#2932);
#2612=PLANE('',#2933);
#2613=PLANE('',#2934);
#2614=PLANE('',#2935);
#2615=PLANE('',#2952);
#2616=PLANE('',#2955);
#2617=PLANE('',#2960);
#2618=PLANE('',#2963);
#2619=PLANE('',#2995);
#2620=PLANE('',#2999);
#2621=PLANE('',#3002);
#2622=PLANE('',#3005);
#2623=PLANE('',#3008);
#2624=PLANE('',#3011);
#2625=PLANE('',#3014);
#2626=PLANE('',#3017);
#2627=PLANE('',#3021);
#2628=PLANE('',#3022);
#2629=PLANE('',#3024);
#2630=PLANE('',#3025);
#2631=PLANE('',#3029);
#2632=PLANE('',#3039);
#2633=PLANE('',#3043);
#2634=PLANE('',#3046);
#2635=PLANE('',#3049);
#2636=PLANE('',#3051);
#2637=PLANE('',#3053);
#2638=PLANE('',#3054);
#2639=PLANE('',#3055);
#2640=PLANE('',#3056);
#2641=PLANE('',#3057);
#2642=PLANE('',#3058);
#2643=PLANE('',#3059);
#2644=PLANE('',#3060);
#2645=PLANE('',#3061);
#2646=PLANE('',#3062);
#2647=PLANE('',#3063);
#2648=PLANE('',#3064);
#2649=PLANE('',#3065);
#2650=PLANE('',#3066);
#2651=PLANE('',#3067);
#2652=PLANE('',#3068);
#2653=PLANE('',#3069);
#2654=PLANE('',#3070);
#2655=PLANE('',#3071);
#2656=PLANE('',#3072);
#2657=PLANE('',#3073);
#2658=PLANE('',#3074);
#2659=PLANE('',#3075);
#2660=PLANE('',#3076);
#2661=PLANE('',#3077);
#2662=PLANE('',#3078);
#2663=PLANE('',#3079);
#2664=PLANE('',#3080);
#2665=PLANE('',#3081);
#2666=PLANE('',#3082);
#2667=PLANE('',#3083);
#2668=PLANE('',#3084);
#2669=PLANE('',#3085);
#2670=PLANE('',#3086);
#2671=PLANE('',#3087);
#2672=PLANE('',#3088);
#2673=PLANE('',#3089);
#2674=PLANE('',#3090);
#2675=ADVANCED_FACE('',(#199),#2583,.F.);
#2676=ADVANCED_FACE('',(#200),#2584,.T.);
#2677=ADVANCED_FACE('',(#201),#2585,.F.);
#2678=ADVANCED_FACE('',(#202),#2586,.F.);
#2679=ADVANCED_FACE('',(#203),#2587,.F.);
#2680=ADVANCED_FACE('',(#204),#2588,.F.);
#2681=ADVANCED_FACE('',(#205),#2589,.F.);
#2682=ADVANCED_FACE('',(#206),#2590,.T.);
#2683=ADVANCED_FACE('',(#207,#114),#2591,.F.);
#2684=ADVANCED_FACE('',(#208),#2592,.F.);
#2685=ADVANCED_FACE('',(#209),#2593,.F.);
#2686=ADVANCED_FACE('',(#210),#2594,.T.);
#2687=ADVANCED_FACE('',(#211),#68,.T.);
#2688=ADVANCED_FACE('',(#212),#31,.F.);
#2689=ADVANCED_FACE('',(#213),#25,.F.);
#2690=ADVANCED_FACE('',(#214),#32,.F.);
#2691=ADVANCED_FACE('',(#215),#33,.T.);
#2692=ADVANCED_FACE('',(#216),#2595,.T.);
#2693=ADVANCED_FACE('',(#217),#34,.F.);
#2694=ADVANCED_FACE('',(#218),#2596,.F.);
#2695=ADVANCED_FACE('',(#219),#35,.F.);
#2696=ADVANCED_FACE('',(#220),#36,.F.);
#2697=ADVANCED_FACE('',(#221),#2597,.F.);
#2698=ADVANCED_FACE('',(#222),#37,.F.);
#2699=ADVANCED_FACE('',(#223),#2598,.T.);
#2700=ADVANCED_FACE('',(#224),#26,.F.);
#2701=ADVANCED_FACE('',(#225),#38,.F.);
#2702=ADVANCED_FACE('',(#226),#69,.T.);
#2703=ADVANCED_FACE('',(#227),#70,.F.);
#2704=ADVANCED_FACE('',(#228),#71,.F.);
#2705=ADVANCED_FACE('',(#229),#72,.F.);
#2706=ADVANCED_FACE('',(#230),#73,.F.);
#2707=ADVANCED_FACE('',(#231),#74,.F.);
#2708=ADVANCED_FACE('',(#232),#27,.F.);
#2709=ADVANCED_FACE('',(#233),#39,.T.);
#2710=ADVANCED_FACE('',(#234),#2599,.T.);
#2711=ADVANCED_FACE('',(#235),#28,.F.);
#2712=ADVANCED_FACE('',(#236),#40,.T.);
#2713=ADVANCED_FACE('',(#237),#41,.F.);
#2714=ADVANCED_FACE('',(#238),#2600,.T.);
#2715=ADVANCED_FACE('',(#239),#2601,.F.);
#2716=ADVANCED_FACE('',(#240),#2602,.F.);
#2717=ADVANCED_FACE('',(#241),#2603,.F.);
#2718=ADVANCED_FACE('',(#242),#2604,.T.);
#2719=ADVANCED_FACE('',(#243),#2605,.F.);
#2720=ADVANCED_FACE('',(#244),#2606,.T.);
#2721=ADVANCED_FACE('',(#245),#2607,.F.);
#2722=ADVANCED_FACE('',(#246),#2608,.F.);
#2723=ADVANCED_FACE('',(#247),#2609,.T.);
#2724=ADVANCED_FACE('',(#248),#2610,.F.);
#2725=ADVANCED_FACE('',(#249),#2611,.T.);
#2726=ADVANCED_FACE('',(#250),#2612,.T.);
#2727=ADVANCED_FACE('',(#251),#2613,.T.);
#2728=ADVANCED_FACE('',(#252),#2614,.T.);
#2729=ADVANCED_FACE('',(#253),#75,.F.);
#2730=ADVANCED_FACE('',(#254),#76,.F.);
#2731=ADVANCED_FACE('',(#255),#77,.F.);
#2732=ADVANCED_FACE('',(#256),#78,.F.);
#2733=ADVANCED_FACE('',(#257),#42,.T.);
#2734=ADVANCED_FACE('',(#258),#43,.T.);
#2735=ADVANCED_FACE('',(#259),#44,.T.);
#2736=ADVANCED_FACE('',(#260),#45,.T.);
#2737=ADVANCED_FACE('',(#261),#2615,.T.);
#2738=ADVANCED_FACE('',(#262),#46,.T.);
#2739=ADVANCED_FACE('',(#263),#2616,.T.);
#2740=ADVANCED_FACE('',(#264),#47,.T.);
#2741=ADVANCED_FACE('',(#265),#48,.F.);
#2742=ADVANCED_FACE('',(#266),#49,.F.);
#2743=ADVANCED_FACE('',(#267),#2617,.T.);
#2744=ADVANCED_FACE('',(#268),#50,.F.);
#2745=ADVANCED_FACE('',(#269),#2618,.T.);
#2746=ADVANCED_FACE('',(#270),#79,.T.);
#2747=ADVANCED_FACE('',(#271),#80,.T.);
#2748=ADVANCED_FACE('',(#272),#81,.T.);
#2749=ADVANCED_FACE('',(#273),#82,.T.);
#2750=ADVANCED_FACE('',(#274),#23,.T.);
#2751=ADVANCED_FACE('',(#275),#24,.T.);
#2752=ADVANCED_FACE('',(#276),#51,.F.);
#2753=ADVANCED_FACE('',(#277),#29,.F.);
#2754=ADVANCED_FACE('',(#278),#52,.F.);
#2755=ADVANCED_FACE('',(#279),#53,.F.);
#2756=ADVANCED_FACE('',(#280),#30,.F.);
#2757=ADVANCED_FACE('',(#281),#54,.F.);
#2758=ADVANCED_FACE('',(#282),#55,.F.);
#2759=ADVANCED_FACE('',(#283),#56,.F.);
#2760=ADVANCED_FACE('',(#284),#57,.F.);
#2761=ADVANCED_FACE('',(#285),#2619,.F.);
#2762=ADVANCED_FACE('',(#286),#58,.F.);
#2763=ADVANCED_FACE('',(#287),#2620,.F.);
#2764=ADVANCED_FACE('',(#288),#59,.T.);
#2765=ADVANCED_FACE('',(#289),#2621,.T.);
#2766=ADVANCED_FACE('',(#290),#60,.F.);
#2767=ADVANCED_FACE('',(#291),#2622,.T.);
#2768=ADVANCED_FACE('',(#292),#61,.F.);
#2769=ADVANCED_FACE('',(#293),#2623,.T.);
#2770=ADVANCED_FACE('',(#294),#15,.T.);
#2771=ADVANCED_FACE('',(#295),#2624,.T.);
#2772=ADVANCED_FACE('',(#296),#16,.F.);
#2773=ADVANCED_FACE('',(#297),#2625,.T.);
#2774=ADVANCED_FACE('',(#298),#17,.F.);
#2775=ADVANCED_FACE('',(#299),#2626,.T.);
#2776=ADVANCED_FACE('',(#300),#18,.T.);
#2777=ADVANCED_FACE('',(#301),#2627,.T.);
#2778=ADVANCED_FACE('',(#302),#2628,.F.);
#2779=ADVANCED_FACE('',(#303),#62,.T.);
#2780=ADVANCED_FACE('',(#304),#2629,.T.);
#2781=ADVANCED_FACE('',(#305),#2630,.T.);
#2782=ADVANCED_FACE('',(#306),#63,.F.);
#2783=ADVANCED_FACE('',(#307),#2631,.T.);
#2784=ADVANCED_FACE('',(#308),#64,.F.);
#2785=ADVANCED_FACE('',(#309),#65,.F.);
#2786=ADVANCED_FACE('',(#310),#19,.T.);
#2787=ADVANCED_FACE('',(#311),#2632,.T.);
#2788=ADVANCED_FACE('',(#312),#20,.T.);
#2789=ADVANCED_FACE('',(#313),#2633,.T.);
#2790=ADVANCED_FACE('',(#314),#21,.T.);
#2791=ADVANCED_FACE('',(#315),#2634,.T.);
#2792=ADVANCED_FACE('',(#316),#22,.T.);
#2793=ADVANCED_FACE('',(#317),#2635,.T.);
#2794=ADVANCED_FACE('',(#318),#66,.T.);
#2795=ADVANCED_FACE('',(#319),#2636,.T.);
#2796=ADVANCED_FACE('',(#320),#67,.T.);
#2797=ADVANCED_FACE('',(#321,#115),#2637,.T.);
#2798=ADVANCED_FACE('',(#322),#2638,.T.);
#2799=ADVANCED_FACE('',(#323),#2639,.T.);
#2800=ADVANCED_FACE('',(#324),#2640,.T.);
#2801=ADVANCED_FACE('',(#325),#2641,.T.);
#2802=ADVANCED_FACE('',(#326),#2642,.T.);
#2803=ADVANCED_FACE('',(#327),#2643,.T.);
#2804=ADVANCED_FACE('',(#328),#2644,.T.);
#2805=ADVANCED_FACE('',(#329),#2645,.T.);
#2806=ADVANCED_FACE('',(#330),#2646,.T.);
#2807=ADVANCED_FACE('',(#331),#2647,.T.);
#2808=ADVANCED_FACE('',(#332),#2648,.T.);
#2809=ADVANCED_FACE('',(#333),#2649,.T.);
#2810=ADVANCED_FACE('',(#334),#2650,.T.);
#2811=ADVANCED_FACE('',(#335),#2651,.T.);
#2812=ADVANCED_FACE('',(#336),#2652,.T.);
#2813=ADVANCED_FACE('',(#337),#2653,.F.);
#2814=ADVANCED_FACE('',(#338),#2654,.F.);
#2815=ADVANCED_FACE('',(#339),#2655,.T.);
#2816=ADVANCED_FACE('',(#340),#2656,.F.);
#2817=ADVANCED_FACE('',(#341),#2657,.F.);
#2818=ADVANCED_FACE('',(#342),#2658,.T.);
#2819=ADVANCED_FACE('',(#343),#2659,.F.);
#2820=ADVANCED_FACE('',(#344),#2660,.F.);
#2821=ADVANCED_FACE('',(#345),#2661,.F.);
#2822=ADVANCED_FACE('',(#346),#2662,.F.);
#2823=ADVANCED_FACE('',(#347),#2663,.F.);
#2824=ADVANCED_FACE('',(#348),#2664,.F.);
#2825=ADVANCED_FACE('',(#349),#2665,.F.);
#2826=ADVANCED_FACE('',(#350),#2666,.F.);
#2827=ADVANCED_FACE('',(#351),#2667,.F.);
#2828=ADVANCED_FACE('',(#352),#2668,.F.);
#2829=ADVANCED_FACE('',(#353),#2669,.T.);
#2830=ADVANCED_FACE('',(#354),#2670,.T.);
#2831=ADVANCED_FACE('',(#355),#2671,.T.);
#2832=ADVANCED_FACE('',(#356),#2672,.T.);
#2833=ADVANCED_FACE('',(#357),#2673,.T.);
#2834=ADVANCED_FACE('',(#358),#2674,.T.);
#2835=CLOSED_SHELL('',(#2675,#2676,#2677,#2678,#2679,#2680,#2681,#2682,
#2683,#2684,#2685,#2686,#2687,#2688,#2689,#2690,#2691,#2692,#2693,#2694,
#2695,#2696,#2697,#2698,#2699,#2700,#2701,#2702,#2703,#2704,#2705,#2706,
#2707,#2708,#2709,#2710,#2711,#2712,#2713,#2714,#2715,#2716,#2717,#2718,
#2719,#2720,#2721,#2722,#2723,#2724,#2725,#2726,#2727,#2728,#2729,#2730,
#2731,#2732,#2733,#2734,#2735,#2736,#2737,#2738,#2739,#2740,#2741,#2742,
#2743,#2744,#2745,#2746,#2747,#2748,#2749,#2750,#2751,#2752,#2753,#2754,
#2755,#2756,#2757,#2758,#2759,#2760,#2761,#2762,#2763,#2764,#2765,#2766,
#2767,#2768,#2769,#2770,#2771,#2772,#2773,#2774,#2775,#2776,#2777,#2778,
#2779,#2780,#2781,#2782,#2783,#2784,#2785,#2786,#2787,#2788,#2789,#2790,
#2791,#2792,#2793,#2794,#2795,#2796,#2797,#2798,#2799,#2800,#2801,#2802,
#2803,#2804,#2805,#2806,#2807,#2808,#2809,#2810,#2811,#2812,#2813,#2814,
#2815,#2816,#2817,#2818,#2819,#2820,#2821,#2822,#2823,#2824,#2825,#2826,
#2827,#2828,#2829,#2830,#2831,#2832,#2833,#2834));
#2836=DERIVED_UNIT_ELEMENT(#2838,1.);
#2837=DERIVED_UNIT_ELEMENT(#5264,-3.);
#2838=(
MASS_UNIT()
NAMED_UNIT(*)
SI_UNIT(.KILO.,.GRAM.)
);
#2839=DERIVED_UNIT((#2836,#2837));
#2840=MEASURE_REPRESENTATION_ITEM('density measure',
POSITIVE_RATIO_MEASURE(7850.),#2839);
#2841=PROPERTY_DEFINITION_REPRESENTATION(#2846,#2843);
#2842=PROPERTY_DEFINITION_REPRESENTATION(#2847,#2844);
#2843=REPRESENTATION('material name',(#2845),#5261);
#2844=REPRESENTATION('density',(#2840),#5261);
#2845=DESCRIPTIVE_REPRESENTATION_ITEM('Steel','Steel');
#2846=PROPERTY_DEFINITION('material property','material name',#5271);
#2847=PROPERTY_DEFINITION('material property','density of part',#5271);
#2848=AXIS2_PLACEMENT_3D('',#3871,#3091,#3092);
#2849=AXIS2_PLACEMENT_3D('',#3872,#3093,#3094);
#2850=AXIS2_PLACEMENT_3D('',#3881,#3099,#3100);
#2851=AXIS2_PLACEMENT_3D('',#3891,#3106,#3107);
#2852=AXIS2_PLACEMENT_3D('',#3897,#3111,#3112);
#2853=AXIS2_PLACEMENT_3D('',#3911,#3120,#3121);
#2854=AXIS2_PLACEMENT_3D('',#3915,#3123,#3124);
#2855=AXIS2_PLACEMENT_3D('',#3921,#3128,#3129);
#2856=AXIS2_PLACEMENT_3D('',#3930,#3134,#3135);
#2857=AXIS2_PLACEMENT_3D('',#3963,#3144,#3145);
#2858=AXIS2_PLACEMENT_3D('',#3977,#3153,#3154);
#2859=AXIS2_PLACEMENT_3D('',#4024,#3179,#3180);
#2860=AXIS2_PLACEMENT_3D('',#4049,#3182,#3183);
#2861=AXIS2_PLACEMENT_3D('',#4058,#3188,#3189);
#2862=AXIS2_PLACEMENT_3D('',#4059,#3190,#3191);
#2863=AXIS2_PLACEMENT_3D('',#4061,#3192,#3193);
#2864=AXIS2_PLACEMENT_3D('',#4067,#3196,#3197);
#2865=AXIS2_PLACEMENT_3D('',#4091,#3199,#3200);
#2866=AXIS2_PLACEMENT_3D('',#4095,#3202,#3203);
#2867=AXIS2_PLACEMENT_3D('',#4107,#3209,#3210);
#2868=AXIS2_PLACEMENT_3D('',#4111,#3212,#3213);
#2869=AXIS2_PLACEMENT_3D('',#4133,#3215,#3216);
#2870=AXIS2_PLACEMENT_3D('',#4137,#3218,#3219);
#2871=AXIS2_PLACEMENT_3D('',#4141,#3221,#3222);
#2872=AXIS2_PLACEMENT_3D('',#4144,#3224,#3225);
#2873=AXIS2_PLACEMENT_3D('',#4145,#3226,#3227);
#2874=AXIS2_PLACEMENT_3D('',#4184,#3229,#3230);
#2875=AXIS2_PLACEMENT_3D('',#4188,#3232,#3233);
#2876=AXIS2_PLACEMENT_3D('',#4204,#3235,#3236);
#2877=AXIS2_PLACEMENT_3D('',#4205,#3237,#3238);
#2878=AXIS2_PLACEMENT_3D('',#4207,#3239,#3240);
#2879=AXIS2_PLACEMENT_3D('',#4208,#3241,#3242);
#2880=AXIS2_PLACEMENT_3D('',#4216,#3243,#3244);
#2881=AXIS2_PLACEMENT_3D('',#4220,#3246,#3247);
#2882=AXIS2_PLACEMENT_3D('',#4222,#3248,#3249);
#2883=AXIS2_PLACEMENT_3D('',#4224,#3250,#3251);
#2884=AXIS2_PLACEMENT_3D('',#4226,#3253,#3254);
#2885=AXIS2_PLACEMENT_3D('',#4229,#3256,#3257);
#2886=AXIS2_PLACEMENT_3D('',#4231,#3259,#3260);
#2887=AXIS2_PLACEMENT_3D('',#4232,#3261,#3262);
#2888=AXIS2_PLACEMENT_3D('',#4236,#3264,#3265);
#2889=AXIS2_PLACEMENT_3D('',#4238,#3267,#3268);
#2890=AXIS2_PLACEMENT_3D('',#4250,#3275,#3276);
#2891=AXIS2_PLACEMENT_3D('',#4251,#3277,#3278);
#2892=AXIS2_PLACEMENT_3D('',#4252,#3279,#3280);
#2893=AXIS2_PLACEMENT_3D('',#4253,#3281,#3282);
#2894=AXIS2_PLACEMENT_3D('',#4254,#3283,#3284);
#2895=AXIS2_PLACEMENT_3D('',#4256,#3285,#3286);
#2896=AXIS2_PLACEMENT_3D('',#4258,#3287,#3288);
#2897=AXIS2_PLACEMENT_3D('',#4282,#3290,#3291);
#2898=AXIS2_PLACEMENT_3D('',#4292,#3298,#3299);
#2899=AXIS2_PLACEMENT_3D('',#4293,#3300,#3301);
#2900=AXIS2_PLACEMENT_3D('',#4295,#3303,#3304);
#2901=AXIS2_PLACEMENT_3D('',#4297,#3305,#3306);
#2902=AXIS2_PLACEMENT_3D('',#4298,#3307,#3308);
#2903=AXIS2_PLACEMENT_3D('',#4299,#3309,#3310);
#2904=AXIS2_PLACEMENT_3D('',#4302,#3312,#3313);
#2905=AXIS2_PLACEMENT_3D('',#4367,#3314,#3315);
#2906=AXIS2_PLACEMENT_3D('',#4419,#3316,#3317);
#2907=AXIS2_PLACEMENT_3D('',#4420,#3318,#3319);
#2908=AXIS2_PLACEMENT_3D('',#4505,#3320,#3321);
#2909=AXIS2_PLACEMENT_3D('',#4506,#3322,#3323);
#2910=AXIS2_PLACEMENT_3D('',#4507,#3324,#3325);
#2911=AXIS2_PLACEMENT_3D('',#4509,#3327,#3328);
#2912=AXIS2_PLACEMENT_3D('',#4511,#3330,#3331);
#2913=AXIS2_PLACEMENT_3D('',#4512,#3332,#3333);
#2914=AXIS2_PLACEMENT_3D('',#4513,#3334,#3335);
#2915=AXIS2_PLACEMENT_3D('',#4514,#3336,#3337);
#2916=AXIS2_PLACEMENT_3D('',#4516,#3338,#3339);
#2917=AXIS2_PLACEMENT_3D('',#4518,#3340,#3341);
#2918=AXIS2_PLACEMENT_3D('',#4520,#3343,#3344);
#2919=AXIS2_PLACEMENT_3D('',#4526,#3348,#3349);
#2920=AXIS2_PLACEMENT_3D('',#4530,#3352,#3353);
#2921=AXIS2_PLACEMENT_3D('',#4536,#3357,#3358);
#2922=AXIS2_PLACEMENT_3D('',#4542,#3362,#3363);
#2923=AXIS2_PLACEMENT_3D('',#4546,#3366,#3367);
#2924=AXIS2_PLACEMENT_3D('',#4548,#3368,#3369);
#2925=AXIS2_PLACEMENT_3D('',#4555,#3374,#3375);
#2926=AXIS2_PLACEMENT_3D('',#4559,#3378,#3379);
#2927=AXIS2_PLACEMENT_3D('',#4561,#3380,#3381);
#2928=AXIS2_PLACEMENT_3D('',#4568,#3386,#3387);
#2929=AXIS2_PLACEMENT_3D('',#4575,#3391,#3392);
#2930=AXIS2_PLACEMENT_3D('',#4579,#3395,#3396);
#2931=AXIS2_PLACEMENT_3D('',#4585,#3400,#3401);
#2932=AXIS2_PLACEMENT_3D('',#4588,#3404,#3405);
#2933=AXIS2_PLACEMENT_3D('',#4590,#3407,#3408);
#2934=AXIS2_PLACEMENT_3D('',#4596,#3412,#3413);
#2935=AXIS2_PLACEMENT_3D('',#4598,#3415,#3416);
#2936=AXIS2_PLACEMENT_3D('',#4632,#3418,#3419);
#2937=AXIS2_PLACEMENT_3D('',#4633,#3420,#3421);
#2938=AXIS2_PLACEMENT_3D('',#4634,#3422,#3423);
#2939=AXIS2_PLACEMENT_3D('',#4667,#3424,#3425);
#2940=AXIS2_PLACEMENT_3D('',#4668,#3426,#3427);
#2941=AXIS2_PLACEMENT_3D('',#4669,#3428,#3429);
#2942=AXIS2_PLACEMENT_3D('',#4702,#3430,#3431);
#2943=AXIS2_PLACEMENT_3D('',#4703,#3432,#3433);
#2944=AXIS2_PLACEMENT_3D('',#4704,#3434,#3435);
#2945=AXIS2_PLACEMENT_3D('',#4737,#3436,#3437);
#2946=AXIS2_PLACEMENT_3D('',#4738,#3438,#3439);
#2947=AXIS2_PLACEMENT_3D('',#4739,#3440,#3441);
#2948=AXIS2_PLACEMENT_3D('',#4740,#3442,#3443);
#2949=AXIS2_PLACEMENT_3D('',#4742,#3445,#3446);
#2950=AXIS2_PLACEMENT_3D('',#4744,#3448,#3449);
#2951=AXIS2_PLACEMENT_3D('',#4746,#3451,#3452);
#2952=AXIS2_PLACEMENT_3D('',#4748,#3454,#3455);
#2953=AXIS2_PLACEMENT_3D('',#4754,#3459,#3460);
#2954=AXIS2_PLACEMENT_3D('',#4757,#3462,#3463);
#2955=AXIS2_PLACEMENT_3D('',#4758,#3464,#3465);
#2956=AXIS2_PLACEMENT_3D('',#4762,#3468,#3469);
#2957=AXIS2_PLACEMENT_3D('',#4765,#3471,#3472);
#2958=AXIS2_PLACEMENT_3D('',#4766,#3473,#3474);
#2959=AXIS2_PLACEMENT_3D('',#4768,#3476,#3477);
#2960=AXIS2_PLACEMENT_3D('',#4770,#3479,#3480);
#2961=AXIS2_PLACEMENT_3D('',#4771,#3481,#3482);
#2962=AXIS2_PLACEMENT_3D('',#4774,#3484,#3485);
#2963=AXIS2_PLACEMENT_3D('',#4775,#3486,#3487);
#2964=AXIS2_PLACEMENT_3D('',#4808,#3489,#3490);
#2965=AXIS2_PLACEMENT_3D('',#4810,#3491,#3492);
#2966=AXIS2_PLACEMENT_3D('',#4811,#3493,#3494);
#2967=AXIS2_PLACEMENT_3D('',#4843,#3495,#3496);
#2968=AXIS2_PLACEMENT_3D('',#4845,#3497,#3498);
#2969=AXIS2_PLACEMENT_3D('',#4846,#3499,#3500);
#2970=AXIS2_PLACEMENT_3D('',#4878,#3501,#3502);
#2971=AXIS2_PLACEMENT_3D('',#4880,#3503,#3504);
#2972=AXIS2_PLACEMENT_3D('',#4881,#3505,#3506);
#2973=AXIS2_PLACEMENT_3D('',#4913,#3507,#3508);
#2974=AXIS2_PLACEMENT_3D('',#4915,#3509,#3510);
#2975=AXIS2_PLACEMENT_3D('',#4916,#3511,#3512);
#2976=AXIS2_PLACEMENT_3D('',#4927,#3513,#3514);
#2977=AXIS2_PLACEMENT_3D('',#4928,#3515,#3516);
#2978=AXIS2_PLACEMENT_3D('',#4939,#3517,#3518);
#2979=AXIS2_PLACEMENT_3D('',#4940,#3519,#3520);
#2980=AXIS2_PLACEMENT_3D('',#4941,#3521,#3522);
#2981=AXIS2_PLACEMENT_3D('',#4943,#3523,#3524);
#2982=AXIS2_PLACEMENT_3D('',#4945,#3526,#3527);
#2983=AXIS2_PLACEMENT_3D('',#4947,#3528,#3529);
#2984=AXIS2_PLACEMENT_3D('',#4948,#3530,#3531);
#2985=AXIS2_PLACEMENT_3D('',#4949,#3532,#3533);
#2986=AXIS2_PLACEMENT_3D('',#4951,#3535,#3536);
#2987=AXIS2_PLACEMENT_3D('',#4954,#3538,#3539);
#2988=AXIS2_PLACEMENT_3D('',#4955,#3540,#3541);
#2989=AXIS2_PLACEMENT_3D('',#4957,#3542,#3543);
#2990=AXIS2_PLACEMENT_3D('',#4958,#3544,#3545);
#2991=AXIS2_PLACEMENT_3D('',#4959,#3546,#3547);
#2992=AXIS2_PLACEMENT_3D('',#4961,#3549,#3550);
#2993=AXIS2_PLACEMENT_3D('',#4963,#3552,#3553);
#2994=AXIS2_PLACEMENT_3D('',#4965,#3555,#3556);
#2995=AXIS2_PLACEMENT_3D('',#4967,#3558,#3559);
#2996=AXIS2_PLACEMENT_3D('',#4973,#3563,#3564);
#2997=AXIS2_PLACEMENT_3D('',#4977,#3566,#3567);
#2998=AXIS2_PLACEMENT_3D('',#4978,#3568,#3569);
#2999=AXIS2_PLACEMENT_3D('',#4979,#3570,#3571);
#3000=AXIS2_PLACEMENT_3D('',#4987,#3576,#3577);
#3001=AXIS2_PLACEMENT_3D('',#4990,#3579,#3580);
#3002=AXIS2_PLACEMENT_3D('',#4991,#3581,#3582);
#3003=AXIS2_PLACEMENT_3D('',#4995,#3585,#3586);
#3004=AXIS2_PLACEMENT_3D('',#4998,#3588,#3589);
#3005=AXIS2_PLACEMENT_3D('',#4999,#3590,#3591);
#3006=AXIS2_PLACEMENT_3D('',#5003,#3594,#3595);
#3007=AXIS2_PLACEMENT_3D('',#5006,#3597,#3598);
#3008=AXIS2_PLACEMENT_3D('',#5007,#3599,#3600);
#3009=AXIS2_PLACEMENT_3D('',#5013,#3604,#3605);
#3010=AXIS2_PLACEMENT_3D('',#5016,#3607,#3608);
#3011=AXIS2_PLACEMENT_3D('',#5017,#3609,#3610);
#3012=AXIS2_PLACEMENT_3D('',#5021,#3613,#3614);
#3013=AXIS2_PLACEMENT_3D('',#5024,#3616,#3617);
#3014=AXIS2_PLACEMENT_3D('',#5025,#3618,#3619);
#3015=AXIS2_PLACEMENT_3D('',#5029,#3622,#3623);
#3016=AXIS2_PLACEMENT_3D('',#5032,#3625,#3626);
#3017=AXIS2_PLACEMENT_3D('',#5033,#3627,#3628);
#3018=AXIS2_PLACEMENT_3D('',#5039,#3632,#3633);
#3019=AXIS2_PLACEMENT_3D('',#5041,#3634,#3635);
#3020=AXIS2_PLACEMENT_3D('',#5044,#3637,#3638);
#3021=AXIS2_PLACEMENT_3D('',#5045,#3639,#3640);
#3022=AXIS2_PLACEMENT_3D('',#5051,#3644,#3645);
#3023=AXIS2_PLACEMENT_3D('',#5058,#3650,#3651);
#3024=AXIS2_PLACEMENT_3D('',#5060,#3653,#3654);
#3025=AXIS2_PLACEMENT_3D('',#5061,#3655,#3656);
#3026=AXIS2_PLACEMENT_3D('',#5067,#3660,#3661);
#3027=AXIS2_PLACEMENT_3D('',#5069,#3662,#3663);
#3028=AXIS2_PLACEMENT_3D('',#5071,#3664,#3665);
#3029=AXIS2_PLACEMENT_3D('',#5073,#3667,#3668);
#3030=AXIS2_PLACEMENT_3D('',#5085,#3675,#3676);
#3031=AXIS2_PLACEMENT_3D('',#5087,#3677,#3678);
#3032=AXIS2_PLACEMENT_3D('',#5089,#3679,#3680);
#3033=AXIS2_PLACEMENT_3D('',#5091,#3682,#3683);
#3034=AXIS2_PLACEMENT_3D('',#5095,#3685,#3686);
#3035=AXIS2_PLACEMENT_3D('',#5096,#3687,#3688);
#3036=AXIS2_PLACEMENT_3D('',#5097,#3689,#3690);
#3037=AXIS2_PLACEMENT_3D('',#5102,#3692,#3693);
#3038=AXIS2_PLACEMENT_3D('',#5105,#3695,#3696);
#3039=AXIS2_PLACEMENT_3D('',#5106,#3697,#3698);
#3040=AXIS2_PLACEMENT_3D('',#5112,#3702,#3703);
#3041=AXIS2_PLACEMENT_3D('',#5115,#3705,#3706);
#3042=AXIS2_PLACEMENT_3D('',#5116,#3707,#3708);
#3043=AXIS2_PLACEMENT_3D('',#5117,#3709,#3710);
#3044=AXIS2_PLACEMENT_3D('',#5121,#3713,#3714);
#3045=AXIS2_PLACEMENT_3D('',#5124,#3716,#3717);
#3046=AXIS2_PLACEMENT_3D('',#5125,#3718,#3719);
#3047=AXIS2_PLACEMENT_3D('',#5129,#3722,#3723);
#3048=AXIS2_PLACEMENT_3D('',#5132,#3725,#3726);
#3049=AXIS2_PLACEMENT_3D('',#5133,#3727,#3728);
#3050=AXIS2_PLACEMENT_3D('',#5136,#3731,#3732);
#3051=AXIS2_PLACEMENT_3D('',#5138,#3734,#3735);
#3052=AXIS2_PLACEMENT_3D('',#5140,#3737,#3738);
#3053=AXIS2_PLACEMENT_3D('',#5142,#3740,#3741);
#3054=AXIS2_PLACEMENT_3D('',#5167,#3754,#3755);
#3055=AXIS2_PLACEMENT_3D('',#5170,#3758,#3759);
#3056=AXIS2_PLACEMENT_3D('',#5174,#3762,#3763);
#3057=AXIS2_PLACEMENT_3D('',#5178,#3766,#3767);
#3058=AXIS2_PLACEMENT_3D('',#5181,#3770,#3771);
#3059=AXIS2_PLACEMENT_3D('',#5183,#3773,#3774);
#3060=AXIS2_PLACEMENT_3D('',#5186,#3777,#3778);
#3061=AXIS2_PLACEMENT_3D('',#5190,#3781,#3782);
#3062=AXIS2_PLACEMENT_3D('',#5192,#3784,#3785);
#3063=AXIS2_PLACEMENT_3D('',#5196,#3788,#3789);
#3064=AXIS2_PLACEMENT_3D('',#5199,#3792,#3793);
#3065=AXIS2_PLACEMENT_3D('',#5201,#3795,#3796);
#3066=AXIS2_PLACEMENT_3D('',#5202,#3797,#3798);
#3067=AXIS2_PLACEMENT_3D('',#5206,#3801,#3802);
#3068=AXIS2_PLACEMENT_3D('',#5210,#3805,#3806);
#3069=AXIS2_PLACEMENT_3D('',#5212,#3808,#3809);
#3070=AXIS2_PLACEMENT_3D('',#5213,#3810,#3811);
#3071=AXIS2_PLACEMENT_3D('',#5217,#3814,#3815);
#3072=AXIS2_PLACEMENT_3D('',#5218,#3816,#3817);
#3073=AXIS2_PLACEMENT_3D('',#5222,#3820,#3821);
#3074=AXIS2_PLACEMENT_3D('',#5227,#3825,#3826);
#3075=AXIS2_PLACEMENT_3D('',#5228,#3827,#3828);
#3076=AXIS2_PLACEMENT_3D('',#5232,#3831,#3832);
#3077=AXIS2_PLACEMENT_3D('',#5234,#3834,#3835);
#3078=AXIS2_PLACEMENT_3D('',#5235,#3836,#3837);
#3079=AXIS2_PLACEMENT_3D('',#5239,#3840,#3841);
#3080=AXIS2_PLACEMENT_3D('',#5241,#3843,#3844);
#3081=AXIS2_PLACEMENT_3D('',#5242,#3845,#3846);
#3082=AXIS2_PLACEMENT_3D('',#5244,#3848,#3849);
#3083=AXIS2_PLACEMENT_3D('',#5245,#3850,#3851);
#3084=AXIS2_PLACEMENT_3D('',#5249,#3854,#3855);
#3085=AXIS2_PLACEMENT_3D('',#5251,#3857,#3858);
#3086=AXIS2_PLACEMENT_3D('',#5252,#3859,#3860);
#3087=AXIS2_PLACEMENT_3D('',#5253,#3861,#3862);
#3088=AXIS2_PLACEMENT_3D('',#5254,#3863,#3864);
#3089=AXIS2_PLACEMENT_3D('',#5256,#3866,#3867);
#3090=AXIS2_PLACEMENT_3D('',#5258,#3869,#3870);
#3091=DIRECTION('axis',(0.,0.,1.));
#3092=DIRECTION('refdir',(1.,0.,0.));
#3093=DIRECTION('center_axis',(0.,0.,1.));
#3094=DIRECTION('ref_axis',(0.,-1.,0.));
#3095=DIRECTION('',(1.,0.,0.));
#3096=DIRECTION('',(0.,-1.,0.));
#3097=DIRECTION('',(-1.,0.,0.));
#3098=DIRECTION('',(0.,1.,0.));
#3099=DIRECTION('center_axis',(1.,0.,0.));
#3100=DIRECTION('ref_axis',(0.,0.,1.));
#3101=DIRECTION('',(0.,0.,1.));
#3102=DIRECTION('',(0.,1.,0.));
#3103=DIRECTION('',(0.,0.,1.));
#3104=DIRECTION('',(0.,-1.,0.));
#3105=DIRECTION('',(0.,0.,-1.));
#3106=DIRECTION('center_axis',(0.,0.,-1.));
#3107=DIRECTION('ref_axis',(-1.,0.,0.));
#3108=DIRECTION('',(1.,0.,0.));
#3109=DIRECTION('',(0.,1.,0.));
#3110=DIRECTION('',(-1.,-4.11193712824132E-17,0.));
#3111=DIRECTION('center_axis',(0.,1.,0.));
#3112=DIRECTION('ref_axis',(1.,0.,0.));
#3113=DIRECTION('',(0.,0.,-1.));
#3114=DIRECTION('',(1.,0.,0.));
#3115=DIRECTION('',(0.,0.,-1.));
#3116=DIRECTION('',(1.,0.,0.));
#3117=DIRECTION('',(0.,0.,-1.));
#3118=DIRECTION('',(1.,0.,0.));
#3119=DIRECTION('',(0.,0.,1.));
#3120=DIRECTION('center_axis',(-1.,0.,0.));
#3121=DIRECTION('ref_axis',(0.,0.,1.));
#3122=DIRECTION('',(0.,0.,-1.));
#3123=DIRECTION('center_axis',(1.,0.,0.));
#3124=DIRECTION('ref_axis',(0.,-0.707106781186547,0.707106781186548));
#3125=DIRECTION('',(0.,-1.,0.));
#3126=DIRECTION('',(0.,0.,-1.));
#3127=DIRECTION('',(0.,1.,0.));
#3128=DIRECTION('center_axis',(1.,0.,0.));
#3129=DIRECTION('ref_axis',(0.,0.,-1.));
#3130=DIRECTION('',(0.,0.,1.));
#3131=DIRECTION('',(0.,1.,0.));
#3132=DIRECTION('',(0.,0.,-1.));
#3133=DIRECTION('',(0.,1.,0.));
#3134=DIRECTION('center_axis',(0.,1.,0.));
#3135=DIRECTION('ref_axis',(-1.,0.,0.));
#3136=DIRECTION('',(0.,0.,1.));
#3137=DIRECTION('',(-1.,0.,0.));
#3138=DIRECTION('',(1.,0.,0.));
#3139=DIRECTION('',(0.,0.,1.));
#3140=DIRECTION('',(1.,0.,0.));
#3141=DIRECTION('',(0.,0.,1.));
#3142=DIRECTION('',(-1.,0.,0.));
#3143=DIRECTION('',(0.,0.,-1.));
#3144=DIRECTION('center_axis',(-1.,0.,0.));
#3145=DIRECTION('ref_axis',(0.,0.,1.));
#3146=DIRECTION('',(0.,1.,0.));
#3147=DIRECTION('',(0.,0.,-1.));
#3148=DIRECTION('',(0.,1.,0.));
#3149=DIRECTION('',(0.,0.,-1.));
#3150=DIRECTION('',(0.,-1.,0.));
#3151=DIRECTION('',(0.,0.,1.));
#3152=DIRECTION('',(0.,-1.,0.));
#3153=DIRECTION('center_axis',(0.,0.,1.));
#3154=DIRECTION('ref_axis',(1.,0.,0.));
#3155=DIRECTION('',(1.,0.,0.));
#3156=DIRECTION('',(0.,-1.,0.));
#3157=DIRECTION('',(-1.,5.84327907697451E-17,0.));
#3158=DIRECTION('',(0.,1.,0.));
#3159=DIRECTION('',(0.,1.,0.));
#3160=DIRECTION('',(-8.22387425648264E-17,-1.,0.));
#3161=DIRECTION('',(1.,0.,0.));
#3162=DIRECTION('',(0.,1.,0.));
#3163=DIRECTION('',(1.49011611938477E-8,1.,0.));
#3164=DIRECTION('',(-1.,0.,0.));
#3165=DIRECTION('',(1.,0.,0.));
#3166=DIRECTION('',(0.,1.,0.));
#3167=DIRECTION('',(-1.,0.,0.));
#3168=DIRECTION('',(0.,-1.,0.));
#3169=DIRECTION('',(1.,0.,0.));
#3170=DIRECTION('',(-1.64477485129653E-16,1.,0.));
#3171=DIRECTION('',(-1.,0.,0.));
#3172=DIRECTION('',(0.,-1.,0.));
#3173=DIRECTION('',(1.,0.,0.));
#3174=DIRECTION('',(0.,-1.,0.));
#3175=DIRECTION('',(-1.,0.,0.));
#3176=DIRECTION('',(0.,1.,0.));
#3177=DIRECTION('',(1.,0.,0.));
#3178=DIRECTION('',(6.75519308638663E-8,0.999999999999998,0.));
#3179=DIRECTION('center_axis',(1.,0.,0.));
#3180=DIRECTION('ref_axis',(0.,0.,-1.));
#3181=DIRECTION('',(0.,1.,0.));
#3182=DIRECTION('center_axis',(0.,0.,1.));
#3183=DIRECTION('ref_axis',(1.,0.,0.));
#3184=DIRECTION('',(6.75519308638663E-8,0.999999999999998,0.));
#3185=DIRECTION('',(1.,0.,0.));
#3186=DIRECTION('',(0.,1.,0.));
#3187=DIRECTION('',(-1.,0.,0.));
#3188=DIRECTION('center_axis',(0.,0.,-1.));
#3189=DIRECTION('ref_axis',(0.,-1.,0.));
#3190=DIRECTION('center_axis',(0.,0.,1.));
#3191=DIRECTION('ref_axis',(1.,0.,0.));
#3192=DIRECTION('center_axis',(0.,0.,-1.));
#3193=DIRECTION('ref_axis',(0.,-1.,0.));
#3194=DIRECTION('',(1.,0.,0.));
#3195=DIRECTION('',(0.,1.,0.));
#3196=DIRECTION('center_axis',(0.,0.,1.));
#3197=DIRECTION('ref_axis',(6.5420519111824E-17,-1.,0.));
#3198=DIRECTION('',(-1.,0.,0.));
#3199=DIRECTION('center_axis',(0.,0.,-1.));
#3200=DIRECTION('ref_axis',(0.707106781186549,-0.707106781186546,0.));
#3201=DIRECTION('',(0.,-1.,0.));
#3202=DIRECTION('center_axis',(0.,0.,1.));
#3203=DIRECTION('ref_axis',(-0.707106781186548,0.707106781186547,0.));
#3204=DIRECTION('',(-1.,0.,0.));
#3205=DIRECTION('',(0.,-1.,0.));
#3206=DIRECTION('',(1.,0.,0.));
#3207=DIRECTION('',(0.,1.,0.));
#3208=DIRECTION('',(-1.,0.,0.));
#3209=DIRECTION('center_axis',(0.,0.,1.));
#3210=DIRECTION('ref_axis',(0.707106781186548,0.707106781186547,0.));
#3211=DIRECTION('',(0.,1.,0.));
#3212=DIRECTION('center_axis',(0.,0.,-1.));
#3213=DIRECTION('ref_axis',(-0.707106781186549,-0.707106781186546,0.));
#3214=DIRECTION('',(-1.,0.,0.));
#3215=DIRECTION('center_axis',(0.,0.,-1.));
#3216=DIRECTION('ref_axis',(6.5420519111824E-17,-1.,0.));
#3217=DIRECTION('',(0.,1.,0.));
#3218=DIRECTION('center_axis',(0.,0.,1.));
#3219=DIRECTION('ref_axis',(0.707106781186554,0.707106781186541,0.));
#3220=DIRECTION('',(-1.,0.,0.));
#3221=DIRECTION('center_axis',(0.,0.,-1.));
#3222=DIRECTION('ref_axis',(-1.,-2.96059473233375E-15,0.));
#3223=DIRECTION('',(-1.64477485129653E-16,1.,0.));
#3224=DIRECTION('center_axis',(0.,0.,-1.));
#3225=DIRECTION('ref_axis',(0.,1.,0.));
#3226=DIRECTION('center_axis',(0.,0.,-1.));
#3227=DIRECTION('ref_axis',(1.,-7.40148683083437E-16,0.));
#3228=DIRECTION('',(0.,-1.,0.));
#3229=DIRECTION('center_axis',(-1.,0.,0.));
#3230=DIRECTION('ref_axis',(0.,-0.707106781186546,-0.707106781186549));
#3231=DIRECTION('',(1.,0.,0.));
#3232=DIRECTION('center_axis',(1.,0.,0.));
#3233=DIRECTION('ref_axis',(0.,-1.,0.));
#3234=DIRECTION('',(1.,0.,0.));
#3235=DIRECTION('center_axis',(1.,0.,0.));
#3236=DIRECTION('ref_axis',(0.,-1.,0.));
#3237=DIRECTION('center_axis',(-1.,0.,0.));
#3238=DIRECTION('ref_axis',(0.,0.,1.));
#3239=DIRECTION('center_axis',(-1.,0.,0.));
#3240=DIRECTION('ref_axis',(0.,0.431767895444545,0.901984747356289));
#3241=DIRECTION('center_axis',(0.,-0.707106781186548,0.707106781186547));
#3242=DIRECTION('ref_axis',(-1.,0.,0.));
#3243=DIRECTION('center_axis',(0.,0.707106781186547,-0.707106781186548));
#3244=DIRECTION('ref_axis',(-0.707106781186547,-0.5,-0.500000000000001));
#3245=DIRECTION('',(0.,0.707106781186547,-0.707106781186548));
#3246=DIRECTION('center_axis',(0.,0.707106781186546,-0.707106781186549));
#3247=DIRECTION('ref_axis',(0.,-0.707106781186549,-0.707106781186546));
#3248=DIRECTION('center_axis',(-5.23364152894591E-17,-0.989949493661167,
-0.141421356237309));
#3249=DIRECTION('ref_axis',(0.,0.141421356237309,-0.989949493661167));
#3250=DIRECTION('center_axis',(5.23364152894591E-17,-0.989949493661167,
-0.141421356237309));
#3251=DIRECTION('ref_axis',(0.,0.141421356237309,-0.989949493661167));
#3252=DIRECTION('',(0.,-0.707106781186547,0.707106781186548));
#3253=DIRECTION('center_axis',(0.,0.,-1.));
#3254=DIRECTION('ref_axis',(0.707106781186554,0.707106781186541,0.));
#3255=DIRECTION('',(0.,0.,-1.));
#3256=DIRECTION('center_axis',(0.,0.,1.));
#3257=DIRECTION('ref_axis',(1.,0.,0.));
#3258=DIRECTION('',(0.,0.,1.));
#3259=DIRECTION('center_axis',(1.,0.,0.));
#3260=DIRECTION('ref_axis',(0.,-0.707106781186548,-0.707106781186547));
#3261=DIRECTION('center_axis',(0.,0.,-1.));
#3262=DIRECTION('ref_axis',(-1.,-2.96059473233375E-15,0.));
#3263=DIRECTION('',(0.,0.,-1.));
#3264=DIRECTION('center_axis',(0.,0.,-1.));
#3265=DIRECTION('ref_axis',(-1.,-2.96059473233375E-15,0.));
#3266=DIRECTION('',(0.,0.,-1.));
#3267=DIRECTION('center_axis',(-1.,-1.64477485129653E-16,0.));
#3268=DIRECTION('ref_axis',(-1.64477485129653E-16,1.,0.));
#3269=DIRECTION('',(-1.64477485129653E-16,1.,0.));
#3270=DIRECTION('',(0.,0.,1.));
#3271=DIRECTION('',(-1.64477485129653E-16,1.,0.));
#3272=DIRECTION('',(0.,0.,-1.));
#3273=DIRECTION('',(-1.64477485129653E-16,1.,0.));
#3274=DIRECTION('',(0.,0.,-1.));
#3275=DIRECTION('center_axis',(0.,0.,-1.));
#3276=DIRECTION('ref_axis',(0.,1.,0.));
#3277=DIRECTION('center_axis',(0.,0.,-1.));
#3278=DIRECTION('ref_axis',(0.,1.,0.));
#3279=DIRECTION('center_axis',(0.,0.,-1.));
#3280=DIRECTION('ref_axis',(1.,-7.40148683083437E-16,0.));
#3281=DIRECTION('center_axis',(0.,0.,-1.));
#3282=DIRECTION('ref_axis',(1.,-7.40148683083437E-16,0.));
#3283=DIRECTION('center_axis',(0.,-1.,0.));
#3284=DIRECTION('ref_axis',(-1.,0.,0.));
#3285=DIRECTION('center_axis',(0.,1.,0.));
#3286=DIRECTION('ref_axis',(9.81307786677359E-17,0.,-1.));
#3287=DIRECTION('center_axis',(0.,1.,0.));
#3288=DIRECTION('ref_axis',(9.81307786677359E-17,0.,-1.));
#3289=DIRECTION('',(-1.,0.,0.));
#3290=DIRECTION('center_axis',(0.,-1.,0.));
#3291=DIRECTION('ref_axis',(6.54205191118239E-17,0.,-1.));
#3292=DIRECTION('',(0.,0.,1.));
#3293=DIRECTION('',(0.,0.,-1.));
#3294=DIRECTION('',(0.,0.,1.));
#3295=DIRECTION('',(-1.,0.,0.));
#3296=DIRECTION('',(0.,0.,-1.));
#3297=DIRECTION('',(-1.,0.,0.));
#3298=DIRECTION('center_axis',(0.,0.,-1.));
#3299=DIRECTION('ref_axis',(0.,-1.,0.));
#3300=DIRECTION('center_axis',(-1.,0.,0.));
#3301=DIRECTION('ref_axis',(0.,0.707106781186548,0.707106781186547));
#3302=DIRECTION('',(0.,0.707106781186547,-0.707106781186548));
#3303=DIRECTION('center_axis',(-1.,0.,0.));
#3304=DIRECTION('ref_axis',(0.,0.,1.));
#3305=DIRECTION('center_axis',(1.,0.,0.));
#3306=DIRECTION('ref_axis',(0.,0.923879532511286,0.382683432365091));
#3307=DIRECTION('center_axis',(0.,0.707106781186549,-0.707106781186546));
#3308=DIRECTION('ref_axis',(1.,0.,0.));
#3309=DIRECTION('center_axis',(0.,0.707106781186547,-0.707106781186548));
#3310=DIRECTION('ref_axis',(0.707106781186546,-0.5,-0.500000000000002));
#3311=DIRECTION('',(0.,-0.707106781186547,0.707106781186548));
#3312=DIRECTION('center_axis',(0.,-0.707106781186548,0.707106781186547));
#3313=DIRECTION('ref_axis',(0.,-0.707106781186547,-0.707106781186548));
#3314=DIRECTION('center_axis',(0.,-1.,0.));
#3315=DIRECTION('ref_axis',(2.96059473233375E-15,0.,1.));
#3316=DIRECTION('center_axis',(0.258198889747159,0.,-0.966091783079297));
#3317=DIRECTION('ref_axis',(0.,1.,0.));
#3318=DIRECTION('center_axis',(-0.455089860562229,-9.8859311519008E-16,
0.890445517038213));
#3319=DIRECTION('ref_axis',(0.81046545237436,0.414213562373099,0.414213562373096));
#3320=DIRECTION('center_axis',(1.,0.,0.));
#3321=DIRECTION('ref_axis',(0.,0.,-1.));
#3322=DIRECTION('center_axis',(-1.,0.,0.));
#3323=DIRECTION('ref_axis',(0.,0.923879532511286,0.382683432365091));
#3324=DIRECTION('center_axis',(1.,0.,0.));
#3325=DIRECTION('ref_axis',(0.,0.923879532511287,0.38268343236509));
#3326=DIRECTION('',(1.,0.,0.));
#3327=DIRECTION('center_axis',(0.,0.707106781186548,0.707106781186547));
#3328=DIRECTION('ref_axis',(0.,0.707106781186547,-0.707106781186548));
#3329=DIRECTION('',(-1.,0.,0.));
#3330=DIRECTION('center_axis',(-1.,0.,0.));
#3331=DIRECTION('ref_axis',(0.,0.,1.));
#3332=DIRECTION('center_axis',(1.,0.,0.));
#3333=DIRECTION('ref_axis',(0.,0.431767895444546,0.901984747356289));
#3334=DIRECTION('center_axis',(1.,0.,0.));
#3335=DIRECTION('ref_axis',(0.,-0.707106781186548,-0.707106781186547));
#3336=DIRECTION('center_axis',(1.,0.,0.));
#3337=DIRECTION('ref_axis',(0.,0.707106781186548,0.707106781186547));
#3338=DIRECTION('center_axis',(1.,0.,0.));
#3339=DIRECTION('ref_axis',(0.,0.707106781186548,0.707106781186547));
#3340=DIRECTION('center_axis',(-1.,0.,0.));
#3341=DIRECTION('ref_axis',(0.,0.707106781186548,0.707106781186547));
#3342=DIRECTION('',(1.,0.,0.));
#3343=DIRECTION('center_axis',(0.,-1.,0.));
#3344=DIRECTION('ref_axis',(-1.,0.,0.));
#3345=DIRECTION('',(0.,0.,-1.));
#3346=DIRECTION('',(-1.,0.,0.));
#3347=DIRECTION('',(0.,0.,1.));
#3348=DIRECTION('center_axis',(0.,0.,-1.));
#3349=DIRECTION('ref_axis',(-1.,0.,0.));
#3350=DIRECTION('',(1.,0.,0.));
#3351=DIRECTION('',(8.22387425648264E-17,1.,0.));
#3352=DIRECTION('center_axis',(0.,0.,-1.));
#3353=DIRECTION('ref_axis',(-1.,0.,0.));
#3354=DIRECTION('',(1.,0.,0.));
#3355=DIRECTION('',(-1.,0.,0.));
#3356=DIRECTION('',(2.46716227694479E-16,-1.,0.));
#3357=DIRECTION('center_axis',(0.,0.,-1.));
#3358=DIRECTION('ref_axis',(-1.,0.,0.));
#3359=DIRECTION('',(0.,-1.,0.));
#3360=DIRECTION('',(1.,0.,0.));
#3361=DIRECTION('',(0.,1.,0.));
#3362=DIRECTION('center_axis',(-1.,8.22387425648264E-17,0.));
#3363=DIRECTION('ref_axis',(8.22387425648264E-17,1.,0.));
#3364=DIRECTION('',(0.,0.,-1.));
#3365=DIRECTION('',(0.,-1.,0.));
#3366=DIRECTION('center_axis',(0.,-1.,0.));
#3367=DIRECTION('ref_axis',(0.,0.,-1.));
#3368=DIRECTION('center_axis',(0.,1.,0.));
#3369=DIRECTION('ref_axis',(-0.707106781186546,0.,0.707106781186549));
#3370=DIRECTION('',(0.,0.,1.));
#3371=DIRECTION('',(1.,0.,0.));
#3372=DIRECTION('',(-1.,0.,0.));
#3373=DIRECTION('',(0.,0.,1.));
#3374=DIRECTION('center_axis',(4.11193712824132E-17,-1.,0.));
#3375=DIRECTION('ref_axis',(-1.,-4.11193712824132E-17,0.));
#3376=DIRECTION('',(0.,0.,-1.));
#3377=DIRECTION('',(-1.,-4.11193712824132E-17,0.));
#3378=DIRECTION('center_axis',(1.,0.,0.));
#3379=DIRECTION('ref_axis',(0.,0.,-1.));
#3380=DIRECTION('center_axis',(-1.,0.,0.));
#3381=DIRECTION('ref_axis',(0.,-0.707106781186547,0.707106781186548));
#3382=DIRECTION('',(0.,0.,1.));
#3383=DIRECTION('',(0.,1.,0.));
#3384=DIRECTION('',(0.,-1.,0.));
#3385=DIRECTION('',(0.,0.,1.));
#3386=DIRECTION('center_axis',(0.,-1.,0.));
#3387=DIRECTION('ref_axis',(0.,0.,-1.));
#3388=DIRECTION('',(0.,0.,1.));
#3389=DIRECTION('',(1.,0.,0.));
#3390=DIRECTION('',(0.,0.,-1.));
#3391=DIRECTION('center_axis',(0.,1.,0.));
#3392=DIRECTION('ref_axis',(0.707106781186546,0.,0.707106781186549));
#3393=DIRECTION('',(0.,0.,-1.));
#3394=DIRECTION('',(-1.,0.,0.));
#3395=DIRECTION('center_axis',(0.,1.,0.));
#3396=DIRECTION('ref_axis',(1.,0.,0.));
#3397=DIRECTION('',(0.,0.,-1.));
#3398=DIRECTION('',(1.,0.,0.));
#3399=DIRECTION('',(0.,0.,1.));
#3400=DIRECTION('center_axis',(-1.,0.,0.));
#3401=DIRECTION('ref_axis',(0.,0.,1.));
#3402=DIRECTION('',(0.,-1.,0.));
#3403=DIRECTION('',(0.,0.,1.));
#3404=DIRECTION('center_axis',(0.,0.,-1.));
#3405=DIRECTION('ref_axis',(-1.,0.,0.));
#3406=DIRECTION('',(-8.22387425648264E-17,-1.,0.));
#3407=DIRECTION('center_axis',(0.,0.,-1.));
#3408=DIRECTION('ref_axis',(-1.,0.,0.));
#3409=DIRECTION('',(2.46716227694479E-16,-1.,0.));
#3410=DIRECTION('',(-1.,0.,0.));
#3411=DIRECTION('',(-1.64477485129653E-16,1.,0.));
#3412=DIRECTION('center_axis',(0.,0.,-1.));
#3413=DIRECTION('ref_axis',(-1.,0.,0.));
#3414=DIRECTION('',(0.,1.,0.));
#3415=DIRECTION('center_axis',(0.,0.,-1.));
#3416=DIRECTION('ref_axis',(-1.,0.,0.));
#3417=DIRECTION('',(1.,0.,0.));
#3418=DIRECTION('center_axis',(0.,0.,-1.));
#3419=DIRECTION('ref_axis',(1.,0.,0.));
#3420=DIRECTION('center_axis',(0.948683298050514,0.316227766016836,0.));
#3421=DIRECTION('ref_axis',(0.316227766016836,-0.948683298050514,0.));
#3422=DIRECTION('center_axis',(-0.316227766016842,-0.948683298050512,0.));
#3423=DIRECTION('ref_axis',(0.948683298050512,-0.316227766016842,0.));
#3424=DIRECTION('center_axis',(0.,0.,-1.));
#3425=DIRECTION('ref_axis',(0.,-1.,0.));
#3426=DIRECTION('center_axis',(0.316227766016842,-0.948683298050512,0.));
#3427=DIRECTION('ref_axis',(-0.948683298050512,-0.316227766016842,0.));
#3428=DIRECTION('center_axis',(-0.948683298050514,0.316227766016839,0.));
#3429=DIRECTION('ref_axis',(-0.316227766016839,-0.948683298050513,0.));
#3430=DIRECTION('center_axis',(0.,0.,-1.));
#3431=DIRECTION('ref_axis',(-1.,0.,0.));
#3432=DIRECTION('center_axis',(-0.948683298050515,-0.316227766016835,2.80866677486136E-15));
#3433=DIRECTION('ref_axis',(-0.316227766016835,0.948683298050515,0.));
#3434=DIRECTION('center_axis',(0.316227766016835,0.948683298050515,0.));
#3435=DIRECTION('ref_axis',(-0.948683298050515,0.316227766016835,0.));
#3436=DIRECTION('center_axis',(0.,0.,-1.));
#3437=DIRECTION('ref_axis',(0.,1.,0.));
#3438=DIRECTION('center_axis',(-0.316227766016837,0.948683298050514,0.));
#3439=DIRECTION('ref_axis',(0.948683298050514,0.316227766016837,0.));
#3440=DIRECTION('center_axis',(0.948683298050514,-0.316227766016837,0.));
#3441=DIRECTION('ref_axis',(0.316227766016837,0.948683298050514,0.));
#3442=DIRECTION('center_axis',(0.,-1.,0.));
#3443=DIRECTION('ref_axis',(0.707106781186548,0.,-0.707106781186547));
#3444=DIRECTION('',(0.,-1.,0.));
#3445=DIRECTION('center_axis',(1.,-5.84327907697451E-17,0.));
#3446=DIRECTION('ref_axis',(0.,0.707106781186546,-0.707106781186549));
#3447=DIRECTION('',(1.,-5.84327907697451E-17,0.));
#3448=DIRECTION('center_axis',(0.,1.,0.));
#3449=DIRECTION('ref_axis',(-0.707106781186548,0.,-0.707106781186547));
#3450=DIRECTION('',(0.,1.,0.));
#3451=DIRECTION('center_axis',(-1.,0.,0.));
#3452=DIRECTION('ref_axis',(0.,-0.707106781186548,-0.707106781186547));
#3453=DIRECTION('',(-1.,0.,0.));
#3454=DIRECTION('center_axis',(0.,-1.,0.));
#3455=DIRECTION('ref_axis',(1.,0.,0.));
#3456=DIRECTION('',(0.,0.,1.));
#3457=DIRECTION('',(1.,0.,0.));
#3458=DIRECTION('',(0.,0.,1.));
#3459=DIRECTION('center_axis',(0.,0.,1.));
#3460=DIRECTION('ref_axis',(-4.44089209850064E-15,-1.,0.));
#3461=DIRECTION('',(0.,0.,1.));
#3462=DIRECTION('center_axis',(0.,0.,1.));
#3463=DIRECTION('ref_axis',(-4.44089209850064E-15,-1.,0.));
#3464=DIRECTION('center_axis',(1.,0.,0.));
#3465=DIRECTION('ref_axis',(0.,1.,0.));
#3466=DIRECTION('',(0.,0.,1.));
#3467=DIRECTION('',(0.,1.,0.));
#3468=DIRECTION('center_axis',(0.,0.,1.));
#3469=DIRECTION('ref_axis',(1.,0.,0.));
#3470=DIRECTION('',(0.,0.,1.));
#3471=DIRECTION('center_axis',(0.,0.,1.));
#3472=DIRECTION('ref_axis',(1.,0.,0.));
#3473=DIRECTION('center_axis',(8.22387425648264E-17,1.,0.));
#3474=DIRECTION('ref_axis',(-0.707106781186546,0.,0.707106781186549));
#3475=DIRECTION('',(8.22387425648264E-17,1.,0.));
#3476=DIRECTION('center_axis',(-1.,0.,0.));
#3477=DIRECTION('ref_axis',(0.,-0.707106781186547,0.707106781186548));
#3478=DIRECTION('',(-1.,0.,0.));
#3479=DIRECTION('center_axis',(0.,1.,0.));
#3480=DIRECTION('ref_axis',(1.,0.,0.));
#3481=DIRECTION('center_axis',(1.64477485129653E-16,-1.,0.));
#3482=DIRECTION('ref_axis',(0.707106781186546,0.,0.707106781186549));
#3483=DIRECTION('',(1.64477485129653E-16,-1.,0.));
#3484=DIRECTION('center_axis',(0.,-1.,0.));
#3485=DIRECTION('ref_axis',(0.707106781186546,0.,0.707106781186549));
#3486=DIRECTION('center_axis',(-1.,-1.64477485129653E-16,0.));
#3487=DIRECTION('ref_axis',(-1.64477485129653E-16,1.,0.));
#3488=DIRECTION('',(0.,0.,1.));
#3489=DIRECTION('center_axis',(0.894427190999917,-0.447213595499956,9.93013661298906E-16));
#3490=DIRECTION('ref_axis',(-0.447213595499956,-0.894427190999917,0.));
#3491=DIRECTION('center_axis',(-0.44721359549996,0.894427190999915,0.));
#3492=DIRECTION('ref_axis',(-0.894427190999915,-0.447213595499959,0.));
#3493=DIRECTION('center_axis',(-2.77555756156287E-16,-2.7755575615629E-16,
1.));
#3494=DIRECTION('ref_axis',(-1.,-2.2204460492503E-15,-2.77555756156288E-16));
#3495=DIRECTION('center_axis',(-0.447213595499956,-0.894427190999917,-3.97205464519562E-15));
#3496=DIRECTION('ref_axis',(-0.894427190999917,0.447213595499956,0.));
#3497=DIRECTION('center_axis',(0.894427190999915,0.447213595499959,0.));
#3498=DIRECTION('ref_axis',(-0.447213595499959,0.894427190999915,0.));
#3499=DIRECTION('center_axis',(0.,2.77555756156288E-16,1.));
#3500=DIRECTION('ref_axis',(0.,1.,-2.77555756156288E-16));
#3501=DIRECTION('center_axis',(-0.894427190999917,0.447213595499956,-3.97205464519562E-15));
#3502=DIRECTION('ref_axis',(0.447213595499956,0.894427190999917,0.));
#3503=DIRECTION('center_axis',(0.447213595499956,-0.894427190999917,0.));
#3504=DIRECTION('ref_axis',(0.894427190999917,0.447213595499956,0.));
#3505=DIRECTION('center_axis',(2.77555756156288E-16,2.77555756156285E-16,
1.));
#3506=DIRECTION('ref_axis',(1.,0.,-2.77555756156288E-16));
#3507=DIRECTION('center_axis',(0.447213595499958,0.894427190999916,-3.97205464519564E-15));
#3508=DIRECTION('ref_axis',(0.894427190999916,-0.447213595499958,0.));
#3509=DIRECTION('center_axis',(-0.894427190999917,-0.447213595499957,0.));
#3510=DIRECTION('ref_axis',(0.447213595499957,-0.894427190999917,0.));
#3511=DIRECTION('center_axis',(2.77555756156285E-16,-2.7755575615629E-16,
1.));
#3512=DIRECTION('ref_axis',(0.,-1.,-2.7755575615629E-16));
#3513=DIRECTION('center_axis',(0.,1.,0.));
#3514=DIRECTION('ref_axis',(0.,0.,-1.));
#3515=DIRECTION('center_axis',(0.,0.,1.));
#3516=DIRECTION('ref_axis',(-0.707106781186549,-0.707106781186546,0.));
#3517=DIRECTION('center_axis',(0.,1.,0.));
#3518=DIRECTION('ref_axis',(1.,0.,0.));
#3519=DIRECTION('center_axis',(0.,0.,1.));
#3520=DIRECTION('ref_axis',(0.707106781186549,-0.707106781186546,0.));
#3521=DIRECTION('center_axis',(0.,-1.,0.));
#3522=DIRECTION('ref_axis',(0.707106781186549,0.,-0.707106781186546));
#3523=DIRECTION('center_axis',(0.,1.,0.));
#3524=DIRECTION('ref_axis',(1.,0.,0.));
#3525=DIRECTION('',(0.,1.,0.));
#3526=DIRECTION('center_axis',(0.,0.,1.));
#3527=DIRECTION('ref_axis',(1.,0.,0.));
#3528=DIRECTION('center_axis',(1.,0.,0.));
#3529=DIRECTION('ref_axis',(0.,-1.,0.));
#3530=DIRECTION('center_axis',(0.,0.,-1.));
#3531=DIRECTION('ref_axis',(-0.707106781186548,0.707106781186547,0.));
#3532=DIRECTION('center_axis',(-1.,0.,0.));
#3533=DIRECTION('ref_axis',(0.,-0.707106781186548,-0.707106781186547));
#3534=DIRECTION('',(1.,0.,0.));
#3535=DIRECTION('center_axis',(-1.,0.,0.));
#3536=DIRECTION('ref_axis',(0.,-0.707106781186547,-0.707106781186548));
#3537=DIRECTION('',(1.,0.,0.));
#3538=DIRECTION('center_axis',(1.,0.,0.));
#3539=DIRECTION('ref_axis',(0.,-1.,0.));
#3540=DIRECTION('center_axis',(0.,0.,1.));
#3541=DIRECTION('ref_axis',(1.,0.,0.));
#3542=DIRECTION('center_axis',(0.,-1.,0.));
#3543=DIRECTION('ref_axis',(-1.,0.,0.));
#3544=DIRECTION('center_axis',(0.,0.,-1.));
#3545=DIRECTION('ref_axis',(0.707106781186548,0.707106781186547,0.));
#3546=DIRECTION('center_axis',(0.,1.,0.));
#3547=DIRECTION('ref_axis',(-0.707106781186549,0.,-0.707106781186546));
#3548=DIRECTION('',(0.,-1.,0.));
#3549=DIRECTION('center_axis',(0.,1.,0.));
#3550=DIRECTION('ref_axis',(0.707106781186549,0.,-0.707106781186546));
#3551=DIRECTION('',(0.,1.,0.));
#3552=DIRECTION('center_axis',(-1.,0.,0.));
#3553=DIRECTION('ref_axis',(0.,0.707106781186549,-0.707106781186546));
#3554=DIRECTION('',(-1.,0.,0.));
#3555=DIRECTION('center_axis',(0.,-1.,0.));
#3556=DIRECTION('ref_axis',(-0.707106781186549,0.,-0.707106781186546));
#3557=DIRECTION('',(0.,-1.,0.));
#3558=DIRECTION('center_axis',(1.,0.,0.));
#3559=DIRECTION('ref_axis',(0.,0.,-1.));
#3560=DIRECTION('',(0.,0.,-1.));
#3561=DIRECTION('',(0.,-1.,0.));
#3562=DIRECTION('',(0.,0.,1.));
#3563=DIRECTION('center_axis',(0.,0.,-1.));
#3564=DIRECTION('ref_axis',(0.707106781186546,-0.707106781186549,0.));
#3565=DIRECTION('',(0.,0.,1.));
#3566=DIRECTION('center_axis',(0.,0.707106781186549,0.707106781186546));
#3567=DIRECTION('ref_axis',(4.90653893338679E-17,-0.707106781186546,0.707106781186549));
#3568=DIRECTION('center_axis',(-0.707106781186549,0.,0.707106781186546));
#3569=DIRECTION('ref_axis',(0.707106781186546,0.,0.707106781186549));
#3570=DIRECTION('center_axis',(0.,-1.,0.));
#3571=DIRECTION('ref_axis',(1.,0.,0.));
#3572=DIRECTION('',(0.,0.,-1.));
#3573=DIRECTION('',(-1.,0.,0.));
#3574=DIRECTION('',(0.,0.,-1.));
#3575=DIRECTION('',(-1.,0.,0.));
#3576=DIRECTION('center_axis',(0.,0.,-1.));
#3577=DIRECTION('ref_axis',(-0.707106781186549,0.707106781186546,0.));
#3578=DIRECTION('',(0.,0.,1.));
#3579=DIRECTION('center_axis',(0.,0.,1.));
#3580=DIRECTION('ref_axis',(-0.707106781186549,0.707106781186546,0.));
#3581=DIRECTION('center_axis',(-1.,0.,0.));
#3582=DIRECTION('ref_axis',(0.,-1.,0.));
#3583=DIRECTION('',(0.,0.,-1.));
#3584=DIRECTION('',(0.,-1.,0.));
#3585=DIRECTION('center_axis',(0.,0.,1.));
#3586=DIRECTION('ref_axis',(0.707106781186548,-0.707106781186548,0.));
#3587=DIRECTION('',(0.,0.,1.));
#3588=DIRECTION('center_axis',(0.,0.,-1.));
#3589=DIRECTION('ref_axis',(0.707106781186548,-0.707106781186548,0.));
#3590=DIRECTION('center_axis',(0.,1.,0.));
#3591=DIRECTION('ref_axis',(-1.,0.,0.));
#3592=DIRECTION('',(0.,0.,-1.));
#3593=DIRECTION('',(-1.,0.,0.));
#3594=DIRECTION('center_axis',(0.,0.,1.));
#3595=DIRECTION('ref_axis',(-0.707106781186548,-0.707106781186548,0.));
#3596=DIRECTION('',(0.,0.,1.));
#3597=DIRECTION('center_axis',(0.,0.,-1.));
#3598=DIRECTION('ref_axis',(-0.707106781186548,-0.707106781186548,0.));
#3599=DIRECTION('center_axis',(0.,0.707106781186549,0.707106781186546));
#3600=DIRECTION('ref_axis',(1.,0.,0.));
#3601=DIRECTION('',(0.,-0.707106781186546,0.707106781186549));
#3602=DIRECTION('',(0.,-0.707106781186546,0.707106781186549));
#3603=DIRECTION('',(1.,0.,0.));
#3604=DIRECTION('center_axis',(0.,0.,-1.));
#3605=DIRECTION('ref_axis',(-0.707106781186549,0.707106781186547,0.));
#3606=DIRECTION('',(0.707106781186546,0.,0.707106781186549));
#3607=DIRECTION('center_axis',(0.,0.,-1.));
#3608=DIRECTION('ref_axis',(-0.707106781186548,0.707106781186546,0.));
#3609=DIRECTION('center_axis',(-0.707106781186549,0.,0.707106781186546));
#3610=DIRECTION('ref_axis',(0.707106781186546,0.,0.707106781186549));
#3611=DIRECTION('',(0.707106781186546,2.51214793389404E-14,0.707106781186549));
#3612=DIRECTION('',(0.,1.,0.));
#3613=DIRECTION('center_axis',(0.,0.,1.));
#3614=DIRECTION('ref_axis',(0.707106781186548,-0.707106781186548,0.));
#3615=DIRECTION('',(0.,-0.707106781186552,0.707106781186543));
#3616=DIRECTION('center_axis',(0.,0.,1.));
#3617=DIRECTION('ref_axis',(0.707106781186547,-0.707106781186547,0.));
#3618=DIRECTION('center_axis',(0.,0.707106781186543,0.707106781186552));
#3619=DIRECTION('ref_axis',(1.,0.,0.));
#3620=DIRECTION('',(1.25607396694701E-14,-0.707106781186552,0.707106781186543));
#3621=DIRECTION('',(1.,0.,0.));
#3622=DIRECTION('center_axis',(0.,0.,1.));
#3623=DIRECTION('ref_axis',(-0.707106781186548,-0.707106781186548,0.));
#3624=DIRECTION('',(-0.70710678118654,0.,0.707106781186555));
#3625=DIRECTION('center_axis',(0.,0.,1.));
#3626=DIRECTION('ref_axis',(-0.707106781186547,-0.707106781186547,0.));
#3627=DIRECTION('center_axis',(0.707106781186549,0.,0.707106781186546));
#3628=DIRECTION('ref_axis',(0.707106781186546,0.,-0.707106781186549));
#3629=DIRECTION('',(-0.707106781186546,0.,0.707106781186549));
#3630=DIRECTION('',(0.,-1.,0.));
#3631=DIRECTION('',(0.,1.,0.));
#3632=DIRECTION('center_axis',(0.,0.,-1.));
#3633=DIRECTION('ref_axis',(0.707106781186548,0.707106781186548,0.));
#3634=DIRECTION('center_axis',(0.,0.,1.));
#3635=DIRECTION('ref_axis',(0.707106781186548,0.707106781186548,0.));
#3636=DIRECTION('',(0.,-0.707106781186543,0.707106781186552));
#3637=DIRECTION('center_axis',(0.,0.,-1.));
#3638=DIRECTION('ref_axis',(0.707106781186547,0.707106781186547,0.));
#3639=DIRECTION('center_axis',(0.,0.707106781186552,0.707106781186543));
#3640=DIRECTION('ref_axis',(1.,0.,0.));
#3641=DIRECTION('',(0.,0.707106781186543,-0.707106781186552));
#3642=DIRECTION('',(1.,0.,0.));
#3643=DIRECTION('',(-1.,0.,0.));
#3644=DIRECTION('center_axis',(0.,-1.,0.));
#3645=DIRECTION('ref_axis',(1.,0.,0.));
#3646=DIRECTION('',(0.,0.,-1.));
#3647=DIRECTION('',(-1.,0.,0.));
#3648=DIRECTION('',(0.,0.,1.));
#3649=DIRECTION('',(0.,0.,1.));
#3650=DIRECTION('center_axis',(0.,0.,1.));
#3651=DIRECTION('ref_axis',(0.707106781186548,0.707106781186548,0.));
#3652=DIRECTION('',(0.,0.,-1.));
#3653=DIRECTION('center_axis',(1.,0.,0.));
#3654=DIRECTION('ref_axis',(0.,1.,0.));
#3655=DIRECTION('center_axis',(0.,0.,1.));
#3656=DIRECTION('ref_axis',(1.,0.,0.));
#3657=DIRECTION('',(0.,1.,0.));
#3658=DIRECTION('',(-1.,0.,0.));
#3659=DIRECTION('',(0.,-1.,0.));
#3660=DIRECTION('center_axis',(0.,0.,1.));
#3661=DIRECTION('ref_axis',(0.707106781186548,0.707106781186548,0.));
#3662=DIRECTION('center_axis',(-0.707106781186549,0.,0.707106781186546));
#3663=DIRECTION('ref_axis',(0.707106781186546,0.,0.707106781186549));
#3664=DIRECTION('center_axis',(0.,-0.707106781186549,0.707106781186546));
#3665=DIRECTION('ref_axis',(0.,0.707106781186546,0.707106781186549));
#3666=DIRECTION('',(0.,0.,-1.));
#3667=DIRECTION('center_axis',(0.,-1.,0.));
#3668=DIRECTION('ref_axis',(1.,0.,0.));
#3669=DIRECTION('',(1.,0.,0.));
#3670=DIRECTION('',(0.,0.,1.));
#3671=DIRECTION('',(1.,0.,0.));
#3672=DIRECTION('',(0.,0.,-1.));
#3673=DIRECTION('',(1.,0.,0.));
#3674=DIRECTION('',(0.,0.,1.));
#3675=DIRECTION('center_axis',(0.,0.,-1.));
#3676=DIRECTION('ref_axis',(-0.707106781186548,0.707106781186548,0.));
#3677=DIRECTION('center_axis',(0.,-0.707106781186549,0.707106781186546));
#3678=DIRECTION('ref_axis',(0.,0.707106781186546,0.707106781186549));
#3679=DIRECTION('center_axis',(0.707106781186549,0.,0.707106781186546));
#3680=DIRECTION('ref_axis',(-0.707106781186546,0.,0.707106781186549));
#3681=DIRECTION('',(0.,0.,-1.));
#3682=DIRECTION('center_axis',(0.,0.,1.));
#3683=DIRECTION('ref_axis',(-0.707106781186546,-0.707106781186549,0.));
#3684=DIRECTION('',(0.,0.,1.));
#3685=DIRECTION('center_axis',(0.707106781186549,0.,0.707106781186546));
#3686=DIRECTION('ref_axis',(-0.707106781186546,0.,0.707106781186549));
#3687=DIRECTION('center_axis',(0.,0.707106781186552,0.707106781186543));
#3688=DIRECTION('ref_axis',(0.,-0.707106781186543,0.707106781186552));
#3689=DIRECTION('center_axis',(0.,0.,-1.));
#3690=DIRECTION('ref_axis',(-4.4408920985006E-15,1.,0.));
#3691=DIRECTION('',(0.707106781186546,0.,0.707106781186549));
#3692=DIRECTION('center_axis',(0.,0.,-1.));
#3693=DIRECTION('ref_axis',(-4.4408920985006E-15,1.,0.));
#3694=DIRECTION('',(0.,0.707106781186546,-0.707106781186549));
#3695=DIRECTION('center_axis',(0.,0.,1.));
#3696=DIRECTION('ref_axis',(-4.4408920985006E-15,1.,0.));
#3697=DIRECTION('center_axis',(-0.707106781186549,0.,0.707106781186546));
#3698=DIRECTION('ref_axis',(0.707106781186546,0.,0.707106781186549));
#3699=DIRECTION('',(0.707106781186546,0.,0.707106781186549));
#3700=DIRECTION('',(0.,1.,0.));
#3701=DIRECTION('',(0.,-1.,0.));
#3702=DIRECTION('center_axis',(0.,0.,-1.));
#3703=DIRECTION('ref_axis',(-1.,0.,0.));
#3704=DIRECTION('',(0.,0.707106781186552,0.707106781186543));
#3705=DIRECTION('center_axis',(0.,0.,-1.));
#3706=DIRECTION('ref_axis',(-1.,0.,0.));
#3707=DIRECTION('center_axis',(0.,0.,1.));
#3708=DIRECTION('ref_axis',(-1.,0.,0.));
#3709=DIRECTION('center_axis',(0.,-0.707106781186543,0.707106781186552));
#3710=DIRECTION('ref_axis',(1.,0.,0.));
#3711=DIRECTION('',(-1.25607396694701E-14,0.707106781186552,0.707106781186543));
#3712=DIRECTION('',(-1.,0.,0.));
#3713=DIRECTION('center_axis',(0.,0.,-1.));
#3714=DIRECTION('ref_axis',(-4.44089209850064E-15,-1.,0.));
#3715=DIRECTION('',(-0.707106781186546,0.,0.707106781186549));
#3716=DIRECTION('center_axis',(0.,0.,-1.));
#3717=DIRECTION('ref_axis',(-4.44089209850064E-15,-1.,0.));
#3718=DIRECTION('center_axis',(0.707106781186549,0.,0.707106781186546));
#3719=DIRECTION('ref_axis',(0.707106781186546,0.,-0.707106781186549));
#3720=DIRECTION('',(-0.707106781186546,1.25607396694702E-14,0.707106781186549));
#3721=DIRECTION('',(0.,-1.,0.));
#3722=DIRECTION('center_axis',(0.,0.,-1.));
#3723=DIRECTION('ref_axis',(1.,0.,0.));
#3724=DIRECTION('',(0.,-0.707106781186546,0.707106781186549));
#3725=DIRECTION('center_axis',(0.,0.,-1.));
#3726=DIRECTION('ref_axis',(1.,0.,0.));
#3727=DIRECTION('center_axis',(4.13182225969419E-17,0.707106781186555,0.70710678118654));
#3728=DIRECTION('ref_axis',(1.,0.,-5.84327907697464E-17));
#3729=DIRECTION('',(1.,-5.84327907697451E-17,0.));
#3730=DIRECTION('',(-1.,5.84327907697451E-17,0.));
#3731=DIRECTION('center_axis',(0.,0.,1.));
#3732=DIRECTION('ref_axis',(-1.,0.,0.));
#3733=DIRECTION('',(0.,0.,1.));
#3734=DIRECTION('center_axis',(-1.,0.,0.));
#3735=DIRECTION('ref_axis',(0.,-1.,0.));
#3736=DIRECTION('',(0.,0.,1.));
#3737=DIRECTION('center_axis',(0.,0.,1.));
#3738=DIRECTION('ref_axis',(-4.4408920985006E-15,1.,0.));
#3739=DIRECTION('',(0.,0.,-1.));
#3740=DIRECTION('center_axis',(0.,0.,1.));
#3741=DIRECTION('ref_axis',(1.,0.,0.));
#3742=DIRECTION('',(1.,0.,0.));
#3743=DIRECTION('',(0.,-1.,0.));
#3744=DIRECTION('',(-1.,0.,0.));
#3745=DIRECTION('',(0.,-1.,0.));
#3746=DIRECTION('',(-1.,0.,0.));
#3747=DIRECTION('',(0.,1.,0.));
#3748=DIRECTION('',(-1.,0.,0.));
#3749=DIRECTION('',(0.,1.,0.));
#3750=DIRECTION('',(1.,0.,0.));
#3751=DIRECTION('',(0.,1.,0.));
#3752=DIRECTION('',(1.,0.,0.));
#3753=DIRECTION('',(0.,-1.,0.));
#3754=DIRECTION('center_axis',(0.,-0.707106781186549,0.707106781186546));
#3755=DIRECTION('ref_axis',(1.,0.,0.));
#3756=DIRECTION('',(-0.577350269189625,-0.577350269189625,-0.577350269189628));
#3757=DIRECTION('',(0.577350269189625,0.577350269189625,0.577350269189627));
#3758=DIRECTION('center_axis',(-0.707106781186549,0.,0.707106781186546));
#3759=DIRECTION('ref_axis',(0.707106781186546,0.,0.707106781186549));
#3760=DIRECTION('',(-0.577350269189632,-0.577350269189622,-0.577350269189624));
#3761=DIRECTION('',(0.,-1.,0.));
#3762=DIRECTION('center_axis',(0.,-0.707106781186549,0.707106781186546));
#3763=DIRECTION('ref_axis',(1.,0.,0.));
#3764=DIRECTION('',(0.577350269189622,-0.577350269189632,-0.577350269189624));
#3765=DIRECTION('',(1.,0.,0.));
#3766=DIRECTION('center_axis',(0.707106781186549,0.,0.707106781186546));
#3767=DIRECTION('ref_axis',(0.707106781186546,0.,-0.707106781186549));
#3768=DIRECTION('',(0.577350269189625,-0.577350269189625,-0.577350269189628));
#3769=DIRECTION('',(0.,1.,0.));
#3770=DIRECTION('center_axis',(0.,-0.707106781186549,0.707106781186546));
#3771=DIRECTION('ref_axis',(1.,0.,0.));
#3772=DIRECTION('',(0.577350269189625,-0.577350269189625,-0.577350269189627));
#3773=DIRECTION('center_axis',(0.,0.707106781186552,0.707106781186543));
#3774=DIRECTION('ref_axis',(1.,0.,0.));
#3775=DIRECTION('',(0.577350269189625,0.577350269189625,-0.577350269189628));
#3776=DIRECTION('',(-0.577350269189627,-0.577350269189621,0.577350269189629));
#3777=DIRECTION('center_axis',(0.707106781186549,0.,0.707106781186546));
#3778=DIRECTION('ref_axis',(0.707106781186546,0.,-0.707106781186549));
#3779=DIRECTION('',(0.,1.,0.));
#3780=DIRECTION('',(0.577350269189628,0.577350269189628,-0.577350269189621));
#3781=DIRECTION('center_axis',(0.707106781186549,0.,0.707106781186546));
#3782=DIRECTION('ref_axis',(0.707106781186546,0.,-0.707106781186549));
#3783=DIRECTION('',(0.,1.,0.));
#3784=DIRECTION('center_axis',(0.,0.707106781186543,0.707106781186552));
#3785=DIRECTION('ref_axis',(1.,0.,0.));
#3786=DIRECTION('',(-1.,0.,0.));
#3787=DIRECTION('',(-0.577350269189622,0.577350269189632,-0.577350269189624));
#3788=DIRECTION('center_axis',(-0.707106781186549,0.,0.707106781186546));
#3789=DIRECTION('ref_axis',(0.707106781186546,0.,0.707106781186549));
#3790=DIRECTION('',(0.,-1.,0.));
#3791=DIRECTION('',(-0.577350269189625,0.577350269189625,-0.577350269189628));
#3792=DIRECTION('center_axis',(0.,0.707106781186549,0.707106781186546));
#3793=DIRECTION('ref_axis',(1.,0.,0.));
#3794=DIRECTION('',(-0.577350269189625,0.577350269189625,-0.577350269189627));
#3795=DIRECTION('center_axis',(-0.707106781186549,0.,0.707106781186546));
#3796=DIRECTION('ref_axis',(0.707106781186546,0.,0.707106781186549));
#3797=DIRECTION('center_axis',(-1.,0.,0.));
#3798=DIRECTION('ref_axis',(0.,-1.,0.));
#3799=DIRECTION('',(0.,0.,1.));
#3800=DIRECTION('',(0.,-1.,0.));
#3801=DIRECTION('center_axis',(0.,-1.,0.));
#3802=DIRECTION('ref_axis',(1.,0.,0.));
#3803=DIRECTION('',(0.,0.,1.));
#3804=DIRECTION('',(1.,0.,0.));
#3805=DIRECTION('center_axis',(1.,0.,0.));
#3806=DIRECTION('ref_axis',(0.,1.,0.));
#3807=DIRECTION('',(0.,1.,0.));
#3808=DIRECTION('center_axis',(-1.,0.,0.));
#3809=DIRECTION('ref_axis',(0.,0.,1.));
#3810=DIRECTION('center_axis',(1.,0.,0.));
#3811=DIRECTION('ref_axis',(0.,0.,1.));
#3812=DIRECTION('',(0.,0.,1.));
#3813=DIRECTION('',(0.,-1.,0.));
#3814=DIRECTION('center_axis',(1.,-8.22387425648264E-17,0.));
#3815=DIRECTION('ref_axis',(-8.22387425648264E-17,-1.,0.));
#3816=DIRECTION('center_axis',(1.,0.,0.));
#3817=DIRECTION('ref_axis',(0.,0.,-1.));
#3818=DIRECTION('',(0.,0.,-1.));
#3819=DIRECTION('',(0.,-1.,0.));
#3820=DIRECTION('center_axis',(0.,1.,0.));
#3821=DIRECTION('ref_axis',(0.,0.,1.));
#3822=DIRECTION('',(0.,0.,-1.));
#3823=DIRECTION('',(1.,0.,0.));
#3824=DIRECTION('',(0.,0.,1.));
#3825=DIRECTION('center_axis',(1.,2.46716227694479E-16,0.));
#3826=DIRECTION('ref_axis',(2.46716227694479E-16,-1.,0.));
#3827=DIRECTION('center_axis',(0.,1.,0.));
#3828=DIRECTION('ref_axis',(-1.,0.,0.));
#3829=DIRECTION('',(-1.,0.,0.));
#3830=DIRECTION('',(0.,0.,1.));
#3831=DIRECTION('center_axis',(-1.,0.,0.));
#3832=DIRECTION('ref_axis',(0.,-1.,0.));
#3833=DIRECTION('',(0.,-1.,0.));
#3834=DIRECTION('center_axis',(0.,0.,1.));
#3835=DIRECTION('ref_axis',(1.,0.,0.));
#3836=DIRECTION('center_axis',(1.,-1.49011611938477E-8,0.));
#3837=DIRECTION('ref_axis',(1.49011611938477E-8,1.,0.));
#3838=DIRECTION('',(1.49011611938477E-8,1.,0.));
#3839=DIRECTION('',(0.,0.,1.));
#3840=DIRECTION('center_axis',(0.,1.,0.));
#3841=DIRECTION('ref_axis',(-1.,0.,0.));
#3842=DIRECTION('',(-1.,0.,0.));
#3843=DIRECTION('center_axis',(0.,0.,1.));
#3844=DIRECTION('ref_axis',(1.,0.,0.));
#3845=DIRECTION('center_axis',(0.,-1.,0.));
#3846=DIRECTION('ref_axis',(1.,0.,0.));
#3847=DIRECTION('',(0.,0.,1.));
#3848=DIRECTION('center_axis',(0.999999999999998,-6.75519308638663E-8,0.));
#3849=DIRECTION('ref_axis',(6.75519308638663E-8,0.999999999999998,0.));
#3850=DIRECTION('center_axis',(-1.,0.,0.));
#3851=DIRECTION('ref_axis',(0.,-1.,0.));
#3852=DIRECTION('',(0.,-1.,0.));
#3853=DIRECTION('',(0.,0.,1.));
#3854=DIRECTION('center_axis',(0.,-1.,0.));
#3855=DIRECTION('ref_axis',(1.,0.,0.));
#3856=DIRECTION('',(1.,0.,0.));
#3857=DIRECTION('center_axis',(0.,0.,-1.));
#3858=DIRECTION('ref_axis',(1.,0.,0.));
#3859=DIRECTION('center_axis',(5.84327907697451E-17,1.,0.));
#3860=DIRECTION('ref_axis',(-1.,5.84327907697451E-17,0.));
#3861=DIRECTION('center_axis',(0.,0.,1.));
#3862=DIRECTION('ref_axis',(1.,0.,0.));
#3863=DIRECTION('center_axis',(-1.,0.,0.));
#3864=DIRECTION('ref_axis',(0.,-1.,0.));
#3865=DIRECTION('',(0.,0.,1.));
#3866=DIRECTION('center_axis',(0.,1.,0.));
#3867=DIRECTION('ref_axis',(-1.,0.,0.));
#3868=DIRECTION('',(0.,0.,1.));
#3869=DIRECTION('center_axis',(1.,0.,0.));
#3870=DIRECTION('ref_axis',(0.,1.,0.));
#3871=CARTESIAN_POINT('',(0.,0.,0.));
#3872=CARTESIAN_POINT('Origin',(49.0000007897616,35.6215001937151,-18.));
#3873=CARTESIAN_POINT('',(45.0000007897615,35.,-18.));
#3874=CARTESIAN_POINT('',(52.9500007897615,35.,-18.));
#3875=CARTESIAN_POINT('',(-2.49999960511923,35.,-18.));
#3876=CARTESIAN_POINT('',(45.0000007897615,37.,-18.));
#3877=CARTESIAN_POINT('',(45.0000007897615,35.6215001937151,-18.));
#3878=CARTESIAN_POINT('',(52.9500007897615,37.,-18.));
#3879=CARTESIAN_POINT('',(-2.49999960511923,37.,-18.));
#3880=CARTESIAN_POINT('',(52.9500007897615,39.310750372529,-18.));
#3881=CARTESIAN_POINT('Origin',(45.0000007897615,35.6215001937151,-38.));
#3882=CARTESIAN_POINT('',(45.0000007897615,35.,-33.));
#3883=CARTESIAN_POINT('',(45.0000007897616,35.,-19.));
#3884=CARTESIAN_POINT('',(45.0000007897615,33.,-33.));
#3885=CARTESIAN_POINT('',(45.0000007897615,5.31075009685755,-33.));
#3886=CARTESIAN_POINT('',(45.0000007897616,33.,-35.));
#3887=CARTESIAN_POINT('',(45.0000007897616,33.,-19.));
#3888=CARTESIAN_POINT('',(45.0000007897616,37.,-35.));
#3889=CARTESIAN_POINT('',(45.0000007897615,5.31075009685755,-35.));
#3890=CARTESIAN_POINT('',(45.0000007897616,37.,-19.));
#3891=CARTESIAN_POINT('Origin',(0.,-25.,-33.));
#3892=CARTESIAN_POINT('',(-52.9500007897615,35.,-33.));
#3893=CARTESIAN_POINT('',(-27.,35.,-33.));
#3894=CARTESIAN_POINT('',(-52.9500007897615,33.,-33.));
#3895=CARTESIAN_POINT('',(-52.9500007897615,1.50000027567148,-33.));
#3896=CARTESIAN_POINT('',(27.,33.,-33.));
#3897=CARTESIAN_POINT('Origin',(-54.,35.,0.));
#3898=CARTESIAN_POINT('',(52.9500007897615,35.,-3.));
#3899=CARTESIAN_POINT('',(52.9500007897615,35.,-26.));
#3900=CARTESIAN_POINT('',(54.,35.,-3.));
#3901=CARTESIAN_POINT('',(-0.49999960511923,35.,-3.));
#3902=CARTESIAN_POINT('',(54.,35.,0.));
#3903=CARTESIAN_POINT('',(54.,35.,0.));
#3904=CARTESIAN_POINT('',(-54.,35.,0.));
#3905=CARTESIAN_POINT('',(-27.,35.,0.));
#3906=CARTESIAN_POINT('',(-54.,35.,-3.));
#3907=CARTESIAN_POINT('',(-54.,35.,0.));
#3908=CARTESIAN_POINT('',(-52.9500007897615,35.,-3.));
#3909=CARTESIAN_POINT('',(-53.5000003948808,35.,-3.));
#3910=CARTESIAN_POINT('',(-52.9500007897615,35.,-26.));
#3911=CARTESIAN_POINT('Origin',(52.9500007897615,43.000000551343,-27.));
#3912=CARTESIAN_POINT('',(52.9500007897615,37.,-9.));
#3913=CARTESIAN_POINT('',(52.9500007897615,37.,-13.5));
#3914=CARTESIAN_POINT('',(52.9500007897615,40.,-6.));
#3915=CARTESIAN_POINT('Origin',(52.9500007897615,40.,-9.));
#3916=CARTESIAN_POINT('',(52.9500007897615,43.000000551343,-6.));
#3917=CARTESIAN_POINT('',(52.9500007897615,9.00000027567148,-6.));
#3918=CARTESIAN_POINT('',(52.9500007897615,43.000000551343,-3.));
#3919=CARTESIAN_POINT('',(52.9500007897615,43.000000551343,-27.));
#3920=CARTESIAN_POINT('',(52.9500007897615,28.000000551343,-3.));
#3921=CARTESIAN_POINT('Origin',(68.000001013279,-78.0000011622906,-3.));
#3922=CARTESIAN_POINT('',(68.000001013279,-78.0000011622906,-6.));
#3923=CARTESIAN_POINT('',(68.000001013279,-78.0000011622906,-3.));
#3924=CARTESIAN_POINT('',(68.000001013279,-78.0000011622906,-27.));
#3925=CARTESIAN_POINT('',(68.000001013279,-77.9500011622906,-3.));
#3926=CARTESIAN_POINT('',(68.000001013279,-78.0000011622906,-3.));
#3927=CARTESIAN_POINT('',(68.000001013279,-77.9500011622906,-6.));
#3928=CARTESIAN_POINT('',(68.000001013279,-77.9500011622906,-27.));
#3929=CARTESIAN_POINT('',(68.000001013279,-51.5000005811453,-6.));
#3930=CARTESIAN_POINT('Origin',(68.000001013279,-77.9500011622906,-27.));
#3931=CARTESIAN_POINT('',(65.,-77.9500011622906,-6.));
#3932=CARTESIAN_POINT('',(65.,-77.9500010281801,-5.99422677280818));
#3933=CARTESIAN_POINT('',(65.,-77.9500011622906,-19.5));
#3934=CARTESIAN_POINT('',(34.0000005066395,-77.9500011622906,-6.));
#3935=CARTESIAN_POINT('',(59.9999999999999,-77.9500011622906,-3.));
#3936=CARTESIAN_POINT('',(62.,-77.9500011622906,-3.));
#3937=CARTESIAN_POINT('',(60.,-77.9500010281801,-33.));
#3938=CARTESIAN_POINT('',(59.9999999999999,-77.9500011622906,-15.));
#3939=CARTESIAN_POINT('',(58.,-77.9500010281801,-33.));
#3940=CARTESIAN_POINT('',(34.0000005066395,-77.9500011622906,-33.));
#3941=CARTESIAN_POINT('',(58.0000008642673,-77.9500010281801,-35.));
#3942=CARTESIAN_POINT('',(58.,-77.9500011622906,-13.5));
#3943=CARTESIAN_POINT('',(62.,-77.9500010281801,-35.));
#3944=CARTESIAN_POINT('',(34.0000005066395,-77.9500011622906,-35.));
#3945=CARTESIAN_POINT('',(62.,-77.9500010281801,-8.99631864951697));
#3946=CARTESIAN_POINT('',(62.,-77.9500011622906,-13.5));
#3947=CARTESIAN_POINT('Ctrl Pts',(65.,-77.9500011622906,-5.99422677280818));
#3948=CARTESIAN_POINT('Ctrl Pts',(64.9859308587175,-77.9500011622906,-5.99422677280818));
#3949=CARTESIAN_POINT('Ctrl Pts',(64.9718571645857,-77.9500011622906,-5.99432584534843));
#3950=CARTESIAN_POINT('Ctrl Pts',(64.9577799381384,-77.9500011622906,-5.99452418354044));
#3951=CARTESIAN_POINT('Ctrl Pts',(64.5661884966646,-77.9500011622906,-6.00004143076217));
#3952=CARTESIAN_POINT('Ctrl Pts',(64.179477173437,-77.9500011622997,-6.08226371258456));
#3953=CARTESIAN_POINT('Ctrl Pts',(63.8194950516278,-77.9500011622997,-6.23649635213568));
#3954=CARTESIAN_POINT('Ctrl Pts',(63.4609314574157,-77.9500011622997,-6.39012123023887));
#3955=CARTESIAN_POINT('Ctrl Pts',(63.1357619732513,-77.9500011622906,-6.61224354442729));
#3956=CARTESIAN_POINT('Ctrl Pts',(62.862196552489,-77.9500011622906,-6.8903315916447));
#3957=CARTESIAN_POINT('Ctrl Pts',(62.5890305666926,-77.9500011622906,-7.16801360037461));
#3958=CARTESIAN_POINT('Ctrl Pts',(62.3724904887037,-77.9500011622906,-7.4962386691641));
#3959=CARTESIAN_POINT('Ctrl Pts',(62.2246664508833,-77.9500011622906,-7.85662470761826));
#3960=CARTESIAN_POINT('Ctrl Pts',(62.0763260354105,-77.9500011622906,-8.21826964346993));
#3961=CARTESIAN_POINT('Ctrl Pts',(62.,-77.9500011622906,-8.60543191939623));
#3962=CARTESIAN_POINT('Ctrl Pts',(62.,-77.9500011622906,-8.99631864951697));
#3963=CARTESIAN_POINT('Origin',(59.9999999999999,-79.0000011622906,-3.));
#3964=CARTESIAN_POINT('',(59.9999999999999,-79.0000011622906,-3.));
#3965=CARTESIAN_POINT('',(59.9999999999999,-79.0000011622906,-3.));
#3966=CARTESIAN_POINT('',(59.9999999999999,-79.0000011622906,0.));
#3967=CARTESIAN_POINT('',(59.9999999999999,-79.0000011622906,0.));
#3968=CARTESIAN_POINT('',(60.,29.,0.));
#3969=CARTESIAN_POINT('',(59.9999999999999,-79.0000011622906,0.));
#3970=CARTESIAN_POINT('',(60.,29.,-3.));
#3971=CARTESIAN_POINT('',(60.,29.,0.));
#3972=CARTESIAN_POINT('',(60.,27.950000551343,-3.));
#3973=CARTESIAN_POINT('',(60.,28.5000002756715,-3.));
#3974=CARTESIAN_POINT('',(60.,27.950000551343,-33.));
#3975=CARTESIAN_POINT('',(60.,27.950000551343,-26.));
#3976=CARTESIAN_POINT('',(60.,-68.9500010281801,-33.));
#3977=CARTESIAN_POINT('Origin',(0.,-25.,-6.));
#3978=CARTESIAN_POINT('',(-75.,-100.,-6.));
#3979=CARTESIAN_POINT('',(75.,-100.,-6.));
#3980=CARTESIAN_POINT('',(-38.,-100.,-6.));
#3981=CARTESIAN_POINT('',(-75.,50.,-6.));
#3982=CARTESIAN_POINT('',(-75.,13.,-6.));
#3983=CARTESIAN_POINT('',(75.,50.,-6.));
#3984=CARTESIAN_POINT('',(38.,50.,-6.));
#3985=CARTESIAN_POINT('',(75.,-63.,-6.));
#3986=CARTESIAN_POINT('',(65.,-68.7139330506803,-6.));
#3987=CARTESIAN_POINT('',(65.,-51.5000005811453,-6.));
#3988=CARTESIAN_POINT('',(65.,27.950000551343,-6.));
#3989=CARTESIAN_POINT('',(65.,1.99999999999999,-6.));
#3990=CARTESIAN_POINT('',(68.0000007897615,27.950000551343,-6.));
#3991=CARTESIAN_POINT('',(26.5000003948808,27.950000551343,-6.));
#3992=CARTESIAN_POINT('',(68.0000007897615,28.000000551343,-6.));
#3993=CARTESIAN_POINT('',(68.0000007897615,1.50000027567148,-6.));
#3994=CARTESIAN_POINT('',(68.000001013279,43.000000551343,-6.));
#3995=CARTESIAN_POINT('',(68.0000003948808,1.499999769032,-6.));
#3996=CARTESIAN_POINT('',(34.0000005066395,43.000000551343,-6.));
#3997=CARTESIAN_POINT('',(-52.9500007897615,40.,-6.));
#3998=CARTESIAN_POINT('',(-27.,40.,-6.));
#3999=CARTESIAN_POINT('',(-52.9500007897615,43.000000551343,-6.));
#4000=CARTESIAN_POINT('',(-52.9500007897615,1.50000027567148,-6.));
#4001=CARTESIAN_POINT('',(-68.0000007897615,43.000000551343,-6.));
#4002=CARTESIAN_POINT('',(-26.5000003948808,43.000000551343,-6.));
#4003=CARTESIAN_POINT('',(-68.0000007897615,27.950000551343,-6.));
#4004=CARTESIAN_POINT('',(-68.0000007897615,9.00000027567148,-6.));
#4005=CARTESIAN_POINT('',(-65.,27.950000551343,-6.));
#4006=CARTESIAN_POINT('',(-34.0000003948808,27.950000551343,-6.));
#4007=CARTESIAN_POINT('',(-65.,-77.9500011622906,-6.));
#4008=CARTESIAN_POINT('',(-65.,-52.,-6.));
#4009=CARTESIAN_POINT('',(-68.000000923872,-77.9500011622906,-6.));
#4010=CARTESIAN_POINT('',(-31.,-77.9500011622906,-6.));
#4011=CARTESIAN_POINT('',(-68.000000923872,-93.0000011622906,-6.));
#4012=CARTESIAN_POINT('',(-68.000000923872,-51.5000005811453,-6.));
#4013=CARTESIAN_POINT('',(-52.950000923872,-93.0000011622906,-6.));
#4014=CARTESIAN_POINT('',(-34.000000461936,-93.0000011622906,-6.));
#4015=CARTESIAN_POINT('',(-52.950000923872,-95.,-6.));
#4016=CARTESIAN_POINT('',(-52.950000923872,-59.0000005811453,-6.));
#4017=CARTESIAN_POINT('',(52.95,-95.,-6.));
#4018=CARTESIAN_POINT('',(27.,-95.,-6.));
#4019=CARTESIAN_POINT('',(52.95,-93.0000011622906,-6.));
#4020=CARTESIAN_POINT('',(52.95,-51.5000005811453,-6.));
#4021=CARTESIAN_POINT('',(68.,-93.0000011622906,-6.));
#4022=CARTESIAN_POINT('',(26.5,-93.0000011622906,-6.));
#4023=CARTESIAN_POINT('',(68.0000022967655,-59.0000028779111,-6.));
#4024=CARTESIAN_POINT('Origin',(65.,-78.0000011622906,-12.));
#4025=CARTESIAN_POINT('',(65.,-68.9500010281801,-5.99422677280818));
#4026=CARTESIAN_POINT('',(65.,-68.9500010281801,-5.99422677280818));
#4027=CARTESIAN_POINT('Ctrl Pts',(65.,-68.7139330506804,-6.));
#4028=CARTESIAN_POINT('Ctrl Pts',(65.,-68.7191354201837,-6.));
#4029=CARTESIAN_POINT('Ctrl Pts',(65.000000150857,-68.7243387189308,-5.99999059960323));
#4030=CARTESIAN_POINT('Ctrl Pts',(65.0000004330391,-68.7295427134288,-5.99997219351227));
#4031=CARTESIAN_POINT('Ctrl Pts',(65.0000007183795,-68.7348049546146,-5.99995358140766));
#4032=CARTESIAN_POINT('Ctrl Pts',(65.0000011156264,-68.7400678114276,-5.99992549380113));
#4033=CARTESIAN_POINT('Ctrl Pts',(65.0000016304275,-68.7453310550554,-5.99988841153899));
#4034=CARTESIAN_POINT('Ctrl Pts',(65.0000026777905,-68.756039127591,-5.99981296765291));
#4035=CARTESIAN_POINT('Ctrl Pts',(65.0000042304647,-68.7667490062469,-5.99970081289077));
#4036=CARTESIAN_POINT('Ctrl Pts',(65.0000061827684,-68.7774578680823,-5.99955376969022));
#4037=CARTESIAN_POINT('Ctrl Pts',(65.0000092253154,-68.7941469798802,-5.99932461177869));
#4038=CARTESIAN_POINT('Ctrl Pts',(65.0000130534257,-68.8108333962554,-5.99900988365747));
#4039=CARTESIAN_POINT('Ctrl Pts',(65.0000184647222,-68.8275069916436,-5.99862015478075));
#4040=CARTESIAN_POINT('Ctrl Pts',(65.0000258754983,-68.8503414971837,-5.99808642069477));
#4041=CARTESIAN_POINT('Ctrl Pts',(65.0000361707292,-68.8731994605027,-5.99741248641318));
#4042=CARTESIAN_POINT('Ctrl Pts',(65.0000470638976,-68.8960480206242,-5.99660705114686));
#4043=CARTESIAN_POINT('Ctrl Pts',(65.0000527482708,-68.907971066272,-5.99618675151329));
#4044=CARTESIAN_POINT('Ctrl Pts',(65.0000586921557,-68.9198913626247,-5.99573036912492));
#4045=CARTESIAN_POINT('Ctrl Pts',(65.0000647892927,-68.931804136887,-5.99523973752179));
#4046=CARTESIAN_POINT('Ctrl Pts',(65.0000678967352,-68.9378755538708,-5.99498968417716));
#4047=CARTESIAN_POINT('Ctrl Pts',(65.0000711851863,-68.9439455198142,-5.99473216839722));
#4048=CARTESIAN_POINT('Ctrl Pts',(65.0000743162074,-68.9500117701875,-5.99446296944175));
#4049=CARTESIAN_POINT('Origin',(60.5000005066395,-85.5000011622906,-3.));
#4050=CARTESIAN_POINT('',(68.,-93.0000011622906,-3.));
#4051=CARTESIAN_POINT('',(68.000001013279,-78.0000011622906,-3.));
#4052=CARTESIAN_POINT('',(52.95,-93.0000011622906,-3.));
#4053=CARTESIAN_POINT('',(53.,-93.0000011622906,-3.));
#4054=CARTESIAN_POINT('',(52.95,-85.,-3.));
#4055=CARTESIAN_POINT('',(52.95,-78.0000011622906,-3.));
#4056=CARTESIAN_POINT('',(54.,-85.,-3.));
#4057=CARTESIAN_POINT('',(53.5,-85.,-3.));
#4058=CARTESIAN_POINT('Origin',(54.,-79.,-3.));
#4059=CARTESIAN_POINT('Origin',(0.,-25.,0.));
#4060=CARTESIAN_POINT('',(54.,-85.,0.));
#4061=CARTESIAN_POINT('Origin',(54.,-79.,0.));
#4062=CARTESIAN_POINT('',(50.,-85.,0.));
#4063=CARTESIAN_POINT('',(27.,-85.,0.));
#4064=CARTESIAN_POINT('',(50.,-88.39696961967,0.));
#4065=CARTESIAN_POINT('',(50.,-47.7860354340586,0.));
#4066=CARTESIAN_POINT('',(49.8333088816068,-89.7915023596285,0.));
#4067=CARTESIAN_POINT('Origin',(47.,-88.39696961967,-2.22044604925031E-15));
#4068=CARTESIAN_POINT('',(48.5628923966275,-92.5176883219073,1.16248677350939E-11));
#4069=CARTESIAN_POINT('Ctrl Pts',(49.8333088816068,-89.7915023596284,-4.2171430484861E-18));
#4070=CARTESIAN_POINT('Ctrl Pts',(49.8032349201303,-89.913706478205,8.13955340863967E-18));
#4071=CARTESIAN_POINT('Ctrl Pts',(49.7701266859999,-90.0323535167574,0.));
#4072=CARTESIAN_POINT('Ctrl Pts',(49.541051236666,-90.7800498243786,0.));
#4073=CARTESIAN_POINT('Ctrl Pts',(49.1963327186441,-91.4982947889703,0.));
#4074=CARTESIAN_POINT('Ctrl Pts',(48.7631438112378,-92.2122186911211,0.));
#4075=CARTESIAN_POINT('Ctrl Pts',(48.6659736393376,-92.3644676918027,-2.47949992108172E-18));
#4076=CARTESIAN_POINT('Ctrl Pts',(48.5628923966036,-92.5176883218913,-1.42542807265704E-18));
#4077=CARTESIAN_POINT('',(47.4905601208587,-93.9999999999856,0.));
#4078=CARTESIAN_POINT('Ctrl Pts',(48.5628923964977,-92.5176883220486,-7.98381026885598E-16));
#4079=CARTESIAN_POINT('Ctrl Pts',(48.3974985733384,-92.7635307772249,-7.98381026885598E-16));
#4080=CARTESIAN_POINT('Ctrl Pts',(48.2461732751433,-92.9821802704682,-5.41233724504764E-15));
#4081=CARTESIAN_POINT('Ctrl Pts',(47.9039671633983,-93.4577139120849,-5.41233724504764E-15));
#4082=CARTESIAN_POINT('Ctrl Pts',(47.7279819681509,-93.6927830605597,6.93372798075E-16));
#4083=CARTESIAN_POINT('Ctrl Pts',(47.528215157649,-93.9514623795511,6.93940902901158E-16));
#4084=CARTESIAN_POINT('Ctrl Pts',(47.510067486061,-93.9748904742268,0.));
#4085=CARTESIAN_POINT('Ctrl Pts',(47.4914441364103,-93.9988622272925,0.));
#4086=CARTESIAN_POINT('Ctrl Pts',(47.4910021320615,-93.9994311294522,2.77555756156289E-16));
#4087=CARTESIAN_POINT('Ctrl Pts',(47.4905601207938,-94.,2.77555756156289E-16));
#4088=CARTESIAN_POINT('',(68.,-94.,0.));
#4089=CARTESIAN_POINT('',(35.5,-94.,0.));
#4090=CARTESIAN_POINT('',(69.,-93.,0.));
#4091=CARTESIAN_POINT('Origin',(68.,-93.,0.));
#4092=CARTESIAN_POINT('',(69.,-23.,0.));
#4093=CARTESIAN_POINT('',(69.,10.5,0.));
#4094=CARTESIAN_POINT('',(74.,-18.,0.));
#4095=CARTESIAN_POINT('Origin',(74.,-23.,0.));
#4096=CARTESIAN_POINT('',(74.25,-18.,0.));
#4097=CARTESIAN_POINT('',(35.5,-18.,0.));
#4098=CARTESIAN_POINT('',(74.25,44.,5.55111512312578E-16));
#4099=CARTESIAN_POINT('',(74.25,-22.5,0.));
#4100=CARTESIAN_POINT('',(-74.25,44.,5.55111512312578E-16));
#4101=CARTESIAN_POINT('',(-35.5,44.,0.));
#4102=CARTESIAN_POINT('',(-74.25,-18.,2.77555756156289E-16));
#4103=CARTESIAN_POINT('',(-74.25,7.5,0.));
#4104=CARTESIAN_POINT('',(-74.,-18.,0.));
#4105=CARTESIAN_POINT('',(-38.,-18.,0.));
#4106=CARTESIAN_POINT('',(-69.,-23.,0.));
#4107=CARTESIAN_POINT('Origin',(-74.,-23.,0.));
#4108=CARTESIAN_POINT('',(-69.,-93.,0.));
#4109=CARTESIAN_POINT('',(-69.,-60.5,0.));
#4110=CARTESIAN_POINT('',(-68.,-94.,0.));
#4111=CARTESIAN_POINT('Origin',(-68.,-93.,0.));
#4112=CARTESIAN_POINT('',(-47.4905601210484,-93.9999999999156,0.));
#4113=CARTESIAN_POINT('',(35.5,-94.,0.));
#4114=CARTESIAN_POINT('',(-48.5628923966275,-92.5176883219073,1.16290478765699E-11));
#4115=CARTESIAN_POINT('Ctrl Pts',(-47.4905601207937,-94.,-9.71445146547012E-16));
#4116=CARTESIAN_POINT('Ctrl Pts',(-47.491002159037,-93.9994310947346,-9.69712548694053E-16));
#4117=CARTESIAN_POINT('Ctrl Pts',(-47.4914441094439,-93.9988622620098,9.71445198771639E-16));
#4118=CARTESIAN_POINT('Ctrl Pts',(-47.6378527784975,-93.8104067726786,9.7142789977601E-16));
#4119=CARTESIAN_POINT('Ctrl Pts',(-47.7808927498951,-93.6218641750862,-1.17711593492191E-12));
#4120=CARTESIAN_POINT('Ctrl Pts',(-48.1467980473788,-93.1248161408044,-1.17711082574589E-12));
#4121=CARTESIAN_POINT('Ctrl Pts',(-48.3404935703847,-92.8482633846209,1.92417182452581E-16));
#4122=CARTESIAN_POINT('Ctrl Pts',(-48.5628923964977,-92.5176883220486,1.92417182452581E-16));
#4123=CARTESIAN_POINT('',(-49.8333088816068,-89.7915023596284,2.22044604925031E-15));
#4124=CARTESIAN_POINT('Ctrl Pts',(-48.5628923966036,-92.5176883218913,1.61875139590975E-18));
#4125=CARTESIAN_POINT('Ctrl Pts',(-48.6659736393376,-92.3644676918027,-7.66867439180453E-18));
#4126=CARTESIAN_POINT('Ctrl Pts',(-48.7631438112378,-92.2122186911211,0.));
#4127=CARTESIAN_POINT('Ctrl Pts',(-49.1963327186441,-91.4982947889703,0.));
#4128=CARTESIAN_POINT('Ctrl Pts',(-49.541051236666,-90.7800498243786,0.));
#4129=CARTESIAN_POINT('Ctrl Pts',(-49.7701266859999,-90.0323535167574,0.));
#4130=CARTESIAN_POINT('Ctrl Pts',(-49.8032349201303,-89.913706478205,2.07316677694213E-17));
#4131=CARTESIAN_POINT('Ctrl Pts',(-49.8333088816068,-89.7915023596284,7.84793083052716E-18));
#4132=CARTESIAN_POINT('',(-50.,-88.39696961967,0.));
#4133=CARTESIAN_POINT('Origin',(-47.,-88.39696961967,0.));
#4134=CARTESIAN_POINT('',(-50.,-86.,0.));
#4135=CARTESIAN_POINT('',(-50.,-47.7860354340586,0.));
#4136=CARTESIAN_POINT('',(-51.,-85.,0.));
#4137=CARTESIAN_POINT('Origin',(-51.,-86.,0.));
#4138=CARTESIAN_POINT('',(-54.,-85.,0.));
#4139=CARTESIAN_POINT('',(27.,-85.,0.));
#4140=CARTESIAN_POINT('',(-60.,-79.,0.));
#4141=CARTESIAN_POINT('Origin',(-54.,-79.,0.));
#4142=CARTESIAN_POINT('',(-60.,29.,0.));
#4143=CARTESIAN_POINT('',(-60.,-52.,0.));
#4144=CARTESIAN_POINT('Origin',(-54.,29.,0.));
#4145=CARTESIAN_POINT('Origin',(54.,29.,0.));
#4146=CARTESIAN_POINT('Ctrl Pts',(62.,-68.9500010281801,-8.99631864951697));
#4147=CARTESIAN_POINT('Ctrl Pts',(62.,-78.0000039574958,-8.99631864951697));
#4148=CARTESIAN_POINT('Ctrl Pts',(62.,-68.9500010281801,-8.60543191939623));
#4149=CARTESIAN_POINT('Ctrl Pts',(62.,-78.0000039574958,-8.60543191939623));
#4150=CARTESIAN_POINT('Ctrl Pts',(62.0763260354105,-68.9500010281801,-8.21826964346993));
#4151=CARTESIAN_POINT('Ctrl Pts',(62.0763260354105,-78.0000039574958,-8.21826964346993));
#4152=CARTESIAN_POINT('Ctrl Pts',(62.3724904887037,-68.9500010281801,-7.4962386691641));
#4153=CARTESIAN_POINT('Ctrl Pts',(62.3724904887037,-78.0000039574958,-7.4962386691641));
#4154=CARTESIAN_POINT('Ctrl Pts',(62.5890305666926,-68.9500010281801,-7.16801360037461));
#4155=CARTESIAN_POINT('Ctrl Pts',(62.5890305666926,-78.0000039574958,-7.16801360037461));
#4156=CARTESIAN_POINT('Ctrl Pts',(63.1357619732513,-68.9500010281801,-6.61224354442729));
#4157=CARTESIAN_POINT('Ctrl Pts',(63.1357619732513,-78.0000039574958,-6.61224354442729));
#4158=CARTESIAN_POINT('Ctrl Pts',(63.4609314574157,-68.9500010281893,-6.39012123023887));
#4159=CARTESIAN_POINT('Ctrl Pts',(63.4609314574157,-78.000003957505,-6.39012123023887));
#4160=CARTESIAN_POINT('Ctrl Pts',(64.179477173437,-68.9500010281893,-6.08226371258456));
#4161=CARTESIAN_POINT('Ctrl Pts',(64.179477173437,-78.000003957505,-6.08226371258456));
#4162=CARTESIAN_POINT('Ctrl Pts',(64.5661884966646,-68.9500010281801,-6.00004143076217));
#4163=CARTESIAN_POINT('Ctrl Pts',(64.5661884966646,-78.0000039574958,-6.00004143076217));
#4164=CARTESIAN_POINT('Ctrl Pts',(64.9718571645857,-68.9500010281801,-5.99432584534843));
#4165=CARTESIAN_POINT('Ctrl Pts',(64.9718571645857,-78.0000039574958,-5.99432584534843));
#4166=CARTESIAN_POINT('Ctrl Pts',(64.9859308587175,-68.9500010281801,-5.99422677280818));
#4167=CARTESIAN_POINT('Ctrl Pts',(64.9859308587175,-78.0000039574958,-5.99422677280818));
#4168=CARTESIAN_POINT('Ctrl Pts',(65.,-68.9500010281801,-5.99422677280818));
#4169=CARTESIAN_POINT('Ctrl Pts',(65.,-78.0000039574958,-5.99422677280818));
#4170=CARTESIAN_POINT('',(62.,-68.9500010281801,-8.99631864951697));
#4171=CARTESIAN_POINT('',(62.,-68.9500010281801,-8.99631864951697));
#4172=CARTESIAN_POINT('Ctrl Pts',(62.,-68.9500010281801,-8.99631864951697));
#4173=CARTESIAN_POINT('Ctrl Pts',(62.,-68.9500010281801,-8.60543191939623));
#4174=CARTESIAN_POINT('Ctrl Pts',(62.0763260354105,-68.9500010281801,-8.21826964346993));
#4175=CARTESIAN_POINT('Ctrl Pts',(62.3724904887037,-68.9500010281801,-7.4962386691641));
#4176=CARTESIAN_POINT('Ctrl Pts',(62.5890305666926,-68.9500010281801,-7.16801360037461));
#4177=CARTESIAN_POINT('Ctrl Pts',(63.1357619732513,-68.9500010281801,-6.61224354442729));
#4178=CARTESIAN_POINT('Ctrl Pts',(63.4609314574157,-68.9500010281893,-6.39012123023887));
#4179=CARTESIAN_POINT('Ctrl Pts',(64.179477173437,-68.9500010281893,-6.08226371258456));
#4180=CARTESIAN_POINT('Ctrl Pts',(64.5661884966646,-68.9500010281801,-6.00004143076217));
#4181=CARTESIAN_POINT('Ctrl Pts',(64.9718571645857,-68.9500010281801,-5.99432584534843));
#4182=CARTESIAN_POINT('Ctrl Pts',(64.9859308587175,-68.9500010281801,-5.99422677280818));
#4183=CARTESIAN_POINT('Ctrl Pts',(65.,-68.9500010281801,-5.99422677280818));
#4184=CARTESIAN_POINT('Origin',(35.5,-94.,2.));
#4185=CARTESIAN_POINT('',(-68.,-96.,2.));
#4186=CARTESIAN_POINT('',(68.,-96.,2.));
#4187=CARTESIAN_POINT('',(35.5,-96.,2.));
#4188=CARTESIAN_POINT('Origin',(68.,-94.,2.));
#4189=CARTESIAN_POINT('',(47.,-94.2145972111833,0.0115463201390908));
#4190=CARTESIAN_POINT('Ctrl Pts',(47.,-94.2145972111833,0.0115463201391008));
#4191=CARTESIAN_POINT('Ctrl Pts',(47.0027080195571,-94.2134221577231,0.0114195064254541));
#4192=CARTESIAN_POINT('Ctrl Pts',(47.0054193828624,-94.2122451875381,0.0112922281061124));
#4193=CARTESIAN_POINT('Ctrl Pts',(47.1688385702558,-94.1413515521597,0.00388144574336183));
#4194=CARTESIAN_POINT('Ctrl Pts',(47.3302316433889,-94.0708684989634,-0.000136543476819978));
#4195=CARTESIAN_POINT('Ctrl Pts',(47.4913073667141,-93.9996090624203,-0.000379906056579924));
#4196=CARTESIAN_POINT('',(-47.,-94.2145972111833,0.0115463201390908));
#4197=CARTESIAN_POINT('',(35.5,-94.2145972111833,0.0115463201390908));
#4198=CARTESIAN_POINT('Ctrl Pts',(-47.4913073669109,-93.999609062352,-0.000379906055546589));
#4199=CARTESIAN_POINT('Ctrl Pts',(-47.3302316435228,-94.0708684989208,-0.000136543478737076));
#4200=CARTESIAN_POINT('Ctrl Pts',(-47.1688385703239,-94.1413515521403,0.00388144574131944));
#4201=CARTESIAN_POINT('Ctrl Pts',(-47.0054193828615,-94.2122451875376,0.011292228106054));
#4202=CARTESIAN_POINT('Ctrl Pts',(-47.0027080195522,-94.2134221577245,0.0114195064255958));
#4203=CARTESIAN_POINT('Ctrl Pts',(-47.,-94.2145972111833,0.0115463201390882));
#4204=CARTESIAN_POINT('Origin',(-68.,-94.,2.));
#4205=CARTESIAN_POINT('Origin',(-47.,-94.7510902391416,-4.95958787951314));
#4206=CARTESIAN_POINT('',(-47.,-91.2155563332088,-1.42405397358042));
#4207=CARTESIAN_POINT('Origin',(-47.,-94.7510902391416,-4.95958787951314));
#4208=CARTESIAN_POINT('Origin',(-47.,-89.0942359896492,0.697266369979226));
#4209=CARTESIAN_POINT('Ctrl Pts',(-47.,-94.2145972111833,0.0115463201390881));
#4210=CARTESIAN_POINT('Ctrl Pts',(-47.0020310146668,-94.2123939859438,0.0113085444258327));
#4211=CARTESIAN_POINT('Ctrl Pts',(-47.0040645371461,-94.2101891429917,0.0110681323438685));
#4212=CARTESIAN_POINT('Ctrl Pts',(-47.0060919833639,-94.2079880049441,0.0108361142428246));
#4213=CARTESIAN_POINT('Ctrl Pts',(-47.5363646526225,-93.6322867421293,-0.0498475461561892));
#4214=CARTESIAN_POINT('Ctrl Pts',(-48.0764661691158,-93.047164719496,-0.0871597688192273));
#4215=CARTESIAN_POINT('Ctrl Pts',(-48.5628923966256,-92.5176883219094,2.29110046906511E-11));
#4216=CARTESIAN_POINT('Origin',(-47.,-71.9862844304904,-16.4106851891796));
#4217=CARTESIAN_POINT('',(-47.,-86.4644660940673,-6.175144212722));
#4218=CARTESIAN_POINT('',(-47.,-74.10760477405,-18.5320055327393));
#4219=CARTESIAN_POINT('',(-49.4313963571231,-85.5857864376269,-5.29646455628164));
#4220=CARTESIAN_POINT('Origin',(-47.,-84.3431457505076,-4.05382386916236));
#4221=CARTESIAN_POINT('',(-49.8062430400805,-85.75,-4.14696961966998));
#4222=CARTESIAN_POINT('Origin',(-47.,-86.,-2.39696961966998));
#4223=CARTESIAN_POINT('',(-50.,-86.,-2.39696961966998));
#4224=CARTESIAN_POINT('Origin',(-47.,-86.,-2.39696961966998));
#4225=CARTESIAN_POINT('',(-50.,-71.9862844304904,-16.4106851891796));
#4226=CARTESIAN_POINT('Origin',(-51.,-86.,-7.49823581340326));
#4227=CARTESIAN_POINT('',(-50.,-86.,-7.49823581340326));
#4228=CARTESIAN_POINT('',(-51.,-85.,-2.39696961966998));
#4229=CARTESIAN_POINT('Origin',(-51.,-86.,-2.39696961966998));
#4230=CARTESIAN_POINT('',(-51.,-85.,-7.49823581340326));
#4231=CARTESIAN_POINT('Origin',(-50.,-70.5720708681173,-14.9964716268065));
#4232=CARTESIAN_POINT('Origin',(-54.,-79.,0.));
#4233=CARTESIAN_POINT('',(-54.,-85.,-3.));
#4234=CARTESIAN_POINT('',(-54.,-85.,0.));
#4235=CARTESIAN_POINT('',(-60.,-79.,-3.));
#4236=CARTESIAN_POINT('Origin',(-54.,-79.,-3.));
#4237=CARTESIAN_POINT('',(-60.,-79.,0.));
#4238=CARTESIAN_POINT('Origin',(-60.,-79.,0.));
#4239=CARTESIAN_POINT('',(-60.,-77.9500011622906,-3.));
#4240=CARTESIAN_POINT('',(-60.,-78.5000005811453,-3.));
#4241=CARTESIAN_POINT('',(-60.,-77.9500011622906,-33.));
#4242=CARTESIAN_POINT('',(-60.,-77.9500011622906,-26.));
#4243=CARTESIAN_POINT('',(-60.,27.950000551343,-33.));
#4244=CARTESIAN_POINT('',(-60.,-52.,-33.));
#4245=CARTESIAN_POINT('',(-60.,27.950000551343,-3.));
#4246=CARTESIAN_POINT('',(-60.,27.950000551343,-26.));
#4247=CARTESIAN_POINT('',(-60.,29.,-3.));
#4248=CARTESIAN_POINT('',(-60.,-25.4999997243285,-3.));
#4249=CARTESIAN_POINT('',(-60.,29.,0.));
#4250=CARTESIAN_POINT('Origin',(-54.,29.,0.));
#4251=CARTESIAN_POINT('Origin',(-54.,29.,-3.));
#4252=CARTESIAN_POINT('Origin',(54.,29.,0.));
#4253=CARTESIAN_POINT('Origin',(54.,29.,-3.));
#4254=CARTESIAN_POINT('Origin',(54.,-85.,0.));
#4255=CARTESIAN_POINT('',(-50.7416573867739,-85.,-4.39696961966997));
#4256=CARTESIAN_POINT('Origin',(-47.,-85.,-2.39696961966998));
#4257=CARTESIAN_POINT('',(-50.2418618094975,-85.,-5.71067811865473));
#4258=CARTESIAN_POINT('Origin',(-47.,-85.,-2.39696961966998));
#4259=CARTESIAN_POINT('',(-47.,-85.,-9.71067811865474));
#4260=CARTESIAN_POINT('Ctrl Pts',(-47.,-85.,-9.71067811865474));
#4261=CARTESIAN_POINT('Ctrl Pts',(-47.0027224310116,-85.,-9.70795568764911));
#4262=CARTESIAN_POINT('Ctrl Pts',(-47.0054448525175,-85.,-9.70523323392493));
#4263=CARTESIAN_POINT('Ctrl Pts',(-47.4925151384861,-84.9999999999987,-9.21816981470196));
#4264=CARTESIAN_POINT('Ctrl Pts',(-48.2282782320075,-84.9999999999997,-8.4821869230268));
#4265=CARTESIAN_POINT('Ctrl Pts',(-49.3526037702201,-84.9999999999995,-7.17207949386142));
#4266=CARTESIAN_POINT('Ctrl Pts',(-49.9301394146898,-85.,-6.32060559248153));
#4267=CARTESIAN_POINT('Ctrl Pts',(-50.2418618094975,-85.,-5.71067811865475));
#4268=CARTESIAN_POINT('',(47.,-85.,-9.71067811865474));
#4269=CARTESIAN_POINT('',(27.,-85.,-9.71067811865474));
#4270=CARTESIAN_POINT('',(49.8525576225289,-85.,-4.71067811865473));
#4271=CARTESIAN_POINT('Ctrl Pts',(47.,-85.,-9.71067811865474));
#4272=CARTESIAN_POINT('Ctrl Pts',(47.4194365101018,-85.,-9.16918791251614));
#4273=CARTESIAN_POINT('Ctrl Pts',(47.8820473191156,-85.,-8.57413125047755));
#4274=CARTESIAN_POINT('Ctrl Pts',(48.7296663625827,-85.,-7.33683928952808));
#4275=CARTESIAN_POINT('Ctrl Pts',(49.1108312030158,-85.,-6.69197541644414));
#4276=CARTESIAN_POINT('Ctrl Pts',(49.5629019428146,-85.,-5.68005723432531));
#4277=CARTESIAN_POINT('Ctrl Pts',(49.7228163506988,-85.,-5.24334139806916));
#4278=CARTESIAN_POINT('Ctrl Pts',(49.8392969713177,-85.,-4.76737049390327));
#4279=CARTESIAN_POINT('Ctrl Pts',(49.8460267980629,-85.,-4.73903989468966));
#4280=CARTESIAN_POINT('Ctrl Pts',(49.8525576225289,-85.,-4.71067811865473));
#4281=CARTESIAN_POINT('',(50.,-85.,-3.39696961966998));
#4282=CARTESIAN_POINT('Origin',(47.,-85.,-3.39696961966998));
#4283=CARTESIAN_POINT('',(50.,-85.,-7.49823581340326));
#4284=CARTESIAN_POINT('',(54.,-85.,0.));
#4285=CARTESIAN_POINT('',(52.95,-85.,-33.));
#4286=CARTESIAN_POINT('',(52.95,-85.,-26.));
#4287=CARTESIAN_POINT('',(-52.950000923872,-85.,-33.));
#4288=CARTESIAN_POINT('',(27.,-85.,-33.));
#4289=CARTESIAN_POINT('',(-52.950000923872,-85.,-3.));
#4290=CARTESIAN_POINT('',(-52.950000923872,-85.,-26.));
#4291=CARTESIAN_POINT('',(0.499999538064007,-85.,-3.));
#4292=CARTESIAN_POINT('Origin',(54.,-79.,0.));
#4293=CARTESIAN_POINT('Origin',(50.,-70.5720708681173,-14.9964716268065));
#4294=CARTESIAN_POINT('',(50.,-71.9862844304904,-16.4106851891796));
#4295=CARTESIAN_POINT('Origin',(47.,-90.,-9.71067811865474));
#4296=CARTESIAN_POINT('',(47.,-86.4644660940673,-6.175144212722));
#4297=CARTESIAN_POINT('Origin',(47.,-90.,-9.71067811865474));
#4298=CARTESIAN_POINT('Origin',(47.,-84.3431457505076,-4.05382386916236));
#4299=CARTESIAN_POINT('Origin',(47.,-71.9862844304904,-16.4106851891796));
#4300=CARTESIAN_POINT('',(47.,-91.2155563332088,-1.42405397358042));
#4301=CARTESIAN_POINT('',(47.,-74.10760477405,-18.5320055327393));
#4302=CARTESIAN_POINT('Origin',(47.,-89.0942359896492,0.697266369979224));
#4303=CARTESIAN_POINT('Ctrl Pts',(65.1460902540948,-68.9501628167539,-5.99778226538598));
#4304=CARTESIAN_POINT('Ctrl Pts',(65.1442717247052,-68.947103785048,-5.99783263384255));
#4305=CARTESIAN_POINT('Ctrl Pts',(65.1406396647972,-68.9410049432771,-5.99793184475406));
#4306=CARTESIAN_POINT('Ctrl Pts',(65.1297740806611,-68.9228226614851,-5.99822018973205));
#4307=CARTESIAN_POINT('Ctrl Pts',(65.106400102014,-68.8840410017172,-5.99879397883054));
#4308=CARTESIAN_POINT('Ctrl Pts',(65.0746307157302,-68.8323055722421,-5.99941015379359));
#4309=CARTESIAN_POINT('Ctrl Pts',(65.0436183502789,-68.7826898298094,-5.99979884092276));
#4310=CARTESIAN_POINT('Ctrl Pts',(65.0233202417502,-68.7505642782653,-5.99994316520317));
#4311=CARTESIAN_POINT('Ctrl Pts',(65.0099424313393,-68.7295129922097,-5.99999180507862));
#4312=CARTESIAN_POINT('Ctrl Pts',(65.0033054176885,-68.7191068477321,-6.));
#4313=CARTESIAN_POINT('Ctrl Pts',(65.,-68.7139330506803,-6.));
#4314=CARTESIAN_POINT('Ctrl Pts',(64.2217525564164,-68.9481153888289,-5.95276309027127));
#4315=CARTESIAN_POINT('Ctrl Pts',(64.220254093832,-68.9451086786535,-5.95340638465148));
#4316=CARTESIAN_POINT('Ctrl Pts',(64.2172608934197,-68.9391067620703,-5.95467101830757));
#4317=CARTESIAN_POINT('Ctrl Pts',(64.2083130195702,-68.9212070546269,-5.95843968521728));
#4318=CARTESIAN_POINT('Ctrl Pts',(64.1890935161265,-68.8829673828214,-5.96639717145137));
#4319=CARTESIAN_POINT('Ctrl Pts',(64.1630647596395,-68.8317458328339,-5.97672800159862));
#4320=CARTESIAN_POINT('Ctrl Pts',(64.1377879270183,-68.7824886547818,-5.98661262673097));
#4321=CARTESIAN_POINT('Ctrl Pts',(64.1212946291932,-68.7504852747328,-5.99287377314625));
#4322=CARTESIAN_POINT('Ctrl Pts',(64.1104518724493,-68.7295015049466,-5.99700845491496));
#4323=CARTESIAN_POINT('Ctrl Pts',(64.1050749804889,-68.7190960220475,-5.99898333169746));
#4324=CARTESIAN_POINT('Ctrl Pts',(64.1024020989744,-68.7139330506803,-6.));
#4325=CARTESIAN_POINT('Ctrl Pts',(62.5845756446014,-68.9810511321857,-6.67695952208838));
#4326=CARTESIAN_POINT('Ctrl Pts',(62.5841159720486,-68.977722931469,-6.67798012439911));
#4327=CARTESIAN_POINT('Ctrl Pts',(62.5831996269729,-68.9710794034484,-6.6800161579362));
#4328=CARTESIAN_POINT('Ctrl Pts',(62.580462171951,-68.9512195469076,-6.68607773271912));
#4329=CARTESIAN_POINT('Ctrl Pts',(62.5745983903105,-68.9085715001031,-6.69896740686251));
#4330=CARTESIAN_POINT('Ctrl Pts',(62.5667076795539,-68.8507167139201,-6.71597766297453));
#4331=CARTESIAN_POINT('Ctrl Pts',(62.559067801632,-68.794088611396,-6.73191299223484));
#4332=CARTESIAN_POINT('Ctrl Pts',(62.5541018343329,-68.756878206195,-6.74202794372816));
#4333=CARTESIAN_POINT('Ctrl Pts',(62.5508365026453,-68.7322711432363,-6.74855176396398));
#4334=CARTESIAN_POINT('Ctrl Pts',(62.5492237687079,-68.7200363821718,-6.75175130258535));
#4335=CARTESIAN_POINT('Ctrl Pts',(62.5484191790442,-68.7139330506803,-6.75332796801939));
#4336=CARTESIAN_POINT('Ctrl Pts',(62.,-69.0547639585026,-8.29776902438257));
#4337=CARTESIAN_POINT('Ctrl Pts',(62.0000052145267,-69.0506628770715,-8.29821176490513));
#4338=CARTESIAN_POINT('Ctrl Pts',(62.0000102245716,-69.0424657174111,-8.29909503302919));
#4339=CARTESIAN_POINT('Ctrl Pts',(62.0000254227379,-69.0178942190595,-8.30170473488179));
#4340=CARTESIAN_POINT('Ctrl Pts',(62.0000377851106,-68.9647692415334,-8.30715686488554));
#4341=CARTESIAN_POINT('Ctrl Pts',(61.9999927114743,-68.8915666649111,-8.31399669762643));
#4342=CARTESIAN_POINT('Ctrl Pts',(61.9999932148044,-68.8187039375991,-8.31984627968668));
#4343=CARTESIAN_POINT('Ctrl Pts',(61.9999823218319,-68.7702884871953,-8.32327931506948));
#4344=CARTESIAN_POINT('Ctrl Pts',(61.9999993512013,-68.7380639352828,-8.32535268403626));
#4345=CARTESIAN_POINT('Ctrl Pts',(61.9999917690313,-68.7219758987738,-8.32633623072539));
#4346=CARTESIAN_POINT('Ctrl Pts',(62.,-68.7139330506803,-8.32680157423076));
#4347=CARTESIAN_POINT('Ctrl Pts',(62.,-69.0862972928778,-8.99112906154392));
#4348=CARTESIAN_POINT('Ctrl Pts',(62.,-69.0818672539221,-8.99133053537021));
#4349=CARTESIAN_POINT('Ctrl Pts',(62.,-69.0730069099539,-8.99172737901624));
#4350=CARTESIAN_POINT('Ctrl Pts',(62.,-69.0464243030207,-8.9928807589282));
#4351=CARTESIAN_POINT('Ctrl Pts',(62.,-68.9888203307792,-8.99517591532216));
#4352=CARTESIAN_POINT('Ctrl Pts',(62.,-68.9090356377465,-8.99764061517437));
#4353=CARTESIAN_POINT('Ctrl Pts',(62.,-68.8292289153775,-8.99919536369105));
#4354=CARTESIAN_POINT('Ctrl Pts',(62.,-68.7760172993115,-8.99977266081266));
#4355=CARTESIAN_POINT('Ctrl Pts',(62.,-68.7405410117555,-8.99996722031449));
#4356=CARTESIAN_POINT('Ctrl Pts',(62.,-68.7228024170549,-9.));
#4357=CARTESIAN_POINT('Ctrl Pts',(62.,-68.7139330506803,-9.));
#4358=CARTESIAN_POINT('',(62.,-68.7139330506803,-9.));
#4359=CARTESIAN_POINT('Ctrl Pts',(62.,-68.9500010227775,-8.99631863474577));
#4360=CARTESIAN_POINT('Ctrl Pts',(62.,-68.9333903998088,-8.99682290225765));
#4361=CARTESIAN_POINT('Ctrl Pts',(62.,-68.8901812241316,-8.99800792598141));
#4362=CARTESIAN_POINT('Ctrl Pts',(62.,-68.8292289153775,-8.99919536369105));
#4363=CARTESIAN_POINT('Ctrl Pts',(62.,-68.7760172993115,-8.99977266081266));
#4364=CARTESIAN_POINT('Ctrl Pts',(62.,-68.7405410117555,-8.99996722031449));
#4365=CARTESIAN_POINT('Ctrl Pts',(62.,-68.7228024170549,-9.));
#4366=CARTESIAN_POINT('Ctrl Pts',(62.,-68.7139330506803,-9.));
#4367=CARTESIAN_POINT('Origin',(65.,-68.7139330506803,-9.));
#4368=CARTESIAN_POINT('Ctrl Pts',(47.,-94.2145972111833,0.0115463201391008));
#4369=CARTESIAN_POINT('Ctrl Pts',(47.0027080195571,-94.2134221577231,0.0114195064254541));
#4370=CARTESIAN_POINT('Ctrl Pts',(47.0054193828624,-94.2122451875381,0.0112922281061124));
#4371=CARTESIAN_POINT('Ctrl Pts',(47.715152870132,-93.9043524127371,-0.0208929791122289));
#4372=CARTESIAN_POINT('Ctrl Pts',(48.4352882254895,-93.5828824724058,0.0103341092383127));
#4373=CARTESIAN_POINT('Ctrl Pts',(49.0838565288355,-93.2454493060615,0.147797729653456));
#4374=CARTESIAN_POINT('Ctrl Pts',(47.,-94.2145972111833,0.0115463201391008));
#4375=CARTESIAN_POINT('Ctrl Pts',(47.0024909620538,-94.2130956285083,0.0113401240424054));
#4376=CARTESIAN_POINT('Ctrl Pts',(47.0049597611402,-94.2115439581868,0.011259515441208));
#4377=CARTESIAN_POINT('Ctrl Pts',(47.65577541408,-93.8143739891424,-0.0318313195424484));
#4378=CARTESIAN_POINT('Ctrl Pts',(48.3156542434689,-93.3959136792252,0.0375713348665666));
#4379=CARTESIAN_POINT('Ctrl Pts',(48.8816192027185,-93.0231926164103,0.238340723846759));
#4380=CARTESIAN_POINT('Ctrl Pts',(47.,-94.2145972111833,0.0115463201391007));
#4381=CARTESIAN_POINT('Ctrl Pts',(47.0022656890935,-94.2127879237473,0.0112812188035092));
#4382=CARTESIAN_POINT('Ctrl Pts',(47.0045073935969,-94.2108254264826,0.0112050417578774));
#4383=CARTESIAN_POINT('Ctrl Pts',(47.5962429715844,-93.7246423820643,-0.0421188902703778));
#4384=CARTESIAN_POINT('Ctrl Pts',(48.1946163818197,-93.2150316155261,0.00435040161871698));
#4385=CARTESIAN_POINT('Ctrl Pts',(48.6819208083849,-92.7442238909092,0.181686210669045));
#4386=CARTESIAN_POINT('Ctrl Pts',(47.,-94.2145972111833,0.0115463201391007));
#4387=CARTESIAN_POINT('Ctrl Pts',(47.0020310146725,-94.2123939859424,0.011308544425688));
#4388=CARTESIAN_POINT('Ctrl Pts',(47.0040645371468,-94.2101891429925,0.0110681323439748));
#4389=CARTESIAN_POINT('Ctrl Pts',(47.5363646525978,-93.6322867420697,-0.0498475461628814));
#4390=CARTESIAN_POINT('Ctrl Pts',(48.0764661691171,-93.0471647194946,-0.0871597688191714));
#4391=CARTESIAN_POINT('Ctrl Pts',(48.5628923966266,-92.5176883219083,2.30888919094951E-11));
#4392=CARTESIAN_POINT('Ctrl Pts',(48.5628923966256,-92.5176883219094,2.29090635350815E-11));
#4393=CARTESIAN_POINT('Ctrl Pts',(48.0764661691164,-93.0471647194954,-0.08715976881912));
#4394=CARTESIAN_POINT('Ctrl Pts',(47.5363646525974,-93.6322867420701,-0.0498475461628396));
#4395=CARTESIAN_POINT('Ctrl Pts',(47.0060919833646,-94.2079880049447,0.0108361142428936));
#4396=CARTESIAN_POINT('Ctrl Pts',(47.0040645371468,-94.2101891429925,0.0110681323439742));
#4397=CARTESIAN_POINT('Ctrl Pts',(47.0020310146725,-94.2123939859423,0.0113085444256867));
#4398=CARTESIAN_POINT('Ctrl Pts',(47.,-94.2145972111833,0.0115463201390988));
#4399=CARTESIAN_POINT('Ctrl Pts',(-50.2418618094975,-85.,-5.71067811865474));
#4400=CARTESIAN_POINT('Ctrl Pts',(-50.4484358406286,-85.,-5.30648779077097));
#4401=CARTESIAN_POINT('Ctrl Pts',(-50.6169789298762,-85.,-4.86347368889287));
#4402=CARTESIAN_POINT('Ctrl Pts',(-50.741657386774,-85.,-4.39696961966997));
#4403=CARTESIAN_POINT('Ctrl Pts',(-50.0721254203811,-85.,-5.62392906082102));
#4404=CARTESIAN_POINT('Ctrl Pts',(-50.2639099594486,-84.9998858593118,-5.2282967406122));
#4405=CARTESIAN_POINT('Ctrl Pts',(-50.4182586348239,-85.0001912331479,-4.79522953638519));
#4406=CARTESIAN_POINT('Ctrl Pts',(-50.5294205357792,-85.,-4.34024693529353));
#4407=CARTESIAN_POINT('Ctrl Pts',(-49.7330607578151,-85.1121727080028,-5.45063952535124));
#4408=CARTESIAN_POINT('Ctrl Pts',(-49.8954960891739,-85.1234182759282,-5.07216444669306));
#4409=CARTESIAN_POINT('Ctrl Pts',(-50.0212870777607,-85.1360630958221,-4.65899488922577));
#4410=CARTESIAN_POINT('Ctrl Pts',(-50.1058700407335,-85.1503934215252,-4.22704830397501));
#4411=CARTESIAN_POINT('Ctrl Pts',(-49.5017034715233,-85.4122883219595,-5.33239719255945));
#4412=CARTESIAN_POINT('Ctrl Pts',(-49.6540576547733,-85.4499676979417,-4.97078292734187));
#4413=CARTESIAN_POINT('Ctrl Pts',(-49.7750122707199,-85.4920382649111,-4.57551984502896));
#4414=CARTESIAN_POINT('Ctrl Pts',(-49.8593022528292,-85.5372899335883,-4.16115029076408));
#4415=CARTESIAN_POINT('Ctrl Pts',(-49.4313963571231,-85.5857864376269,-5.29646455628164));
#4416=CARTESIAN_POINT('Ctrl Pts',(-49.5863268804714,-85.6363102286124,-4.94279801938335));
#4417=CARTESIAN_POINT('Ctrl Pts',(-49.7127341974072,-85.6916869913471,-4.55516068024001));
#4418=CARTESIAN_POINT('Ctrl Pts',(-49.8062430400805,-85.75,-4.14696961966997));
#4419=CARTESIAN_POINT('Origin',(-50.7416573867739,-86.,-4.39696961966997));
#4420=CARTESIAN_POINT('Origin',(-50.2418618094975,-86.,-5.71067811865474));
#4421=CARTESIAN_POINT('Ctrl Pts',(-47.,-85.,-9.71067811865474));
#4422=CARTESIAN_POINT('Ctrl Pts',(-47.0027224310116,-85.,-9.70795568764911));
#4423=CARTESIAN_POINT('Ctrl Pts',(-47.0054448525175,-85.,-9.70523323392493));
#4424=CARTESIAN_POINT('Ctrl Pts',(-47.4925151384861,-84.9999999999987,-9.21816981470196));
#4425=CARTESIAN_POINT('Ctrl Pts',(-48.2282782320075,-84.9999999999997,-8.4821869230268));
#4426=CARTESIAN_POINT('Ctrl Pts',(-49.3526037702201,-84.9999999999995,-7.17207949386142));
#4427=CARTESIAN_POINT('Ctrl Pts',(-49.9301394146898,-85.,-6.32060559248153));
#4428=CARTESIAN_POINT('Ctrl Pts',(-50.2418618094975,-85.,-5.71067811865475));
#4429=CARTESIAN_POINT('Ctrl Pts',(-47.,-85.,-9.71067811865474));
#4430=CARTESIAN_POINT('Ctrl Pts',(-47.0024960563244,-85.,-9.70772852951687));
#4431=CARTESIAN_POINT('Ctrl Pts',(-47.0049905097868,-85.,-9.7047798520355));
#4432=CARTESIAN_POINT('Ctrl Pts',(-47.4515597196455,-84.9999999999987,-9.17707406336358));
#4433=CARTESIAN_POINT('Ctrl Pts',(-48.1256740153792,-84.9999999999997,-8.38000563359252));
#4434=CARTESIAN_POINT('Ctrl Pts',(-49.1369857700988,-84.9999999999995,-7.00116780178177));
#4435=CARTESIAN_POINT('Ctrl Pts',(-49.6403811532269,-85.,-6.13694056064264));
#4436=CARTESIAN_POINT('Ctrl Pts',(-49.9023890312647,-85.,-5.53718000298732));
#4437=CARTESIAN_POINT('Ctrl Pts',(-47.,-85.,-9.71067811865474));
#4438=CARTESIAN_POINT('Ctrl Pts',(-47.0022699263619,-85.0000050352451,-9.70750669277606));
#4439=CARTESIAN_POINT('Ctrl Pts',(-47.0045358511449,-84.9999943509629,-9.70431999424));
#4440=CARTESIAN_POINT('Ctrl Pts',(-47.4106582399626,-85.0012227846405,-9.13699276552923));
#4441=CARTESIAN_POINT('Ctrl Pts',(-48.0229088047746,-85.0231408921703,-8.27797255554332));
#4442=CARTESIAN_POINT('Ctrl Pts',(-48.9222350746468,-85.1113152899837,-6.83135692799277));
#4443=CARTESIAN_POINT('Ctrl Pts',(-49.3546989363012,-85.1849354582165,-5.95692299964187));
#4444=CARTESIAN_POINT('Ctrl Pts',(-49.5720105859236,-85.238790206292,-5.36832982883727));
#4445=CARTESIAN_POINT('Ctrl Pts',(-47.,-85.,-9.71067811865473));
#4446=CARTESIAN_POINT('Ctrl Pts',(-47.0020418232602,-85.,-9.70727507989621));
#4447=CARTESIAN_POINT('Ctrl Pts',(-47.0040836393881,-85.0000019689712,-9.70387228638796));
#4448=CARTESIAN_POINT('Ctrl Pts',(-47.369386353864,-85.0003493535933,-9.09497440673847));
#4449=CARTESIAN_POINT('Ctrl Pts',(-47.9212086740055,-85.0722859247489,-8.17841422221938));
#4450=CARTESIAN_POINT('Ctrl Pts',(-48.7644528276649,-85.3068775266401,-6.70864836804437));
#4451=CARTESIAN_POINT('Ctrl Pts',(-49.1976045610173,-85.4779654744332,-5.86173112484546));
#4452=CARTESIAN_POINT('Ctrl Pts',(-49.4313963571231,-85.5857864376269,-5.29646455628165));
#4453=CARTESIAN_POINT('Ctrl Pts',(-49.4313963571231,-85.5857864376269,-5.29646455628165));
#4454=CARTESIAN_POINT('Ctrl Pts',(-49.1976045610173,-85.4779654744332,-5.86173112484546));
#4455=CARTESIAN_POINT('Ctrl Pts',(-48.7644528276649,-85.3068775266401,-6.70864836804437));
#4456=CARTESIAN_POINT('Ctrl Pts',(-47.9212086740055,-85.0722859247489,-8.17841422221938));
#4457=CARTESIAN_POINT('Ctrl Pts',(-47.369386353864,-85.0003493535933,-9.09497440673847));
#4458=CARTESIAN_POINT('Ctrl Pts',(-47.0040836393881,-85.0000019689712,-9.70387228638796));
#4459=CARTESIAN_POINT('Ctrl Pts',(-47.0020418232602,-85.,-9.70727507989621));
#4460=CARTESIAN_POINT('Ctrl Pts',(-47.,-85.,-9.71067811865473));
#4461=CARTESIAN_POINT('Ctrl Pts',(-50.,-86.,-2.39696961966997));
#4462=CARTESIAN_POINT('Ctrl Pts',(-50.,-85.9148249520625,-2.99319495523203));
#4463=CARTESIAN_POINT('Ctrl Pts',(-49.9340056119866,-85.829673961821,-3.58925188692308));
#4464=CARTESIAN_POINT('Ctrl Pts',(-49.8062430400805,-85.75,-4.14696961966997));
#4465=CARTESIAN_POINT('Ctrl Pts',(-50.,-85.7008006996581,-2.39696961966997));
#4466=CARTESIAN_POINT('Ctrl Pts',(-50.0262632782991,-85.6319288991066,-2.9929227491564));
#4467=CARTESIAN_POINT('Ctrl Pts',(-49.9801418856176,-85.5660919534861,-3.59581413679374));
#4468=CARTESIAN_POINT('Ctrl Pts',(-49.8668821403647,-85.5069027812438,-4.16317610092038));
#4469=CARTESIAN_POINT('Ctrl Pts',(-50.2512846329685,-85.1829865920653,-2.39696961966998));
#4470=CARTESIAN_POINT('Ctrl Pts',(-50.2917818256582,-85.1622413241406,-3.0146639696848));
#4471=CARTESIAN_POINT('Ctrl Pts',(-50.2526766114996,-85.1436273141473,-3.64239516193456));
#4472=CARTESIAN_POINT('Ctrl Pts',(-50.1349004437383,-85.1272457618896,-4.23480700553527));
#4473=CARTESIAN_POINT('Ctrl Pts',(-50.7756005247436,-85.,-2.39696961966998));
#4474=CARTESIAN_POINT('Ctrl Pts',(-50.7876629615921,-85.000219629018,-3.05929586455492));
#4475=CARTESIAN_POINT('Ctrl Pts',(-50.7143790547277,-84.9998958345525,-3.72444783505543));
#4476=CARTESIAN_POINT('Ctrl Pts',(-50.5597400859213,-85.,-4.34835017591874));
#4477=CARTESIAN_POINT('Ctrl Pts',(-51.,-85.,-2.39696961966998));
#4478=CARTESIAN_POINT('Ctrl Pts',(-51.,-85.,-3.07837000316948));
#4479=CARTESIAN_POINT('Ctrl Pts',(-50.9120074826488,-85.,-3.7595779251021));
#4480=CARTESIAN_POINT('Ctrl Pts',(-50.741657386774,-85.,-4.39696961966997));
#4481=CARTESIAN_POINT('Ctrl Pts',(-47.,-94.2145972111833,0.0115463201390881));
#4482=CARTESIAN_POINT('Ctrl Pts',(-47.0020310146668,-94.2123939859438,0.0113085444258327));
#4483=CARTESIAN_POINT('Ctrl Pts',(-47.0040645371461,-94.2101891429917,0.0110681323438685));
#4484=CARTESIAN_POINT('Ctrl Pts',(-47.5363646526228,-93.6322867421289,-0.0498475461562306));
#4485=CARTESIAN_POINT('Ctrl Pts',(-48.0764661691165,-93.0471647194952,-0.0871597688192781));
#4486=CARTESIAN_POINT('Ctrl Pts',(-48.5628923966266,-92.5176883219083,2.30890306873732E-11));
#4487=CARTESIAN_POINT('Ctrl Pts',(-47.,-94.2145972111833,0.0115463201390881));
#4488=CARTESIAN_POINT('Ctrl Pts',(-47.0022656890881,-94.2127879237488,0.011281218803653));
#4489=CARTESIAN_POINT('Ctrl Pts',(-47.0045073935961,-94.2108254264819,0.0112050417577871));
#4490=CARTESIAN_POINT('Ctrl Pts',(-47.5962429716095,-93.7246423821233,-0.0421188902637472));
#4491=CARTESIAN_POINT('Ctrl Pts',(-48.194616381819,-93.2150316155267,0.00435040161840192));
#4492=CARTESIAN_POINT('Ctrl Pts',(-48.6819208083849,-92.7442238909092,0.181686210669046));
#4493=CARTESIAN_POINT('Ctrl Pts',(-47.,-94.2145972111833,0.0115463201390882));
#4494=CARTESIAN_POINT('Ctrl Pts',(-47.0024909620487,-94.2130956285097,0.0113401240425447));
#4495=CARTESIAN_POINT('Ctrl Pts',(-47.0049597611394,-94.2115439581862,0.0112595154411372));
#4496=CARTESIAN_POINT('Ctrl Pts',(-47.6557754141143,-93.8143739891742,-0.031831319539103));
#4497=CARTESIAN_POINT('Ctrl Pts',(-48.3156542434683,-93.3959136792257,0.0375713348662637));
#4498=CARTESIAN_POINT('Ctrl Pts',(-48.8816192027185,-93.0231926164103,0.23834072384676));
#4499=CARTESIAN_POINT('Ctrl Pts',(-47.,-94.2145972111833,0.0115463201390882));
#4500=CARTESIAN_POINT('Ctrl Pts',(-47.0027080195522,-94.2134221577245,0.0114195064255958));
#4501=CARTESIAN_POINT('Ctrl Pts',(-47.0054193828615,-94.2122451875376,0.011292228106054));
#4502=CARTESIAN_POINT('Ctrl Pts',(-47.7151528701664,-93.9043524127687,-0.0208929791089187));
#4503=CARTESIAN_POINT('Ctrl Pts',(-48.4352882254887,-93.5828824724062,0.0103341092381511));
#4504=CARTESIAN_POINT('Ctrl Pts',(-49.0838565288355,-93.2454493060615,0.147797729653457));
#4505=CARTESIAN_POINT('Origin',(-47.,-90.,-9.71067811865474));
#4506=CARTESIAN_POINT('Origin',(-47.,-90.,-9.71067811865474));
#4507=CARTESIAN_POINT('Origin',(27.,-90.,-9.71067811865474));
#4508=CARTESIAN_POINT('',(27.,-86.4644660940673,-6.175144212722));
#4509=CARTESIAN_POINT('Origin',(0.,-74.10760477405,-18.5320055327393));
#4510=CARTESIAN_POINT('',(35.5,-91.2155563332088,-1.42405397358042));
#4511=CARTESIAN_POINT('Origin',(47.,-94.7510902391416,-4.95958787951314));
#4512=CARTESIAN_POINT('Origin',(47.,-94.7510902391416,-4.95958787951314));
#4513=CARTESIAN_POINT('Origin',(35.5,-94.7510902391416,-4.95958787951314));
#4514=CARTESIAN_POINT('Origin',(27.,-95.,-14.));
#4515=CARTESIAN_POINT('',(52.95,-87.,-14.));
#4516=CARTESIAN_POINT('Origin',(52.95,-95.,-14.));
#4517=CARTESIAN_POINT('',(-52.950000923872,-87.,-14.));
#4518=CARTESIAN_POINT('Origin',(-52.950000923872,-95.,-14.));
#4519=CARTESIAN_POINT('',(27.,-87.,-14.));
#4520=CARTESIAN_POINT('Origin',(54.,-87.,0.));
#4521=CARTESIAN_POINT('',(-52.950000923872,-87.,-35.));
#4522=CARTESIAN_POINT('',(-52.950000923872,-87.,-13.5));
#4523=CARTESIAN_POINT('',(52.95,-87.,-35.));
#4524=CARTESIAN_POINT('',(54.,-87.,-35.));
#4525=CARTESIAN_POINT('',(52.95,-87.,-13.5));
#4526=CARTESIAN_POINT('Origin',(0.,-25.,-33.));
#4527=CARTESIAN_POINT('',(58.,27.950000551343,-33.));
#4528=CARTESIAN_POINT('',(26.5000003948808,27.950000551343,-33.));
#4529=CARTESIAN_POINT('',(58.,-52.,-33.));
#4530=CARTESIAN_POINT('Origin',(0.,-25.,-33.));
#4531=CARTESIAN_POINT('',(-58.,27.950000551343,-33.));
#4532=CARTESIAN_POINT('',(-34.0000003948808,27.950000551343,-33.));
#4533=CARTESIAN_POINT('',(-58.,-77.9500011622906,-33.));
#4534=CARTESIAN_POINT('',(-31.,-77.9500011622906,-33.));
#4535=CARTESIAN_POINT('',(-58.,1.99999999999999,-33.));
#4536=CARTESIAN_POINT('Origin',(0.,-25.,-33.));
#4537=CARTESIAN_POINT('',(52.95,-83.,-33.));
#4538=CARTESIAN_POINT('',(52.95,-51.5000005811453,-33.));
#4539=CARTESIAN_POINT('',(-52.950000923872,-83.,-33.));
#4540=CARTESIAN_POINT('',(-27.,-83.,-33.));
#4541=CARTESIAN_POINT('',(-52.950000923872,-59.0000005811453,-33.));
#4542=CARTESIAN_POINT('Origin',(58.,-79.,0.));
#4543=CARTESIAN_POINT('',(58.,27.950000551343,-35.));
#4544=CARTESIAN_POINT('',(58.,27.950000551343,-13.5));
#4545=CARTESIAN_POINT('',(58.0000008642673,-68.9500010281801,-35.));
#4546=CARTESIAN_POINT('Origin',(53.0000007897615,27.950000551343,-27.));
#4547=CARTESIAN_POINT('',(62.,27.950000551343,-9.));
#4548=CARTESIAN_POINT('Origin',(65.,27.950000551343,-9.));
#4549=CARTESIAN_POINT('',(62.,27.950000551343,-35.));
#4550=CARTESIAN_POINT('',(62.,27.950000551343,-13.5));
#4551=CARTESIAN_POINT('',(26.5000003948808,27.950000551343,-35.));
#4552=CARTESIAN_POINT('',(68.0000007897615,27.950000551343,-3.));
#4553=CARTESIAN_POINT('',(53.0000007897615,27.950000551343,-3.));
#4554=CARTESIAN_POINT('',(68.0000007897615,27.950000551343,-27.));
#4555=CARTESIAN_POINT('Origin',(54.,33.,0.));
#4556=CARTESIAN_POINT('',(-52.9500007897615,33.,-35.));
#4557=CARTESIAN_POINT('',(-52.9500007897615,33.,-13.5));
#4558=CARTESIAN_POINT('',(-54.,33.,-35.));
#4559=CARTESIAN_POINT('Origin',(-52.9500007897615,28.000000551343,-27.));
#4560=CARTESIAN_POINT('',(-52.9500007897615,37.,-9.));
#4561=CARTESIAN_POINT('Origin',(-52.9500007897615,40.,-9.));
#4562=CARTESIAN_POINT('',(-52.9500007897615,37.,-35.));
#4563=CARTESIAN_POINT('',(-52.9500007897615,37.,-13.5));
#4564=CARTESIAN_POINT('',(-52.9500007897615,1.50000027567148,-35.));
#4565=CARTESIAN_POINT('',(-52.9500007897615,43.000000551343,-3.));
#4566=CARTESIAN_POINT('',(-52.9500007897615,28.000000551343,-3.));
#4567=CARTESIAN_POINT('',(-52.9500007897615,43.000000551343,-27.));
#4568=CARTESIAN_POINT('Origin',(-68.0000007897615,27.950000551343,-27.));
#4569=CARTESIAN_POINT('',(-58.,27.950000551343,-35.));
#4570=CARTESIAN_POINT('',(-58.,27.950000551343,-13.5));
#4571=CARTESIAN_POINT('',(-62.,27.950000551343,-35.));
#4572=CARTESIAN_POINT('',(-34.0000003948808,27.950000551343,-35.));
#4573=CARTESIAN_POINT('',(-62.,27.950000551343,-9.));
#4574=CARTESIAN_POINT('',(-62.,27.950000551343,-13.5));
#4575=CARTESIAN_POINT('Origin',(-65.,27.950000551343,-9.));
#4576=CARTESIAN_POINT('',(-68.0000007897615,27.950000551343,-3.));
#4577=CARTESIAN_POINT('',(-68.0000007897615,27.950000551343,-27.));
#4578=CARTESIAN_POINT('',(-53.0000007897615,27.950000551343,-3.));
#4579=CARTESIAN_POINT('Origin',(-54.,-83.,0.));
#4580=CARTESIAN_POINT('',(52.95,-83.,-35.));
#4581=CARTESIAN_POINT('',(52.95,-83.,-13.5));
#4582=CARTESIAN_POINT('',(-52.950000923872,-83.,-35.));
#4583=CARTESIAN_POINT('',(54.,-83.,-35.));
#4584=CARTESIAN_POINT('',(-52.950000923872,-83.,-13.5));
#4585=CARTESIAN_POINT('Origin',(52.95,-78.0000011622906,-27.));
#4586=CARTESIAN_POINT('',(52.95,-51.5000005811453,-35.));
#4587=CARTESIAN_POINT('',(52.95,-93.0000011622906,-27.));
#4588=CARTESIAN_POINT('Origin',(0.,-25.,-35.));
#4589=CARTESIAN_POINT('',(62.,29.,-35.));
#4590=CARTESIAN_POINT('Origin',(0.,-25.,-35.));
#4591=CARTESIAN_POINT('',(-58.,-77.9500011622906,-35.));
#4592=CARTESIAN_POINT('',(-58.,-79.,-35.));
#4593=CARTESIAN_POINT('',(-62.,-77.9500011622906,-35.));
#4594=CARTESIAN_POINT('',(-31.,-77.9500011622906,-35.));
#4595=CARTESIAN_POINT('',(-62.,-79.,-35.));
#4596=CARTESIAN_POINT('Origin',(0.,-25.,-35.));
#4597=CARTESIAN_POINT('',(-52.950000923872,-59.0000005811453,-35.));
#4598=CARTESIAN_POINT('Origin',(0.,-25.,-35.));
#4599=CARTESIAN_POINT('',(-54.,37.,-35.));
#4600=CARTESIAN_POINT('Ctrl Pts',(75.,-100.,-6.));
#4601=CARTESIAN_POINT('Ctrl Pts',(75.6731984257692,-100.224399475256,-6.));
#4602=CARTESIAN_POINT('Ctrl Pts',(76.7910310760715,-100.59701035869,-5.60644632199263));
#4603=CARTESIAN_POINT('Ctrl Pts',(77.794666129117,-100.931555376372,-4.34472055005552));
#4604=CARTESIAN_POINT('Ctrl Pts',(78.,-101.,-3.44879895051283));
#4605=CARTESIAN_POINT('Ctrl Pts',(78.,-101.,-3.));
#4606=CARTESIAN_POINT('Ctrl Pts',(75.,-100.,-6.));
#4607=CARTESIAN_POINT('Ctrl Pts',(75.5877129113858,-100.30988498964,-6.));
#4608=CARTESIAN_POINT('Ctrl Pts',(76.5647801720395,-100.822625238613,-5.72625817530778));
#4609=CARTESIAN_POINT('Ctrl Pts',(77.6931310121633,-101.423827561023,-4.59236543187407));
#4610=CARTESIAN_POINT('Ctrl Pts',(78.,-101.598398600684,-3.53969173700039));
#4611=CARTESIAN_POINT('Ctrl Pts',(78.,-101.598398600684,-3.));
#4612=CARTESIAN_POINT('Ctrl Pts',(75.,-100.,-6.));
#4613=CARTESIAN_POINT('Ctrl Pts',(75.4381132612149,-100.459484639811,-6.));
#4614=CARTESIAN_POINT('Ctrl Pts',(76.1659355298417,-101.223632981246,-5.81396266241116));
#4615=CARTESIAN_POINT('Ctrl Pts',(77.1648618805765,-102.282784076859,-4.79986395368973));
#4616=CARTESIAN_POINT('Ctrl Pts',(77.4978499309432,-102.63437317774,-3.61778903822871));
#4617=CARTESIAN_POINT('Ctrl Pts',(77.4978499309432,-102.63437317774,-3.));
#4618=CARTESIAN_POINT('Ctrl Pts',(75.,-100.,-6.));
#4619=CARTESIAN_POINT('Ctrl Pts',(75.288513611044,-100.609084289982,-6.));
#4620=CARTESIAN_POINT('Ctrl Pts',(75.768137175793,-101.623396934902,-5.69667275881161));
#4621=CARTESIAN_POINT('Ctrl Pts',(76.3013467947877,-102.719132616009,-4.52857270082888));
#4622=CARTESIAN_POINT('Ctrl Pts',(76.4487989505128,-103.,-3.51600188287887));
#4623=CARTESIAN_POINT('Ctrl Pts',(76.4487989505128,-103.,-3.));
#4624=CARTESIAN_POINT('Ctrl Pts',(75.,-100.,-6.));
#4625=CARTESIAN_POINT('Ctrl Pts',(75.2243994752564,-100.673198425769,-6.));
#4626=CARTESIAN_POINT('Ctrl Pts',(75.5970103586905,-101.791031076072,-5.60644632199263));
#4627=CARTESIAN_POINT('Ctrl Pts',(75.9315553763724,-102.794666129117,-4.34472055005551));
#4628=CARTESIAN_POINT('Ctrl Pts',(76.,-103.,-3.44879895051283));
#4629=CARTESIAN_POINT('Ctrl Pts',(76.,-103.,-3.));
#4630=CARTESIAN_POINT('',(78.,-101.,-3.));
#4631=CARTESIAN_POINT('',(76.,-103.,-3.));
#4632=CARTESIAN_POINT('Origin',(76.,-101.,-3.));
#4633=CARTESIAN_POINT('Origin',(75.,-100.,-3.));
#4634=CARTESIAN_POINT('Origin',(75.,-100.,-3.));
#4635=CARTESIAN_POINT('Ctrl Pts',(-75.,-100.,-6.));
#4636=CARTESIAN_POINT('Ctrl Pts',(-75.2243994752564,-100.673198425769,-6.));
#4637=CARTESIAN_POINT('Ctrl Pts',(-75.5970103586905,-101.791031076072,-5.60644632199262));
#4638=CARTESIAN_POINT('Ctrl Pts',(-75.9315553763724,-102.794666129117,-4.3447205500555));
#4639=CARTESIAN_POINT('Ctrl Pts',(-76.,-103.,-3.44879895051283));
#4640=CARTESIAN_POINT('Ctrl Pts',(-76.,-103.,-3.));
#4641=CARTESIAN_POINT('Ctrl Pts',(-75.,-100.,-6.));
#4642=CARTESIAN_POINT('Ctrl Pts',(-75.3098849896398,-100.587712911386,-6.));
#4643=CARTESIAN_POINT('Ctrl Pts',(-75.8226252386127,-101.56478017204,-5.72625817530777));
#4644=CARTESIAN_POINT('Ctrl Pts',(-76.423827561023,-102.693131012163,-4.59236543187406));
#4645=CARTESIAN_POINT('Ctrl Pts',(-76.5983986006838,-103.,-3.53969173700039));
#4646=CARTESIAN_POINT('Ctrl Pts',(-76.5983986006838,-103.,-3.));
#4647=CARTESIAN_POINT('Ctrl Pts',(-75.,-100.,-6.));
#4648=CARTESIAN_POINT('Ctrl Pts',(-75.4594846398108,-100.438113261215,-6.));
#4649=CARTESIAN_POINT('Ctrl Pts',(-76.2236329812458,-101.165935529842,-5.81396266241116));
#4650=CARTESIAN_POINT('Ctrl Pts',(-77.282784076859,-102.164861880577,-4.79986395368971));
#4651=CARTESIAN_POINT('Ctrl Pts',(-77.6343731777401,-102.497849930943,-3.61778903822871));
#4652=CARTESIAN_POINT('Ctrl Pts',(-77.6343731777401,-102.497849930943,-3.));
#4653=CARTESIAN_POINT('Ctrl Pts',(-75.,-100.,-6.));
#4654=CARTESIAN_POINT('Ctrl Pts',(-75.6090842899817,-100.288513611044,-6.));
#4655=CARTESIAN_POINT('Ctrl Pts',(-76.6233969349021,-100.768137175793,-5.6966727588116));
#4656=CARTESIAN_POINT('Ctrl Pts',(-77.7191326160088,-101.301346794788,-4.52857270082888));
#4657=CARTESIAN_POINT('Ctrl Pts',(-78.,-101.448798950513,-3.51600188287887));
#4658=CARTESIAN_POINT('Ctrl Pts',(-78.,-101.448798950513,-3.));
#4659=CARTESIAN_POINT('Ctrl Pts',(-75.,-100.,-6.));
#4660=CARTESIAN_POINT('Ctrl Pts',(-75.6731984257692,-100.224399475256,-6.));
#4661=CARTESIAN_POINT('Ctrl Pts',(-76.7910310760715,-100.59701035869,-5.60644632199262));
#4662=CARTESIAN_POINT('Ctrl Pts',(-77.7946661291171,-100.931555376372,-4.34472055005551));
#4663=CARTESIAN_POINT('Ctrl Pts',(-78.,-101.,-3.44879895051283));
#4664=CARTESIAN_POINT('Ctrl Pts',(-78.,-101.,-3.));
#4665=CARTESIAN_POINT('',(-76.,-103.,-3.));
#4666=CARTESIAN_POINT('',(-78.,-101.,-3.));
#4667=CARTESIAN_POINT('Origin',(-76.,-101.,-3.));
#4668=CARTESIAN_POINT('Origin',(-75.,-100.,-3.));
#4669=CARTESIAN_POINT('Origin',(-75.,-100.,-3.));
#4670=CARTESIAN_POINT('Ctrl Pts',(-75.,50.,-6.));
#4671=CARTESIAN_POINT('Ctrl Pts',(-75.6731984257692,50.2243994752564,-6.));
#4672=CARTESIAN_POINT('Ctrl Pts',(-76.7910604843124,50.5970201614375,-5.60651651364477));
#4673=CARTESIAN_POINT('Ctrl Pts',(-77.7946872275452,50.9315624091818,-4.34475426828387));
#4674=CARTESIAN_POINT('Ctrl Pts',(-78.,51.,-3.44879895051283));
#4675=CARTESIAN_POINT('Ctrl Pts',(-78.,51.,-3.));
#4676=CARTESIAN_POINT('Ctrl Pts',(-75.,50.,-6.));
#4677=CARTESIAN_POINT('Ctrl Pts',(-75.5877129113859,50.3098849896398,-6.));
#4678=CARTESIAN_POINT('Ctrl Pts',(-76.5650264988454,50.8227646215983,-5.72626218279082));
#4679=CARTESIAN_POINT('Ctrl Pts',(-77.6933118167279,51.4239327926892,-4.59237242252977));
#4680=CARTESIAN_POINT('Ctrl Pts',(-78.,51.5983986006838,-3.53969173700039));
#4681=CARTESIAN_POINT('Ctrl Pts',(-78.,51.5983986006838,-3.));
#4682=CARTESIAN_POINT('Ctrl Pts',(-75.,50.,-6.));
#4683=CARTESIAN_POINT('Ctrl Pts',(-75.4381132612149,50.4594846398108,-6.));
#4684=CARTESIAN_POINT('Ctrl Pts',(-76.1660861846072,51.2237989625708,-5.81406679644392));
#4685=CARTESIAN_POINT('Ctrl Pts',(-77.1650263359145,52.2829581207587,-4.80007320823005));
#4686=CARTESIAN_POINT('Ctrl Pts',(-77.4979049286493,52.6344189907918,-3.61778903822871));
#4687=CARTESIAN_POINT('Ctrl Pts',(-77.4979049286493,52.6344189907918,-3.));
#4688=CARTESIAN_POINT('Ctrl Pts',(-75.,50.,-6.));
#4689=CARTESIAN_POINT('Ctrl Pts',(-75.288513611044,50.6090842899817,-6.));
#4690=CARTESIAN_POINT('Ctrl Pts',(-75.7681655879662,51.6235050408605,-5.69672351342015));
#4691=CARTESIAN_POINT('Ctrl Pts',(-76.3013831751067,52.7192263126315,-4.52864224786782));
#4692=CARTESIAN_POINT('Ctrl Pts',(-76.4487989505128,53.,-3.51600188287887));
#4693=CARTESIAN_POINT('Ctrl Pts',(-76.4487989505128,53.,-3.));
#4694=CARTESIAN_POINT('Ctrl Pts',(-75.,50.,-6.));
#4695=CARTESIAN_POINT('Ctrl Pts',(-75.2243994752564,50.6731984257693,-6.));
#4696=CARTESIAN_POINT('Ctrl Pts',(-75.5970201614375,51.7910604843124,-5.60651651364477));
#4697=CARTESIAN_POINT('Ctrl Pts',(-75.9315624091817,52.7946872275452,-4.34475426828387));
#4698=CARTESIAN_POINT('Ctrl Pts',(-76.,53.,-3.44879895051283));
#4699=CARTESIAN_POINT('Ctrl Pts',(-76.,53.,-3.));
#4700=CARTESIAN_POINT('',(-78.,51.,-3.));
#4701=CARTESIAN_POINT('',(-76.,53.,-3.));
#4702=CARTESIAN_POINT('Origin',(-76.,51.,-3.));
#4703=CARTESIAN_POINT('Origin',(-75.,50.,-3.));
#4704=CARTESIAN_POINT('Origin',(-75.,50.,-3.));
#4705=CARTESIAN_POINT('Ctrl Pts',(75.,50.,-6.));
#4706=CARTESIAN_POINT('Ctrl Pts',(75.2243994752564,50.6731984257693,-6.));
#4707=CARTESIAN_POINT('Ctrl Pts',(75.5970201614375,51.7910604843124,-5.60651651364477));
#4708=CARTESIAN_POINT('Ctrl Pts',(75.9315624091817,52.7946872275452,-4.34475426828387));
#4709=CARTESIAN_POINT('Ctrl Pts',(76.,53.,-3.44879895051283));
#4710=CARTESIAN_POINT('Ctrl Pts',(76.,53.,-3.));
#4711=CARTESIAN_POINT('Ctrl Pts',(75.,50.,-6.));
#4712=CARTESIAN_POINT('Ctrl Pts',(75.3098849896398,50.5877129113859,-6.));
#4713=CARTESIAN_POINT('Ctrl Pts',(75.8227646215983,51.5650264988454,-5.72626218279082));
#4714=CARTESIAN_POINT('Ctrl Pts',(76.4239327926892,52.693311816728,-4.59237242252977));
#4715=CARTESIAN_POINT('Ctrl Pts',(76.5983986006838,53.,-3.53969173700038));
#4716=CARTESIAN_POINT('Ctrl Pts',(76.5983986006838,53.,-3.));
#4717=CARTESIAN_POINT('Ctrl Pts',(75.,50.,-6.));
#4718=CARTESIAN_POINT('Ctrl Pts',(75.4594846398107,50.4381132612149,-6.));
#4719=CARTESIAN_POINT('Ctrl Pts',(76.2237989625707,51.1660861846073,-5.81406679644392));
#4720=CARTESIAN_POINT('Ctrl Pts',(77.2829581207587,52.1650263359145,-4.80007320823005));
#4721=CARTESIAN_POINT('Ctrl Pts',(77.6344189907918,52.4979049286493,-3.61778903822871));
#4722=CARTESIAN_POINT('Ctrl Pts',(77.6344189907918,52.4979049286493,-3.));
#4723=CARTESIAN_POINT('Ctrl Pts',(75.,50.,-6.));
#4724=CARTESIAN_POINT('Ctrl Pts',(75.6090842899817,50.288513611044,-6.));
#4725=CARTESIAN_POINT('Ctrl Pts',(76.6235050408604,50.7681655879662,-5.69672351342015));
#4726=CARTESIAN_POINT('Ctrl Pts',(77.7192263126315,51.3013831751067,-4.52864224786782));
#4727=CARTESIAN_POINT('Ctrl Pts',(78.,51.4487989505128,-3.51600188287887));
#4728=CARTESIAN_POINT('Ctrl Pts',(78.,51.4487989505128,-3.));
#4729=CARTESIAN_POINT('Ctrl Pts',(75.,50.,-6.));
#4730=CARTESIAN_POINT('Ctrl Pts',(75.6731984257692,50.2243994752564,-6.));
#4731=CARTESIAN_POINT('Ctrl Pts',(76.7910604843124,50.5970201614375,-5.60651651364477));
#4732=CARTESIAN_POINT('Ctrl Pts',(77.7946872275452,50.9315624091818,-4.34475426828387));
#4733=CARTESIAN_POINT('Ctrl Pts',(78.,51.,-3.44879895051283));
#4734=CARTESIAN_POINT('Ctrl Pts',(78.,51.,-3.));
#4735=CARTESIAN_POINT('',(76.,53.,-3.));
#4736=CARTESIAN_POINT('',(78.,51.,-3.));
#4737=CARTESIAN_POINT('Origin',(76.,51.,-3.));
#4738=CARTESIAN_POINT('Origin',(75.,50.,-3.));
#4739=CARTESIAN_POINT('Origin',(75.,50.,-3.));
#4740=CARTESIAN_POINT('Origin',(75.,-63.,-3.));
#4741=CARTESIAN_POINT('',(78.,-63.,-3.));
#4742=CARTESIAN_POINT('Origin',(38.,50.,-3.));
#4743=CARTESIAN_POINT('',(38.,53.,-3.));
#4744=CARTESIAN_POINT('Origin',(-75.,13.,-3.));
#4745=CARTESIAN_POINT('',(-78.,13.,-3.));
#4746=CARTESIAN_POINT('Origin',(-38.,-100.,-3.));
#4747=CARTESIAN_POINT('',(-38.,-103.,-3.));
#4748=CARTESIAN_POINT('Origin',(-76.,-103.,0.));
#4749=CARTESIAN_POINT('',(76.,-103.,12.5));
#4750=CARTESIAN_POINT('',(76.,-103.,0.));
#4751=CARTESIAN_POINT('',(-76.,-103.,12.5));
#4752=CARTESIAN_POINT('',(-38.,-103.,12.5));
#4753=CARTESIAN_POINT('',(-76.,-103.,0.));
#4754=CARTESIAN_POINT('Origin',(76.,-101.,0.));
#4755=CARTESIAN_POINT('',(78.,-101.,12.5));
#4756=CARTESIAN_POINT('',(78.,-101.,0.));
#4757=CARTESIAN_POINT('Origin',(76.,-101.,12.5));
#4758=CARTESIAN_POINT('Origin',(78.,-101.,0.));
#4759=CARTESIAN_POINT('',(78.,51.,12.5));
#4760=CARTESIAN_POINT('',(78.,51.,0.));
#4761=CARTESIAN_POINT('',(78.,-63.,12.5));
#4762=CARTESIAN_POINT('Origin',(76.,51.,0.));
#4763=CARTESIAN_POINT('',(76.,53.,12.5));
#4764=CARTESIAN_POINT('',(76.,53.,0.));
#4765=CARTESIAN_POINT('Origin',(76.,51.,12.5));
#4766=CARTESIAN_POINT('Origin',(65.,1.99999999999999,-9.));
#4767=CARTESIAN_POINT('',(62.,1.99999999999999,-9.));
#4768=CARTESIAN_POINT('Origin',(-27.,40.,-9.));
#4769=CARTESIAN_POINT('',(-27.,37.,-9.));
#4770=CARTESIAN_POINT('Origin',(-54.,37.,0.));
#4771=CARTESIAN_POINT('Origin',(-65.,-52.,-9.));
#4772=CARTESIAN_POINT('',(-62.,-77.9500011622906,-9.));
#4773=CARTESIAN_POINT('',(-62.,-52.,-9.));
#4774=CARTESIAN_POINT('Origin',(-65.,-77.9500011622906,-9.));
#4775=CARTESIAN_POINT('Origin',(-62.,-79.,0.));
#4776=CARTESIAN_POINT('',(-62.,-77.9500011622906,-13.5));
#4777=CARTESIAN_POINT('Ctrl Pts',(-76.25,-19.,2.));
#4778=CARTESIAN_POINT('Ctrl Pts',(-76.25,-19.,1.70080069965811));
#4779=CARTESIAN_POINT('Ctrl Pts',(-76.1131418765564,-18.9315709382782,1.10347056970015));
#4780=CARTESIAN_POINT('Ctrl Pts',(-75.444063964013,-18.5970319820065,0.262265180813224));
#4781=CARTESIAN_POINT('Ctrl Pts',(-74.6987989505128,-18.2243994752564,6.22833660358684E-17));
#4782=CARTESIAN_POINT('Ctrl Pts',(-74.25,-18.,0.));
#4783=CARTESIAN_POINT('Ctrl Pts',(-76.25,-19.2991993003419,2.));
#4784=CARTESIAN_POINT('Ctrl Pts',(-76.25,-19.2991993003419,1.65536855615813));
#4785=CARTESIAN_POINT('Ctrl Pts',(-76.0625587349814,-19.1778216468573,0.979703676959195));
#4786=CARTESIAN_POINT('Ctrl Pts',(-75.331209212706,-18.7100041123796,0.202426887786294));
#4787=CARTESIAN_POINT('Ctrl Pts',(-74.6560561933211,-18.2671422324481,1.48293728656828E-17));
#4788=CARTESIAN_POINT('Ctrl Pts',(-74.25,-18.,0.));
#4789=CARTESIAN_POINT('Ctrl Pts',(-75.9987424845071,-19.8170459450811,2.));
#4790=CARTESIAN_POINT('Ctrl Pts',(-75.9987424845071,-19.8170459450811,1.61633655703794));
#4791=CARTESIAN_POINT('Ctrl Pts',(-75.7982838058424,-19.6072757178244,0.875775996799047));
#4792=CARTESIAN_POINT('Ctrl Pts',(-75.1316170011861,-18.9104592622496,0.158472801231396));
#4793=CARTESIAN_POINT('Ctrl Pts',(-74.5812563682357,-18.3419420575336,2.66928711582292E-17));
#4794=CARTESIAN_POINT('Ctrl Pts',(-74.25,-18.,-4.82181032191186E-31));
#4795=CARTESIAN_POINT('Ctrl Pts',(-75.4743994752564,-20.,2.));
#4796=CARTESIAN_POINT('Ctrl Pts',(-75.4743994752564,-20.,1.66717770029231));
#4797=CARTESIAN_POINT('Ctrl Pts',(-75.3664852962953,-19.8254476707335,1.01146432938229));
#4798=CARTESIAN_POINT('Ctrl Pts',(-74.9325596725936,-19.1103085374995,0.217184678619577));
#4799=CARTESIAN_POINT('Ctrl Pts',(-74.5064565431502,-18.4167418826191,2.04645345546425E-16));
#4800=CARTESIAN_POINT('Ctrl Pts',(-74.25,-18.,-3.52170046973665E-31));
#4801=CARTESIAN_POINT('Ctrl Pts',(-75.25,-20.,2.));
#4802=CARTESIAN_POINT('Ctrl Pts',(-75.25,-20.,1.70080069965811));
#4803=CARTESIAN_POINT('Ctrl Pts',(-75.1815709382782,-19.8631418765565,1.10347056970014));
#4804=CARTESIAN_POINT('Ctrl Pts',(-74.8470319820065,-19.194063964013,0.262265180813225));
#4805=CARTESIAN_POINT('Ctrl Pts',(-74.4743994752564,-18.4487989505128,3.11416830179343E-16));
#4806=CARTESIAN_POINT('Ctrl Pts',(-74.25,-18.,0.));
#4807=CARTESIAN_POINT('',(-75.25,-20.,2.));
#4808=CARTESIAN_POINT('Origin',(-74.25,-18.,2.));
#4809=CARTESIAN_POINT('',(-76.25,-19.,2.));
#4810=CARTESIAN_POINT('Origin',(-74.25,-18.,2.));
#4811=CARTESIAN_POINT('Origin',(-75.25,-19.,2.));
#4812=CARTESIAN_POINT('Ctrl Pts',(-75.25,46.,2.));
#4813=CARTESIAN_POINT('Ctrl Pts',(-75.25,46.,1.70080069965812));
#4814=CARTESIAN_POINT('Ctrl Pts',(-75.1980798893617,45.8961597787234,1.2543231570082));
#4815=CARTESIAN_POINT('Ctrl Pts',(-74.9188236277546,45.3376472555092,0.357689310651339));
#4816=CARTESIAN_POINT('Ctrl Pts',(-74.5491993003419,44.5983986006838,5.86995874737332E-15));
#4817=CARTESIAN_POINT('Ctrl Pts',(-74.25,44.,5.55111512312578E-16));
#4818=CARTESIAN_POINT('Ctrl Pts',(-75.5491993003419,46.,2.));
#4819=CARTESIAN_POINT('Ctrl Pts',(-75.5491993003419,46.,1.65536855615813));
#4820=CARTESIAN_POINT('Ctrl Pts',(-75.4596718848036,45.8622109759143,1.14878965247622));
#4821=CARTESIAN_POINT('Ctrl Pts',(-75.0514875541867,45.2236042683113,0.270269685099418));
#4822=CARTESIAN_POINT('Ctrl Pts',(-74.6061896432641,44.5414082577615,4.35143096592736E-15));
#4823=CARTESIAN_POINT('Ctrl Pts',(-74.25,44.,5.55111512312548E-16));
#4824=CARTESIAN_POINT('Ctrl Pts',(-76.0670235930192,45.7487238555996,2.));
#4825=CARTESIAN_POINT('Ctrl Pts',(-76.0670235930192,45.7487238555996,1.61633655703794));
#4826=CARTESIAN_POINT('Ctrl Pts',(-75.9145810479245,45.602874602145,1.05901602618169));
#4827=CARTESIAN_POINT('Ctrl Pts',(-75.2873289682432,45.0034426150817,0.203171123660943));
#4828=CARTESIAN_POINT('Ctrl Pts',(-74.7059227433781,44.4416751576475,2.70635920269428E-15));
#4829=CARTESIAN_POINT('Ctrl Pts',(-74.25,44.,5.55111512312565E-16));
#4830=CARTESIAN_POINT('Ctrl Pts',(-76.25,45.2243994752564,2.));
#4831=CARTESIAN_POINT('Ctrl Pts',(-76.25,45.2243994752564,1.66717770029231));
#4832=CARTESIAN_POINT('Ctrl Pts',(-76.1207995058714,45.1443710083108,1.17596642947712));
#4833=CARTESIAN_POINT('Ctrl Pts',(-75.503304302026,44.7693968621967,0.292124388805121));
#4834=CARTESIAN_POINT('Ctrl Pts',(-74.8056558434921,44.3419420575336,2.83290318448146E-15));
#4835=CARTESIAN_POINT('Ctrl Pts',(-74.25,44.,5.55111512312578E-16));
#4836=CARTESIAN_POINT('Ctrl Pts',(-76.25,45.,2.));
#4837=CARTESIAN_POINT('Ctrl Pts',(-76.25,45.,1.70080069965811));
#4838=CARTESIAN_POINT('Ctrl Pts',(-76.1461597787234,44.9480798893617,1.2543231570082));
#4839=CARTESIAN_POINT('Ctrl Pts',(-75.5876472555092,44.6688236277546,0.357689310651338));
#4840=CARTESIAN_POINT('Ctrl Pts',(-74.8483986006838,44.2991993003419,3.21253512984294E-15));
#4841=CARTESIAN_POINT('Ctrl Pts',(-74.25,44.,5.55111512312578E-16));
#4842=CARTESIAN_POINT('',(-76.25,45.,2.));
#4843=CARTESIAN_POINT('Origin',(-74.25,44.,2.));
#4844=CARTESIAN_POINT('',(-75.25,46.,2.));
#4845=CARTESIAN_POINT('Origin',(-74.25,44.,2.));
#4846=CARTESIAN_POINT('Origin',(-75.25,45.,2.));
#4847=CARTESIAN_POINT('Ctrl Pts',(76.25,45.,2.));
#4848=CARTESIAN_POINT('Ctrl Pts',(76.25,45.,1.70080069965812));
#4849=CARTESIAN_POINT('Ctrl Pts',(76.1461597787234,44.9480798893617,1.2543231570082));
#4850=CARTESIAN_POINT('Ctrl Pts',(75.5876472555092,44.6688236277546,0.357689310651339));
#4851=CARTESIAN_POINT('Ctrl Pts',(74.8483986006838,44.2991993003419,5.74539201530158E-15));
#4852=CARTESIAN_POINT('Ctrl Pts',(74.25,44.,5.55111512312578E-16));
#4853=CARTESIAN_POINT('Ctrl Pts',(76.25,45.2991993003419,2.));
#4854=CARTESIAN_POINT('Ctrl Pts',(76.25,45.2991993003419,1.65536855615813));
#4855=CARTESIAN_POINT('Ctrl Pts',(76.1122109759143,45.2096718848036,1.14878965247622));
#4856=CARTESIAN_POINT('Ctrl Pts',(75.4736042683113,44.8014875541867,0.27026968509942));
#4857=CARTESIAN_POINT('Ctrl Pts',(74.7914082577615,44.3561896432641,5.23921608815294E-15));
#4858=CARTESIAN_POINT('Ctrl Pts',(74.25,44.,5.55111512312578E-16));
#4859=CARTESIAN_POINT('Ctrl Pts',(75.9987238555996,45.8170235930192,2.));
#4860=CARTESIAN_POINT('Ctrl Pts',(75.9987238555996,45.8170235930192,1.61633655703794));
#4861=CARTESIAN_POINT('Ctrl Pts',(75.852874602145,45.6645810479245,1.05901602618169));
#4862=CARTESIAN_POINT('Ctrl Pts',(75.2534426150817,45.0373289682432,0.203171123660948));
#4863=CARTESIAN_POINT('Ctrl Pts',(74.6916751576476,44.4559227433781,4.35340821564282E-15));
#4864=CARTESIAN_POINT('Ctrl Pts',(74.25,44.,5.55111512312578E-16));
#4865=CARTESIAN_POINT('Ctrl Pts',(75.4743994752564,46.,2.));
#4866=CARTESIAN_POINT('Ctrl Pts',(75.4743994752564,46.,1.66717770029231));
#4867=CARTESIAN_POINT('Ctrl Pts',(75.3943710083108,45.8707995058714,1.17596642947712));
#4868=CARTESIAN_POINT('Ctrl Pts',(75.0193968621968,45.253304302026,0.29212438880512));
#4869=CARTESIAN_POINT('Ctrl Pts',(74.5919420575336,44.5556558434921,3.4676003431327E-15));
#4870=CARTESIAN_POINT('Ctrl Pts',(74.25,44.,5.55111512312578E-16));
#4871=CARTESIAN_POINT('Ctrl Pts',(75.25,46.,2.));
#4872=CARTESIAN_POINT('Ctrl Pts',(75.25,46.,1.70080069965812));
#4873=CARTESIAN_POINT('Ctrl Pts',(75.1980798893617,45.8961597787234,1.2543231570082));
#4874=CARTESIAN_POINT('Ctrl Pts',(74.9188236277546,45.3376472555092,0.357689310651336));
#4875=CARTESIAN_POINT('Ctrl Pts',(74.5491993003419,44.5983986006838,3.08796839777122E-15));
#4876=CARTESIAN_POINT('Ctrl Pts',(74.25,44.,5.55111512312578E-16));
#4877=CARTESIAN_POINT('',(75.25,46.,2.));
#4878=CARTESIAN_POINT('Origin',(74.25,44.,2.));
#4879=CARTESIAN_POINT('',(76.25,45.,2.));
#4880=CARTESIAN_POINT('Origin',(74.25,44.,2.));
#4881=CARTESIAN_POINT('Origin',(75.25,45.,2.));
#4882=CARTESIAN_POINT('Ctrl Pts',(75.25,-20.,2.));
#4883=CARTESIAN_POINT('Ctrl Pts',(75.25,-20.,1.70080069965812));
#4884=CARTESIAN_POINT('Ctrl Pts',(75.1815709382782,-19.8631418765565,1.10347056970015));
#4885=CARTESIAN_POINT('Ctrl Pts',(74.8470319820065,-19.194063964013,0.262265180813227));
#4886=CARTESIAN_POINT('Ctrl Pts',(74.4743994752564,-18.4487989505128,2.9273182036858E-15));
#4887=CARTESIAN_POINT('Ctrl Pts',(74.25,-18.,0.));
#4888=CARTESIAN_POINT('Ctrl Pts',(75.5491993003419,-20.,2.));
#4889=CARTESIAN_POINT('Ctrl Pts',(75.5491993003419,-20.,1.65536855615814));
#4890=CARTESIAN_POINT('Ctrl Pts',(75.4278216468572,-19.8125587349815,0.9797036769592));
#4891=CARTESIAN_POINT('Ctrl Pts',(74.9600041123796,-19.0812092127061,0.202426887786298));
#4892=CARTESIAN_POINT('Ctrl Pts',(74.5171422324481,-18.4060561933211,2.50023226515414E-15));
#4893=CARTESIAN_POINT('Ctrl Pts',(74.25,-18.,-4.22604056368398E-30));
#4894=CARTESIAN_POINT('Ctrl Pts',(76.0670459450811,-19.7487424845071,2.));
#4895=CARTESIAN_POINT('Ctrl Pts',(76.0670459450811,-19.7487424845071,1.61633655703795));
#4896=CARTESIAN_POINT('Ctrl Pts',(75.8572757178243,-19.5482838058425,0.875775996799053));
#4897=CARTESIAN_POINT('Ctrl Pts',(75.1604592622496,-18.8816170011861,0.158472801231401));
#4898=CARTESIAN_POINT('Ctrl Pts',(74.5919420575336,-18.3312563682357,2.03755583174482E-15));
#4899=CARTESIAN_POINT('Ctrl Pts',(74.25,-18.,-1.79486908968825E-30));
#4900=CARTESIAN_POINT('Ctrl Pts',(76.25,-19.2243994752564,2.));
#4901=CARTESIAN_POINT('Ctrl Pts',(76.25,-19.2243994752564,1.66717770029231));
#4902=CARTESIAN_POINT('Ctrl Pts',(76.0754476707335,-19.1164852962953,1.01146432938229));
#4903=CARTESIAN_POINT('Ctrl Pts',(75.3603085374994,-18.6825596725937,0.217184678619577));
#4904=CARTESIAN_POINT('Ctrl Pts',(74.666741882619,-18.2564565431502,2.07314632662247E-15));
#4905=CARTESIAN_POINT('Ctrl Pts',(74.25,-18.,0.));
#4906=CARTESIAN_POINT('Ctrl Pts',(76.25,-19.,2.));
#4907=CARTESIAN_POINT('Ctrl Pts',(76.25,-19.,1.70080069965812));
#4908=CARTESIAN_POINT('Ctrl Pts',(76.1131418765565,-18.9315709382782,1.10347056970015));
#4909=CARTESIAN_POINT('Ctrl Pts',(75.444063964013,-18.5970319820065,0.262265180813223));
#4910=CARTESIAN_POINT('Ctrl Pts',(74.6987989505128,-18.2243994752564,2.17991781125539E-15));
#4911=CARTESIAN_POINT('Ctrl Pts',(74.25,-18.,0.));
#4912=CARTESIAN_POINT('',(76.25,-19.,2.));
#4913=CARTESIAN_POINT('Origin',(74.25,-18.,2.));
#4914=CARTESIAN_POINT('',(75.25,-20.,2.));
#4915=CARTESIAN_POINT('Origin',(74.25,-18.,2.));
#4916=CARTESIAN_POINT('Origin',(75.25,-19.,2.));
#4917=CARTESIAN_POINT('Ctrl Pts',(-69.,-93.,0.));
#4918=CARTESIAN_POINT('Ctrl Pts',(-69.,-94.,0.));
#4919=CARTESIAN_POINT('Ctrl Pts',(-68.,-94.,0.));
#4920=CARTESIAN_POINT('Ctrl Pts',(-71.,-93.,-5.30703613131122E-15));
#4921=CARTESIAN_POINT('Ctrl Pts',(-71.,-96.,-5.30703613131122E-15));
#4922=CARTESIAN_POINT('Ctrl Pts',(-68.,-96.,-5.27355936696949E-15));
#4923=CARTESIAN_POINT('Ctrl Pts',(-71.,-93.,2.));
#4924=CARTESIAN_POINT('Ctrl Pts',(-71.,-96.,2.));
#4925=CARTESIAN_POINT('Ctrl Pts',(-68.,-96.,2.));
#4926=CARTESIAN_POINT('',(-71.,-93.,2.));
#4927=CARTESIAN_POINT('Origin',(-69.,-93.,2.));
#4928=CARTESIAN_POINT('Origin',(-68.,-93.,2.));
#4929=CARTESIAN_POINT('Ctrl Pts',(68.,-94.,0.));
#4930=CARTESIAN_POINT('Ctrl Pts',(69.,-94.,0.));
#4931=CARTESIAN_POINT('Ctrl Pts',(69.,-93.,0.));
#4932=CARTESIAN_POINT('Ctrl Pts',(68.,-96.,-5.27355936696949E-15));
#4933=CARTESIAN_POINT('Ctrl Pts',(71.,-96.,-5.24008260262777E-15));
#4934=CARTESIAN_POINT('Ctrl Pts',(71.,-93.,-5.24008260262777E-15));
#4935=CARTESIAN_POINT('Ctrl Pts',(68.,-96.,2.));
#4936=CARTESIAN_POINT('Ctrl Pts',(71.,-96.,2.));
#4937=CARTESIAN_POINT('Ctrl Pts',(71.,-93.,2.));
#4938=CARTESIAN_POINT('',(71.,-93.,2.));
#4939=CARTESIAN_POINT('Origin',(69.,-93.,2.));
#4940=CARTESIAN_POINT('Origin',(68.,-93.,2.));
#4941=CARTESIAN_POINT('Origin',(69.,10.5,2.));
#4942=CARTESIAN_POINT('',(71.,-23.,2.));
#4943=CARTESIAN_POINT('Origin',(69.,-23.,2.));
#4944=CARTESIAN_POINT('',(71.,10.5,2.));
#4945=CARTESIAN_POINT('Origin',(74.,-23.,2.));
#4946=CARTESIAN_POINT('',(74.,-20.,2.));
#4947=CARTESIAN_POINT('Origin',(74.,-18.,2.));
#4948=CARTESIAN_POINT('Origin',(74.,-23.,2.));
#4949=CARTESIAN_POINT('Origin',(35.5,-18.,2.));
#4950=CARTESIAN_POINT('',(35.5,-20.,2.));
#4951=CARTESIAN_POINT('Origin',(-38.,-18.,2.));
#4952=CARTESIAN_POINT('',(-74.,-20.,2.));
#4953=CARTESIAN_POINT('',(-38.,-20.,2.));
#4954=CARTESIAN_POINT('Origin',(-74.,-18.,2.));
#4955=CARTESIAN_POINT('Origin',(-74.,-23.,2.));
#4956=CARTESIAN_POINT('',(-71.,-23.,2.));
#4957=CARTESIAN_POINT('Origin',(-69.,-23.,2.));
#4958=CARTESIAN_POINT('Origin',(-74.,-23.,2.));
#4959=CARTESIAN_POINT('Origin',(-69.,-60.5,2.));
#4960=CARTESIAN_POINT('',(-71.,-60.5,2.));
#4961=CARTESIAN_POINT('Origin',(74.25,-22.5,2.));
#4962=CARTESIAN_POINT('',(76.25,-22.5,2.));
#4963=CARTESIAN_POINT('Origin',(-35.5,44.,2.));
#4964=CARTESIAN_POINT('',(-35.5,46.,2.));
#4965=CARTESIAN_POINT('Origin',(-74.25,7.5,2.));
#4966=CARTESIAN_POINT('',(-76.25,7.5,2.));
#4967=CARTESIAN_POINT('Origin',(76.25,-20.,0.));
#4968=CARTESIAN_POINT('',(76.25,-19.,12.5));
#4969=CARTESIAN_POINT('',(76.25,-19.,0.));
#4970=CARTESIAN_POINT('',(76.25,45.,12.5));
#4971=CARTESIAN_POINT('',(76.25,-22.5,12.5));
#4972=CARTESIAN_POINT('',(76.25,45.,0.));
#4973=CARTESIAN_POINT('Origin',(75.25,-19.,0.));
#4974=CARTESIAN_POINT('',(75.25,-20.,12.5));
#4975=CARTESIAN_POINT('',(75.25,-20.,0.));
#4976=CARTESIAN_POINT('',(75.9571067811866,-19.7071067811865,12.2071067811865));
#4977=CARTESIAN_POINT('Origin',(75.25,-19.,11.5));
#4978=CARTESIAN_POINT('Origin',(75.25,-19.,11.5));
#4979=CARTESIAN_POINT('Origin',(71.,-20.,0.));
#4980=CARTESIAN_POINT('',(74.,-20.,5.5));
#4981=CARTESIAN_POINT('',(74.,-20.,0.));
#4982=CARTESIAN_POINT('',(75.,-20.,5.5));
#4983=CARTESIAN_POINT('',(35.5,-20.,5.5));
#4984=CARTESIAN_POINT('',(75.,-20.,12.5));
#4985=CARTESIAN_POINT('',(75.,-20.,0.));
#4986=CARTESIAN_POINT('',(35.5,-20.,12.5));
#4987=CARTESIAN_POINT('Origin',(74.,-23.,0.));
#4988=CARTESIAN_POINT('',(71.,-23.,5.5));
#4989=CARTESIAN_POINT('',(71.,-23.,0.));
#4990=CARTESIAN_POINT('Origin',(74.,-23.,5.5));
#4991=CARTESIAN_POINT('Origin',(71.,46.,0.));
#4992=CARTESIAN_POINT('',(71.,-93.,5.5));
#4993=CARTESIAN_POINT('',(71.,-93.,0.));
#4994=CARTESIAN_POINT('',(71.,10.5,5.5));
#4995=CARTESIAN_POINT('Origin',(68.,-93.,0.));
#4996=CARTESIAN_POINT('',(68.,-96.,5.5));
#4997=CARTESIAN_POINT('',(68.,-96.,0.));
#4998=CARTESIAN_POINT('Origin',(68.,-93.,5.5));
#4999=CARTESIAN_POINT('Origin',(71.,-96.,0.));
#5000=CARTESIAN_POINT('',(-68.,-96.,5.5));
#5001=CARTESIAN_POINT('',(-68.,-96.,0.));
#5002=CARTESIAN_POINT('',(35.5,-96.,5.5));
#5003=CARTESIAN_POINT('Origin',(-68.,-93.,0.));
#5004=CARTESIAN_POINT('',(-71.,-93.,5.5));
#5005=CARTESIAN_POINT('',(-71.,-93.,0.));
#5006=CARTESIAN_POINT('Origin',(-68.,-93.,5.5));
#5007=CARTESIAN_POINT('Origin',(35.5,-20.25,5.75));
#5008=CARTESIAN_POINT('',(75.,-20.5,6.));
#5009=CARTESIAN_POINT('',(75.,-1.25000000000008,-13.25));
#5010=CARTESIAN_POINT('',(74.,-20.5,6.));
#5011=CARTESIAN_POINT('',(74.,-20.,5.5));
#5012=CARTESIAN_POINT('',(35.5,-20.5,6.));
#5013=CARTESIAN_POINT('Origin',(74.,-23.,5.75));
#5014=CARTESIAN_POINT('',(71.5,-23.,6.));
#5015=CARTESIAN_POINT('',(71.,-23.,5.5));
#5016=CARTESIAN_POINT('Origin',(74.,-23.,6.));
#5017=CARTESIAN_POINT('Origin',(71.25,10.5,5.75));
#5018=CARTESIAN_POINT('',(71.5,-93.,6.));
#5019=CARTESIAN_POINT('',(71.,-93.,5.5));
#5020=CARTESIAN_POINT('',(71.5,10.5,6.));
#5021=CARTESIAN_POINT('Origin',(68.,-93.,5.75));
#5022=CARTESIAN_POINT('',(68.,-96.5,6.));
#5023=CARTESIAN_POINT('',(68.,-96.,5.5));
#5024=CARTESIAN_POINT('Origin',(68.,-93.,6.));
#5025=CARTESIAN_POINT('Origin',(35.5,-96.25,5.75));
#5026=CARTESIAN_POINT('',(-68.,-96.5,6.));
#5027=CARTESIAN_POINT('',(-68.,-96.,5.5));
#5028=CARTESIAN_POINT('',(35.5,-96.5,6.));
#5029=CARTESIAN_POINT('Origin',(-68.,-93.,5.75));
#5030=CARTESIAN_POINT('',(-71.5,-93.,6.));
#5031=CARTESIAN_POINT('',(-71.,-93.,5.5));
#5032=CARTESIAN_POINT('Origin',(-68.,-93.,6.));
#5033=CARTESIAN_POINT('Origin',(-71.25,-60.5,5.75));
#5034=CARTESIAN_POINT('',(-71.,-23.,5.5));
#5035=CARTESIAN_POINT('',(-71.5,-23.,6.));
#5036=CARTESIAN_POINT('',(-71.,-23.,5.5));
#5037=CARTESIAN_POINT('',(-71.5,-60.5,6.));
#5038=CARTESIAN_POINT('',(-71.,-60.5,5.5));
#5039=CARTESIAN_POINT('Origin',(-74.,-23.,5.75));
#5040=CARTESIAN_POINT('',(-74.,-20.,5.5));
#5041=CARTESIAN_POINT('Origin',(-74.,-23.,5.5));
#5042=CARTESIAN_POINT('',(-74.,-20.5,6.));
#5043=CARTESIAN_POINT('',(-74.,-20.,5.5));
#5044=CARTESIAN_POINT('Origin',(-74.,-23.,6.));
#5045=CARTESIAN_POINT('Origin',(-38.,-20.25,5.75));
#5046=CARTESIAN_POINT('',(-75.,-20.,5.5));
#5047=CARTESIAN_POINT('',(-75.,-20.5,6.));
#5048=CARTESIAN_POINT('',(-75.,-38.7499999999997,24.25));
#5049=CARTESIAN_POINT('',(-38.,-20.5,6.));
#5050=CARTESIAN_POINT('',(-38.,-20.,5.5));
#5051=CARTESIAN_POINT('Origin',(-76.,-20.,0.));
#5052=CARTESIAN_POINT('',(-75.25,-20.,12.5));
#5053=CARTESIAN_POINT('',(-75.25,-20.,0.));
#5054=CARTESIAN_POINT('',(-75.,-20.,12.5));
#5055=CARTESIAN_POINT('',(-38.,-20.,12.5));
#5056=CARTESIAN_POINT('',(-75.,-20.,0.));
#5057=CARTESIAN_POINT('',(-74.,-20.,0.));
#5058=CARTESIAN_POINT('Origin',(-74.,-23.,0.));
#5059=CARTESIAN_POINT('',(-71.,-23.,0.));
#5060=CARTESIAN_POINT('Origin',(-71.,-96.,0.));
#5061=CARTESIAN_POINT('Origin',(0.,-25.,6.));
#5062=CARTESIAN_POINT('',(-75.,-100.,6.));
#5063=CARTESIAN_POINT('',(-75.,-62.5,6.));
#5064=CARTESIAN_POINT('',(75.,-100.,6.));
#5065=CARTESIAN_POINT('',(37.5,-100.,6.));
#5066=CARTESIAN_POINT('',(75.,12.5,6.));
#5067=CARTESIAN_POINT('Origin',(75.25,45.,0.));
#5068=CARTESIAN_POINT('',(75.9571067811866,45.7071067811865,12.2071067811865));
#5069=CARTESIAN_POINT('Origin',(75.25,45.,11.5));
#5070=CARTESIAN_POINT('',(75.25,46.,12.5));
#5071=CARTESIAN_POINT('Origin',(75.25,45.,11.5));
#5072=CARTESIAN_POINT('',(75.25,46.,0.));
#5073=CARTESIAN_POINT('Origin',(-71.,46.,0.));
#5074=CARTESIAN_POINT('',(75.,46.,12.5));
#5075=CARTESIAN_POINT('',(-35.5,46.,12.5));
#5076=CARTESIAN_POINT('',(75.,46.,6.));
#5077=CARTESIAN_POINT('',(75.,46.,0.));
#5078=CARTESIAN_POINT('',(-75.,46.,6.));
#5079=CARTESIAN_POINT('',(-35.5,46.,6.));
#5080=CARTESIAN_POINT('',(-75.,46.,12.5));
#5081=CARTESIAN_POINT('',(-75.,46.,0.));
#5082=CARTESIAN_POINT('',(-75.25,46.,12.5));
#5083=CARTESIAN_POINT('',(-35.5,46.,12.5));
#5084=CARTESIAN_POINT('',(-75.25,46.,0.));
#5085=CARTESIAN_POINT('Origin',(-75.25,45.,0.));
#5086=CARTESIAN_POINT('',(-75.9571067811866,45.7071067811865,12.2071067811865));
#5087=CARTESIAN_POINT('Origin',(-75.25,45.,11.5));
#5088=CARTESIAN_POINT('',(-76.25,45.,12.5));
#5089=CARTESIAN_POINT('Origin',(-75.25,45.,11.5));
#5090=CARTESIAN_POINT('',(-76.25,45.,0.));
#5091=CARTESIAN_POINT('Origin',(-75.25,-19.,0.));
#5092=CARTESIAN_POINT('',(-76.25,-19.,12.5));
#5093=CARTESIAN_POINT('',(-76.25,-19.,0.));
#5094=CARTESIAN_POINT('',(-75.9571067811866,-19.7071067811866,12.2071067811865));
#5095=CARTESIAN_POINT('Origin',(-75.25,-19.,11.5));
#5096=CARTESIAN_POINT('Origin',(-75.25,-19.,11.5));
#5097=CARTESIAN_POINT('Origin',(-76.,51.,12.75));
#5098=CARTESIAN_POINT('',(-78.,51.,12.5));
#5099=CARTESIAN_POINT('',(-77.5,51.,13.));
#5100=CARTESIAN_POINT('',(-78.,51.,12.5));
#5101=CARTESIAN_POINT('',(-76.,52.5,13.));
#5102=CARTESIAN_POINT('Origin',(-76.,51.,13.));
#5103=CARTESIAN_POINT('',(-76.,53.,12.5));
#5104=CARTESIAN_POINT('',(-76.,52.5,13.));
#5105=CARTESIAN_POINT('Origin',(-76.,51.,12.5));
#5106=CARTESIAN_POINT('Origin',(-77.75,13.,12.75));
#5107=CARTESIAN_POINT('',(-78.,-101.,12.5));
#5108=CARTESIAN_POINT('',(-77.5,-101.,13.));
#5109=CARTESIAN_POINT('',(-78.,-101.,12.5));
#5110=CARTESIAN_POINT('',(-77.5,13.,13.));
#5111=CARTESIAN_POINT('',(-78.,13.,12.5));
#5112=CARTESIAN_POINT('Origin',(-76.,-101.,12.75));
#5113=CARTESIAN_POINT('',(-76.,-102.5,13.));
#5114=CARTESIAN_POINT('',(-76.,-103.,12.5));
#5115=CARTESIAN_POINT('Origin',(-76.,-101.,13.));
#5116=CARTESIAN_POINT('Origin',(-76.,-101.,12.5));
#5117=CARTESIAN_POINT('Origin',(-38.,-102.75,12.75));
#5118=CARTESIAN_POINT('',(76.,-102.5,13.));
#5119=CARTESIAN_POINT('',(76.,-103.,12.5));
#5120=CARTESIAN_POINT('',(-38.,-102.5,13.));
#5121=CARTESIAN_POINT('Origin',(76.,-101.,12.75));
#5122=CARTESIAN_POINT('',(77.5,-101.,13.));
#5123=CARTESIAN_POINT('',(78.,-101.,12.5));
#5124=CARTESIAN_POINT('Origin',(76.,-101.,13.));
#5125=CARTESIAN_POINT('Origin',(77.75,-63.,12.75));
#5126=CARTESIAN_POINT('',(77.5,51.,13.));
#5127=CARTESIAN_POINT('',(78.,51.,12.5));
#5128=CARTESIAN_POINT('',(77.5,-63.,13.));
#5129=CARTESIAN_POINT('Origin',(76.,51.,12.75));
#5130=CARTESIAN_POINT('',(76.,52.5,13.));
#5131=CARTESIAN_POINT('',(76.,53.,12.5));
#5132=CARTESIAN_POINT('Origin',(76.,51.,13.));
#5133=CARTESIAN_POINT('Origin',(38.,52.75,12.75));
#5134=CARTESIAN_POINT('',(38.,52.5,13.));
#5135=CARTESIAN_POINT('',(38.,53.,12.5));
#5136=CARTESIAN_POINT('Origin',(-76.,-101.,0.));
#5137=CARTESIAN_POINT('',(-78.,-101.,0.));
#5138=CARTESIAN_POINT('Origin',(-78.,51.,0.));
#5139=CARTESIAN_POINT('',(-78.,51.,0.));
#5140=CARTESIAN_POINT('Origin',(-76.,51.,0.));
#5141=CARTESIAN_POINT('',(-76.,53.,0.));
#5142=CARTESIAN_POINT('Origin',(0.,-25.,13.));
#5143=CARTESIAN_POINT('',(-76.75,-20.5,13.));
#5144=CARTESIAN_POINT('',(-75.5,-20.5,13.));
#5145=CARTESIAN_POINT('',(-38.,-20.5,13.));
#5146=CARTESIAN_POINT('',(-76.75,46.5,13.));
#5147=CARTESIAN_POINT('',(-76.75,7.5,13.));
#5148=CARTESIAN_POINT('',(-75.5,46.5,13.));
#5149=CARTESIAN_POINT('',(-35.5,46.5,13.));
#5150=CARTESIAN_POINT('',(-75.5,50.5,13.));
#5151=CARTESIAN_POINT('',(-75.5,-62.5,13.));
#5152=CARTESIAN_POINT('',(75.5,50.5,13.));
#5153=CARTESIAN_POINT('',(-37.5,50.5,13.));
#5154=CARTESIAN_POINT('',(75.5,46.5,13.));
#5155=CARTESIAN_POINT('',(75.5,12.5,13.));
#5156=CARTESIAN_POINT('',(76.75,46.5,13.));
#5157=CARTESIAN_POINT('',(-35.5,46.5,13.));
#5158=CARTESIAN_POINT('',(76.75,-20.5,13.));
#5159=CARTESIAN_POINT('',(76.75,-22.5,13.));
#5160=CARTESIAN_POINT('',(75.5,-20.5,13.));
#5161=CARTESIAN_POINT('',(35.5,-20.5,13.));
#5162=CARTESIAN_POINT('',(75.5,-100.5,13.));
#5163=CARTESIAN_POINT('',(75.5,12.5,13.));
#5164=CARTESIAN_POINT('',(-75.5,-100.5,13.));
#5165=CARTESIAN_POINT('',(37.5,-100.5,13.));
#5166=CARTESIAN_POINT('',(-75.5,-62.5,13.));
#5167=CARTESIAN_POINT('Origin',(-35.5,46.25,12.75));
#5168=CARTESIAN_POINT('',(75.5,46.5,13.));
#5169=CARTESIAN_POINT('',(46.3750000000001,16.1250000000001,-17.375));
#5170=CARTESIAN_POINT('Origin',(75.25,12.5,12.75));
#5171=CARTESIAN_POINT('',(75.,50.,12.5));
#5172=CARTESIAN_POINT('',(75.5,50.5,13.));
#5173=CARTESIAN_POINT('',(75.,12.5,12.5));
#5174=CARTESIAN_POINT('Origin',(-37.5,50.25,12.75));
#5175=CARTESIAN_POINT('',(-75.,50.,12.5));
#5176=CARTESIAN_POINT('',(-75.5,50.5,13.));
#5177=CARTESIAN_POINT('',(-37.5,50.,12.5));
#5178=CARTESIAN_POINT('Origin',(-75.25,-62.5,12.75));
#5179=CARTESIAN_POINT('',(-75.5,46.5,13.));
#5180=CARTESIAN_POINT('',(-75.,-62.5,12.5));
#5181=CARTESIAN_POINT('Origin',(-35.5,46.25,12.75));
#5182=CARTESIAN_POINT('',(-63.2083333333334,32.9583333333334,-0.541666666666689));
#5183=CARTESIAN_POINT('Origin',(-38.,-20.25,12.75));
#5184=CARTESIAN_POINT('',(-75.5,-20.5,13.));
#5185=CARTESIAN_POINT('',(-76.25,-20.,12.5));
#5186=CARTESIAN_POINT('Origin',(-75.25,-62.5,12.75));
#5187=CARTESIAN_POINT('',(-75.,-100.,12.5));
#5188=CARTESIAN_POINT('',(-75.,-62.5,12.5));
#5189=CARTESIAN_POINT('',(-75.5,-100.5,13.));
#5190=CARTESIAN_POINT('Origin',(-76.5,7.5,12.75));
#5191=CARTESIAN_POINT('',(-76.25,7.5,12.5));
#5192=CARTESIAN_POINT('Origin',(37.5,-100.25,12.75));
#5193=CARTESIAN_POINT('',(75.,-100.,12.5));
#5194=CARTESIAN_POINT('',(37.5,-100.,12.5));
#5195=CARTESIAN_POINT('',(75.5,-100.5,13.));
#5196=CARTESIAN_POINT('Origin',(75.25,12.5,12.75));
#5197=CARTESIAN_POINT('',(75.,12.5,12.5));
#5198=CARTESIAN_POINT('',(75.5,-20.5,13.));
#5199=CARTESIAN_POINT('Origin',(35.5,-20.25,12.75));
#5200=CARTESIAN_POINT('',(70.0416666666667,-13.7916666666667,6.29166666666665));
#5201=CARTESIAN_POINT('Origin',(76.5,-22.5,12.75));
#5202=CARTESIAN_POINT('Origin',(75.,50.,0.));
#5203=CARTESIAN_POINT('',(75.,50.,6.));
#5204=CARTESIAN_POINT('',(75.,50.,0.));
#5205=CARTESIAN_POINT('',(75.,12.5,6.));
#5206=CARTESIAN_POINT('Origin',(-75.,50.,0.));
#5207=CARTESIAN_POINT('',(-75.,50.,6.));
#5208=CARTESIAN_POINT('',(-75.,50.,0.));
#5209=CARTESIAN_POINT('',(-37.5,50.,6.));
#5210=CARTESIAN_POINT('Origin',(-75.,-100.,0.));
#5211=CARTESIAN_POINT('',(-75.,-62.5,6.));
#5212=CARTESIAN_POINT('Origin',(-76.25,40.,0.));
#5213=CARTESIAN_POINT('Origin',(68.0000007897615,28.000000551343,-6.));
#5214=CARTESIAN_POINT('',(68.0000007897615,28.000000551343,-3.));
#5215=CARTESIAN_POINT('',(68.0000007897615,28.000000551343,-27.));
#5216=CARTESIAN_POINT('',(68.0000007897615,28.000000551343,-3.));
#5217=CARTESIAN_POINT('Origin',(62.,29.,0.));
#5218=CARTESIAN_POINT('Origin',(-52.950000923872,-93.0000011622906,-27.));
#5219=CARTESIAN_POINT('',(-52.950000923872,-93.0000011622906,-3.));
#5220=CARTESIAN_POINT('',(-52.950000923872,-93.0000011622906,-27.));
#5221=CARTESIAN_POINT('',(-52.950000923872,-78.0000011622906,-3.));
#5222=CARTESIAN_POINT('Origin',(-62.,-77.9500011622906,-27.));
#5223=CARTESIAN_POINT('',(-58.,-77.9500011622906,-13.5));
#5224=CARTESIAN_POINT('',(-68.000000923872,-77.9500011622906,-3.));
#5225=CARTESIAN_POINT('',(-53.000000923872,-77.9500011622906,-3.));
#5226=CARTESIAN_POINT('',(-68.000000923872,-77.9500011622906,-27.));
#5227=CARTESIAN_POINT('Origin',(-58.,29.,0.));
#5228=CARTESIAN_POINT('Origin',(-53.0000007897615,43.000000551343,-27.));
#5229=CARTESIAN_POINT('',(-68.0000007897615,43.000000551343,-3.));
#5230=CARTESIAN_POINT('',(-53.0000007897615,43.000000551343,-3.));
#5231=CARTESIAN_POINT('',(-68.0000007897615,43.000000551343,-27.));
#5232=CARTESIAN_POINT('Origin',(-68.0000007897615,43.000000551343,-27.));
#5233=CARTESIAN_POINT('',(-68.0000007897615,28.000000551343,-3.));
#5234=CARTESIAN_POINT('Origin',(-60.5000007897615,35.500000551343,-3.));
#5235=CARTESIAN_POINT('Origin',(68.0000007897615,28.000000551343,-27.));
#5236=CARTESIAN_POINT('',(68.000001013279,43.000000551343,-3.));
#5237=CARTESIAN_POINT('',(68.000001013279,43.000000551343,-3.));
#5238=CARTESIAN_POINT('',(68.000001013279,43.000000551343,-27.));
#5239=CARTESIAN_POINT('Origin',(68.000001013279,43.000000551343,-27.));
#5240=CARTESIAN_POINT('',(53.0000007897615,43.000000551343,-3.));
#5241=CARTESIAN_POINT('Origin',(60.5000009015203,35.500000551343,-3.));
#5242=CARTESIAN_POINT('Origin',(53.,-93.0000011622906,-27.));
#5243=CARTESIAN_POINT('',(68.,-93.0000011622906,-27.));
#5244=CARTESIAN_POINT('Origin',(68.,-93.0000011622906,-27.));
#5245=CARTESIAN_POINT('Origin',(-68.000000923872,-78.0000011622906,-27.));
#5246=CARTESIAN_POINT('',(-68.000000923872,-93.0000011622906,-3.));
#5247=CARTESIAN_POINT('',(-68.000000923872,-78.0000011622906,-3.));
#5248=CARTESIAN_POINT('',(-68.000000923872,-93.0000011622906,-27.));
#5249=CARTESIAN_POINT('Origin',(-68.000000923872,-93.0000011622906,-27.));
#5250=CARTESIAN_POINT('',(-53.000000923872,-93.0000011622906,-3.));
#5251=CARTESIAN_POINT('Origin',(-60.500000923872,-85.5000011622906,-3.));
#5252=CARTESIAN_POINT('Origin',(76.,53.,0.));
#5253=CARTESIAN_POINT('Origin',(0.,-25.,6.));
#5254=CARTESIAN_POINT('Origin',(75.,50.,0.));
#5255=CARTESIAN_POINT('',(75.,-100.,0.));
#5256=CARTESIAN_POINT('Origin',(75.,-100.,0.));
#5257=CARTESIAN_POINT('',(-75.,-100.,0.));
#5258=CARTESIAN_POINT('Origin',(-75.,-100.,0.));
#5259=UNCERTAINTY_MEASURE_WITH_UNIT(LENGTH_MEASURE(0.01),#5263,
'DISTANCE_ACCURACY_VALUE',
'Maximum model space distance between geometric entities at asserted c
onnectivities');
#5260=UNCERTAINTY_MEASURE_WITH_UNIT(LENGTH_MEASURE(0.01),#5263,
'DISTANCE_ACCURACY_VALUE',
'Maximum model space distance between geometric entities at asserted c
onnectivities');
#5261=(
GEOMETRIC_REPRESENTATION_CONTEXT(3)
GLOBAL_UNCERTAINTY_ASSIGNED_CONTEXT((#5259))
GLOBAL_UNIT_ASSIGNED_CONTEXT((#5263,#5265,#5266))
REPRESENTATION_CONTEXT('','3D')
);
#5262=(
GEOMETRIC_REPRESENTATION_CONTEXT(3)
GLOBAL_UNCERTAINTY_ASSIGNED_CONTEXT((#5260))
GLOBAL_UNIT_ASSIGNED_CONTEXT((#5263,#5265,#5266))
REPRESENTATION_CONTEXT('','3D')
);
#5263=(
LENGTH_UNIT()
NAMED_UNIT(*)
SI_UNIT(.MILLI.,.METRE.)
);
#5264=(
LENGTH_UNIT()
NAMED_UNIT(*)
SI_UNIT($,.METRE.)
);
#5265=(
NAMED_UNIT(*)
PLANE_ANGLE_UNIT()
SI_UNIT($,.RADIAN.)
);
#5266=(
NAMED_UNIT(*)
SI_UNIT($,.STERADIAN.)
SOLID_ANGLE_UNIT()
);
#5267=SHAPE_DEFINITION_REPRESENTATION(#5268,#5269);
#5268=PRODUCT_DEFINITION_SHAPE('',$,#5271);
#5269=SHAPE_REPRESENTATION('',(#2848),#5261);
#5270=PRODUCT_DEFINITION_CONTEXT('part definition',#5275,'design');
#5271=PRODUCT_DEFINITION('2026-08-26-01-02-39-681','GX10 Shroud',#5272,
#5270);
#5272=PRODUCT_DEFINITION_FORMATION('',$,#5277);
#5273=PRODUCT_RELATED_PRODUCT_CATEGORY('GX10 Shroud','GX10 Shroud',(#5277));
#5274=APPLICATION_PROTOCOL_DEFINITION('international standard',
'automotive_design',2009,#5275);
#5275=APPLICATION_CONTEXT(
'Core Data for Automotive Mechanical Design Process');
#5276=PRODUCT_CONTEXT('part definition',#5275,'mechanical');
#5277=PRODUCT('2026-08-26-01-02-39-681','GX10 Shroud',$,(#5276));
#5278=PRESENTATION_STYLE_ASSIGNMENT((#5280));
#5279=PRESENTATION_STYLE_ASSIGNMENT((#5281));
#5280=SURFACE_STYLE_USAGE(.BOTH.,#5282);
#5281=SURFACE_STYLE_USAGE(.BOTH.,#5283);
#5282=SURFACE_SIDE_STYLE('',(#5284));
#5283=SURFACE_SIDE_STYLE('',(#5285));
#5284=SURFACE_STYLE_FILL_AREA(#5286);
#5285=SURFACE_STYLE_FILL_AREA(#5287);
#5286=FILL_AREA_STYLE('Steel - Satin',(#5288));
#5287=FILL_AREA_STYLE('Nylon 12 (with Formlabs Fuse 1 3D Printer)',(#5289));
#5288=FILL_AREA_STYLE_COLOUR('Steel - Satin',#5290);
#5289=FILL_AREA_STYLE_COLOUR(
'Nylon 12 (with Formlabs Fuse 1 3D Printer)',#5291);
#5290=COLOUR_RGB('Steel - Satin',0.627450980392157,0.627450980392157,0.627450980392157);
#5291=COLOUR_RGB('Nylon 12 (with Formlabs Fuse 1 3D Printer)',0.247058823529412,
0.247058823529412,0.247058823529412);
ENDSEC;
END-ISO-10303-21;
